wandb: Using wandb-core as the SDK backend.  Please refer to https://wandb.me/wandb-core for more information.
wandb: Tracking run with wandb version 0.19.0
wandb: W&B syncing is set to `offline` in this directory.  
wandb: Run `wandb online` or set WANDB_MODE=online to enable cloud syncing.
/research/hal-afsharim/miniconda3/envs/mcbm/lib/python3.10/site-packages/torchvision/models/_utils.py:208: UserWarning: The parameter 'pretrained' is deprecated since 0.13 and will be removed in 0.15, please use 'weights' instead.
  warnings.warn(
/research/hal-afsharim/miniconda3/envs/mcbm/lib/python3.10/site-packages/torchvision/models/_utils.py:223: UserWarning: Arguments other than a weight enum or `None` for 'weights' are deprecated since 0.13 and will be removed in 0.15. The current behavior is equivalent to passing `weights=Inception_V3_Weights.IMAGENET1K_V1`. You can also use `weights=Inception_V3_Weights.DEFAULT` to get the most up-to-date weights.
  warnings.warn(msg)
Epoch 1
losses_train/task:	5.386075496673584
losses_train/concepts:	102.54226684570312
losses_train/total:	15.640301704406738
losses_test/task:	5.301970958709717
losses_test/concepts:	87.72962951660156
losses_test/total:	14.074931144714355
calibration_test/ece:	0.0007642041891813278
calibration_test/brier:	0.9950217604637146
accuracy_test/task:	0.5177770107007249
accuracy_test/concepts:	54.01335144042969
map_test/concepts:	0.12487371172755957

Epoch 2
losses_train/task:	5.29879093170166
losses_train/concepts:	84.83251953125
losses_train/total:	13.782042503356934
losses_test/task:	5.296773433685303
losses_test/concepts:	86.40516662597656
losses_test/total:	13.937292098999023
calibration_test/ece:	0.0022324793972074986
calibration_test/brier:	0.9949710369110107
accuracy_test/task:	0.7939247497411115
accuracy_test/concepts:	56.017723083496094
map_test/concepts:	0.16934690910081068

Epoch 3
losses_train/task:	5.261672019958496
losses_train/concepts:	81.3129653930664
losses_train/total:	13.392969131469727
losses_test/task:	5.21216344833374
losses_test/concepts:	80.09032440185547
losses_test/total:	13.221197128295898
calibration_test/ece:	0.0031141219660639763
calibration_test/brier:	0.9938730597496033
accuracy_test/task:	1.1391094235415948
accuracy_test/concepts:	60.20395278930664
map_test/concepts:	0.2073030389845371

Epoch 4
losses_train/task:	5.064754486083984
losses_train/concepts:	78.74124908447266
losses_train/total:	12.93887996673584
losses_test/task:	4.803877353668213
losses_test/concepts:	78.60565948486328
losses_test/total:	12.664444923400879
calibration_test/ece:	0.011915033683180809
calibration_test/brier:	0.9874221682548523
accuracy_test/task:	1.7259233690024163
accuracy_test/concepts:	62.828208923339844
map_test/concepts:	0.2290572921745479

Epoch 5
losses_train/task:	4.746434688568115
losses_train/concepts:	76.63031005859375
losses_train/total:	12.409465789794922
losses_test/task:	4.817860126495361
losses_test/concepts:	84.12687683105469
losses_test/total:	13.230545997619629
calibration_test/ece:	0.01680842600762844
calibration_test/brier:	0.988365113735199
accuracy_test/task:	2.5543665861235763
accuracy_test/concepts:	62.24282455444336
map_test/concepts:	0.23079576528786372

Epoch 6
losses_train/task:	4.485598087310791
losses_train/concepts:	75.65834045410156
losses_train/total:	12.051434516906738
losses_test/task:	4.912664890289307
losses_test/concepts:	83.86824035644531
losses_test/total:	13.299490928649902
calibration_test/ece:	0.013210316188633442
calibration_test/brier:	0.9887662529945374
accuracy_test/task:	2.657921988263721
accuracy_test/concepts:	62.65216827392578
map_test/concepts:	0.22030310324237992

Epoch 7
losses_train/task:	4.2265424728393555
losses_train/concepts:	73.65734100341797
losses_train/total:	11.592278480529785
losses_test/task:	4.229555606842041
losses_test/concepts:	77.66605377197266
losses_test/total:	11.996158599853516
calibration_test/ece:	0.00715340580791235
calibration_test/brier:	0.9728565812110901
accuracy_test/task:	6.316879530548843
accuracy_test/concepts:	64.32632446289062
map_test/concepts:	0.25361579990324873

Epoch 8
losses_train/task:	4.012577533721924
losses_train/concepts:	73.16194152832031
losses_train/total:	11.32876968383789
losses_test/task:	4.082338809967041
losses_test/concepts:	78.26251983642578
losses_test/total:	11.908590316772461
calibration_test/ece:	0.030968716368079185
calibration_test/brier:	0.9724465012550354
accuracy_test/task:	8.146358301691405
accuracy_test/concepts:	62.48273468017578
map_test/concepts:	0.2626996481209062

Epoch 9
losses_train/task:	3.866611957550049
losses_train/concepts:	72.28904724121094
losses_train/total:	11.095519065856934
losses_test/task:	3.953313112258911
losses_test/concepts:	74.97338104248047
losses_test/total:	11.45064926147461
calibration_test/ece:	0.02542775496840477
calibration_test/brier:	0.9612295627593994
accuracy_test/task:	9.99309630652399
accuracy_test/concepts:	64.52996826171875
map_test/concepts:	0.2716679018146048

Epoch 10
losses_train/task:	3.633253812789917
losses_train/concepts:	70.77923583984375
losses_train/total:	10.71117877960205
losses_test/task:	3.5344600677490234
losses_test/concepts:	74.28873443603516
losses_test/total:	10.963333129882812
calibration_test/ece:	0.022118471562862396
calibration_test/brier:	0.9411515593528748
accuracy_test/task:	12.720055229547809
accuracy_test/concepts:	64.65193176269531
map_test/concepts:	0.28384127930815645

Epoch 11
losses_train/task:	3.473865509033203
losses_train/concepts:	70.02587127685547
losses_train/total:	10.476452827453613
losses_test/task:	3.2778072357177734
losses_test/concepts:	77.26811981201172
losses_test/total:	11.004620552062988
calibration_test/ece:	0.03327711299061775
calibration_test/brier:	0.9277445077896118
accuracy_test/task:	15.516051087331723
accuracy_test/concepts:	68.56949615478516
map_test/concepts:	0.2947278594248928

Epoch 12
losses_train/task:	3.358436346054077
losses_train/concepts:	69.43484497070312
losses_train/total:	10.301919937133789
losses_test/task:	3.179677963256836
losses_test/concepts:	75.87529754638672
losses_test/total:	10.767208099365234
calibration_test/ece:	0.02615109644830227
calibration_test/brier:	0.9159416556358337
accuracy_test/task:	17.052122885743874
accuracy_test/concepts:	67.49079895019531
map_test/concepts:	0.2986575209846099

Epoch 13
losses_train/task:	3.259711742401123
losses_train/concepts:	68.3566665649414
losses_train/total:	10.095376968383789
losses_test/task:	3.0347583293914795
losses_test/concepts:	76.10997009277344
losses_test/total:	10.645755767822266
calibration_test/ece:	0.02991309203207493
calibration_test/brier:	0.8994030356407166
accuracy_test/task:	20.76285812909907
accuracy_test/concepts:	68.31607818603516
map_test/concepts:	0.30200242492525525

Epoch 14
losses_train/task:	3.1093990802764893
losses_train/concepts:	67.65725708007812
losses_train/total:	9.875121116638184
losses_test/task:	3.060298442840576
losses_test/concepts:	75.09805297851562
losses_test/total:	10.57010269165039
calibration_test/ece:	0.019790835678577423
calibration_test/brier:	0.8966333866119385
accuracy_test/task:	19.433897134967207
accuracy_test/concepts:	68.1092529296875
map_test/concepts:	0.3021057305935149

Epoch 15
losses_train/task:	3.0206356048583984
losses_train/concepts:	67.01883697509766
losses_train/total:	9.722517013549805
losses_test/task:	2.848672389984131
losses_test/concepts:	75.01372528076172
losses_test/total:	10.35004711151123
calibration_test/ece:	0.023381510749459267
calibration_test/brier:	0.8709646463394165
accuracy_test/task:	23.541594753192957
accuracy_test/concepts:	68.95752716064453
map_test/concepts:	0.31951705276345216

Epoch 16
losses_train/task:	2.883958578109741
losses_train/concepts:	65.89289093017578
losses_train/total:	9.473247528076172
losses_test/task:	2.8567988872528076
losses_test/concepts:	73.94514465332031
losses_test/total:	10.251315116882324
calibration_test/ece:	0.028698807582259178
calibration_test/brier:	0.8674367666244507
accuracy_test/task:	24.301001035554023
accuracy_test/concepts:	67.29692077636719
map_test/concepts:	0.31278197491386284

Epoch 17
losses_train/task:	2.8411803245544434
losses_train/concepts:	66.30720520019531
losses_train/total:	9.471900939941406
losses_test/task:	3.5788419246673584
losses_test/concepts:	80.06275177001953
losses_test/total:	11.585115432739258
calibration_test/ece:	0.06136784702539444
calibration_test/brier:	0.9270986318588257
accuracy_test/task:	15.87849499482223
accuracy_test/concepts:	64.91226959228516
map_test/concepts:	0.275821929362913

Epoch 18
losses_train/task:	2.853079319000244
losses_train/concepts:	65.80418395996094
losses_train/total:	9.433497428894043
losses_test/task:	3.422834634780884
losses_test/concepts:	80.02953338623047
losses_test/total:	11.425789833068848
calibration_test/ece:	0.06725578010082245
calibration_test/brier:	0.9100114107131958
accuracy_test/task:	19.209527096996894
accuracy_test/concepts:	66.82487487792969
map_test/concepts:	0.29702202308690173

Epoch 19
losses_train/task:	2.6745522022247314
losses_train/concepts:	65.27147674560547
losses_train/total:	9.201700210571289
losses_test/task:	2.717794895172119
losses_test/concepts:	74.26750183105469
losses_test/total:	10.14454460144043
calibration_test/ece:	0.019299859181046486
calibration_test/brier:	0.8211253881454468
accuracy_test/task:	28.874697963410423
accuracy_test/concepts:	67.6228256225586
map_test/concepts:	0.31846553334811084

Epoch 20
losses_train/task:	2.633924722671509
losses_train/concepts:	64.57400512695312
losses_train/total:	9.091325759887695
losses_test/task:	3.1903252601623535
losses_test/concepts:	80.81855010986328
losses_test/total:	11.272181510925293
calibration_test/ece:	0.11664512753486633
calibration_test/brier:	0.8944979906082153
accuracy_test/task:	24.00759406282361
accuracy_test/concepts:	68.87354278564453
map_test/concepts:	0.3070466360387703

Epoch 21
losses_train/task:	2.578476905822754
losses_train/concepts:	63.0660400390625
losses_train/total:	8.885083198547363
losses_test/task:	2.5868306159973145
losses_test/concepts:	82.8271255493164
losses_test/total:	10.86954116821289
calibration_test/ece:	0.04392915591597557
calibration_test/brier:	0.8139114379882812
accuracy_test/task:	30.652399033482915
accuracy_test/concepts:	72.94498443603516
map_test/concepts:	0.3233919963861505

Epoch 22
losses_train/task:	2.489919900894165
losses_train/concepts:	63.3492431640625
losses_train/total:	8.824843406677246
losses_test/task:	3.9252469539642334
losses_test/concepts:	91.72975158691406
losses_test/total:	13.098221778869629
calibration_test/ece:	0.20934908092021942
calibration_test/brier:	0.9834397435188293
accuracy_test/task:	17.587159130134623
accuracy_test/concepts:	69.68820190429688
map_test/concepts:	0.3014732204765702

Epoch 23
losses_train/task:	2.4884777069091797
losses_train/concepts:	63.1021728515625
losses_train/total:	8.79869556427002
losses_test/task:	2.464542865753174
losses_test/concepts:	83.09654235839844
losses_test/total:	10.774199485778809
calibration_test/ece:	0.04529436305165291
calibration_test/brier:	0.8036802411079407
accuracy_test/task:	32.46461857093545
accuracy_test/concepts:	71.44344329833984
map_test/concepts:	0.3222192340996116

Epoch 24
losses_train/task:	2.401632308959961
losses_train/concepts:	62.784767150878906
losses_train/total:	8.680109977722168
losses_test/task:	2.47550630569458
losses_test/concepts:	80.747802734375
losses_test/total:	10.550286293029785
calibration_test/ece:	0.0796775072813034
calibration_test/brier:	0.7947438955307007
accuracy_test/task:	33.62098722816707
accuracy_test/concepts:	70.29541015625
map_test/concepts:	0.31972786467522385

Epoch 25
losses_train/task:	2.2912654876708984
losses_train/concepts:	61.40018081665039
losses_train/total:	8.431283950805664
losses_test/task:	2.1086604595184326
losses_test/concepts:	78.51148986816406
losses_test/total:	9.959808349609375
calibration_test/ece:	0.017484039068222046
calibration_test/brier:	0.7236659526824951
accuracy_test/task:	40.68001380738695
accuracy_test/concepts:	70.22322845458984
map_test/concepts:	0.3347613204115381

Epoch 26
losses_train/task:	2.3194680213928223
losses_train/concepts:	62.10411834716797
losses_train/total:	8.529881477355957
losses_test/task:	2.7648870944976807
losses_test/concepts:	81.74288940429688
losses_test/total:	10.939177513122559
calibration_test/ece:	0.11230126768350601
calibration_test/brier:	0.8478020429611206
accuracy_test/task:	28.68484639282016
accuracy_test/concepts:	70.45967102050781
map_test/concepts:	0.3175384426722303

Epoch 27
losses_train/task:	2.344698667526245
losses_train/concepts:	62.0841178894043
losses_train/total:	8.55311107635498
losses_test/task:	2.9178268909454346
losses_test/concepts:	84.40796661376953
losses_test/total:	11.358624458312988
calibration_test/ece:	0.06756699085235596
calibration_test/brier:	0.8483231067657471
accuracy_test/task:	27.752847773558855
accuracy_test/concepts:	70.61530303955078
map_test/concepts:	0.3117768480054413

Epoch 28
losses_train/task:	2.355192184448242
losses_train/concepts:	62.28828430175781
losses_train/total:	8.58402156829834
losses_test/task:	2.516252040863037
losses_test/concepts:	83.1427001953125
losses_test/total:	10.830520629882812
calibration_test/ece:	0.06993087381124496
calibration_test/brier:	0.7980234622955322
accuracy_test/task:	33.89713496720746
accuracy_test/concepts:	70.63513946533203
map_test/concepts:	0.3279042982729152

Epoch 29
losses_train/task:	2.190108299255371
losses_train/concepts:	61.5076904296875
losses_train/total:	8.340875625610352
losses_test/task:	2.3510005474090576
losses_test/concepts:	77.30035400390625
losses_test/total:	10.081036567687988
calibration_test/ece:	0.04610832408070564
calibration_test/brier:	0.7765465378761292
accuracy_test/task:	35.45046599930963
accuracy_test/concepts:	70.32449340820312
map_test/concepts:	0.3290152682301899

Epoch 30
losses_train/task:	2.1066105365753174
losses_train/concepts:	60.705177307128906
losses_train/total:	8.177128791809082
losses_test/task:	2.590928554534912
losses_test/concepts:	81.92567443847656
losses_test/total:	10.78349494934082
calibration_test/ece:	0.07867762446403503
calibration_test/brier:	0.8038628697395325
accuracy_test/task:	32.89609941318606
accuracy_test/concepts:	69.43101501464844
map_test/concepts:	0.32112808409146965

Epoch 31
losses_train/task:	2.062185287475586
losses_train/concepts:	59.91938400268555
losses_train/total:	8.054123878479004
losses_test/task:	2.2297232151031494
losses_test/concepts:	83.1993179321289
losses_test/total:	10.549657821655273
calibration_test/ece:	0.06961144506931305
calibration_test/brier:	0.743052065372467
accuracy_test/task:	39.59268208491543
accuracy_test/concepts:	72.03055572509766
map_test/concepts:	0.3410611990218361

Epoch 32
losses_train/task:	2.000601053237915
losses_train/concepts:	59.61296463012695
losses_train/total:	7.961897850036621
losses_test/task:	2.3074309825897217
losses_test/concepts:	92.75778198242188
losses_test/total:	11.583210945129395
calibration_test/ece:	0.10250002890825272
calibration_test/brier:	0.7669792175292969
accuracy_test/task:	37.97031411805316
accuracy_test/concepts:	72.73128509521484
map_test/concepts:	0.3323977461627995

Epoch 33
losses_train/task:	1.961491346359253
losses_train/concepts:	58.60185241699219
losses_train/total:	7.8216776847839355
losses_test/task:	2.048872232437134
losses_test/concepts:	95.67886352539062
losses_test/total:	11.6167573928833
calibration_test/ece:	0.08324547111988068
calibration_test/brier:	0.68758624792099
accuracy_test/task:	46.25474628926476
accuracy_test/concepts:	74.44596862792969
map_test/concepts:	0.34371550275633733

Epoch 34
losses_train/task:	1.915114402770996
losses_train/concepts:	58.698665618896484
losses_train/total:	7.784983158111572
losses_test/task:	2.206038236618042
losses_test/concepts:	84.94857025146484
losses_test/total:	10.700894355773926
calibration_test/ece:	0.10763341933488846
calibration_test/brier:	0.7469581365585327
accuracy_test/task:	40.31756989989645
accuracy_test/concepts:	70.81405639648438
map_test/concepts:	0.33245432771121464

Epoch 35
losses_train/task:	1.8856492042541504
losses_train/concepts:	57.666168212890625
losses_train/total:	7.652267932891846
losses_test/task:	1.9370132684707642
losses_test/concepts:	89.75604248046875
losses_test/total:	10.912617683410645
calibration_test/ece:	0.0876590684056282
calibration_test/brier:	0.6712478399276733
accuracy_test/task:	47.30755954435623
accuracy_test/concepts:	73.60142517089844
map_test/concepts:	0.34056166048394515

Epoch 36
losses_train/task:	1.9261095523834229
losses_train/concepts:	58.57435989379883
losses_train/total:	7.783545017242432
losses_test/task:	2.5176944732666016
losses_test/concepts:	88.1939697265625
losses_test/total:	11.337089538574219
calibration_test/ece:	0.13912717998027802
calibration_test/brier:	0.784397304058075
accuracy_test/task:	38.7124611667242
accuracy_test/concepts:	71.42878723144531
map_test/concepts:	0.32565173994905006

Epoch 37
losses_train/task:	1.9099185466766357
losses_train/concepts:	58.54680252075195
losses_train/total:	7.764599323272705
losses_test/task:	3.1346654891967773
losses_test/concepts:	87.3408432006836
losses_test/total:	11.868749618530273
calibration_test/ece:	0.1830729991197586
calibration_test/brier:	0.8859599232673645
accuracy_test/task:	28.68484639282016
accuracy_test/concepts:	69.3021469116211
map_test/concepts:	0.31332780664864307

Epoch 38
losses_train/task:	1.7889487743377686
losses_train/concepts:	57.5883674621582
losses_train/total:	7.547785758972168
losses_test/task:	1.8968976736068726
losses_test/concepts:	89.52584838867188
losses_test/total:	10.849480628967285
calibration_test/ece:	0.07105198502540588
calibration_test/brier:	0.6617509722709656
accuracy_test/task:	48.3603727994477
accuracy_test/concepts:	74.00672149658203
map_test/concepts:	0.34189114414621147

Epoch 39
losses_train/task:	1.7531441450119019
losses_train/concepts:	57.42710876464844
losses_train/total:	7.49585485458374
losses_test/task:	1.940532922744751
losses_test/concepts:	87.60246276855469
losses_test/total:	10.700779914855957
calibration_test/ece:	0.06206125020980835
calibration_test/brier:	0.6676299571990967
accuracy_test/task:	47.497411114946495
accuracy_test/concepts:	73.58329772949219
map_test/concepts:	0.3412876680959016

Epoch 40
losses_train/task:	1.69193434715271
losses_train/concepts:	56.56010437011719
losses_train/total:	7.347945213317871
losses_test/task:	1.9593843221664429
losses_test/concepts:	88.54481506347656
losses_test/total:	10.813867568969727
calibration_test/ece:	0.09700623154640198
calibration_test/brier:	0.6723839044570923
accuracy_test/task:	46.996893337935795
accuracy_test/concepts:	73.358642578125
map_test/concepts:	0.34611692593122523

Epoch 41
losses_train/task:	1.7028567790985107
losses_train/concepts:	56.4741096496582
losses_train/total:	7.3502678871154785
losses_test/task:	2.263090133666992
losses_test/concepts:	96.15767669677734
losses_test/total:	11.878857612609863
calibration_test/ece:	0.1548343300819397
calibration_test/brier:	0.7292313575744629
accuracy_test/task:	43.76941663790128
accuracy_test/concepts:	74.49918365478516
map_test/concepts:	0.333380984615845

Epoch 42
losses_train/task:	1.6340028047561646
losses_train/concepts:	55.605857849121094
losses_train/total:	7.194590091705322
losses_test/task:	1.858361005783081
losses_test/concepts:	90.09209442138672
losses_test/total:	10.867572784423828
calibration_test/ece:	0.0879659503698349
calibration_test/brier:	0.6491137146949768
accuracy_test/task:	49.22333448394891
accuracy_test/concepts:	74.02025604248047
map_test/concepts:	0.34354650530343256

Epoch 43
losses_train/task:	1.6671222448349
losses_train/concepts:	55.804134368896484
losses_train/total:	7.247536659240723
losses_test/task:	2.371020555496216
losses_test/concepts:	107.92134857177734
losses_test/total:	13.163156509399414
calibration_test/ece:	0.16593798995018005
calibration_test/brier:	0.7427668571472168
accuracy_test/task:	42.7166033828098
accuracy_test/concepts:	73.63278198242188
map_test/concepts:	0.33167113025362294

Epoch 44
losses_train/task:	1.6327192783355713
losses_train/concepts:	56.3146858215332
losses_train/total:	7.264188289642334
losses_test/task:	2.290074348449707
losses_test/concepts:	90.49679565429688
losses_test/total:	11.339754104614258
calibration_test/ece:	0.12828493118286133
calibration_test/brier:	0.7159428596496582
accuracy_test/task:	43.872972040041425
accuracy_test/concepts:	73.73173522949219
map_test/concepts:	0.32796889091065773

Epoch 45
losses_train/task:	1.6397448778152466
losses_train/concepts:	55.58448028564453
losses_train/total:	7.198193550109863
losses_test/task:	1.9509696960449219
losses_test/concepts:	92.4114990234375
losses_test/total:	11.192118644714355
calibration_test/ece:	0.12524940073490143
calibration_test/brier:	0.6705018281936646
accuracy_test/task:	48.705557473248184
accuracy_test/concepts:	74.92233276367188
map_test/concepts:	0.3386118621720622

Epoch 46
losses_train/task:	1.6403478384017944
losses_train/concepts:	55.995357513427734
losses_train/total:	7.239883899688721
losses_test/task:	2.1062142848968506
losses_test/concepts:	99.91459655761719
losses_test/total:	12.097673416137695
calibration_test/ece:	0.12623530626296997
calibration_test/brier:	0.6954110264778137
accuracy_test/task:	46.51363479461512
accuracy_test/concepts:	76.01485443115234
map_test/concepts:	0.34003830009605734

Epoch 47
losses_train/task:	1.5894018411636353
losses_train/concepts:	55.53874206542969
losses_train/total:	7.143276691436768
losses_test/task:	2.138773202896118
losses_test/concepts:	97.10730743408203
losses_test/total:	11.84950065612793
calibration_test/ece:	0.13756266236305237
calibration_test/brier:	0.6923719048500061
accuracy_test/task:	47.18674490852606
accuracy_test/concepts:	73.99723052978516
map_test/concepts:	0.3432292031667506

Epoch 48
losses_train/task:	1.606773853302002
losses_train/concepts:	54.5533447265625
losses_train/total:	7.062108993530273
losses_test/task:	2.1469013690948486
losses_test/concepts:	98.98238372802734
losses_test/total:	12.045141220092773
calibration_test/ece:	0.11232979595661163
calibration_test/brier:	0.6896792054176331
accuracy_test/task:	45.80600621332413
accuracy_test/concepts:	74.34500122070312
map_test/concepts:	0.3359604157623835

Epoch 49
losses_train/task:	1.5001275539398193
losses_train/concepts:	53.925411224365234
losses_train/total:	6.892669200897217
losses_test/task:	2.1697018146514893
losses_test/concepts:	93.83647918701172
losses_test/total:	11.553351402282715
calibration_test/ece:	0.14500831067562103
calibration_test/brier:	0.6875
accuracy_test/task:	48.32585433206766
accuracy_test/concepts:	74.64848327636719
map_test/concepts:	0.3386539531017964

Epoch 50
losses_train/task:	1.5590413808822632
losses_train/concepts:	54.10714340209961
losses_train/total:	6.969757080078125
losses_test/task:	1.8576043844223022
losses_test/concepts:	107.38706970214844
losses_test/total:	12.59631061553955
calibration_test/ece:	0.11560380458831787
calibration_test/brier:	0.628349244594574
accuracy_test/task:	51.794960303762515
accuracy_test/concepts:	76.65229797363281
map_test/concepts:	0.343380888881317

Epoch 51
losses_train/task:	1.5143988132476807
losses_train/concepts:	53.910884857177734
losses_train/total:	6.905487060546875
losses_test/task:	1.8725087642669678
losses_test/concepts:	104.0901107788086
losses_test/total:	12.28151798248291
calibration_test/ece:	0.11126375198364258
calibration_test/brier:	0.6345309019088745
accuracy_test/task:	51.70866413531239
accuracy_test/concepts:	75.93546295166016
map_test/concepts:	0.3464711141927789

Epoch 52
losses_train/task:	1.473315715789795
losses_train/concepts:	52.79454040527344
losses_train/total:	6.752769947052002
losses_test/task:	1.9958630800247192
losses_test/concepts:	106.89739990234375
losses_test/total:	12.685603141784668
calibration_test/ece:	0.12844355404376984
calibration_test/brier:	0.6572002172470093
accuracy_test/task:	49.75837072833966
accuracy_test/concepts:	76.4920654296875
map_test/concepts:	0.3479968774598092

Epoch 53
losses_train/task:	1.4666811227798462
losses_train/concepts:	53.07353591918945
losses_train/total:	6.7740349769592285
losses_test/task:	1.9898196458816528
losses_test/concepts:	103.58344268798828
losses_test/total:	12.348163604736328
calibration_test/ece:	0.14452101290225983
calibration_test/brier:	0.6618189811706543
accuracy_test/task:	50.48325854332067
accuracy_test/concepts:	76.96035766601562
map_test/concepts:	0.3495293893696119

Epoch 54
losses_train/task:	1.4710757732391357
losses_train/concepts:	53.09218978881836
losses_train/total:	6.780295372009277
losses_test/task:	1.89864981174469
losses_test/concepts:	106.31731414794922
losses_test/total:	12.53038215637207
calibration_test/ece:	0.13236846029758453
calibration_test/brier:	0.6353023052215576
accuracy_test/task:	52.19192267863307
accuracy_test/concepts:	76.40778350830078
map_test/concepts:	0.347491558175534

Epoch 55
losses_train/task:	1.4678400754928589
losses_train/concepts:	52.864315032958984
losses_train/total:	6.754271030426025
losses_test/task:	2.2752950191497803
losses_test/concepts:	117.39925384521484
losses_test/total:	14.01522159576416
calibration_test/ece:	0.14201273024082184
calibration_test/brier:	0.6960524320602417
accuracy_test/task:	46.89333793579565
accuracy_test/concepts:	75.63311004638672
map_test/concepts:	0.3318907336409514

Epoch 56
losses_train/task:	1.5346190929412842
losses_train/concepts:	54.04218292236328
losses_train/total:	6.938838005065918
losses_test/task:	2.3961737155914307
losses_test/concepts:	101.96644592285156
losses_test/total:	12.592817306518555
calibration_test/ece:	0.19254115223884583
calibration_test/brier:	0.7332709431648254
accuracy_test/task:	45.39178460476355
accuracy_test/concepts:	74.79949188232422
map_test/concepts:	0.33543433642480525

Epoch 57
losses_train/task:	1.5931403636932373
losses_train/concepts:	55.40606689453125
losses_train/total:	7.1337480545043945
losses_test/task:	2.6244568824768066
losses_test/concepts:	104.98233032226562
losses_test/total:	13.12269401550293
calibration_test/ece:	0.20581255853176117
calibration_test/brier:	0.7689830660820007
accuracy_test/task:	43.096306523990336
accuracy_test/concepts:	75.72343444824219
map_test/concepts:	0.3297662426756384

Epoch 58
losses_train/task:	1.4513553380966187
losses_train/concepts:	52.85697937011719
losses_train/total:	6.737051486968994
losses_test/task:	2.246363639831543
losses_test/concepts:	108.85604095458984
losses_test/total:	13.131966590881348
calibration_test/ece:	0.16102248430252075
calibration_test/brier:	0.696886420249939
accuracy_test/task:	47.34207801173628
accuracy_test/concepts:	76.62639617919922
map_test/concepts:	0.33810091940686104

Epoch 59
losses_train/task:	1.4449002742767334
losses_train/concepts:	52.50639343261719
losses_train/total:	6.695539474487305
losses_test/task:	1.9970754384994507
losses_test/concepts:	105.31867980957031
losses_test/total:	12.52894115447998
calibration_test/ece:	0.12960027158260345
calibration_test/brier:	0.6412397623062134
accuracy_test/task:	51.05281325509147
accuracy_test/concepts:	76.33728790283203
map_test/concepts:	0.344243365029494

Epoch 60
losses_train/task:	1.4123601913452148
losses_train/concepts:	52.21615982055664
losses_train/total:	6.633976459503174
losses_test/task:	1.8716137409210205
losses_test/concepts:	106.20189666748047
losses_test/total:	12.491803169250488
calibration_test/ece:	0.13475266098976135
calibration_test/brier:	0.6167635321617126
accuracy_test/task:	53.986882982395585
accuracy_test/concepts:	77.02277374267578
map_test/concepts:	0.34691677992232145

Epoch 61
losses_train/task:	1.3443753719329834
losses_train/concepts:	50.87914276123047
losses_train/total:	6.432290077209473
losses_test/task:	1.9751390218734741
losses_test/concepts:	115.38349151611328
losses_test/total:	13.5134859085083
calibration_test/ece:	0.16087162494659424
calibration_test/brier:	0.6403622627258301
accuracy_test/task:	52.41629271660338
accuracy_test/concepts:	76.01107788085938
map_test/concepts:	0.3462375706100526

Epoch 62
losses_train/task:	1.2829792499542236
losses_train/concepts:	50.5615119934082
losses_train/total:	6.3391313552856445
losses_test/task:	2.0041255950927734
losses_test/concepts:	112.2147216796875
losses_test/total:	13.225598335266113
calibration_test/ece:	0.15176118910312653
calibration_test/brier:	0.644707441329956
accuracy_test/task:	51.77770107007249
accuracy_test/concepts:	76.29443359375
map_test/concepts:	0.3416008381716286

Epoch 63
losses_train/task:	1.348186731338501
losses_train/concepts:	51.725711822509766
losses_train/total:	6.520757675170898
losses_test/task:	1.8338078260421753
losses_test/concepts:	110.1188735961914
losses_test/total:	12.845695495605469
calibration_test/ece:	0.12115050852298737
calibration_test/brier:	0.6067239046096802
accuracy_test/task:	53.62443907490508
accuracy_test/concepts:	76.32176208496094
map_test/concepts:	0.3495432620014374

Epoch 64
losses_train/task:	1.2931406497955322
losses_train/concepts:	50.7393684387207
losses_train/total:	6.36707878112793
losses_test/task:	2.0302019119262695
losses_test/concepts:	120.12792205810547
losses_test/total:	14.042994499206543
calibration_test/ece:	0.1584060788154602
calibration_test/brier:	0.6414579749107361
accuracy_test/task:	53.141180531584396
accuracy_test/concepts:	77.7977294921875
map_test/concepts:	0.34712422952676814

Epoch 65
losses_train/task:	1.3127684593200684
losses_train/concepts:	50.51279067993164
losses_train/total:	6.364047527313232
losses_test/task:	1.9001413583755493
losses_test/concepts:	108.40115356445312
losses_test/total:	12.740254402160645
calibration_test/ece:	0.1382071077823639
calibration_test/brier:	0.6236387491226196
accuracy_test/task:	53.641698308595096
accuracy_test/concepts:	76.98395538330078
map_test/concepts:	0.3498635164500835

Epoch 66
losses_train/task:	1.356244444847107
losses_train/concepts:	51.42721939086914
losses_train/total:	6.498966693878174
losses_test/task:	2.1256368160247803
losses_test/concepts:	117.08323669433594
losses_test/total:	13.83396053314209
calibration_test/ece:	0.17338445782661438
calibration_test/brier:	0.6612518429756165
accuracy_test/task:	51.53607179841215
accuracy_test/concepts:	76.70665740966797
map_test/concepts:	0.3382445410786507

Epoch 67
losses_train/task:	1.3068020343780518
losses_train/concepts:	50.95588302612305
losses_train/total:	6.402390480041504
losses_test/task:	2.1714203357696533
losses_test/concepts:	117.25779724121094
losses_test/total:	13.897202491760254
calibration_test/ece:	0.1720125824213028
calibration_test/brier:	0.6813750863075256
accuracy_test/task:	49.70659302726959
accuracy_test/concepts:	77.46259307861328
map_test/concepts:	0.3394050135781678

Epoch 68
losses_train/task:	1.2707220315933228
losses_train/concepts:	49.69676971435547
losses_train/total:	6.24039888381958
losses_test/task:	1.7851520776748657
losses_test/concepts:	117.43268585205078
losses_test/total:	13.52841854095459
calibration_test/ece:	0.13979440927505493
calibration_test/brier:	0.5921190977096558
accuracy_test/task:	55.93717638936831
accuracy_test/concepts:	76.7932357788086
map_test/concepts:	0.3481372145780673

Epoch 69
losses_train/task:	1.1597321033477783
losses_train/concepts:	48.41184616088867
losses_train/total:	6.000916957855225
losses_test/task:	1.8752304315567017
losses_test/concepts:	125.43760681152344
losses_test/total:	14.418994903564453
calibration_test/ece:	0.15658168494701385
calibration_test/brier:	0.6195950508117676
accuracy_test/task:	54.987918536416984
accuracy_test/concepts:	77.33889770507812
map_test/concepts:	0.3436884673622747

Epoch 70
losses_train/task:	1.2266367673873901
losses_train/concepts:	49.051170349121094
losses_train/total:	6.131754398345947
losses_test/task:	1.8142634630203247
losses_test/concepts:	123.58985900878906
losses_test/total:	14.173248291015625
calibration_test/ece:	0.14767009019851685
calibration_test/brier:	0.5904058218002319
accuracy_test/task:	57.47324818778046
accuracy_test/concepts:	77.27592468261719
map_test/concepts:	0.3466124888819953

Epoch 71
losses_train/task:	1.218723177909851
losses_train/concepts:	49.22866439819336
losses_train/total:	6.141589164733887
losses_test/task:	2.6953322887420654
losses_test/concepts:	119.69235229492188
losses_test/total:	14.664566040039062
calibration_test/ece:	0.21773329377174377
calibration_test/brier:	0.7665306925773621
accuracy_test/task:	43.596824301001035
accuracy_test/concepts:	76.037841796875
map_test/concepts:	0.3309573398825402

Epoch 72
losses_train/task:	1.250822901725769
losses_train/concepts:	49.19389343261719
losses_train/total:	6.170213222503662
losses_test/task:	1.9081202745437622
losses_test/concepts:	118.8315658569336
losses_test/total:	13.791278839111328
calibration_test/ece:	0.15113379061222076
calibration_test/brier:	0.6108525395393372
accuracy_test/task:	55.26406627545737
accuracy_test/concepts:	77.54947662353516
map_test/concepts:	0.3450922658550553

Epoch 73
losses_train/task:	1.1527198553085327
losses_train/concepts:	48.342491149902344
losses_train/total:	5.986968517303467
losses_test/task:	2.0982489585876465
losses_test/concepts:	118.15028381347656
losses_test/total:	13.913275718688965
calibration_test/ece:	0.18309511244297028
calibration_test/brier:	0.6601882576942444
accuracy_test/task:	51.53607179841215
accuracy_test/concepts:	77.44159698486328
map_test/concepts:	0.3430131621658802

Epoch 74
losses_train/task:	1.1814616918563843
losses_train/concepts:	48.80010223388672
losses_train/total:	6.061470985412598
losses_test/task:	1.804618000984192
losses_test/concepts:	122.02690887451172
losses_test/total:	14.007308959960938
calibration_test/ece:	0.15941253304481506
calibration_test/brier:	0.592094361782074
accuracy_test/task:	57.14532274767
accuracy_test/concepts:	77.50602722167969
map_test/concepts:	0.3545203934423625

Epoch 75
losses_train/task:	1.2333872318267822
losses_train/concepts:	49.51446533203125
losses_train/total:	6.1848344802856445
losses_test/task:	2.165203094482422
losses_test/concepts:	123.36739349365234
losses_test/total:	14.501941680908203
calibration_test/ece:	0.18112234771251678
calibration_test/brier:	0.6669222116470337
accuracy_test/task:	51.43251639627201
accuracy_test/concepts:	78.19928741455078
map_test/concepts:	0.3420255143350611

Epoch 76
losses_train/task:	1.1505939960479736
losses_train/concepts:	48.02183151245117
losses_train/total:	5.9527764320373535
losses_test/task:	2.111830711364746
losses_test/concepts:	142.38296508789062
losses_test/total:	16.350133895874023
calibration_test/ece:	0.18409477174282074
calibration_test/brier:	0.6588151454925537
accuracy_test/task:	52.69244045564377
accuracy_test/concepts:	79.11347198486328
map_test/concepts:	0.34612763047528766

Epoch 77
losses_train/task:	1.2665830850601196
losses_train/concepts:	48.87739562988281
losses_train/total:	6.154321670532227
losses_test/task:	1.9852983951568604
losses_test/concepts:	120.91183471679688
losses_test/total:	14.076480865478516
calibration_test/ece:	0.1588723510503769
calibration_test/brier:	0.6333810687065125
accuracy_test/task:	53.72799447704522
accuracy_test/concepts:	77.71776580810547
map_test/concepts:	0.33995844890596344

Epoch 78
losses_train/task:	1.1940910816192627
losses_train/concepts:	48.41217803955078
losses_train/total:	6.035308361053467
losses_test/task:	2.305561065673828
losses_test/concepts:	154.66441345214844
losses_test/total:	17.77200698852539
calibration_test/ece:	0.21341992914676666
calibration_test/brier:	0.6938651204109192
accuracy_test/task:	50.690369347600964
accuracy_test/concepts:	78.51943969726562
map_test/concepts:	0.3345224148128182

Epoch 79
losses_train/task:	1.148931860923767
losses_train/concepts:	47.73883819580078
losses_train/total:	5.922815322875977
losses_test/task:	1.84303879737854
losses_test/concepts:	125.7894058227539
losses_test/total:	14.421978950500488
calibration_test/ece:	0.16620102524757385
calibration_test/brier:	0.594129204750061
accuracy_test/task:	57.525025888850536
accuracy_test/concepts:	78.44407653808594
map_test/concepts:	0.3535571203644698

Epoch 80
losses_train/task:	1.1105512380599976
losses_train/concepts:	47.46697235107422
losses_train/total:	5.857247829437256
losses_test/task:	2.1158809661865234
losses_test/concepts:	140.06295776367188
losses_test/total:	16.122173309326172
calibration_test/ece:	0.19376738369464874
calibration_test/brier:	0.6466946601867676
accuracy_test/task:	54.142216085605796
accuracy_test/concepts:	79.83518981933594
map_test/concepts:	0.34894145098514856

Epoch 81
losses_train/task:	1.0859670639038086
losses_train/concepts:	46.71464920043945
losses_train/total:	5.757432460784912
losses_test/task:	1.7530546188354492
losses_test/concepts:	128.7099609375
losses_test/total:	14.62405014038086
calibration_test/ece:	0.1485958993434906
calibration_test/brier:	0.5604739189147949
accuracy_test/task:	59.95857783914394
accuracy_test/concepts:	78.82320404052734
map_test/concepts:	0.35363951326192666

Epoch 82
losses_train/task:	1.0329601764678955
losses_train/concepts:	46.34640884399414
losses_train/total:	5.667601108551025
losses_test/task:	1.9815202951431274
losses_test/concepts:	123.6878433227539
losses_test/total:	14.35030460357666
calibration_test/ece:	0.18065416812896729
calibration_test/brier:	0.6180614829063416
accuracy_test/task:	56.316879530548846
accuracy_test/concepts:	77.76551055908203
map_test/concepts:	0.34810221251488355

Epoch 83
losses_train/task:	1.1280442476272583
losses_train/concepts:	46.787803649902344
losses_train/total:	5.806824684143066
losses_test/task:	1.9437756538391113
losses_test/concepts:	140.58770751953125
losses_test/total:	16.002548217773438
calibration_test/ece:	0.1823604851961136
calibration_test/brier:	0.6026081442832947
accuracy_test/task:	57.2143596824301
accuracy_test/concepts:	79.25756072998047
map_test/concepts:	0.3521166174362103

Epoch 84
losses_train/task:	1.0962185859680176
losses_train/concepts:	46.898826599121094
losses_train/total:	5.786101818084717
losses_test/task:	2.144808053970337
losses_test/concepts:	121.91929626464844
losses_test/total:	14.336736679077148
calibration_test/ece:	0.1714295744895935
calibration_test/brier:	0.6434798240661621
accuracy_test/task:	53.12392129789438
accuracy_test/concepts:	76.97531127929688
map_test/concepts:	0.3412149293581024

Epoch 85
losses_train/task:	1.113564133644104
losses_train/concepts:	47.40447235107422
losses_train/total:	5.854012489318848
losses_test/task:	2.010366678237915
losses_test/concepts:	126.27677154541016
losses_test/total:	14.638044357299805
calibration_test/ece:	0.18475431203842163
calibration_test/brier:	0.620248019695282
accuracy_test/task:	56.127027959958575
accuracy_test/concepts:	77.80433654785156
map_test/concepts:	0.3451661133983483

Epoch 86
losses_train/task:	1.1051549911499023
losses_train/concepts:	46.88196563720703
losses_train/total:	5.793353080749512
losses_test/task:	2.1889171600341797
losses_test/concepts:	137.2745819091797
losses_test/total:	15.916377067565918
calibration_test/ece:	0.19513998925685883
calibration_test/brier:	0.6399805545806885
accuracy_test/task:	54.72903003106662
accuracy_test/concepts:	79.26099395751953
map_test/concepts:	0.3480113671083624

Epoch 87
losses_train/task:	1.136251449584961
losses_train/concepts:	46.98936462402344
losses_train/total:	5.835186958312988
losses_test/task:	2.103471040725708
losses_test/concepts:	123.14561462402344
losses_test/total:	14.418033599853516
calibration_test/ece:	0.18016573786735535
calibration_test/brier:	0.646237850189209
accuracy_test/task:	53.46910597169486
accuracy_test/concepts:	77.73674011230469
map_test/concepts:	0.34603845766590285

Epoch 88
losses_train/task:	1.1662031412124634
losses_train/concepts:	47.069759368896484
losses_train/total:	5.873178482055664
losses_test/task:	2.010699510574341
losses_test/concepts:	131.8736572265625
losses_test/total:	15.198064804077148
calibration_test/ece:	0.18762502074241638
calibration_test/brier:	0.6351439952850342
accuracy_test/task:	54.33206765619607
accuracy_test/concepts:	77.83194732666016
map_test/concepts:	0.3417638655519113

Epoch 89
losses_train/task:	1.1227517127990723
losses_train/concepts:	46.411521911621094
losses_train/total:	5.763904571533203
losses_test/task:	2.0391435623168945
losses_test/concepts:	131.23971557617188
losses_test/total:	15.163118362426758
calibration_test/ece:	0.17827901244163513
calibration_test/brier:	0.6324235796928406
accuracy_test/task:	55.125992405937176
accuracy_test/concepts:	78.8772964477539
map_test/concepts:	0.3505063146119937

Epoch 90
losses_train/task:	1.0514698028564453
losses_train/concepts:	45.5734748840332
losses_train/total:	5.6088175773620605
losses_test/task:	1.911815881729126
losses_test/concepts:	141.62977600097656
losses_test/total:	16.074792861938477
calibration_test/ece:	0.1762855052947998
calibration_test/brier:	0.5988522171974182
accuracy_test/task:	57.47324818778046
accuracy_test/concepts:	79.64388275146484
map_test/concepts:	0.35154402696837983

Epoch 91
losses_train/task:	1.0753573179244995
losses_train/concepts:	45.72526550292969
losses_train/total:	5.647884845733643
losses_test/task:	2.0759074687957764
losses_test/concepts:	117.74095916748047
losses_test/total:	13.850003242492676
calibration_test/ece:	0.1829325258731842
calibration_test/brier:	0.635846734046936
accuracy_test/task:	54.832585433206766
accuracy_test/concepts:	77.80233764648438
map_test/concepts:	0.3482281040555487

Epoch 92
losses_train/task:	1.0245286226272583
losses_train/concepts:	44.736568450927734
losses_train/total:	5.4981865882873535
losses_test/task:	2.049272298812866
losses_test/concepts:	137.30213928222656
losses_test/total:	15.779483795166016
calibration_test/ece:	0.18494519591331482
calibration_test/brier:	0.6263878345489502
accuracy_test/task:	55.695547117707974
accuracy_test/concepts:	79.29553985595703
map_test/concepts:	0.34786451432543497

Epoch 93
losses_train/task:	0.9825231432914734
losses_train/concepts:	43.516780853271484
losses_train/total:	5.334201335906982
losses_test/task:	1.9059611558914185
losses_test/concepts:	159.00332641601562
losses_test/total:	17.806293487548828
calibration_test/ece:	0.17453211545944214
calibration_test/brier:	0.5854659676551819
accuracy_test/task:	59.16465308940283
accuracy_test/concepts:	79.72932434082031
map_test/concepts:	0.3507945727246503

Epoch 94
losses_train/task:	0.9652388691902161
losses_train/concepts:	43.481929779052734
losses_train/total:	5.313432693481445
losses_test/task:	2.0524282455444336
losses_test/concepts:	163.20553588867188
losses_test/total:	18.372982025146484
calibration_test/ece:	0.19566850364208221
calibration_test/brier:	0.6214690804481506
accuracy_test/task:	56.50673110113911
accuracy_test/concepts:	80.48297882080078
map_test/concepts:	0.3528532311397915

Epoch 95
losses_train/task:	0.9645838737487793
losses_train/concepts:	42.64235305786133
losses_train/total:	5.228819847106934
losses_test/task:	1.8149913549423218
losses_test/concepts:	150.6605682373047
losses_test/total:	16.881052017211914
calibration_test/ece:	0.15706174075603485
calibration_test/brier:	0.5670644640922546
accuracy_test/task:	60.510873317224714
accuracy_test/concepts:	79.92434692382812
map_test/concepts:	0.35737494405669473

Epoch 96
losses_train/task:	0.9808235168457031
losses_train/concepts:	43.53551483154297
losses_train/total:	5.33437442779541
losses_test/task:	1.9179906845092773
losses_test/concepts:	151.77833557128906
losses_test/total:	17.095827102661133
calibration_test/ece:	0.17777080833911896
calibration_test/brier:	0.5973587036132812
accuracy_test/task:	58.19813600276148
accuracy_test/concepts:	80.1800765991211
map_test/concepts:	0.3473584241233766

Epoch 97
losses_train/task:	1.0619152784347534
losses_train/concepts:	43.59553527832031
losses_train/total:	5.4214701652526855
losses_test/task:	2.635652542114258
losses_test/concepts:	141.50253295898438
losses_test/total:	16.785900115966797
calibration_test/ece:	0.2272491455078125
calibration_test/brier:	0.7425979375839233
accuracy_test/task:	46.582671729375214
accuracy_test/concepts:	77.80290222167969
map_test/concepts:	0.3278503237525001

Epoch 98
losses_train/task:	1.0434783697128296
losses_train/concepts:	45.16594696044922
losses_train/total:	5.560073375701904
losses_test/task:	2.080451250076294
losses_test/concepts:	155.79562377929688
losses_test/total:	17.660011291503906
calibration_test/ece:	0.19328069686889648
calibration_test/brier:	0.6197639107704163
accuracy_test/task:	57.2143596824301
accuracy_test/concepts:	79.45028686523438
map_test/concepts:	0.3495402051058287

Epoch 99
losses_train/task:	1.0155723094940186
losses_train/concepts:	43.72340393066406
losses_train/total:	5.387912273406982
losses_test/task:	2.175398826599121
losses_test/concepts:	126.81438446044922
losses_test/total:	14.856837272644043
calibration_test/ece:	0.1932591199874878
calibration_test/brier:	0.6613126397132874
accuracy_test/task:	52.98584742837418
accuracy_test/concepts:	78.54390716552734
map_test/concepts:	0.340828433764788

Epoch 100
losses_train/task:	1.0025299787521362
losses_train/concepts:	43.94218826293945
losses_train/total:	5.396749019622803
losses_test/task:	2.0670371055603027
losses_test/concepts:	177.46688842773438
losses_test/total:	19.813724517822266
calibration_test/ece:	0.2022673338651657
calibration_test/brier:	0.6067364811897278
accuracy_test/task:	58.16361753538143
accuracy_test/concepts:	80.73062133789062
map_test/concepts:	0.351651496005555

Epoch 101
losses_train/task:	0.8803220391273499
losses_train/concepts:	42.154541015625
losses_train/total:	5.095776081085205
losses_test/task:	1.5936709642410278
losses_test/concepts:	157.8843994140625
losses_test/total:	17.382110595703125
calibration_test/ece:	0.15397298336029053
calibration_test/brier:	0.5000234842300415
accuracy_test/task:	65.11908871246116
accuracy_test/concepts:	80.91646575927734
map_test/concepts:	0.36008804659359156

Epoch 102
losses_train/task:	0.7222652435302734
losses_train/concepts:	39.632877349853516
losses_train/total:	4.685552597045898
losses_test/task:	1.54593026638031
losses_test/concepts:	163.6627655029297
losses_test/total:	17.912208557128906
calibration_test/ece:	0.1484103500843048
calibration_test/brier:	0.4823448359966278
accuracy_test/task:	66.55160510873317
accuracy_test/concepts:	81.27171325683594
map_test/concepts:	0.3619938159516702

Epoch 103
losses_train/task:	0.7427075505256653
losses_train/concepts:	40.321189880371094
losses_train/total:	4.774827003479004
losses_test/task:	1.5455609560012817
losses_test/concepts:	166.00250244140625
losses_test/total:	18.145809173583984
calibration_test/ece:	0.15184086561203003
calibration_test/brier:	0.47878172993659973
accuracy_test/task:	66.60338280980325
accuracy_test/concepts:	81.39857482910156
map_test/concepts:	0.3614889421500266

Epoch 104
losses_train/task:	0.6799412369728088
losses_train/concepts:	39.39264678955078
losses_train/total:	4.619204998016357
losses_test/task:	1.5692952871322632
losses_test/concepts:	175.17564392089844
losses_test/total:	19.086862564086914
calibration_test/ece:	0.15135885775089264
calibration_test/brier:	0.4776768386363983
accuracy_test/task:	67.25923369002416
accuracy_test/concepts:	81.68795776367188
map_test/concepts:	0.36286880291687945

Epoch 105
losses_train/task:	0.6420902013778687
losses_train/concepts:	38.28215026855469
losses_train/total:	4.470305442810059
losses_test/task:	1.579978346824646
losses_test/concepts:	177.55029296875
losses_test/total:	19.33500862121582
calibration_test/ece:	0.15623854100704193
calibration_test/brier:	0.47550520300865173
accuracy_test/task:	67.24197445633413
accuracy_test/concepts:	81.66983032226562
map_test/concepts:	0.3633523635411014

Epoch 106
losses_train/task:	0.6484600901603699
losses_train/concepts:	38.398311614990234
losses_train/total:	4.488291263580322
losses_test/task:	1.6135584115982056
losses_test/concepts:	184.22312927246094
losses_test/total:	20.03587532043457
calibration_test/ece:	0.16127213835716248
calibration_test/brier:	0.48018133640289307
accuracy_test/task:	67.39730755954436
accuracy_test/concepts:	81.84961700439453
map_test/concepts:	0.363771910724851

Epoch 107
losses_train/task:	0.6462482213973999
losses_train/concepts:	38.08428955078125
losses_train/total:	4.454677581787109
losses_test/task:	1.6085797548294067
losses_test/concepts:	181.01719665527344
losses_test/total:	19.710294723510742
calibration_test/ece:	0.16297414898872375
calibration_test/brier:	0.48239538073539734
accuracy_test/task:	67.31101139109424
accuracy_test/concepts:	81.91549682617188
map_test/concepts:	0.36371726136033733

Epoch 108
losses_train/task:	0.6691992878913879
losses_train/concepts:	37.858009338378906
losses_train/total:	4.455000877380371
losses_test/task:	1.6457737684249878
losses_test/concepts:	192.000732421875
losses_test/total:	20.845848083496094
calibration_test/ece:	0.16911369562149048
calibration_test/brier:	0.4878377914428711
accuracy_test/task:	66.9313082499137
accuracy_test/concepts:	82.291748046875
map_test/concepts:	0.3624295635769765

Epoch 109
losses_train/task:	0.6410284638404846
losses_train/concepts:	37.54142379760742
losses_train/total:	4.395171165466309
losses_test/task:	1.6463024616241455
losses_test/concepts:	196.43162536621094
losses_test/total:	21.289461135864258
calibration_test/ece:	0.1686275601387024
calibration_test/brier:	0.4854387938976288
accuracy_test/task:	67.41456679323439
accuracy_test/concepts:	82.16976165771484
map_test/concepts:	0.36371037499047815

Epoch 110
losses_train/task:	0.641526460647583
losses_train/concepts:	37.361541748046875
losses_train/total:	4.377681255340576
losses_test/task:	1.645975947380066
losses_test/concepts:	200.96087646484375
losses_test/total:	21.7420654296875
calibration_test/ece:	0.16722828149795532
calibration_test/brier:	0.4827539920806885
accuracy_test/task:	67.72523299965482
accuracy_test/concepts:	82.31444549560547
map_test/concepts:	0.3638843310298398

Epoch 111
losses_train/task:	0.6201744675636292
losses_train/concepts:	36.91837692260742
losses_train/total:	4.312011241912842
losses_test/task:	1.637606143951416
losses_test/concepts:	207.13058471679688
losses_test/total:	22.35066795349121
calibration_test/ece:	0.1643693894147873
calibration_test/brier:	0.48042112588882446
accuracy_test/task:	67.93234380393511
accuracy_test/concepts:	82.4821548461914
map_test/concepts:	0.36259896562745175

Epoch 112
losses_train/task:	0.6194533705711365
losses_train/concepts:	36.650333404541016
losses_train/total:	4.284487247467041
losses_test/task:	1.6753082275390625
losses_test/concepts:	204.12672424316406
losses_test/total:	22.087982177734375
calibration_test/ece:	0.1686621606349945
calibration_test/brier:	0.4856487810611725
accuracy_test/task:	67.5698998964446
accuracy_test/concepts:	82.30899810791016
map_test/concepts:	0.36308229428250344

Epoch 113
losses_train/task:	0.5824500322341919
losses_train/concepts:	36.4815559387207
losses_train/total:	4.2306060791015625
losses_test/task:	1.6920721530914307
losses_test/concepts:	210.60003662109375
losses_test/total:	22.752079010009766
calibration_test/ece:	0.17355842888355255
calibration_test/brier:	0.48513999581336975
accuracy_test/task:	67.51812219537453
accuracy_test/concepts:	82.498291015625
map_test/concepts:	0.3633781620922188

Epoch 114
losses_train/task:	0.6258189082145691
losses_train/concepts:	36.51334762573242
losses_train/total:	4.277153968811035
losses_test/task:	1.7199093103408813
losses_test/concepts:	216.96971130371094
losses_test/total:	23.416873931884766
calibration_test/ece:	0.17461062967777252
calibration_test/brier:	0.4906585216522217
accuracy_test/task:	67.39730755954436
accuracy_test/concepts:	82.67949676513672
map_test/concepts:	0.3626871630627041

Epoch 115
losses_train/task:	0.6171480417251587
losses_train/concepts:	36.515079498291016
losses_train/total:	4.268655300140381
losses_test/task:	1.7128747701644897
losses_test/concepts:	224.57752990722656
losses_test/total:	24.17062759399414
calibration_test/ece:	0.17562907934188843
calibration_test/brier:	0.49111470580101013
accuracy_test/task:	67.2074559889541
accuracy_test/concepts:	82.61162567138672
map_test/concepts:	0.3618210423349713

Epoch 116
losses_train/task:	0.6028891801834106
losses_train/concepts:	36.07514953613281
losses_train/total:	4.210404872894287
losses_test/task:	1.7260034084320068
losses_test/concepts:	223.23733520507812
losses_test/total:	24.04973602294922
calibration_test/ece:	0.17489314079284668
calibration_test/brier:	0.48912790417671204
accuracy_test/task:	67.5698998964446
accuracy_test/concepts:	82.81498718261719
map_test/concepts:	0.36321662315167486

Epoch 117
losses_train/task:	0.6070832014083862
losses_train/concepts:	36.29629898071289
losses_train/total:	4.2367119789123535
losses_test/task:	1.7143325805664062
losses_test/concepts:	220.16143798828125
losses_test/total:	23.730480194091797
calibration_test/ece:	0.17545950412750244
calibration_test/brier:	0.49050459265708923
accuracy_test/task:	67.15567828788402
accuracy_test/concepts:	82.65620422363281
map_test/concepts:	0.36212194492885225

Epoch 118
losses_train/task:	0.5615851283073425
losses_train/concepts:	35.5189323425293
losses_train/total:	4.1134772300720215
losses_test/task:	1.744497299194336
losses_test/concepts:	225.5770263671875
losses_test/total:	24.30219841003418
calibration_test/ece:	0.17605821788311005
calibration_test/brier:	0.492694228887558
accuracy_test/task:	67.53538142906454
accuracy_test/concepts:	82.64238739013672
map_test/concepts:	0.3620812173932791

Epoch 119
losses_train/task:	0.5828384160995483
losses_train/concepts:	35.42875671386719
losses_train/total:	4.1257147789001465
losses_test/task:	1.75164794921875
losses_test/concepts:	225.38211059570312
losses_test/total:	24.28986167907715
calibration_test/ece:	0.17852924764156342
calibration_test/brier:	0.49339815974235535
accuracy_test/task:	67.25923369002416
accuracy_test/concepts:	82.77556610107422
map_test/concepts:	0.362889926492547

Epoch 120
losses_train/task:	0.5911461114883423
losses_train/concepts:	35.477333068847656
losses_train/total:	4.138879776000977
losses_test/task:	1.7651211023330688
losses_test/concepts:	236.06109619140625
losses_test/total:	25.371234893798828
calibration_test/ece:	0.18147730827331543
calibration_test/brier:	0.4966903626918793
accuracy_test/task:	67.24197445633413
accuracy_test/concepts:	82.90413665771484
map_test/concepts:	0.36302871299752343

Epoch 121
losses_train/task:	0.5803464651107788
losses_train/concepts:	35.41034698486328
losses_train/total:	4.121381759643555
losses_test/task:	1.7398884296417236
losses_test/concepts:	228.45489501953125
losses_test/total:	24.58538055419922
calibration_test/ece:	0.18004250526428223
calibration_test/brier:	0.492095023393631
accuracy_test/task:	67.15567828788402
accuracy_test/concepts:	82.78853607177734
map_test/concepts:	0.3632241226732731

Epoch 122
losses_train/task:	0.5593783259391785
losses_train/concepts:	34.65802001953125
losses_train/total:	4.025181293487549
losses_test/task:	1.7688562870025635
losses_test/concepts:	235.19468688964844
losses_test/total:	25.288328170776367
calibration_test/ece:	0.17521293461322784
calibration_test/brier:	0.4934816360473633
accuracy_test/task:	67.72523299965482
accuracy_test/concepts:	83.01029968261719
map_test/concepts:	0.3627953608597939

Epoch 123
losses_train/task:	0.5593876242637634
losses_train/concepts:	34.8458137512207
losses_train/total:	4.043968677520752
losses_test/task:	1.778602123260498
losses_test/concepts:	232.9217987060547
losses_test/total:	25.070785522460938
calibration_test/ece:	0.1799723505973816
calibration_test/brier:	0.4945276379585266
accuracy_test/task:	67.46634449430445
accuracy_test/concepts:	82.99391174316406
map_test/concepts:	0.36334086519976455

Epoch 124
losses_train/task:	0.5530232191085815
losses_train/concepts:	35.1160774230957
losses_train/total:	4.064631938934326
losses_test/task:	1.80069100856781
losses_test/concepts:	235.39999389648438
losses_test/total:	25.3406925201416
calibration_test/ece:	0.18389856815338135
calibration_test/brier:	0.4999513626098633
accuracy_test/task:	67.0693821194339
accuracy_test/concepts:	82.98355102539062
map_test/concepts:	0.3620766656007618

Epoch 125
losses_train/task:	0.5496435761451721
losses_train/concepts:	34.39802551269531
losses_train/total:	3.989445447921753
losses_test/task:	1.812031865119934
losses_test/concepts:	246.544189453125
losses_test/total:	26.466455459594727
calibration_test/ece:	0.1853434294462204
calibration_test/brier:	0.5026844143867493
accuracy_test/task:	67.05212288574387
accuracy_test/concepts:	83.11616516113281
map_test/concepts:	0.3616837284605329

Epoch 126
losses_train/task:	0.5708386301994324
losses_train/concepts:	34.51653289794922
losses_train/total:	4.0224928855896
losses_test/task:	1.7963285446166992
losses_test/concepts:	244.78518676757812
losses_test/total:	26.27484703063965
calibration_test/ece:	0.18395763635635376
calibration_test/brier:	0.5012348890304565
accuracy_test/task:	67.10390058681395
accuracy_test/concepts:	83.17195892333984
map_test/concepts:	0.36303085446512945

Epoch 127
losses_train/task:	0.5669330358505249
losses_train/concepts:	35.003440856933594
losses_train/total:	4.067277908325195
losses_test/task:	1.8293347358703613
losses_test/concepts:	243.70730590820312
losses_test/total:	26.20006561279297
calibration_test/ece:	0.1875273734331131
calibration_test/brier:	0.5051587820053101
accuracy_test/task:	66.87953054884363
accuracy_test/concepts:	82.9651107788086
map_test/concepts:	0.36207964072624843

Epoch 128
losses_train/task:	0.5819903016090393
losses_train/concepts:	34.32038497924805
losses_train/total:	4.014029026031494
losses_test/task:	1.8039287328720093
losses_test/concepts:	252.6961212158203
losses_test/total:	27.07353973388672
calibration_test/ece:	0.18704307079315186
calibration_test/brier:	0.5008335709571838
accuracy_test/task:	67.12115982050398
accuracy_test/concepts:	83.18116760253906
map_test/concepts:	0.36159612373448907

Epoch 129
losses_train/task:	0.5130295753479004
losses_train/concepts:	33.8151969909668
losses_train/total:	3.89454984664917
losses_test/task:	1.8095803260803223
losses_test/concepts:	248.0057373046875
losses_test/total:	26.610151290893555
calibration_test/ece:	0.18602363765239716
calibration_test/brier:	0.5002920627593994
accuracy_test/task:	67.38004832585433
accuracy_test/concepts:	83.0675277709961
map_test/concepts:	0.36129049863666296

Epoch 130
losses_train/task:	0.5885160565376282
losses_train/concepts:	34.195960998535156
losses_train/total:	4.00811243057251
losses_test/task:	1.8515704870224
losses_test/concepts:	262.8053283691406
losses_test/total:	28.132110595703125
calibration_test/ece:	0.19134476780891418
calibration_test/brier:	0.508488118648529
accuracy_test/task:	66.82775284777355
accuracy_test/concepts:	83.33765411376953
map_test/concepts:	0.36025252697678906

Epoch 131
losses_train/task:	0.5847630500793457
losses_train/concepts:	34.50983810424805
losses_train/total:	4.035747528076172
losses_test/task:	1.8667433261871338
losses_test/concepts:	255.54013061523438
losses_test/total:	27.420759201049805
calibration_test/ece:	0.19056928157806396
calibration_test/brier:	0.5039774179458618
accuracy_test/task:	67.15567828788402
accuracy_test/concepts:	83.2343978881836
map_test/concepts:	0.3606000697317844

Epoch 132
losses_train/task:	0.5121981501579285
losses_train/concepts:	33.69374465942383
losses_train/total:	3.881573438644409
losses_test/task:	1.8330044746398926
losses_test/concepts:	244.03204345703125
losses_test/total:	26.236204147338867
calibration_test/ece:	0.18432950973510742
calibration_test/brier:	0.501605749130249
accuracy_test/task:	67.39730755954436
accuracy_test/concepts:	83.04914093017578
map_test/concepts:	0.3611623108154163

Epoch 133
losses_train/task:	0.535825252532959
losses_train/concepts:	33.82658767700195
losses_train/total:	3.9184844493865967
losses_test/task:	1.867700219154358
losses_test/concepts:	256.9695739746094
losses_test/total:	27.56465721130371
calibration_test/ece:	0.19014084339141846
calibration_test/brier:	0.5068473815917969
accuracy_test/task:	67.08664135312392
accuracy_test/concepts:	83.2303466796875
map_test/concepts:	0.3613103288691491

Epoch 134
losses_train/task:	0.5841865539550781
losses_train/concepts:	33.67211151123047
losses_train/total:	3.951397180557251
losses_test/task:	1.8559993505477905
losses_test/concepts:	266.6446838378906
losses_test/total:	28.52047348022461
calibration_test/ece:	0.1907036453485489
calibration_test/brier:	0.5058932304382324
accuracy_test/task:	66.94856748360372
accuracy_test/concepts:	83.45299530029297
map_test/concepts:	0.36138972646246353

Epoch 135
losses_train/task:	0.547136664390564
losses_train/concepts:	33.40089797973633
losses_train/total:	3.8872268199920654
losses_test/task:	1.8596583604812622
losses_test/concepts:	266.9884338378906
losses_test/total:	28.558502197265625
calibration_test/ece:	0.18828609585762024
calibration_test/brier:	0.5026585459709167
accuracy_test/task:	67.34552985847428
accuracy_test/concepts:	83.4133071899414
map_test/concepts:	0.36135031972080467

Epoch 136
losses_train/task:	0.5686075687408447
losses_train/concepts:	33.60348129272461
losses_train/total:	3.9289560317993164
losses_test/task:	1.8687937259674072
losses_test/concepts:	272.50439453125
losses_test/total:	29.119234085083008
calibration_test/ece:	0.1881854236125946
calibration_test/brier:	0.5044845342636108
accuracy_test/task:	67.48360372799448
accuracy_test/concepts:	83.53093719482422
map_test/concepts:	0.36138196059813105

Epoch 137
losses_train/task:	0.5127933025360107
losses_train/concepts:	32.963504791259766
losses_train/total:	3.8091444969177246
losses_test/task:	1.8825734853744507
losses_test/concepts:	279.376953125
losses_test/total:	29.82027816772461
calibration_test/ece:	0.19069156050682068
calibration_test/brier:	0.5063555240631104
accuracy_test/task:	66.94856748360372
accuracy_test/concepts:	83.49816131591797
map_test/concepts:	0.36026584477319074

Epoch 138
losses_train/task:	0.5290786027908325
losses_train/concepts:	32.867279052734375
losses_train/total:	3.8158066272735596
losses_test/task:	1.8685712814331055
losses_test/concepts:	264.0643615722656
losses_test/total:	28.27501106262207
calibration_test/ece:	0.18827354907989502
calibration_test/brier:	0.5061295628547668
accuracy_test/task:	66.77597514670349
accuracy_test/concepts:	83.2890396118164
map_test/concepts:	0.3595922375175481

Epoch 139
losses_train/task:	0.5431177020072937
losses_train/concepts:	33.35783004760742
losses_train/total:	3.8789000511169434
losses_test/task:	1.842854619026184
losses_test/concepts:	268.83380126953125
losses_test/total:	28.726240158081055
calibration_test/ece:	0.1845477968454361
calibration_test/brier:	0.501422643661499
accuracy_test/task:	67.29375215740421
accuracy_test/concepts:	83.50593566894531
map_test/concepts:	0.35887985906253256

Epoch 140
losses_train/task:	0.5449241995811462
losses_train/concepts:	33.10890197753906
losses_train/total:	3.855813503265381
losses_test/task:	1.886047124862671
losses_test/concepts:	281.30780029296875
losses_test/total:	30.016841888427734
calibration_test/ece:	0.19040000438690186
calibration_test/brier:	0.5062496662139893
accuracy_test/task:	67.10390058681395
accuracy_test/concepts:	83.50447845458984
map_test/concepts:	0.3601611926763629

Epoch 141
losses_train/task:	0.5352431535720825
losses_train/concepts:	33.27576446533203
losses_train/total:	3.862818956375122
losses_test/task:	1.899940013885498
losses_test/concepts:	270.2903747558594
losses_test/total:	28.928974151611328
calibration_test/ece:	0.19586139917373657
calibration_test/brier:	0.5146551132202148
accuracy_test/task:	66.46530894028305
accuracy_test/concepts:	83.29334259033203
map_test/concepts:	0.3591505467891693

Epoch 142
losses_train/task:	0.5504243969917297
losses_train/concepts:	32.707557678222656
losses_train/total:	3.8211803436279297
losses_test/task:	1.9011552333831787
losses_test/concepts:	279.69891357421875
losses_test/total:	29.871051788330078
calibration_test/ece:	0.1927960216999054
calibration_test/brier:	0.5111806988716125
accuracy_test/task:	66.68967897825337
accuracy_test/concepts:	83.4990234375
map_test/concepts:	0.3595769570286696

Epoch 143
losses_train/task:	0.5416429042816162
losses_train/concepts:	32.69708251953125
losses_train/total:	3.8113515377044678
losses_test/task:	1.9153540134429932
losses_test/concepts:	287.1694030761719
losses_test/total:	30.632295608520508
calibration_test/ece:	0.19663268327713013
calibration_test/brier:	0.5094171762466431
accuracy_test/task:	66.77597514670349
accuracy_test/concepts:	83.63939666748047
map_test/concepts:	0.35977476661403973

Epoch 144
losses_train/task:	0.5086879134178162
losses_train/concepts:	32.53678512573242
losses_train/total:	3.762366771697998
losses_test/task:	1.908639907836914
losses_test/concepts:	284.35113525390625
losses_test/total:	30.34375
calibration_test/ece:	0.1985609233379364
calibration_test/brier:	0.513566255569458
accuracy_test/task:	66.53434587504314
accuracy_test/concepts:	83.66383361816406
map_test/concepts:	0.3588720105976487

Epoch 145
losses_train/task:	0.5356562733650208
losses_train/concepts:	32.41303253173828
losses_train/total:	3.7769598960876465
losses_test/task:	1.9178279638290405
losses_test/concepts:	289.28704833984375
losses_test/total:	30.846542358398438
calibration_test/ece:	0.2014123499393463
calibration_test/brier:	0.5138028860092163
accuracy_test/task:	66.32723507076285
accuracy_test/concepts:	83.67821502685547
map_test/concepts:	0.3592403736586372

Epoch 146
losses_train/task:	0.5160307288169861
losses_train/concepts:	32.10688400268555
losses_train/total:	3.7267189025878906
losses_test/task:	1.9553916454315186
losses_test/concepts:	298.6928405761719
losses_test/total:	31.824678421020508
calibration_test/ece:	0.20022612810134888
calibration_test/brier:	0.5153356194496155
accuracy_test/task:	66.55160510873317
accuracy_test/concepts:	83.66123962402344
map_test/concepts:	0.35930864557934306

Epoch 147
losses_train/task:	0.5277304649353027
losses_train/concepts:	32.51845169067383
losses_train/total:	3.7795748710632324
losses_test/task:	1.9497019052505493
losses_test/concepts:	300.4066467285156
losses_test/total:	31.99036407470703
calibration_test/ece:	0.19812637567520142
calibration_test/brier:	0.5153430700302124
accuracy_test/task:	66.4998274076631
accuracy_test/concepts:	83.80651092529297
map_test/concepts:	0.3593090725596994

Epoch 148
losses_train/task:	0.5416035652160645
losses_train/concepts:	32.512542724609375
losses_train/total:	3.7928578853607178
losses_test/task:	1.9806742668151855
losses_test/concepts:	292.5489196777344
losses_test/total:	31.23556900024414
calibration_test/ece:	0.20162904262542725
calibration_test/brier:	0.5223382115364075
accuracy_test/task:	66.34449430445288
accuracy_test/concepts:	83.62155151367188
map_test/concepts:	0.36009693605204424

Epoch 149
losses_train/task:	0.5180083513259888
losses_train/concepts:	31.719446182250977
losses_train/total:	3.6899521350860596
losses_test/task:	1.9199542999267578
losses_test/concepts:	286.8092346191406
losses_test/total:	30.600875854492188
calibration_test/ece:	0.1979203224182129
calibration_test/brier:	0.5143488645553589
accuracy_test/task:	66.65516051087332
accuracy_test/concepts:	83.70957946777344
map_test/concepts:	0.36063121651920177

Epoch 150
losses_train/task:	0.5179381370544434
losses_train/concepts:	31.912839889526367
losses_train/total:	3.7092223167419434
losses_test/task:	1.9461277723312378
losses_test/concepts:	289.24713134765625
losses_test/total:	30.87084197998047
calibration_test/ece:	0.20405593514442444
calibration_test/brier:	0.5213310122489929
accuracy_test/task:	66.03382809803244
accuracy_test/concepts:	83.66041564941406
map_test/concepts:	0.3592493023800974

Epoch 151
losses_train/task:	0.5461649894714355
losses_train/concepts:	31.696725845336914
losses_train/total:	3.7158377170562744
losses_test/task:	1.9836934804916382
losses_test/concepts:	308.6998291015625
losses_test/total:	32.853675842285156
calibration_test/ece:	0.20209786295890808
calibration_test/brier:	0.5204614996910095
accuracy_test/task:	66.4998274076631
accuracy_test/concepts:	83.97364044189453
map_test/concepts:	0.36031999534461645

Epoch 152
losses_train/task:	0.5151228904724121
losses_train/concepts:	31.755640029907227
losses_train/total:	3.6906871795654297
losses_test/task:	1.9681289196014404
losses_test/concepts:	307.9770202636719
losses_test/total:	32.765830993652344
calibration_test/ece:	0.1989721953868866
calibration_test/brier:	0.5169281363487244
accuracy_test/task:	66.68967897825337
accuracy_test/concepts:	83.93626403808594
map_test/concepts:	0.359821832125696

Epoch 153
losses_train/task:	0.5113131403923035
losses_train/concepts:	31.81647300720215
losses_train/total:	3.6929609775543213
losses_test/task:	1.9576283693313599
losses_test/concepts:	297.633056640625
losses_test/total:	31.72093391418457
calibration_test/ece:	0.20008958876132965
calibration_test/brier:	0.5195525884628296
accuracy_test/task:	66.51708664135312
accuracy_test/concepts:	83.78437805175781
map_test/concepts:	0.3593839869989703

Epoch 154
losses_train/task:	0.541512131690979
losses_train/concepts:	31.445297241210938
losses_train/total:	3.6860427856445312
losses_test/task:	1.973280429840088
losses_test/concepts:	304.8736572265625
losses_test/total:	32.46065139770508
calibration_test/ece:	0.19970867037773132
calibration_test/brier:	0.5192885398864746
accuracy_test/task:	66.53434587504314
accuracy_test/concepts:	83.86318969726562
map_test/concepts:	0.35871605956150837

Epoch 155
losses_train/task:	0.5196709036827087
losses_train/concepts:	31.74852180480957
losses_train/total:	3.6945223808288574
losses_test/task:	1.9898885488510132
losses_test/concepts:	312.77569580078125
losses_test/total:	33.267459869384766
calibration_test/ece:	0.205635666847229
calibration_test/brier:	0.5206533670425415
accuracy_test/task:	66.10286503279255
accuracy_test/concepts:	83.88909149169922
map_test/concepts:	0.35858925397042185

Epoch 156
losses_train/task:	0.5691983699798584
losses_train/concepts:	31.680938720703125
losses_train/total:	3.7372922897338867
losses_test/task:	1.98490309715271
losses_test/concepts:	319.3915710449219
losses_test/total:	33.9240608215332
calibration_test/ece:	0.20427773892879486
calibration_test/brier:	0.5225802063941956
accuracy_test/task:	66.05108733172247
accuracy_test/concepts:	84.04356384277344
map_test/concepts:	0.3590054867789149

Epoch 157
losses_train/task:	0.528398871421814
losses_train/concepts:	31.656352996826172
losses_train/total:	3.6940345764160156
losses_test/task:	1.9888482093811035
losses_test/concepts:	312.27874755859375
losses_test/total:	33.21672439575195
calibration_test/ece:	0.2022814154624939
calibration_test/brier:	0.5231735706329346
accuracy_test/task:	66.15464273386262
accuracy_test/concepts:	83.95064544677734
map_test/concepts:	0.3582209704210982

Epoch 158
losses_train/task:	0.4852292537689209
losses_train/concepts:	31.135343551635742
losses_train/total:	3.598763942718506
losses_test/task:	1.9704467058181763
losses_test/concepts:	317.6988525390625
losses_test/total:	33.74032974243164
calibration_test/ece:	0.19799669086933136
calibration_test/brier:	0.5191473960876465
accuracy_test/task:	66.46530894028305
accuracy_test/concepts:	83.9911880493164
map_test/concepts:	0.3583255424785117

Epoch 159
losses_train/task:	0.5105680227279663
losses_train/concepts:	31.07426643371582
losses_train/total:	3.617994546890259
losses_test/task:	2.022469997406006
losses_test/concepts:	322.3528747558594
losses_test/total:	34.25775909423828
calibration_test/ece:	0.20553821325302124
calibration_test/brier:	0.528099000453949
accuracy_test/task:	66.01656886434242
accuracy_test/concepts:	84.02685546875
map_test/concepts:	0.35834633296666046

Epoch 160
losses_train/task:	0.49671128392219543
losses_train/concepts:	30.8646240234375
losses_train/total:	3.583173990249634
losses_test/task:	2.005312204360962
losses_test/concepts:	309.8064270019531
losses_test/total:	32.985958099365234
calibration_test/ece:	0.19984020292758942
calibration_test/brier:	0.5207505822181702
accuracy_test/task:	66.3617535381429
accuracy_test/concepts:	83.96732330322266
map_test/concepts:	0.3584788886209329

Epoch 161
losses_train/task:	0.5155627131462097
losses_train/concepts:	30.94915771484375
losses_train/total:	3.610477924346924
losses_test/task:	2.0064635276794434
losses_test/concepts:	315.1851806640625
losses_test/total:	33.52498245239258
calibration_test/ece:	0.20272977650165558
calibration_test/brier:	0.5247234106063843
accuracy_test/task:	66.0683465654125
accuracy_test/concepts:	83.91985321044922
map_test/concepts:	0.3585437348112464

Epoch 162
losses_train/task:	0.5086821913719177
losses_train/concepts:	31.183353424072266
losses_train/total:	3.6270174980163574
losses_test/task:	1.9877911806106567
losses_test/concepts:	320.5186767578125
losses_test/total:	34.0396614074707
calibration_test/ece:	0.20312108099460602
calibration_test/brier:	0.5234797596931458
accuracy_test/task:	65.9993096306524
accuracy_test/concepts:	84.0354995727539
map_test/concepts:	0.3573737976839766

Epoch 163
losses_train/task:	0.5227587819099426
losses_train/concepts:	30.697952270507812
losses_train/total:	3.5925536155700684
losses_test/task:	1.9949228763580322
losses_test/concepts:	314.0074462890625
losses_test/total:	33.39567184448242
calibration_test/ece:	0.2029578983783722
calibration_test/brier:	0.5244914293289185
accuracy_test/task:	65.9993096306524
accuracy_test/concepts:	83.95609283447266
map_test/concepts:	0.35775415028911084

Epoch 164
losses_train/task:	0.5052710175514221
losses_train/concepts:	30.586692810058594
losses_train/total:	3.5639402866363525
losses_test/task:	2.0043246746063232
losses_test/concepts:	319.8364562988281
losses_test/total:	33.987972259521484
calibration_test/ece:	0.20445168018341064
calibration_test/brier:	0.5266284346580505
accuracy_test/task:	66.13738350017259
accuracy_test/concepts:	83.98946380615234
map_test/concepts:	0.3569596574719374

Epoch 165
losses_train/task:	0.513022243976593
losses_train/concepts:	31.099069595336914
losses_train/total:	3.622929096221924
losses_test/task:	2.0264945030212402
losses_test/concepts:	319.7364196777344
losses_test/total:	34.0001335144043
calibration_test/ece:	0.20873987674713135
calibration_test/brier:	0.5275002121925354
accuracy_test/task:	65.87849499482223
accuracy_test/concepts:	84.04441833496094
map_test/concepts:	0.357505925395526

Epoch 166
losses_train/task:	0.4882751405239105
losses_train/concepts:	30.324172973632812
losses_train/total:	3.520693063735962
losses_test/task:	2.052605152130127
losses_test/concepts:	333.3675842285156
losses_test/total:	35.389366149902344
calibration_test/ece:	0.20877569913864136
calibration_test/brier:	0.5326218008995056
accuracy_test/task:	65.70590265792198
accuracy_test/concepts:	84.22821807861328
map_test/concepts:	0.3565701182698831

Epoch 167
losses_train/task:	0.506957471370697
losses_train/concepts:	30.37578010559082
losses_train/total:	3.5445356369018555
losses_test/task:	2.0252578258514404
losses_test/concepts:	327.86444091796875
losses_test/total:	34.81169891357422
calibration_test/ece:	0.20491982996463776
calibration_test/brier:	0.5279510021209717
accuracy_test/task:	66.17190196755264
accuracy_test/concepts:	84.2825927734375
map_test/concepts:	0.35703265202852585

Epoch 168
losses_train/task:	0.5411421060562134
losses_train/concepts:	31.306163787841797
losses_train/total:	3.6717588901519775
losses_test/task:	2.0383975505828857
losses_test/concepts:	331.6579284667969
losses_test/total:	35.20418930053711
calibration_test/ece:	0.20584318041801453
calibration_test/brier:	0.5265448689460754
accuracy_test/task:	66.03382809803244
accuracy_test/concepts:	84.18248748779297
map_test/concepts:	0.35725240379882356

Epoch 169
losses_train/task:	0.4622214138507843
losses_train/concepts:	29.37062644958496
losses_train/total:	3.3992843627929688
losses_test/task:	2.0511505603790283
losses_test/concepts:	339.6165771484375
losses_test/total:	36.012813568115234
calibration_test/ece:	0.20871832966804504
calibration_test/brier:	0.5345893502235413
accuracy_test/task:	65.89575422851226
accuracy_test/concepts:	84.34474182128906
map_test/concepts:	0.3572390114888549

Epoch 170
losses_train/task:	0.4607115089893341
losses_train/concepts:	30.206212997436523
losses_train/total:	3.4813337326049805
losses_test/task:	2.03486967086792
losses_test/concepts:	333.4774475097656
losses_test/total:	35.38262939453125
calibration_test/ece:	0.2063707709312439
calibration_test/brier:	0.526050329208374
accuracy_test/task:	66.24093890231273
accuracy_test/concepts:	84.25499725341797
map_test/concepts:	0.3566152853503202

Epoch 171
losses_train/task:	0.5184754729270935
losses_train/concepts:	30.194578170776367
losses_train/total:	3.537933349609375
losses_test/task:	2.017886161804199
losses_test/concepts:	336.8819580078125
losses_test/total:	35.70608901977539
calibration_test/ece:	0.20474615693092346
calibration_test/brier:	0.5237327218055725
accuracy_test/task:	66.29271660338281
accuracy_test/concepts:	84.1657943725586
map_test/concepts:	0.35738541569250326

Epoch 172
losses_train/task:	0.5028913021087646
losses_train/concepts:	30.28350067138672
losses_train/total:	3.5312418937683105
losses_test/task:	2.0191521644592285
losses_test/concepts:	337.8353576660156
losses_test/total:	35.80268859863281
calibration_test/ece:	0.20172667503356934
calibration_test/brier:	0.521888017654419
accuracy_test/task:	66.58612357611322
accuracy_test/concepts:	84.33869171142578
map_test/concepts:	0.35584988896735015

Epoch 173
losses_train/task:	0.5125687122344971
losses_train/concepts:	29.892269134521484
losses_train/total:	3.5017948150634766
losses_test/task:	2.0104873180389404
losses_test/concepts:	335.7474365234375
losses_test/total:	35.58523178100586
calibration_test/ece:	0.19842562079429626
calibration_test/brier:	0.5224614143371582
accuracy_test/task:	66.65516051087332
accuracy_test/concepts:	84.37809753417969
map_test/concepts:	0.356987988227047

Epoch 174
losses_train/task:	0.4966714382171631
losses_train/concepts:	29.64874839782715
losses_train/total:	3.4615461826324463
losses_test/task:	1.9972699880599976
losses_test/concepts:	345.94537353515625
losses_test/total:	36.59180450439453
calibration_test/ece:	0.20073342323303223
calibration_test/brier:	0.5229857563972473
accuracy_test/task:	66.67241974456334
accuracy_test/concepts:	84.42787170410156
map_test/concepts:	0.3576106769498438

Epoch 175
losses_train/task:	0.5120227932929993
losses_train/concepts:	29.41400146484375
losses_train/total:	3.453423023223877
losses_test/task:	2.042454719543457
losses_test/concepts:	349.168701171875
losses_test/total:	36.959320068359375
calibration_test/ece:	0.2041403353214264
calibration_test/brier:	0.5301799178123474
accuracy_test/task:	66.27545736969279
accuracy_test/concepts:	84.33953094482422
map_test/concepts:	0.35823729234592366

Epoch 176
losses_train/task:	0.5062140822410583
losses_train/concepts:	29.579530715942383
losses_train/total:	3.464167833328247
losses_test/task:	2.013381242752075
losses_test/concepts:	344.1260070800781
losses_test/total:	36.42597961425781
calibration_test/ece:	0.20775815844535828
calibration_test/brier:	0.5290120244026184
accuracy_test/task:	66.12012426648256
accuracy_test/concepts:	84.36083221435547
map_test/concepts:	0.35724496697075664

Epoch 177
losses_train/task:	0.5166593194007874
losses_train/concepts:	29.804882049560547
losses_train/total:	3.497147560119629
losses_test/task:	2.022221326828003
losses_test/concepts:	343.692626953125
losses_test/total:	36.391483306884766
calibration_test/ece:	0.20539292693138123
calibration_test/brier:	0.5296617150306702
accuracy_test/task:	66.10286503279255
accuracy_test/concepts:	84.37837982177734
map_test/concepts:	0.35766061979811636

Epoch 178
losses_train/task:	0.49442699551582336
losses_train/concepts:	29.04459571838379
losses_train/total:	3.3988866806030273
losses_test/task:	2.0546514987945557
losses_test/concepts:	353.85455322265625
losses_test/total:	37.44010925292969
calibration_test/ece:	0.20411786437034607
calibration_test/brier:	0.5302950739860535
accuracy_test/task:	66.15464273386262
accuracy_test/concepts:	84.3965072631836
map_test/concepts:	0.3568018406474342

Epoch 179
losses_train/task:	0.49294766783714294
losses_train/concepts:	29.770837783813477
losses_train/total:	3.470031499862671
losses_test/task:	2.0828592777252197
losses_test/concepts:	360.1451721191406
losses_test/total:	38.09737014770508
calibration_test/ece:	0.21222452819347382
calibration_test/brier:	0.5363020300865173
accuracy_test/task:	65.51605108733172
accuracy_test/concepts:	84.39248657226562
map_test/concepts:	0.35570053906800847

Epoch 180
losses_train/task:	0.4901115894317627
losses_train/concepts:	29.753854751586914
losses_train/total:	3.4654970169067383
losses_test/task:	2.11293888092041
losses_test/concepts:	354.8267822265625
losses_test/total:	37.59561538696289
calibration_test/ece:	0.21228864789009094
calibration_test/brier:	0.5391560196876526
accuracy_test/task:	65.36071798412151
accuracy_test/concepts:	84.24028778076172
map_test/concepts:	0.3544920328616475

Epoch 181
losses_train/task:	0.4852116107940674
losses_train/concepts:	29.39590072631836
losses_train/total:	3.4248015880584717
losses_test/task:	2.057985305786133
losses_test/concepts:	355.2225036621094
losses_test/total:	37.58023452758789
calibration_test/ece:	0.2076605260372162
calibration_test/brier:	0.5352391600608826
accuracy_test/task:	66.0683465654125
accuracy_test/concepts:	84.45259094238281
map_test/concepts:	0.3563889776356518

Epoch 182
losses_train/task:	0.49792781472206116
losses_train/concepts:	29.756698608398438
losses_train/total:	3.473597526550293
losses_test/task:	2.064929246902466
losses_test/concepts:	352.4615783691406
losses_test/total:	37.311092376708984
calibration_test/ece:	0.2086254358291626
calibration_test/brier:	0.5330792665481567
accuracy_test/task:	65.96479116327235
accuracy_test/concepts:	84.420654296875
map_test/concepts:	0.3543247137684375

Epoch 183
losses_train/task:	0.4666763246059418
losses_train/concepts:	29.02794075012207
losses_train/total:	3.3694703578948975
losses_test/task:	2.0460829734802246
losses_test/concepts:	352.8382568359375
losses_test/total:	37.329898834228516
calibration_test/ece:	0.2081582248210907
calibration_test/brier:	0.5322077870368958
accuracy_test/task:	65.84397652744218
accuracy_test/concepts:	84.62519836425781
map_test/concepts:	0.35497285848638666

Epoch 184
losses_train/task:	0.4848184585571289
losses_train/concepts:	29.58741569519043
losses_train/total:	3.4435606002807617
losses_test/task:	2.0720417499542236
losses_test/concepts:	346.27783203125
losses_test/total:	36.699825286865234
calibration_test/ece:	0.2107531726360321
calibration_test/brier:	0.5354832410812378
accuracy_test/task:	65.74042112530203
accuracy_test/concepts:	84.36829376220703
map_test/concepts:	0.3539791321226706

Epoch 185
losses_train/task:	0.49734416604042053
losses_train/concepts:	29.22437286376953
losses_train/total:	3.41978120803833
losses_test/task:	2.054011106491089
losses_test/concepts:	359.20526123046875
losses_test/total:	37.97454071044922
calibration_test/ece:	0.20809423923492432
calibration_test/brier:	0.5306258201599121
accuracy_test/task:	65.82671729375215
accuracy_test/concepts:	84.41547393798828
map_test/concepts:	0.3544663944048807

Epoch 186
losses_train/task:	0.5015048384666443
losses_train/concepts:	29.280607223510742
losses_train/total:	3.4295654296875
losses_test/task:	2.054377555847168
losses_test/concepts:	353.4313659667969
losses_test/total:	37.39751434326172
calibration_test/ece:	0.2056874781847
calibration_test/brier:	0.5308889746665955
accuracy_test/task:	66.05108733172247
accuracy_test/concepts:	84.3663101196289
map_test/concepts:	0.35456500116270034

Epoch 187
losses_train/task:	0.5148548483848572
losses_train/concepts:	29.285242080688477
losses_train/total:	3.4433794021606445
losses_test/task:	2.1034481525421143
losses_test/concepts:	355.06597900390625
losses_test/total:	37.610042572021484
calibration_test/ece:	0.2132004052400589
calibration_test/brier:	0.536007285118103
accuracy_test/task:	65.60234725578184
accuracy_test/concepts:	84.49600982666016
map_test/concepts:	0.35397811510289706

Epoch 188
losses_train/task:	0.5047600269317627
losses_train/concepts:	28.97685432434082
losses_train/total:	3.4024453163146973
losses_test/task:	2.1027183532714844
losses_test/concepts:	377.5341796875
losses_test/total:	39.85613250732422
calibration_test/ece:	0.20938211679458618
calibration_test/brier:	0.5347013473510742
accuracy_test/task:	65.9993096306524
accuracy_test/concepts:	84.60995483398438
map_test/concepts:	0.3532311485071356

Epoch 189
losses_train/task:	0.5050475597381592
losses_train/concepts:	29.14240074157715
losses_train/total:	3.419287919998169
losses_test/task:	2.044478416442871
losses_test/concepts:	337.4644775390625
losses_test/total:	35.790924072265625
calibration_test/ece:	0.20850828289985657
calibration_test/brier:	0.532011091709137
accuracy_test/task:	65.82671729375215
accuracy_test/concepts:	84.20723724365234
map_test/concepts:	0.3544173277759304

Epoch 190
losses_train/task:	0.48498305678367615
losses_train/concepts:	28.901098251342773
losses_train/total:	3.3750929832458496
losses_test/task:	2.111673355102539
losses_test/concepts:	359.5353698730469
losses_test/total:	38.065208435058594
calibration_test/ece:	0.21498575806617737
calibration_test/brier:	0.5411579608917236
accuracy_test/task:	65.20538488091128
accuracy_test/concepts:	84.45460510253906
map_test/concepts:	0.3539873619175827

Epoch 191
losses_train/task:	0.49518242478370667
losses_train/concepts:	28.721548080444336
losses_train/total:	3.367337465286255
losses_test/task:	2.058881998062134
losses_test/concepts:	353.5536193847656
losses_test/total:	37.414249420166016
calibration_test/ece:	0.20448864996433258
calibration_test/brier:	0.5297622084617615
accuracy_test/task:	66.10286503279255
accuracy_test/concepts:	84.47241973876953
map_test/concepts:	0.3552903454129895

Epoch 192
losses_train/task:	0.4918888807296753
losses_train/concepts:	28.489482879638672
losses_train/total:	3.340837001800537
losses_test/task:	2.090888738632202
losses_test/concepts:	346.5904235839844
losses_test/total:	36.749935150146484
calibration_test/ece:	0.21395529806613922
calibration_test/brier:	0.5382499098777771
accuracy_test/task:	65.27442181567139
accuracy_test/concepts:	84.4546127319336
map_test/concepts:	0.3536697139109795

Epoch 193
losses_train/task:	0.5292507410049438
losses_train/concepts:	28.730195999145508
losses_train/total:	3.4022703170776367
losses_test/task:	2.1233067512512207
losses_test/concepts:	378.9684143066406
losses_test/total:	40.020145416259766
calibration_test/ece:	0.21301978826522827
calibration_test/brier:	0.541163444519043
accuracy_test/task:	65.65412495685192
accuracy_test/concepts:	84.611083984375
map_test/concepts:	0.3535969952121377

Epoch 194
losses_train/task:	0.4838434159755707
losses_train/concepts:	28.59488868713379
losses_train/total:	3.343332290649414
losses_test/task:	2.1043295860290527
losses_test/concepts:	372.5471496582031
losses_test/total:	39.35904312133789
calibration_test/ece:	0.20677588880062103
calibration_test/brier:	0.5372023582458496
accuracy_test/task:	65.94753192958233
accuracy_test/concepts:	84.5256576538086
map_test/concepts:	0.3540432270073021

Epoch 195
losses_train/task:	0.5228980183601379
losses_train/concepts:	28.85442352294922
losses_train/total:	3.4083402156829834
losses_test/task:	2.1414058208465576
losses_test/concepts:	361.85858154296875
losses_test/total:	38.327266693115234
calibration_test/ece:	0.21557334065437317
calibration_test/brier:	0.5459403991699219
accuracy_test/task:	65.30894028305143
accuracy_test/concepts:	84.58548736572266
map_test/concepts:	0.35347425657479714

Epoch 196
losses_train/task:	0.505389928817749
losses_train/concepts:	28.185129165649414
losses_train/total:	3.3239028453826904
losses_test/task:	2.1333441734313965
losses_test/concepts:	382.75982666015625
losses_test/total:	40.409324645996094
calibration_test/ece:	0.21654638648033142
calibration_test/brier:	0.5405224561691284
accuracy_test/task:	65.58508802209182
accuracy_test/concepts:	84.77161407470703
map_test/concepts:	0.3534456914057955

Epoch 197
losses_train/task:	0.4547882080078125
losses_train/concepts:	27.72125816345215
losses_train/total:	3.2269139289855957
losses_test/task:	2.118931770324707
losses_test/concepts:	381.55194091796875
losses_test/total:	40.274131774902344
calibration_test/ece:	0.21720638871192932
calibration_test/brier:	0.5436681509017944
accuracy_test/task:	65.25716258198136
accuracy_test/concepts:	84.81098937988281
map_test/concepts:	0.3527617436212798

Epoch 198
losses_train/task:	0.49736806750297546
losses_train/concepts:	28.369935989379883
losses_train/total:	3.3343613147735596
losses_test/task:	2.1630914211273193
losses_test/concepts:	381.57965087890625
losses_test/total:	40.32105255126953
calibration_test/ece:	0.21768245100975037
calibration_test/brier:	0.5470430850982666
accuracy_test/task:	65.15360717984122
accuracy_test/concepts:	84.68817901611328
map_test/concepts:	0.3524882678951447

Epoch 199
losses_train/task:	0.4592162072658539
losses_train/concepts:	27.50847053527832
losses_train/total:	3.2100634574890137
losses_test/task:	2.1263251304626465
losses_test/concepts:	374.2310791015625
losses_test/total:	39.54942321777344
calibration_test/ece:	0.21170082688331604
calibration_test/brier:	0.541930079460144
accuracy_test/task:	65.49879185364169
accuracy_test/concepts:	84.6648941040039
map_test/concepts:	0.353873020526953

Epoch 200
losses_train/task:	0.4687771797180176
losses_train/concepts:	27.536842346191406
losses_train/total:	3.2224619388580322
losses_test/task:	2.146073341369629
losses_test/concepts:	381.1227111816406
losses_test/total:	40.258338928222656
calibration_test/ece:	0.21852537989616394
calibration_test/brier:	0.5504676103591919
accuracy_test/task:	65.0673110113911
accuracy_test/concepts:	84.64273071289062
map_test/concepts:	0.352122468703116

Epoch 201
losses_train/task:	0.46019622683525085
losses_train/concepts:	27.27121353149414
losses_train/total:	3.187317371368408
losses_test/task:	2.145855188369751
losses_test/concepts:	383.2693786621094
losses_test/total:	40.47279739379883
calibration_test/ece:	0.2183803915977478
calibration_test/brier:	0.5477348566055298
accuracy_test/task:	65.11908871246116
accuracy_test/concepts:	84.7198257446289
map_test/concepts:	0.3527042312469954

Epoch 202
losses_train/task:	0.4823572337627411
losses_train/concepts:	27.567102432250977
losses_train/total:	3.239067554473877
losses_test/task:	2.116316795349121
losses_test/concepts:	381.3258361816406
losses_test/total:	40.2489013671875
calibration_test/ece:	0.21410077810287476
calibration_test/brier:	0.5439634919166565
accuracy_test/task:	65.37797721781153
accuracy_test/concepts:	84.7552261352539
map_test/concepts:	0.3529336111387238

Epoch 203
losses_train/task:	0.49205631017684937
losses_train/concepts:	28.2537784576416
losses_train/total:	3.3174352645874023
losses_test/task:	2.1586787700653076
losses_test/concepts:	389.2681884765625
losses_test/total:	41.08549880981445
calibration_test/ece:	0.2179189771413803
calibration_test/brier:	0.5473518371582031
accuracy_test/task:	65.30894028305143
accuracy_test/concepts:	84.69710540771484
map_test/concepts:	0.3524331871575365

Epoch 204
losses_train/task:	0.4912252426147461
losses_train/concepts:	27.722158432006836
losses_train/total:	3.263441324234009
losses_test/task:	2.1434741020202637
losses_test/concepts:	387.29986572265625
losses_test/total:	40.87345886230469
calibration_test/ece:	0.21741725504398346
calibration_test/brier:	0.545852780342102
accuracy_test/task:	65.30894028305143
accuracy_test/concepts:	84.77590942382812
map_test/concepts:	0.3527352962642908

Epoch 205
losses_train/task:	0.4765744209289551
losses_train/concepts:	27.571741104125977
losses_train/total:	3.233748435974121
losses_test/task:	2.1279025077819824
losses_test/concepts:	383.6991271972656
losses_test/total:	40.4978141784668
calibration_test/ece:	0.21805411577224731
calibration_test/brier:	0.5426035523414612
accuracy_test/task:	65.23990334829134
accuracy_test/concepts:	84.76154327392578
map_test/concepts:	0.3534450548933819

Epoch 206
losses_train/task:	0.46388912200927734
losses_train/concepts:	27.67788314819336
losses_train/total:	3.231677770614624
losses_test/task:	2.1279377937316895
losses_test/concepts:	381.582763671875
losses_test/total:	40.28620910644531
calibration_test/ece:	0.21732544898986816
calibration_test/brier:	0.5426714420318604
accuracy_test/task:	65.27442181567139
accuracy_test/concepts:	84.72587585449219
map_test/concepts:	0.3530781038493539

Epoch 207
losses_train/task:	0.47290509939193726
losses_train/concepts:	27.587881088256836
losses_train/total:	3.2316932678222656
losses_test/task:	2.1156070232391357
losses_test/concepts:	383.1863708496094
losses_test/total:	40.43423843383789
calibration_test/ece:	0.21582061052322388
calibration_test/brier:	0.5410468578338623
accuracy_test/task:	65.44701415257163
accuracy_test/concepts:	84.77303314208984
map_test/concepts:	0.3532242492850249

Epoch 208
losses_train/task:	0.4725341796875
losses_train/concepts:	27.32594871520996
losses_train/total:	3.2051289081573486
losses_test/task:	2.1229257583618164
losses_test/concepts:	383.2986145019531
losses_test/total:	40.452789306640625
calibration_test/ece:	0.21561482548713684
calibration_test/brier:	0.539142370223999
accuracy_test/task:	65.53331032102174
accuracy_test/concepts:	84.71004486083984
map_test/concepts:	0.3530669082887471

Epoch 209
losses_train/task:	0.4663284122943878
losses_train/concepts:	27.55039405822754
losses_train/total:	3.2213680744171143
losses_test/task:	2.1326239109039307
losses_test/concepts:	388.93890380859375
losses_test/total:	41.02650833129883
calibration_test/ece:	0.21788616478443146
calibration_test/brier:	0.5411830544471741
accuracy_test/task:	65.51605108733172
accuracy_test/concepts:	84.84696960449219
map_test/concepts:	0.35354698571997384

Epoch 210
losses_train/task:	0.47486838698387146
losses_train/concepts:	27.328351974487305
losses_train/total:	3.2077038288116455
losses_test/task:	2.127817392349243
losses_test/concepts:	387.2110595703125
losses_test/total:	40.84893035888672
calibration_test/ece:	0.21408003568649292
calibration_test/brier:	0.5401094555854797
accuracy_test/task:	65.65412495685192
accuracy_test/concepts:	84.8110122680664
map_test/concepts:	0.35270453051974376

Epoch 211
losses_train/task:	0.4834897816181183
losses_train/concepts:	27.270122528076172
losses_train/total:	3.2105026245117188
losses_test/task:	2.125309467315674
losses_test/concepts:	385.618896484375
losses_test/total:	40.68720245361328
calibration_test/ece:	0.2126529961824417
calibration_test/brier:	0.539594829082489
accuracy_test/task:	65.87849499482223
accuracy_test/concepts:	84.75981140136719
map_test/concepts:	0.35281399784144013

Epoch 212
losses_train/task:	0.43907976150512695
losses_train/concepts:	26.649456024169922
losses_train/total:	3.10402512550354
losses_test/task:	2.1329703330993652
losses_test/concepts:	392.7775573730469
losses_test/total:	41.410728454589844
calibration_test/ece:	0.21656692028045654
calibration_test/brier:	0.5415776968002319
accuracy_test/task:	65.41249568519157
accuracy_test/concepts:	84.91515350341797
map_test/concepts:	0.3526858948171139

Epoch 213
losses_train/task:	0.4718622863292694
losses_train/concepts:	27.477928161621094
losses_train/total:	3.2196552753448486
losses_test/task:	2.1246466636657715
losses_test/concepts:	389.365966796875
losses_test/total:	41.06123733520508
calibration_test/ece:	0.21440279483795166
calibration_test/brier:	0.540003776550293
accuracy_test/task:	65.68864342423197
accuracy_test/concepts:	84.84264373779297
map_test/concepts:	0.35320926590356977

Epoch 214
losses_train/task:	0.44169169664382935
losses_train/concepts:	26.97507095336914
losses_train/total:	3.1391983032226562
losses_test/task:	2.1187078952789307
losses_test/concepts:	387.39801025390625
losses_test/total:	40.8585090637207
calibration_test/ece:	0.21529774367809296
calibration_test/brier:	0.5408531427383423
accuracy_test/task:	65.65412495685192
accuracy_test/concepts:	84.75205993652344
map_test/concepts:	0.3528936939003567

Epoch 215
losses_train/task:	0.4633866548538208
losses_train/concepts:	27.10335350036621
losses_train/total:	3.1737217903137207
losses_test/task:	2.1108694076538086
losses_test/concepts:	385.8853759765625
losses_test/total:	40.699405670166016
calibration_test/ece:	0.21360188722610474
calibration_test/brier:	0.5384846925735474
accuracy_test/task:	65.72316189161201
accuracy_test/concepts:	84.77130889892578
map_test/concepts:	0.3533607320860028

Epoch 216
losses_train/task:	0.46532002091407776
losses_train/concepts:	27.599956512451172
losses_train/total:	3.225315809249878
losses_test/task:	2.13970685005188
losses_test/concepts:	395.5216064453125
losses_test/total:	41.69186782836914
calibration_test/ece:	0.21668410301208496
calibration_test/brier:	0.5411962270736694
accuracy_test/task:	65.5678287884018
accuracy_test/concepts:	84.87142181396484
map_test/concepts:	0.35339366929450383

Epoch 217
losses_train/task:	0.43441665172576904
losses_train/concepts:	26.82419204711914
losses_train/total:	3.116835832595825
losses_test/task:	2.120180606842041
losses_test/concepts:	392.4737548828125
losses_test/total:	41.367557525634766
calibration_test/ece:	0.21629109978675842
calibration_test/brier:	0.539262592792511
accuracy_test/task:	65.49879185364169
accuracy_test/concepts:	84.92061614990234
map_test/concepts:	0.3529995969574278

Epoch 218
losses_train/task:	0.4615267813205719
losses_train/concepts:	27.28066062927246
losses_train/total:	3.189592123031616
losses_test/task:	2.1231486797332764
losses_test/concepts:	394.6866455078125
losses_test/total:	41.59181213378906
calibration_test/ece:	0.21684761345386505
calibration_test/brier:	0.5405769348144531
accuracy_test/task:	65.51605108733172
accuracy_test/concepts:	84.8794937133789
map_test/concepts:	0.3533233971102163

Epoch 219
losses_train/task:	0.4908449053764343
losses_train/concepts:	27.2551326751709
losses_train/total:	3.216357707977295
losses_test/task:	2.121356725692749
losses_test/concepts:	396.0203552246094
losses_test/total:	41.7234001159668
calibration_test/ece:	0.2160867154598236
calibration_test/brier:	0.5407336354255676
accuracy_test/task:	65.61960648947186
accuracy_test/concepts:	84.92318725585938
map_test/concepts:	0.3530465110360334

Epoch 220
losses_train/task:	0.4607505798339844
losses_train/concepts:	27.321308135986328
losses_train/total:	3.1928813457489014
losses_test/task:	2.131847858428955
losses_test/concepts:	398.3979797363281
losses_test/total:	41.971641540527344
calibration_test/ece:	0.21419695019721985
calibration_test/brier:	0.5412522554397583
accuracy_test/task:	65.79219882637211
accuracy_test/concepts:	84.91831970214844
map_test/concepts:	0.35281020410669345

Epoch 221
losses_train/task:	0.4346518814563751
losses_train/concepts:	26.876842498779297
losses_train/total:	3.122335910797119
losses_test/task:	2.146108865737915
losses_test/concepts:	401.97406005859375
losses_test/total:	42.34352111816406
calibration_test/ece:	0.21701982617378235
calibration_test/brier:	0.5424700379371643
accuracy_test/task:	65.4297549188816
accuracy_test/concepts:	84.9666519165039
map_test/concepts:	0.35288384954910723

Epoch 222
losses_train/task:	0.4875997304916382
losses_train/concepts:	27.506711959838867
losses_train/total:	3.2382712364196777
losses_test/task:	2.1374337673187256
losses_test/concepts:	397.18365478515625
losses_test/total:	41.85580825805664
calibration_test/ece:	0.21834421157836914
calibration_test/brier:	0.5423282980918884
accuracy_test/task:	65.32619951674145
accuracy_test/concepts:	84.9231948852539
map_test/concepts:	0.35297585076962906

Epoch 223
losses_train/task:	0.43122297525405884
losses_train/concepts:	26.983753204345703
losses_train/total:	3.12959885597229
losses_test/task:	2.1088027954101562
losses_test/concepts:	385.73748779296875
losses_test/total:	40.68254470825195
calibration_test/ece:	0.2136572003364563
calibration_test/brier:	0.5378230214118958
accuracy_test/task:	65.68864342423197
accuracy_test/concepts:	84.80410766601562
map_test/concepts:	0.3531993041591098

Epoch 224
losses_train/task:	0.43093833327293396
losses_train/concepts:	26.62068748474121
losses_train/total:	3.0930070877075195
losses_test/task:	2.1130082607269287
losses_test/concepts:	395.1266174316406
losses_test/total:	41.625675201416016
calibration_test/ece:	0.21311914920806885
calibration_test/brier:	0.5379403829574585
accuracy_test/task:	65.74042112530203
accuracy_test/concepts:	84.88723754882812
map_test/concepts:	0.35314196651646246

Epoch 225
losses_train/task:	0.4562804400920868
losses_train/concepts:	27.04716682434082
losses_train/total:	3.160996913909912
losses_test/task:	2.1260669231414795
losses_test/concepts:	392.3177185058594
losses_test/total:	41.35783767700195
calibration_test/ece:	0.21348980069160461
calibration_test/brier:	0.5395463705062866
accuracy_test/task:	65.77493959268209
accuracy_test/concepts:	84.8498306274414
map_test/concepts:	0.3531941315547253

Epoch 226
losses_train/task:	0.431946724653244
losses_train/concepts:	26.73546028137207
losses_train/total:	3.1054930686950684
losses_test/task:	2.1232192516326904
losses_test/concepts:	388.2339172363281
losses_test/total:	40.946617126464844
calibration_test/ece:	0.21260924637317657
calibration_test/brier:	0.5386899709701538
accuracy_test/task:	65.77493959268209
accuracy_test/concepts:	84.84064483642578
map_test/concepts:	0.3530698634994527

Epoch 227
losses_train/task:	0.45782703161239624
losses_train/concepts:	27.04300880432129
losses_train/total:	3.162128448486328
losses_test/task:	2.1416215896606445
losses_test/concepts:	395.3122863769531
losses_test/total:	41.67283630371094
calibration_test/ece:	0.21398994326591492
calibration_test/brier:	0.5404447913169861
accuracy_test/task:	65.70590265792198
accuracy_test/concepts:	84.81333923339844
map_test/concepts:	0.3531260201397041

Epoch 228
losses_train/task:	0.4660120904445648
losses_train/concepts:	26.93149757385254
losses_train/total:	3.159161329269409
losses_test/task:	2.149106025695801
losses_test/concepts:	397.1411437988281
losses_test/total:	41.86322021484375
calibration_test/ece:	0.2159947007894516
calibration_test/brier:	0.5399481058120728
accuracy_test/task:	65.55056955471177
accuracy_test/concepts:	84.91773223876953
map_test/concepts:	0.3531519202205042

Epoch 229
losses_train/task:	0.4744655191898346
losses_train/concepts:	27.26573944091797
losses_train/total:	3.2010395526885986
losses_test/task:	2.1400067806243896
losses_test/concepts:	403.23297119140625
losses_test/total:	42.46330642700195
calibration_test/ece:	0.2128773033618927
calibration_test/brier:	0.5398824214935303
accuracy_test/task:	65.89575422851226
accuracy_test/concepts:	84.95915985107422
map_test/concepts:	0.3526801917391519

Epoch 230
losses_train/task:	0.446882426738739
losses_train/concepts:	26.89642906188965
losses_train/total:	3.1365256309509277
losses_test/task:	2.1467068195343018
losses_test/concepts:	400.51910400390625
losses_test/total:	42.19862747192383
calibration_test/ece:	0.21552899479866028
calibration_test/brier:	0.5407925248146057
accuracy_test/task:	65.55056955471177
accuracy_test/concepts:	84.93900299072266
map_test/concepts:	0.3525769150195022

Epoch 231
losses_train/task:	0.4512004554271698
losses_train/concepts:	26.66864585876465
losses_train/total:	3.1180648803710938
losses_test/task:	2.1418139934539795
losses_test/concepts:	397.00640869140625
losses_test/total:	41.84244918823242
calibration_test/ece:	0.21416810154914856
calibration_test/brier:	0.5394834280014038
accuracy_test/task:	65.67138419054194
accuracy_test/concepts:	84.87948608398438
map_test/concepts:	0.3527841300703585

Epoch 232
losses_train/task:	0.45915067195892334
losses_train/concepts:	27.124267578125
losses_train/total:	3.1715774536132812
losses_test/task:	2.1429402828216553
losses_test/concepts:	407.34228515625
losses_test/total:	42.877159118652344
calibration_test/ece:	0.2126036286354065
calibration_test/brier:	0.5404165983200073
accuracy_test/task:	65.87849499482223
accuracy_test/concepts:	85.0192642211914
map_test/concepts:	0.352405746645915

Epoch 233
losses_train/task:	0.4281008541584015
losses_train/concepts:	26.35794448852539
losses_train/total:	3.0638957023620605
losses_test/task:	2.118128538131714
losses_test/concepts:	393.4223937988281
losses_test/total:	41.46036911010742
calibration_test/ece:	0.21139094233512878
calibration_test/brier:	0.53736811876297
accuracy_test/task:	65.82671729375215
accuracy_test/concepts:	84.8829345703125
map_test/concepts:	0.35269949516126264

Epoch 234
losses_train/task:	0.45457345247268677
losses_train/concepts:	26.99033546447754
losses_train/total:	3.153607130050659
losses_test/task:	2.1496591567993164
losses_test/concepts:	407.86279296875
losses_test/total:	42.93593978881836
calibration_test/ece:	0.2182161509990692
calibration_test/brier:	0.5402880311012268
accuracy_test/task:	65.41249568519157
accuracy_test/concepts:	84.98043823242188
map_test/concepts:	0.3525586946712186

Epoch 235
losses_train/task:	0.4417422115802765
losses_train/concepts:	26.54330062866211
losses_train/total:	3.096072196960449
losses_test/task:	2.1208724975585938
losses_test/concepts:	397.2854919433594
losses_test/total:	41.849430084228516
calibration_test/ece:	0.2123926728963852
calibration_test/brier:	0.5382466316223145
accuracy_test/task:	65.8612357611322
accuracy_test/concepts:	84.97815704345703
map_test/concepts:	0.35291703048472606

Epoch 236
losses_train/task:	0.4494844377040863
losses_train/concepts:	27.04292106628418
losses_train/total:	3.1537764072418213
losses_test/task:	2.1441540718078613
losses_test/concepts:	402.87322998046875
losses_test/total:	42.43147659301758
calibration_test/ece:	0.2115972638130188
calibration_test/brier:	0.5389734506607056
accuracy_test/task:	65.94753192958233
accuracy_test/concepts:	84.95799255371094
map_test/concepts:	0.35246901647187767

Epoch 237
losses_train/task:	0.4549184739589691
losses_train/concepts:	26.82125473022461
losses_train/total:	3.1370444297790527
losses_test/task:	2.1755330562591553
losses_test/concepts:	410.993896484375
losses_test/total:	43.27492141723633
calibration_test/ece:	0.21822428703308105
calibration_test/brier:	0.5412676930427551
accuracy_test/task:	65.48153261995168
accuracy_test/concepts:	85.01004791259766
map_test/concepts:	0.3527114323185136

Epoch 238
losses_train/task:	0.45465582609176636
losses_train/concepts:	27.097484588623047
losses_train/total:	3.1644043922424316
losses_test/task:	2.156569242477417
losses_test/concepts:	402.7830810546875
losses_test/total:	42.43487548828125
calibration_test/ece:	0.21358899772167206
calibration_test/brier:	0.5406067371368408
accuracy_test/task:	65.8612357611322
accuracy_test/concepts:	84.98014831542969
map_test/concepts:	0.35289554628543557

Epoch 239
losses_train/task:	0.46192407608032227
losses_train/concepts:	26.881746292114258
losses_train/total:	3.1500988006591797
losses_test/task:	2.1595664024353027
losses_test/concepts:	400.8296203613281
losses_test/total:	42.24253463745117
calibration_test/ece:	0.21543970704078674
calibration_test/brier:	0.5404006242752075
accuracy_test/task:	65.79219882637211
accuracy_test/concepts:	84.92290496826172
map_test/concepts:	0.3521282782390093

Epoch 240
losses_train/task:	0.4575589895248413
losses_train/concepts:	26.536876678466797
losses_train/total:	3.111246109008789
losses_test/task:	2.1469528675079346
losses_test/concepts:	399.65631103515625
losses_test/total:	42.112571716308594
calibration_test/ece:	0.21561738848686218
calibration_test/brier:	0.5398645997047424
accuracy_test/task:	65.63686572316189
accuracy_test/concepts:	84.87516021728516
map_test/concepts:	0.35242210611856234

Epoch 241
losses_train/task:	0.4449138641357422
losses_train/concepts:	26.59214210510254
losses_train/total:	3.104128360748291
losses_test/task:	2.152316093444824
losses_test/concepts:	403.1759948730469
losses_test/total:	42.46991729736328
calibration_test/ece:	0.2146042287349701
calibration_test/brier:	0.541174590587616
accuracy_test/task:	65.65412495685192
accuracy_test/concepts:	84.99223327636719
map_test/concepts:	0.35220766710117457

Epoch 242
losses_train/task:	0.4811035394668579
losses_train/concepts:	27.037822723388672
losses_train/total:	3.1848857402801514
losses_test/task:	2.1558585166931152
losses_test/concepts:	406.08062744140625
losses_test/total:	42.763919830322266
calibration_test/ece:	0.21437081694602966
calibration_test/brier:	0.5410845279693604
accuracy_test/task:	65.75768035899206
accuracy_test/concepts:	85.01121520996094
map_test/concepts:	0.3524397079444801

Epoch 243
losses_train/task:	0.4498724043369293
losses_train/concepts:	26.996109008789062
losses_train/total:	3.1494827270507812
losses_test/task:	2.1717681884765625
losses_test/concepts:	407.3233337402344
losses_test/total:	42.90410614013672
calibration_test/ece:	0.21658016741275787
calibration_test/brier:	0.5433874130249023
accuracy_test/task:	65.63686572316189
accuracy_test/concepts:	84.93699645996094
map_test/concepts:	0.3523141928482801

Epoch 244
losses_train/task:	0.49348124861717224
losses_train/concepts:	27.139158248901367
losses_train/total:	3.207397222518921
losses_test/task:	2.1547467708587646
losses_test/concepts:	406.564453125
losses_test/total:	42.81119918823242
calibration_test/ece:	0.21626964211463928
calibration_test/brier:	0.5406808853149414
accuracy_test/task:	65.65412495685192
accuracy_test/concepts:	85.01063537597656
map_test/concepts:	0.35274613010697065

Epoch 245
losses_train/task:	0.44050079584121704
losses_train/concepts:	26.362499237060547
losses_train/total:	3.0767502784729004
losses_test/task:	2.1662237644195557
losses_test/concepts:	406.2009582519531
losses_test/total:	42.78631591796875
calibration_test/ece:	0.21746954321861267
calibration_test/brier:	0.5423679947853088
accuracy_test/task:	65.4297549188816
accuracy_test/concepts:	84.98302459716797
map_test/concepts:	0.35222525808494537

Epoch 246
losses_train/task:	0.44196662306785583
losses_train/concepts:	26.640933990478516
losses_train/total:	3.106060028076172
losses_test/task:	2.16143798828125
losses_test/concepts:	410.9355163574219
losses_test/total:	43.25498580932617
calibration_test/ece:	0.21483147144317627
calibration_test/brier:	0.5416720509529114
accuracy_test/task:	65.75768035899206
accuracy_test/concepts:	85.03854370117188
map_test/concepts:	0.35216656405633934

Epoch 247
losses_train/task:	0.4658024311065674
losses_train/concepts:	27.097328186035156
losses_train/total:	3.1755354404449463
losses_test/task:	2.1722989082336426
losses_test/concepts:	410.40447998046875
losses_test/total:	43.21275329589844
calibration_test/ece:	0.21638944745063782
calibration_test/brier:	0.5425015091896057
accuracy_test/task:	65.75768035899206
accuracy_test/concepts:	85.06185913085938
map_test/concepts:	0.3527531787054613

Epoch 248
losses_train/task:	0.4596219062805176
losses_train/concepts:	26.895267486572266
losses_train/total:	3.14914870262146
losses_test/task:	2.1680099964141846
losses_test/concepts:	410.8407287597656
losses_test/total:	43.25208282470703
calibration_test/ece:	0.21739161014556885
calibration_test/brier:	0.5409590601921082
accuracy_test/task:	65.63686572316189
accuracy_test/concepts:	84.99712371826172
map_test/concepts:	0.3525616541892911

Epoch 249
losses_train/task:	0.4514276385307312
losses_train/concepts:	26.384628295898438
losses_train/total:	3.0898897647857666
losses_test/task:	2.153083086013794
losses_test/concepts:	398.0749206542969
losses_test/total:	41.9605712890625
calibration_test/ece:	0.21822166442871094
calibration_test/brier:	0.5400688052177429
accuracy_test/task:	65.55056955471177
accuracy_test/concepts:	84.89241790771484
map_test/concepts:	0.3526445200666785

Epoch 250
losses_train/task:	0.4251044988632202
losses_train/concepts:	26.332748413085938
losses_train/total:	3.058379650115967
losses_test/task:	2.157637357711792
losses_test/concepts:	406.15081787109375
losses_test/total:	42.77272033691406
calibration_train/ece:	0.012338769622147083
calibration_train/brier:	0.1161181852221489
accuracy_train/task:	90.26604729729729
calibration_test/ece:	0.2154598832130432
calibration_test/brier:	0.5414159893989563
accuracy_test/task:	65.67138419054194
accuracy_train/concepts:	88.00499725341797
map_train/concepts:	0.7907319682339827
accuracy_test/concepts:	85.01782989501953
map_test/concepts:	0.3523354997780795
accuracy_test/nuisances_task:	-0.3143170705208412
accuracy_test/nuisances_nontask:	0.0
mutual_inf_test/nuisances_task:	0.14360755575510004
mutual_inf_test/nuisances_nontask:	0.0

epoch_250.pt
groups=0 err_lowconf=34.329 err_random=34.329
groups=1 err_lowconf=34.691 err_random=34.691
groups=2 err_lowconf=35.571 err_random=35.571
groups=3 err_lowconf=36.003 err_random=36.003
groups=4 err_lowconf=43.614 err_random=43.614
groups=5 err_lowconf=46.911 err_random=46.911
groups=6 err_lowconf=55.765 err_random=55.765
groups=7 err_lowconf=61.115 err_random=61.115
groups=8 err_lowconf=68.139 err_random=68.139
groups=9 err_lowconf=77.477 err_random=77.477
groups=10 err_lowconf=82.361 err_random=82.361
groups=11 err_lowconf=85.433 err_random=85.433
groups=12 err_lowconf=91.647 err_random=91.647
[1;34mwandb[0m:
[1;34mwandb[0m: You can sync this run to the cloud by running:
[1;34mwandb[0m: [1mwandb sync /research/hal-afsharim/minimal_cbm/results/cub12-cbm/43/wandb/offline-run-20260805_231625-xdnh08eo[0m
[1;34mwandb[0m: Find logs at: [1;35mresults/cub12-cbm/43/wandb/offline-run-20260805_231625-xdnh08eo/logs[0m
