wandb: Using wandb-core as the SDK backend.  Please refer to https://wandb.me/wandb-core for more information.
wandb: Tracking run with wandb version 0.19.0
wandb: W&B syncing is set to `offline` in this directory.  
wandb: Run `wandb online` or set WANDB_MODE=online to enable cloud syncing.
/research/hal-afsharim/miniconda3/envs/mcbm/lib/python3.10/site-packages/torchvision/models/_utils.py:208: UserWarning: The parameter 'pretrained' is deprecated since 0.13 and will be removed in 0.15, please use 'weights' instead.
  warnings.warn(
/research/hal-afsharim/miniconda3/envs/mcbm/lib/python3.10/site-packages/torchvision/models/_utils.py:223: UserWarning: Arguments other than a weight enum or `None` for 'weights' are deprecated since 0.13 and will be removed in 0.15. The current behavior is equivalent to passing `weights=Inception_V3_Weights.IMAGENET1K_V1`. You can also use `weights=Inception_V3_Weights.DEFAULT` to get the most up-to-date weights.
  warnings.warn(msg)
Epoch 1
losses_train/task:	5.319278240203857
losses_train/concepts:	83.38871765136719
losses_train/total:	13.658149719238281
losses_test/task:	5.303487300872803
losses_test/concepts:	70.45545196533203
losses_test/total:	12.349031448364258
calibration_test/ece:	0.0007763798348605633
calibration_test/brier:	0.9950555562973022
accuracy_test/task:	0.5695547117707974
accuracy_test/concepts:	60.905643463134766
map_test/concepts:	0.11908730639620348

Epoch 2
losses_train/task:	5.300148963928223
losses_train/concepts:	68.35983276367188
losses_train/total:	12.13613224029541
losses_test/task:	5.293588638305664
losses_test/concepts:	67.4368896484375
losses_test/total:	12.03727912902832
calibration_test/ece:	0.00016990676522254944
calibration_test/brier:	0.9949417114257812
accuracy_test/task:	0.6213324128408698
accuracy_test/concepts:	58.82645797729492
map_test/concepts:	0.1571899085761385

Epoch 3
losses_train/task:	5.290504455566406
losses_train/concepts:	66.60813903808594
losses_train/total:	11.951316833496094
losses_test/task:	5.305262565612793
losses_test/concepts:	70.31877136230469
losses_test/total:	12.337141036987305
calibration_test/ece:	0.001477245707064867
calibration_test/brier:	0.9950642585754395
accuracy_test/task:	0.5177770107007249
accuracy_test/concepts:	54.182613372802734
map_test/concepts:	0.09904314657831763

Epoch 4
losses_train/task:	5.284142017364502
losses_train/concepts:	66.96070861816406
losses_train/total:	11.980213165283203
losses_test/task:	5.276780128479004
losses_test/concepts:	67.08731842041016
losses_test/total:	11.98550796508789
calibration_test/ece:	0.004092460498213768
calibration_test/brier:	0.9947675466537476
accuracy_test/task:	1.070072488781498
accuracy_test/concepts:	57.921627044677734
map_test/concepts:	0.13644190445700857

Epoch 5
losses_train/task:	5.278910160064697
losses_train/concepts:	67.0390396118164
losses_train/total:	11.98281478881836
losses_test/task:	5.2715864181518555
losses_test/concepts:	68.23668670654297
losses_test/total:	12.095254898071289
calibration_test/ece:	0.0023222463205456734
calibration_test/brier:	0.9947181344032288
accuracy_test/task:	1.070072488781498
accuracy_test/concepts:	60.73855209350586
map_test/concepts:	0.14928545032013604

Epoch 6
losses_train/task:	5.2693657875061035
losses_train/concepts:	67.56851959228516
losses_train/total:	12.02621841430664
losses_test/task:	5.2721147537231445
losses_test/concepts:	68.35326385498047
losses_test/total:	12.107442855834961
calibration_test/ece:	0.0006176759488880634
calibration_test/brier:	0.994713544845581
accuracy_test/task:	0.8111839834311356
accuracy_test/concepts:	57.722225189208984
map_test/concepts:	0.13068041499664493

Epoch 7
losses_train/task:	5.254544734954834
losses_train/concepts:	66.99845886230469
losses_train/total:	11.954389572143555
losses_test/task:	5.22471809387207
losses_test/concepts:	65.653564453125
losses_test/total:	11.790075302124023
calibration_test/ece:	0.004225481301546097
calibration_test/brier:	0.9941880106925964
accuracy_test/task:	1.2426648256817396
accuracy_test/concepts:	59.76469421386719
map_test/concepts:	0.14993715707331579

Epoch 8
losses_train/task:	5.22382926940918
losses_train/concepts:	65.08834075927734
losses_train/total:	11.732664108276367
losses_test/task:	5.2515363693237305
losses_test/concepts:	66.62513732910156
losses_test/total:	11.91404914855957
calibration_test/ece:	0.005005474667996168
calibration_test/brier:	0.9944091439247131
accuracy_test/task:	1.2426648256817396
accuracy_test/concepts:	60.5979118347168
map_test/concepts:	0.1554165250681182

Epoch 9
losses_train/task:	5.191694259643555
losses_train/concepts:	64.29316711425781
losses_train/total:	11.621010780334473
losses_test/task:	5.205737113952637
losses_test/concepts:	65.8873062133789
losses_test/total:	11.794466972351074
calibration_test/ece:	0.0006309458985924721
calibration_test/brier:	0.9938958287239075
accuracy_test/task:	0.9837763203313773
accuracy_test/concepts:	57.93925476074219
map_test/concepts:	0.15890737620003997

Epoch 10
losses_train/task:	5.145296573638916
losses_train/concepts:	63.5308952331543
losses_train/total:	11.49838638305664
losses_test/task:	5.188572406768799
losses_test/concepts:	66.99507904052734
losses_test/total:	11.888081550598145
calibration_test/ece:	0.0001554880291223526
calibration_test/brier:	0.9937356114387512
accuracy_test/task:	1.0873317224715222
accuracy_test/concepts:	57.890419006347656
map_test/concepts:	0.15408075819822384

Epoch 11
losses_train/task:	5.0865325927734375
losses_train/concepts:	63.23910140991211
losses_train/total:	11.410442352294922
losses_test/task:	5.056005477905273
losses_test/concepts:	65.69160461425781
losses_test/total:	11.625165939331055
calibration_test/ece:	0.006359669379889965
calibration_test/brier:	0.9920318722724915
accuracy_test/task:	1.8639972385226096
accuracy_test/concepts:	61.65219497680664
map_test/concepts:	0.17321527971232192

Epoch 12
losses_train/task:	5.023909091949463
losses_train/concepts:	62.550933837890625
losses_train/total:	11.279003143310547
losses_test/task:	4.936735153198242
losses_test/concepts:	64.66888427734375
losses_test/total:	11.403621673583984
calibration_test/ece:	0.004899045452475548
calibration_test/brier:	0.9905185699462891
accuracy_test/task:	1.9330341732827063
accuracy_test/concepts:	64.04718017578125
map_test/concepts:	0.18571740603867046

Epoch 13
losses_train/task:	4.922957897186279
losses_train/concepts:	62.02642059326172
losses_train/total:	11.125598907470703
losses_test/task:	5.017080783843994
losses_test/concepts:	67.05052185058594
losses_test/total:	11.722134590148926
calibration_test/ece:	0.0010276436805725098
calibration_test/brier:	0.9918449521064758
accuracy_test/task:	2.140144977562996
accuracy_test/concepts:	58.498146057128906
map_test/concepts:	0.17955789792331608

Epoch 14
losses_train/task:	4.819478511810303
losses_train/concepts:	60.46465301513672
losses_train/total:	10.865942001342773
losses_test/task:	4.801141738891602
losses_test/concepts:	63.07925033569336
losses_test/total:	11.109065055847168
calibration_test/ece:	0.0017651841044425964
calibration_test/brier:	0.9888677000999451
accuracy_test/task:	1.9848118743527787
accuracy_test/concepts:	62.09726333618164
map_test/concepts:	0.18840096566944997

Epoch 15
losses_train/task:	4.783316135406494
losses_train/concepts:	60.748016357421875
losses_train/total:	10.858116149902344
losses_test/task:	4.706912040710449
losses_test/concepts:	63.7918701171875
losses_test/total:	11.086097717285156
calibration_test/ece:	0.0038809683173894882
calibration_test/brier:	0.9874314069747925
accuracy_test/task:	2.433551950293407
accuracy_test/concepts:	63.31201171875
map_test/concepts:	0.2072052146466647

Epoch 16
losses_train/task:	4.674991130828857
losses_train/concepts:	59.8790283203125
losses_train/total:	10.662893295288086
losses_test/task:	5.015130996704102
losses_test/concepts:	65.5956802368164
losses_test/total:	11.574699401855469
calibration_test/ece:	0.0034651891328394413
calibration_test/brier:	0.9912272691726685
accuracy_test/task:	2.9858474283741803
accuracy_test/concepts:	60.54503631591797
map_test/concepts:	0.19787640114651717

Epoch 17
losses_train/task:	4.64800500869751
losses_train/concepts:	59.267356872558594
losses_train/total:	10.574740409851074
losses_test/task:	4.649689674377441
losses_test/concepts:	63.70635986328125
losses_test/total:	11.0203275680542
calibration_test/ece:	0.010239969938993454
calibration_test/brier:	0.9863957166671753
accuracy_test/task:	3.6762167759751465
accuracy_test/concepts:	64.77721405029297
map_test/concepts:	0.21672448029424599

Epoch 18
losses_train/task:	4.595619201660156
losses_train/concepts:	58.25393295288086
losses_train/total:	10.421011924743652
losses_test/task:	4.737915992736816
losses_test/concepts:	68.02732849121094
losses_test/total:	11.540648460388184
calibration_test/ece:	0.009112056344747543
calibration_test/brier:	0.9867651462554932
accuracy_test/task:	3.2274767000345186
accuracy_test/concepts:	66.1755599975586
map_test/concepts:	0.19954784676194826

Epoch 19
losses_train/task:	4.5442118644714355
losses_train/concepts:	57.8681640625
losses_train/total:	10.331028938293457
losses_test/task:	4.560125350952148
losses_test/concepts:	64.23384857177734
losses_test/total:	10.983510971069336
calibration_test/ece:	0.009572504088282585
calibration_test/brier:	0.9842354655265808
accuracy_test/task:	3.6762167759751465
accuracy_test/concepts:	67.68667602539062
map_test/concepts:	0.2168625959274458

Epoch 20
losses_train/task:	4.488088130950928
losses_train/concepts:	56.93732452392578
losses_train/total:	10.181822776794434
losses_test/task:	4.456873416900635
losses_test/concepts:	62.2323112487793
losses_test/total:	10.680106163024902
calibration_test/ece:	0.01904926262795925
calibration_test/brier:	0.9816059470176697
accuracy_test/task:	4.746289264756645
accuracy_test/concepts:	66.0242691040039
map_test/concepts:	0.22486418077444775

Epoch 21
losses_train/task:	4.46566104888916
losses_train/concepts:	57.29420471191406
losses_train/total:	10.195080757141113
losses_test/task:	4.460307598114014
losses_test/concepts:	64.18988800048828
losses_test/total:	10.87929916381836
calibration_test/ece:	0.014901360496878624
calibration_test/brier:	0.9809993505477905
accuracy_test/task:	4.867103900586814
accuracy_test/concepts:	67.92941284179688
map_test/concepts:	0.22786199507561136

Epoch 22
losses_train/task:	4.396890163421631
losses_train/concepts:	55.9540901184082
losses_train/total:	9.99229907989502
losses_test/task:	4.310564994812012
losses_test/concepts:	61.41197967529297
losses_test/total:	10.451762199401855
calibration_test/ece:	0.013823844492435455
calibration_test/brier:	0.9777145385742188
accuracy_test/task:	5.039696237487056
accuracy_test/concepts:	66.41536712646484
map_test/concepts:	0.24388576402982814

Epoch 23
losses_train/task:	4.389610290527344
losses_train/concepts:	55.904747009277344
losses_train/total:	9.980083465576172
losses_test/task:	4.5226731300354
losses_test/concepts:	62.296287536621094
losses_test/total:	10.752301216125488
calibration_test/ece:	0.00678829662501812
calibration_test/brier:	0.9816316962242126
accuracy_test/task:	4.418363824646185
accuracy_test/concepts:	62.3836784362793
map_test/concepts:	0.21906098201276458

Epoch 24
losses_train/task:	4.359283447265625
losses_train/concepts:	55.574588775634766
losses_train/total:	9.916742324829102
losses_test/task:	4.196368217468262
losses_test/concepts:	60.17757034301758
losses_test/total:	10.214125633239746
calibration_test/ece:	0.01919141411781311
calibration_test/brier:	0.9747183322906494
accuracy_test/task:	6.2651018294787715
accuracy_test/concepts:	65.96405792236328
map_test/concepts:	0.2513134448412568

Epoch 25
losses_train/task:	4.296078681945801
losses_train/concepts:	53.955711364746094
losses_train/total:	9.691650390625
losses_test/task:	4.073541641235352
losses_test/concepts:	61.44964599609375
losses_test/total:	10.218507766723633
calibration_test/ece:	0.02690848894417286
calibration_test/brier:	0.9727354645729065
accuracy_test/task:	6.437694166379012
accuracy_test/concepts:	67.53280639648438
map_test/concepts:	0.25615159224996226

Epoch 26
losses_train/task:	4.2443132400512695
losses_train/concepts:	53.84025955200195
losses_train/total:	9.628339767456055
losses_test/task:	4.141815662384033
losses_test/concepts:	61.80133056640625
losses_test/total:	10.321950912475586
calibration_test/ece:	0.014071361161768436
calibration_test/brier:	0.9715759754180908
accuracy_test/task:	6.454953400069037
accuracy_test/concepts:	67.12924194335938
map_test/concepts:	0.2566337724255913

Epoch 27
losses_train/task:	4.227605819702148
losses_train/concepts:	53.92110824584961
losses_train/total:	9.61971664428711
losses_test/task:	4.273219108581543
losses_test/concepts:	66.89417266845703
losses_test/total:	10.96263599395752
calibration_test/ece:	0.015948858112096786
calibration_test/brier:	0.9731824398040771
accuracy_test/task:	6.196064894718674
accuracy_test/concepts:	66.77230834960938
map_test/concepts:	0.2507921503361394

Epoch 28
losses_train/task:	4.220824241638184
losses_train/concepts:	53.53468322753906
losses_train/total:	9.574294090270996
losses_test/task:	3.9916412830352783
losses_test/concepts:	63.38258361816406
losses_test/total:	10.329900741577148
calibration_test/ece:	0.022788969799876213
calibration_test/brier:	0.9654383659362793
accuracy_test/task:	7.749395926820849
accuracy_test/concepts:	68.00724792480469
map_test/concepts:	0.261932460085905

Epoch 29
losses_train/task:	4.1292290687561035
losses_train/concepts:	53.241268157958984
losses_train/total:	9.45335865020752
losses_test/task:	4.339385509490967
losses_test/concepts:	65.64932250976562
losses_test/total:	10.904315948486328
calibration_test/ece:	0.01250466052442789
calibration_test/brier:	0.9725713133811951
accuracy_test/task:	6.610286503279254
accuracy_test/concepts:	68.09538269042969
map_test/concepts:	0.24744088801139213

Epoch 30
losses_train/task:	4.08353328704834
losses_train/concepts:	52.472572326660156
losses_train/total:	9.330790519714355
losses_test/task:	4.111562252044678
losses_test/concepts:	66.88069152832031
losses_test/total:	10.799633979797363
calibration_test/ece:	0.010511579923331738
calibration_test/brier:	0.9650254249572754
accuracy_test/task:	7.473248187780462
accuracy_test/concepts:	66.5710678100586
map_test/concepts:	0.26072733730394787

Epoch 31
losses_train/task:	4.057225704193115
losses_train/concepts:	52.23239517211914
losses_train/total:	9.280466079711914
losses_test/task:	3.8888025283813477
losses_test/concepts:	63.666988372802734
losses_test/total:	10.255500793457031
calibration_test/ece:	0.04104120656847954
calibration_test/brier:	0.9597113132476807
accuracy_test/task:	9.682430100103556
accuracy_test/concepts:	69.99059295654297
map_test/concepts:	0.2633769097638891

Epoch 32
losses_train/task:	4.0167131423950195
losses_train/concepts:	51.80202865600586
losses_train/total:	9.196915626525879
losses_test/task:	3.923708438873291
losses_test/concepts:	62.841796875
losses_test/total:	10.2078857421875
calibration_test/ece:	0.03246191889047623
calibration_test/brier:	0.9600403308868408
accuracy_test/task:	9.423541594753193
accuracy_test/concepts:	67.05799865722656
map_test/concepts:	0.25527974360800804

Epoch 33
losses_train/task:	3.9736876487731934
losses_train/concepts:	52.067405700683594
losses_train/total:	9.18043041229248
losses_test/task:	3.81685471534729
losses_test/concepts:	65.61360168457031
losses_test/total:	10.378216743469238
calibration_test/ece:	0.02236403152346611
calibration_test/brier:	0.9578740000724792
accuracy_test/task:	9.682430100103556
accuracy_test/concepts:	70.48890686035156
map_test/concepts:	0.2686590008992464

Epoch 34
losses_train/task:	3.9280166625976562
losses_train/concepts:	50.86911392211914
losses_train/total:	9.014927864074707
losses_test/task:	3.6989619731903076
losses_test/concepts:	66.64762115478516
losses_test/total:	10.363724708557129
calibration_test/ece:	0.04631071165204048
calibration_test/brier:	0.9505512118339539
accuracy_test/task:	12.081463583016914
accuracy_test/concepts:	71.25235748291016
map_test/concepts:	0.2782121641422681

Epoch 35
losses_train/task:	3.8571345806121826
losses_train/concepts:	50.21195602416992
losses_train/total:	8.878331184387207
losses_test/task:	3.8381643295288086
losses_test/concepts:	66.99801635742188
losses_test/total:	10.537964820861816
calibration_test/ece:	0.024547919631004333
calibration_test/brier:	0.9527661800384521
accuracy_test/task:	11.373835001725924
accuracy_test/concepts:	70.1224365234375
map_test/concepts:	0.27091259634161885

Epoch 36
losses_train/task:	3.851304054260254
losses_train/concepts:	51.334259033203125
losses_train/total:	8.98473072052002
losses_test/task:	3.7783656120300293
losses_test/concepts:	66.80335235595703
losses_test/total:	10.458700180053711
calibration_test/ece:	0.028705082833766937
calibration_test/brier:	0.9547433853149414
accuracy_test/task:	10.752502588885054
accuracy_test/concepts:	71.60267639160156
map_test/concepts:	0.26936626059815605

Epoch 37
losses_train/task:	3.8196425437927246
losses_train/concepts:	50.059234619140625
losses_train/total:	8.825566291809082
losses_test/task:	4.787045478820801
losses_test/concepts:	71.65419006347656
losses_test/total:	11.95246410369873
calibration_test/ece:	0.04412836953997612
calibration_test/brier:	0.982062041759491
accuracy_test/task:	7.1280635139799795
accuracy_test/concepts:	66.6522216796875
map_test/concepts:	0.2497891617760538

Epoch 38
losses_train/task:	3.7589404582977295
losses_train/concepts:	50.43561935424805
losses_train/total:	8.802505493164062
losses_test/task:	3.633091449737549
losses_test/concepts:	65.98433685302734
losses_test/total:	10.231525421142578
calibration_test/ece:	0.019423363730311394
calibration_test/brier:	0.9455794095993042
accuracy_test/task:	11.977908180876769
accuracy_test/concepts:	68.30286407470703
map_test/concepts:	0.2768489649826463

Epoch 39
losses_train/task:	3.67962908744812
losses_train/concepts:	48.919410705566406
losses_train/total:	8.57157039642334
losses_test/task:	3.7958619594573975
losses_test/concepts:	69.95772552490234
losses_test/total:	10.791633605957031
calibration_test/ece:	0.013972626067698002
calibration_test/brier:	0.9488095045089722
accuracy_test/task:	10.752502588885054
accuracy_test/concepts:	70.1591567993164
map_test/concepts:	0.2702478694016153

Epoch 40
losses_train/task:	3.6650094985961914
losses_train/concepts:	49.33769226074219
losses_train/total:	8.59877872467041
losses_test/task:	3.4686148166656494
losses_test/concepts:	63.02570343017578
losses_test/total:	9.771184921264648
calibration_test/ece:	0.03870408609509468
calibration_test/brier:	0.9280827641487122
accuracy_test/task:	14.894718674490852
accuracy_test/concepts:	69.2278823852539
map_test/concepts:	0.2797928409294245

Epoch 41
losses_train/task:	3.6142520904541016
losses_train/concepts:	48.41606140136719
losses_train/total:	8.45585823059082
losses_test/task:	3.404042959213257
losses_test/concepts:	69.08969116210938
losses_test/total:	10.313014030456543
calibration_test/ece:	0.05467863753437996
calibration_test/brier:	0.9274337887763977
accuracy_test/task:	15.809458060062132
accuracy_test/concepts:	71.66510772705078
map_test/concepts:	0.2797104679246215

Epoch 42
losses_train/task:	3.5833568572998047
losses_train/concepts:	47.79241943359375
losses_train/total:	8.36259937286377
losses_test/task:	3.592926025390625
losses_test/concepts:	71.63360595703125
losses_test/total:	10.75628662109375
calibration_test/ece:	0.01679622195661068
calibration_test/brier:	0.9346563816070557
accuracy_test/task:	13.910942354159475
accuracy_test/concepts:	69.61859893798828
map_test/concepts:	0.28131265067396327

Epoch 43
losses_train/task:	3.5427284240722656
losses_train/concepts:	48.247642517089844
losses_train/total:	8.367490768432617
losses_test/task:	3.349590301513672
losses_test/concepts:	68.86013793945312
losses_test/total:	10.235604286193848
calibration_test/ece:	0.050603460520505905
calibration_test/brier:	0.9227127432823181
accuracy_test/task:	17.03486365205385
accuracy_test/concepts:	71.67135620117188
map_test/concepts:	0.28445998276088463

Epoch 44
losses_train/task:	3.468388080596924
losses_train/concepts:	47.03577423095703
losses_train/total:	8.171964645385742
losses_test/task:	3.2941246032714844
losses_test/concepts:	70.49457550048828
losses_test/total:	10.343582153320312
calibration_test/ece:	0.05744223669171333
calibration_test/brier:	0.9171497821807861
accuracy_test/task:	17.82878840179496
accuracy_test/concepts:	73.18281555175781
map_test/concepts:	0.28741395823221577

Epoch 45
losses_train/task:	3.4787325859069824
losses_train/concepts:	48.148433685302734
losses_train/total:	8.293574333190918
losses_test/task:	3.5151050090789795
losses_test/concepts:	72.53075408935547
losses_test/total:	10.76817798614502
calibration_test/ece:	0.01149333268404007
calibration_test/brier:	0.9334198236465454
accuracy_test/task:	14.152571625819814
accuracy_test/concepts:	70.96151733398438
map_test/concepts:	0.26471229803629537

Epoch 46
losses_train/task:	3.479663372039795
losses_train/concepts:	48.107173919677734
losses_train/total:	8.290379524230957
losses_test/task:	3.379471778869629
losses_test/concepts:	72.10797882080078
losses_test/total:	10.590270042419434
calibration_test/ece:	0.028429441154003143
calibration_test/brier:	0.9208909273147583
accuracy_test/task:	16.62064204349327
accuracy_test/concepts:	72.06427764892578
map_test/concepts:	0.2730701146746411

Epoch 47
losses_train/task:	3.46289324760437
losses_train/concepts:	48.16623306274414
losses_train/total:	8.279516220092773
losses_test/task:	3.311943769454956
losses_test/concepts:	65.3692398071289
losses_test/total:	9.848870277404785
calibration_test/ece:	0.030207091942429543
calibration_test/brier:	0.9158582091331482
accuracy_test/task:	17.466344494304455
accuracy_test/concepts:	70.50800323486328
map_test/concepts:	0.2769513413250605

Epoch 48
losses_train/task:	3.3905434608459473
losses_train/concepts:	47.60622024536133
losses_train/total:	8.151163101196289
losses_test/task:	3.186856508255005
losses_test/concepts:	67.76863861083984
losses_test/total:	9.96372127532959
calibration_test/ece:	0.03950994834303856
calibration_test/brier:	0.9082017540931702
accuracy_test/task:	18.484639282015877
accuracy_test/concepts:	71.11648559570312
map_test/concepts:	0.2881806560078675

Epoch 49
losses_train/task:	3.3343794345855713
losses_train/concepts:	46.33750534057617
losses_train/total:	7.968130111694336
losses_test/task:	3.345855474472046
losses_test/concepts:	72.78299713134766
losses_test/total:	10.62415599822998
calibration_test/ece:	0.02898259274661541
calibration_test/brier:	0.914377748966217
accuracy_test/task:	17.777010700724887
accuracy_test/concepts:	71.3775863647461
map_test/concepts:	0.27665279584718827

Epoch 50
losses_train/task:	3.3034164905548096
losses_train/concepts:	45.72117614746094
losses_train/total:	7.875534534454346
losses_test/task:	3.124393939971924
losses_test/concepts:	70.17418670654297
losses_test/total:	10.141815185546875
calibration_test/ece:	0.034061215817928314
calibration_test/brier:	0.8970441818237305
accuracy_test/task:	20.296858819468415
accuracy_test/concepts:	72.60887145996094
map_test/concepts:	0.29569584869363524

Epoch 51
losses_train/task:	3.189718008041382
losses_train/concepts:	44.58415222167969
losses_train/total:	7.64813232421875
losses_test/task:	3.107532501220703
losses_test/concepts:	77.6285629272461
losses_test/total:	10.870390892028809
calibration_test/ece:	0.058115579187870026
calibration_test/brier:	0.8946595788002014
accuracy_test/task:	21.004487400759405
accuracy_test/concepts:	74.56135559082031
map_test/concepts:	0.28791573803198145

Epoch 52
losses_train/task:	3.161717176437378
losses_train/concepts:	45.08357238769531
losses_train/total:	7.670075416564941
losses_test/task:	3.1183722019195557
losses_test/concepts:	69.60851287841797
losses_test/total:	10.079225540161133
calibration_test/ece:	0.03314230963587761
calibration_test/brier:	0.8935747742652893
accuracy_test/task:	20.918191232309287
accuracy_test/concepts:	72.87142181396484
map_test/concepts:	0.27833249018666273

Epoch 53
losses_train/task:	3.181989908218384
losses_train/concepts:	44.84003448486328
losses_train/total:	7.665993690490723
losses_test/task:	2.94350528717041
losses_test/concepts:	73.18247985839844
losses_test/total:	10.261754035949707
calibration_test/ece:	0.07473616302013397
calibration_test/brier:	0.8776605129241943
accuracy_test/task:	24.197445633413878
accuracy_test/concepts:	73.01903533935547
map_test/concepts:	0.29286037378528335

Epoch 54
losses_train/task:	3.1359007358551025
losses_train/concepts:	44.62059783935547
losses_train/total:	7.597960948944092
losses_test/task:	2.97025465965271
losses_test/concepts:	80.52822875976562
losses_test/total:	11.023077011108398
calibration_test/ece:	0.057720862329006195
calibration_test/brier:	0.8798607587814331
accuracy_test/task:	23.696927856403175
accuracy_test/concepts:	74.04725646972656
map_test/concepts:	0.28426726556759563

Epoch 55
losses_train/task:	3.123363971710205
losses_train/concepts:	44.88414001464844
losses_train/total:	7.6117777824401855
losses_test/task:	3.096705913543701
losses_test/concepts:	68.75292205810547
losses_test/total:	9.971997261047363
calibration_test/ece:	0.020067313686013222
calibration_test/brier:	0.889646589756012
accuracy_test/task:	21.366931308249914
accuracy_test/concepts:	71.00630950927734
map_test/concepts:	0.2817590412029878

Epoch 56
losses_train/task:	3.092601776123047
losses_train/concepts:	45.098655700683594
losses_train/total:	7.602466583251953
losses_test/task:	2.843606472015381
losses_test/concepts:	72.90980529785156
losses_test/total:	10.134588241577148
calibration_test/ece:	0.0587984062731266
calibration_test/brier:	0.8611776828765869
accuracy_test/task:	25.66448049706593
accuracy_test/concepts:	73.21477508544922
map_test/concepts:	0.29375289446931885

Epoch 57
losses_train/task:	3.0685839653015137
losses_train/concepts:	44.47510528564453
losses_train/total:	7.51609468460083
losses_test/task:	3.095726490020752
losses_test/concepts:	86.74658966064453
losses_test/total:	11.770387649536133
calibration_test/ece:	0.042806848883628845
calibration_test/brier:	0.887323260307312
accuracy_test/task:	21.729375215740422
accuracy_test/concepts:	76.46501159667969
map_test/concepts:	0.27856168668083053

Epoch 58
losses_train/task:	3.1076014041900635
losses_train/concepts:	44.70781707763672
losses_train/total:	7.578383445739746
losses_test/task:	2.833132028579712
losses_test/concepts:	75.17596435546875
losses_test/total:	10.350728988647461
calibration_test/ece:	0.06918203085660934
calibration_test/brier:	0.8605577945709229
accuracy_test/task:	26.078702105626512
accuracy_test/concepts:	74.7185287475586
map_test/concepts:	0.2952792727130842

Epoch 59
losses_train/task:	2.982532262802124
losses_train/concepts:	44.11875915527344
losses_train/total:	7.3944091796875
losses_test/task:	2.9165778160095215
losses_test/concepts:	74.73400115966797
losses_test/total:	10.389979362487793
calibration_test/ece:	0.03171183913946152
calibration_test/brier:	0.8653661012649536
accuracy_test/task:	24.456334138764237
accuracy_test/concepts:	73.69326782226562
map_test/concepts:	0.2935826246765383

Epoch 60
losses_train/task:	2.9232237339019775
losses_train/concepts:	43.32527160644531
losses_train/total:	7.255751609802246
losses_test/task:	2.728787422180176
losses_test/concepts:	75.15951538085938
losses_test/total:	10.24474048614502
calibration_test/ece:	0.059768687933683395
calibration_test/brier:	0.8509782552719116
accuracy_test/task:	26.648256817397307
accuracy_test/concepts:	75.2406997680664
map_test/concepts:	0.29907992867594385

Epoch 61
losses_train/task:	2.9509191513061523
losses_train/concepts:	42.650848388671875
losses_train/total:	7.21600341796875
losses_test/task:	2.9070162773132324
losses_test/concepts:	81.81822967529297
losses_test/total:	11.088838577270508
calibration_test/ece:	0.05098746344447136
calibration_test/brier:	0.8656721115112305
accuracy_test/task:	24.7152226441146
accuracy_test/concepts:	75.84220886230469
map_test/concepts:	0.2981241587549448

Epoch 62
losses_train/task:	2.898829698562622
losses_train/concepts:	42.2835693359375
losses_train/total:	7.127187728881836
losses_test/task:	2.7008426189422607
losses_test/concepts:	72.7028579711914
losses_test/total:	9.971129417419434
calibration_test/ece:	0.0680430680513382
calibration_test/brier:	0.8393329381942749
accuracy_test/task:	28.287884017949604
accuracy_test/concepts:	73.9914321899414
map_test/concepts:	0.296932832872931

Epoch 63
losses_train/task:	2.8974509239196777
losses_train/concepts:	42.60578918457031
losses_train/total:	7.158030033111572
losses_test/task:	2.7149412631988525
losses_test/concepts:	78.42988586425781
losses_test/total:	10.557930946350098
calibration_test/ece:	0.05220828950405121
calibration_test/brier:	0.8390462398529053
accuracy_test/task:	27.856403175699
accuracy_test/concepts:	74.61570739746094
map_test/concepts:	0.2977550976929512

Epoch 64
losses_train/task:	2.901430130004883
losses_train/concepts:	43.018707275390625
losses_train/total:	7.2032999992370605
losses_test/task:	2.7661938667297363
losses_test/concepts:	75.06964111328125
losses_test/total:	10.273157119750977
calibration_test/ece:	0.053801603615283966
calibration_test/brier:	0.8465628623962402
accuracy_test/task:	27.390403866068347
accuracy_test/concepts:	73.96534729003906
map_test/concepts:	0.2983469597876389

Epoch 65
losses_train/task:	2.8883700370788574
losses_train/concepts:	42.87709426879883
losses_train/total:	7.1760783195495605
losses_test/task:	3.1511237621307373
losses_test/concepts:	76.45225524902344
losses_test/total:	10.796348571777344
calibration_test/ece:	0.017983732745051384
calibration_test/brier:	0.882655143737793
accuracy_test/task:	23.230928546772525
accuracy_test/concepts:	72.71534729003906
map_test/concepts:	0.29204638976048913

Epoch 66
losses_train/task:	2.8941521644592285
losses_train/concepts:	43.303829193115234
losses_train/total:	7.224534511566162
losses_test/task:	2.792041063308716
losses_test/concepts:	77.23946380615234
losses_test/total:	10.515987396240234
calibration_test/ece:	0.03496167063713074
calibration_test/brier:	0.8456921577453613
accuracy_test/task:	27.597514670348637
accuracy_test/concepts:	74.70126342773438
map_test/concepts:	0.3016662002996878

Epoch 67
losses_train/task:	2.788243055343628
losses_train/concepts:	41.65830612182617
losses_train/total:	6.954074382781982
losses_test/task:	2.597731828689575
losses_test/concepts:	83.356201171875
losses_test/total:	10.933353424072266
calibration_test/ece:	0.0645531564950943
calibration_test/brier:	0.8201152086257935
accuracy_test/task:	30.72143596824301
accuracy_test/concepts:	75.23960876464844
map_test/concepts:	0.2973774541070328

Epoch 68
losses_train/task:	2.7746660709381104
losses_train/concepts:	41.12977981567383
losses_train/total:	6.887642860412598
losses_test/task:	2.6591928005218506
losses_test/concepts:	78.35366821289062
losses_test/total:	10.494560241699219
calibration_test/ece:	0.04773974418640137
calibration_test/brier:	0.824008584022522
accuracy_test/task:	29.823955816361753
accuracy_test/concepts:	74.87384796142578
map_test/concepts:	0.3069981488082162

Epoch 69
losses_train/task:	2.7245867252349854
losses_train/concepts:	41.925537109375
losses_train/total:	6.917139530181885
losses_test/task:	2.7979302406311035
losses_test/concepts:	89.35221862792969
losses_test/total:	11.733153343200684
calibration_test/ece:	0.034325141459703445
calibration_test/brier:	0.8403446078300476
accuracy_test/task:	27.856403175699
accuracy_test/concepts:	75.3420639038086
map_test/concepts:	0.2983325748070282

Epoch 70
losses_train/task:	2.7529220581054688
losses_train/concepts:	42.12046432495117
losses_train/total:	6.964970111846924
losses_test/task:	2.72432804107666
losses_test/concepts:	87.55229187011719
losses_test/total:	11.4795560836792
calibration_test/ece:	0.04232144355773926
calibration_test/brier:	0.8309577703475952
accuracy_test/task:	29.219882637210908
accuracy_test/concepts:	75.67991638183594
map_test/concepts:	0.29087350746378937

Epoch 71
losses_train/task:	2.766103744506836
losses_train/concepts:	41.779232025146484
losses_train/total:	6.944027423858643
losses_test/task:	2.6164116859436035
losses_test/concepts:	84.75076293945312
losses_test/total:	11.091489791870117
calibration_test/ece:	0.0376611165702343
calibration_test/brier:	0.8220962285995483
accuracy_test/task:	29.323438039351053
accuracy_test/concepts:	75.65088653564453
map_test/concepts:	0.29208763089387657

Epoch 72
losses_train/task:	2.6640806198120117
losses_train/concepts:	40.681644439697266
losses_train/total:	6.732245445251465
losses_test/task:	2.5999937057495117
losses_test/concepts:	89.56124114990234
losses_test/total:	11.556117057800293
calibration_test/ece:	0.04588385298848152
calibration_test/brier:	0.812638521194458
accuracy_test/task:	30.80773213669313
accuracy_test/concepts:	76.35853576660156
map_test/concepts:	0.2948737319935351

Epoch 73
losses_train/task:	2.609617233276367
losses_train/concepts:	39.703895568847656
losses_train/total:	6.580006122589111
losses_test/task:	2.7180709838867188
losses_test/concepts:	83.74760437011719
losses_test/total:	11.092833518981934
calibration_test/ece:	0.04569302499294281
calibration_test/brier:	0.8176978230476379
accuracy_test/task:	31.670693821194337
accuracy_test/concepts:	74.56319427490234
map_test/concepts:	0.2940949189496484

Epoch 74
losses_train/task:	2.678466558456421
losses_train/concepts:	40.423133850097656
losses_train/total:	6.720779895782471
losses_test/task:	2.856517791748047
losses_test/concepts:	99.11221313476562
losses_test/total:	12.767739295959473
calibration_test/ece:	0.02100953459739685
calibration_test/brier:	0.8416966795921326
accuracy_test/task:	27.890921643079047
accuracy_test/concepts:	76.36146545410156
map_test/concepts:	0.28271629266004933

Epoch 75
losses_train/task:	2.6212379932403564
losses_train/concepts:	40.44152069091797
losses_train/total:	6.665390491485596
losses_test/task:	2.7881290912628174
losses_test/concepts:	81.68800354003906
losses_test/total:	10.956928253173828
calibration_test/ece:	0.03689637780189514
calibration_test/brier:	0.8231818675994873
accuracy_test/task:	29.841215050051776
accuracy_test/concepts:	74.91132354736328
map_test/concepts:	0.29116945833641483

Epoch 76
losses_train/task:	2.633448600769043
losses_train/concepts:	40.42055130004883
losses_train/total:	6.675502777099609
losses_test/task:	2.661309242248535
losses_test/concepts:	95.77291870117188
losses_test/total:	12.238601684570312
calibration_test/ece:	0.041670117527246475
calibration_test/brier:	0.8089146018028259
accuracy_test/task:	31.843286158094582
accuracy_test/concepts:	76.5406494140625
map_test/concepts:	0.29671262454320774

Epoch 77
losses_train/task:	2.5563488006591797
losses_train/concepts:	38.842933654785156
losses_train/total:	6.440640926361084
losses_test/task:	2.622363328933716
losses_test/concepts:	86.0834732055664
losses_test/total:	11.23071002960205
calibration_test/ece:	0.034859854727983475
calibration_test/brier:	0.8021907806396484
accuracy_test/task:	32.60269244045564
accuracy_test/concepts:	75.29984283447266
map_test/concepts:	0.29796260132632674

Epoch 78
losses_train/task:	2.517317056655884
losses_train/concepts:	39.61073684692383
losses_train/total:	6.478392124176025
losses_test/task:	2.4381091594696045
losses_test/concepts:	89.40572357177734
losses_test/total:	11.378682136535645
calibration_test/ece:	0.05279144272208214
calibration_test/brier:	0.7852095365524292
accuracy_test/task:	34.12150500517777
accuracy_test/concepts:	77.00557708740234
map_test/concepts:	0.30350473650949117

Epoch 79
losses_train/task:	2.504427433013916
losses_train/concepts:	38.497779846191406
losses_train/total:	6.35420560836792
losses_test/task:	2.604243278503418
losses_test/concepts:	81.57962036132812
losses_test/total:	10.762205123901367
calibration_test/ece:	0.03653009235858917
calibration_test/brier:	0.8017176389694214
accuracy_test/task:	32.91335864687608
accuracy_test/concepts:	75.64171600341797
map_test/concepts:	0.29679264411568007

Epoch 80
losses_train/task:	2.5021615028381348
losses_train/concepts:	39.0430908203125
losses_train/total:	6.40647029876709
losses_test/task:	2.4970736503601074
losses_test/concepts:	99.9150161743164
losses_test/total:	12.488574981689453
calibration_test/ece:	0.05254040285944939
calibration_test/brier:	0.7890580892562866
accuracy_test/task:	34.74283741801864
accuracy_test/concepts:	76.8957748413086
map_test/concepts:	0.2928671347016984

Epoch 81
losses_train/task:	2.5227153301239014
losses_train/concepts:	38.83991241455078
losses_train/total:	6.406705379486084
losses_test/task:	2.4599711894989014
losses_test/concepts:	95.23784637451172
losses_test/total:	11.983757019042969
calibration_test/ece:	0.04813961684703827
calibration_test/brier:	0.7767371535301208
accuracy_test/task:	35.260614428719364
accuracy_test/concepts:	76.94828033447266
map_test/concepts:	0.29870487419650593

Epoch 82
losses_train/task:	2.4732608795166016
losses_train/concepts:	38.76132583618164
losses_train/total:	6.349393367767334
losses_test/task:	2.6868908405303955
losses_test/concepts:	90.84326171875
losses_test/total:	11.771215438842773
calibration_test/ece:	0.026696858927607536
calibration_test/brier:	0.8018596172332764
accuracy_test/task:	32.37832240248533
accuracy_test/concepts:	75.89435577392578
map_test/concepts:	0.29463632911087034

Epoch 83
losses_train/task:	2.521422863006592
losses_train/concepts:	39.150634765625
losses_train/total:	6.436487197875977
losses_test/task:	2.729546070098877
losses_test/concepts:	89.45954132080078
losses_test/total:	11.675496101379395
calibration_test/ece:	0.024195976555347443
calibration_test/brier:	0.8168439865112305
accuracy_test/task:	30.9285467725233
accuracy_test/concepts:	75.99314880371094
map_test/concepts:	0.29916851505874953

Epoch 84
losses_train/task:	2.4659881591796875
losses_train/concepts:	38.359981536865234
losses_train/total:	6.301986217498779
losses_test/task:	2.8161864280700684
losses_test/concepts:	91.93158721923828
losses_test/total:	12.009345054626465
calibration_test/ece:	0.026339752599596977
calibration_test/brier:	0.8220304250717163
accuracy_test/task:	30.773213669313083
accuracy_test/concepts:	76.20907592773438
map_test/concepts:	0.2879458155403746

Epoch 85
losses_train/task:	2.4536540508270264
losses_train/concepts:	38.51325225830078
losses_train/total:	6.30497932434082
losses_test/task:	2.3472681045532227
losses_test/concepts:	98.07920837402344
losses_test/total:	12.155187606811523
calibration_test/ece:	0.06128115579485893
calibration_test/brier:	0.7526434063911438
accuracy_test/task:	38.81601656886434
accuracy_test/concepts:	76.69783020019531
map_test/concepts:	0.305300806024845

Epoch 86
losses_train/task:	2.431093692779541
losses_train/concepts:	38.26865005493164
losses_train/total:	6.257957935333252
losses_test/task:	3.0125160217285156
losses_test/concepts:	94.09175872802734
losses_test/total:	12.42169189453125
calibration_test/ece:	0.06350003927946091
calibration_test/brier:	0.8682366013526917
accuracy_test/task:	27.562996202968588
accuracy_test/concepts:	75.02259826660156
map_test/concepts:	0.27672236119991445

Epoch 87
losses_train/task:	2.465320110321045
losses_train/concepts:	39.22734069824219
losses_train/total:	6.388053894042969
losses_test/task:	2.6012279987335205
losses_test/concepts:	103.64720916748047
losses_test/total:	12.965951919555664
calibration_test/ece:	0.03463481366634369
calibration_test/brier:	0.8004550933837891
accuracy_test/task:	33.08595098377632
accuracy_test/concepts:	77.4326400756836
map_test/concepts:	0.2897732426273696

Epoch 88
losses_train/task:	2.3792924880981445
losses_train/concepts:	37.99684524536133
losses_train/total:	6.178976058959961
losses_test/task:	2.401456356048584
losses_test/concepts:	90.36248779296875
losses_test/total:	11.437705993652344
calibration_test/ece:	0.03611103072762489
calibration_test/brier:	0.765322208404541
accuracy_test/task:	36.658612357611325
accuracy_test/concepts:	75.9663314819336
map_test/concepts:	0.29961825647648976

Epoch 89
losses_train/task:	2.385246753692627
losses_train/concepts:	38.527549743652344
losses_train/total:	6.238002777099609
losses_test/task:	2.312570571899414
losses_test/concepts:	101.62580871582031
losses_test/total:	12.475152015686035
calibration_test/ece:	0.05018883943557739
calibration_test/brier:	0.7501541972160339
accuracy_test/task:	39.212978943734896
accuracy_test/concepts:	77.5237045288086
map_test/concepts:	0.2984034389138539

Epoch 90
losses_train/task:	2.4356558322906494
losses_train/concepts:	38.44728469848633
losses_train/total:	6.280384540557861
losses_test/task:	2.3565518856048584
losses_test/concepts:	91.7459716796875
losses_test/total:	11.531147956848145
calibration_test/ece:	0.04691677168011665
calibration_test/brier:	0.7517051100730896
accuracy_test/task:	38.26372109078357
accuracy_test/concepts:	76.75474548339844
map_test/concepts:	0.3024950927975488

Epoch 91
losses_train/task:	2.3085529804229736
losses_train/concepts:	37.524776458740234
losses_train/total:	6.061031341552734
losses_test/task:	2.3860716819763184
losses_test/concepts:	102.59950256347656
losses_test/total:	12.64602279663086
calibration_test/ece:	0.0394534207880497
calibration_test/brier:	0.7592253684997559
accuracy_test/task:	36.77942699344149
accuracy_test/concepts:	78.20341491699219
map_test/concepts:	0.29818704438970445

Epoch 92
losses_train/task:	2.335467576980591
losses_train/concepts:	37.75667190551758
losses_train/total:	6.111135482788086
losses_test/task:	2.3365519046783447
losses_test/concepts:	99.39273834228516
losses_test/total:	12.275826454162598
calibration_test/ece:	0.035269372165203094
calibration_test/brier:	0.7538889050483704
accuracy_test/task:	37.159130134622025
accuracy_test/concepts:	78.22509765625
map_test/concepts:	0.29356578316420634

Epoch 93
losses_train/task:	2.311924457550049
losses_train/concepts:	37.412078857421875
losses_train/total:	6.053133010864258
losses_test/task:	2.548383951187134
losses_test/concepts:	95.8089599609375
losses_test/total:	12.129279136657715
calibration_test/ece:	0.026536736637353897
calibration_test/brier:	0.7836887240409851
accuracy_test/task:	34.63928201587849
accuracy_test/concepts:	76.69672393798828
map_test/concepts:	0.29289006339782414

Epoch 94
losses_train/task:	2.278599500656128
losses_train/concepts:	36.24558639526367
losses_train/total:	5.903158187866211
losses_test/task:	2.4781622886657715
losses_test/concepts:	106.53041076660156
losses_test/total:	13.13120174407959
calibration_test/ece:	0.031891148537397385
calibration_test/brier:	0.7643782496452332
accuracy_test/task:	38.03935105281325
accuracy_test/concepts:	77.45026397705078
map_test/concepts:	0.30103686002102936

Epoch 95
losses_train/task:	2.3239662647247314
losses_train/concepts:	37.087188720703125
losses_train/total:	6.03268575668335
losses_test/task:	2.5813357830047607
losses_test/concepts:	94.15011596679688
losses_test/total:	11.99634838104248
calibration_test/ece:	0.03302520513534546
calibration_test/brier:	0.7811846137046814
accuracy_test/task:	35.20883672764929
accuracy_test/concepts:	76.19255065917969
map_test/concepts:	0.28374616445062006

Epoch 96
losses_train/task:	2.270185947418213
losses_train/concepts:	36.845733642578125
losses_train/total:	5.95475959777832
losses_test/task:	2.4260194301605225
losses_test/concepts:	108.7054443359375
losses_test/total:	13.296563148498535
calibration_test/ece:	0.030212553218007088
calibration_test/brier:	0.757733941078186
accuracy_test/task:	37.866758715913015
accuracy_test/concepts:	77.0753402709961
map_test/concepts:	0.29673235709878043

Epoch 97
losses_train/task:	2.1908578872680664
losses_train/concepts:	36.35087203979492
losses_train/total:	5.825945854187012
losses_test/task:	2.399472713470459
losses_test/concepts:	93.86878967285156
losses_test/total:	11.78635311126709
calibration_test/ece:	0.027862994000315666
calibration_test/brier:	0.7508341670036316
accuracy_test/task:	38.091128753883325
accuracy_test/concepts:	77.16822814941406
map_test/concepts:	0.29228313055206484

Epoch 98
losses_train/task:	2.3039679527282715
losses_train/concepts:	37.89784240722656
losses_train/total:	6.093752384185791
losses_test/task:	2.4874532222747803
losses_test/concepts:	85.9083251953125
losses_test/total:	11.07828426361084
calibration_test/ece:	0.024137064814567566
calibration_test/brier:	0.7732239365577698
accuracy_test/task:	36.29616845012082
accuracy_test/concepts:	76.02178955078125
map_test/concepts:	0.3000510249960613

Epoch 99
losses_train/task:	2.249349355697632
losses_train/concepts:	37.662845611572266
losses_train/total:	6.0156354904174805
losses_test/task:	2.4804434776306152
losses_test/concepts:	95.50640106201172
losses_test/total:	12.031084060668945
calibration_test/ece:	0.02835446037352085
calibration_test/brier:	0.7702476382255554
accuracy_test/task:	35.48498446668968
accuracy_test/concepts:	76.85096740722656
map_test/concepts:	0.2936813580763942

Epoch 100
losses_train/task:	2.3114852905273438
losses_train/concepts:	37.6275520324707
losses_train/total:	6.074240684509277
losses_test/task:	2.7335824966430664
losses_test/concepts:	90.68451690673828
losses_test/total:	11.802035331726074
calibration_train/ece:	0.040845148265361786
calibration_train/brier:	0.7735826373100281
accuracy_train/task:	36.21199324324324
calibration_test/ece:	0.03668180853128433
calibration_test/brier:	0.8027349710464478
accuracy_test/task:	32.25750776665516
accuracy_train/concepts:	75.07772827148438
map_train/concepts:	0.43155344591495837
accuracy_test/concepts:	75.7280044555664
map_test/concepts:	0.2788244883747811
accuracy_test/nuisances_task:	-0.04885673522949219
accuracy_test/nuisances_nontask:	0.0
mutual_inf_test/nuisances_task:	0.24266877196169753
mutual_inf_test/nuisances_nontask:	0.0

Epoch 101
losses_train/task:	2.1743292808532715
losses_train/concepts:	37.16941833496094
losses_train/total:	5.891269683837891
losses_test/task:	2.0638742446899414
losses_test/concepts:	91.9371109008789
losses_test/total:	11.257584571838379
calibration_test/ece:	0.05283163860440254
calibration_test/brier:	0.6908010244369507
accuracy_test/task:	43.9247497411115
accuracy_test/concepts:	77.79985046386719
map_test/concepts:	0.30610001857016

Epoch 102
losses_train/task:	2.0533015727996826
losses_train/concepts:	35.45750045776367
losses_train/total:	5.599050998687744
losses_test/task:	1.9945729970932007
losses_test/concepts:	94.98111724853516
losses_test/total:	11.49268627166748
calibration_test/ece:	0.08147917687892914
calibration_test/brier:	0.6734914779663086
accuracy_test/task:	46.927856403175696
accuracy_test/concepts:	78.36095428466797
map_test/concepts:	0.3104598579849017

Epoch 103
losses_train/task:	2.0056049823760986
losses_train/concepts:	34.34036636352539
losses_train/total:	5.439641952514648
losses_test/task:	1.9793339967727661
losses_test/concepts:	103.38267517089844
losses_test/total:	12.317605018615723
calibration_test/ece:	0.07835488766431808
calibration_test/brier:	0.6714536547660828
accuracy_test/task:	46.80704176734553
accuracy_test/concepts:	79.02489471435547
map_test/concepts:	0.3134536178128675

Epoch 104
losses_train/task:	1.9465659856796265
losses_train/concepts:	33.5802116394043
losses_train/total:	5.304586887359619
losses_test/task:	1.9575749635696411
losses_test/concepts:	103.55252075195312
losses_test/total:	12.312828063964844
calibration_test/ece:	0.08525540679693222
calibration_test/brier:	0.6649810671806335
accuracy_test/task:	47.53192958232655
accuracy_test/concepts:	78.95622253417969
map_test/concepts:	0.3159604698439386

Epoch 105
losses_train/task:	1.944490671157837
losses_train/concepts:	33.05675506591797
losses_train/total:	5.250166416168213
losses_test/task:	1.9613735675811768
losses_test/concepts:	108.93236541748047
losses_test/total:	12.854609489440918
calibration_test/ece:	0.08551489561796188
calibration_test/brier:	0.6651167273521423
accuracy_test/task:	47.687262685536766
accuracy_test/concepts:	79.32196044921875
map_test/concepts:	0.31632249273280516

Epoch 106
losses_train/task:	1.9481581449508667
losses_train/concepts:	33.24061965942383
losses_train/total:	5.272220611572266
losses_test/task:	1.9401097297668457
losses_test/concepts:	114.57228088378906
losses_test/total:	13.39733600616455
calibration_test/ece:	0.08505768328905106
calibration_test/brier:	0.6627635359764099
accuracy_test/task:	47.96341042457715
accuracy_test/concepts:	79.56543731689453
map_test/concepts:	0.31608465876668057

Epoch 107
losses_train/task:	1.9046257734298706
losses_train/concepts:	32.47043991088867
losses_train/total:	5.151669025421143
losses_test/task:	1.9477182626724243
losses_test/concepts:	116.43379974365234
losses_test/total:	13.591097831726074
calibration_test/ece:	0.08099722862243652
calibration_test/brier:	0.663468599319458
accuracy_test/task:	47.842595788746976
accuracy_test/concepts:	79.57717895507812
map_test/concepts:	0.3166193411031619

Epoch 108
losses_train/task:	1.9286330938339233
losses_train/concepts:	32.72826385498047
losses_train/total:	5.2014594078063965
losses_test/task:	1.922791600227356
losses_test/concepts:	114.32185363769531
losses_test/total:	13.354975700378418
calibration_test/ece:	0.08843058347702026
calibration_test/brier:	0.6559081077575684
accuracy_test/task:	48.8608905764584
accuracy_test/concepts:	79.32894897460938
map_test/concepts:	0.3160997529296165

Epoch 109
losses_train/task:	1.8988008499145508
losses_train/concepts:	32.35097122192383
losses_train/total:	5.13389778137207
losses_test/task:	1.935988426208496
losses_test/concepts:	118.19994354248047
losses_test/total:	13.75598430633545
calibration_test/ece:	0.08331917971372604
calibration_test/brier:	0.6586109399795532
accuracy_test/task:	48.29133586468761
accuracy_test/concepts:	79.59481811523438
map_test/concepts:	0.3165944399450846

Epoch 110
losses_train/task:	1.8997011184692383
losses_train/concepts:	32.124855041503906
losses_train/total:	5.112186908721924
losses_test/task:	1.9380971193313599
losses_test/concepts:	120.67821502685547
losses_test/total:	14.005916595458984
calibration_test/ece:	0.08215723931789398
calibration_test/brier:	0.660139799118042
accuracy_test/task:	48.17052122885744
accuracy_test/concepts:	79.79054260253906
map_test/concepts:	0.31620813720919033

Epoch 111
losses_train/task:	1.8690354824066162
losses_train/concepts:	32.091522216796875
losses_train/total:	5.078186988830566
losses_test/task:	1.933606743812561
losses_test/concepts:	122.0616455078125
losses_test/total:	14.139774322509766
calibration_test/ece:	0.0895814448595047
calibration_test/brier:	0.6598069667816162
accuracy_test/task:	48.912668277528475
accuracy_test/concepts:	79.79861450195312
map_test/concepts:	0.3172730975487131

Epoch 112
losses_train/task:	1.8732867240905762
losses_train/concepts:	31.86920738220215
losses_train/total:	5.060207366943359
losses_test/task:	1.922212839126587
losses_test/concepts:	120.46504974365234
losses_test/total:	13.968718528747559
calibration_test/ece:	0.08601539582014084
calibration_test/brier:	0.6576347351074219
accuracy_test/task:	48.74007594062824
accuracy_test/concepts:	79.87648010253906
map_test/concepts:	0.3177296125944308

Epoch 113
losses_train/task:	1.8782953023910522
losses_train/concepts:	31.533870697021484
losses_train/total:	5.03168249130249
losses_test/task:	1.9037585258483887
losses_test/concepts:	121.64469146728516
losses_test/total:	14.068228721618652
calibration_test/ece:	0.0838744193315506
calibration_test/brier:	0.6511136889457703
accuracy_test/task:	49.13703831549879
accuracy_test/concepts:	79.8397445678711
map_test/concepts:	0.3182441937697536

Epoch 114
losses_train/task:	1.8716130256652832
losses_train/concepts:	31.49302864074707
losses_train/total:	5.020915985107422
losses_test/task:	1.9051296710968018
losses_test/concepts:	120.5818862915039
losses_test/total:	13.963319778442383
calibration_test/ece:	0.08359375596046448
calibration_test/brier:	0.65313720703125
accuracy_test/task:	48.80911287538833
accuracy_test/concepts:	80.02481842041016
map_test/concepts:	0.3175883862051241

Epoch 115
losses_train/task:	1.8619818687438965
losses_train/concepts:	31.262523651123047
losses_train/total:	4.988234519958496
losses_test/task:	1.908555269241333
losses_test/concepts:	124.13983917236328
losses_test/total:	14.322539329528809
calibration_test/ece:	0.08527540415525436
calibration_test/brier:	0.6527570486068726
accuracy_test/task:	48.774594408008284
accuracy_test/concepts:	80.15739440917969
map_test/concepts:	0.3171467392190181

Epoch 116
losses_train/task:	1.8602757453918457
losses_train/concepts:	31.034133911132812
losses_train/total:	4.96368932723999
losses_test/task:	1.9157518148422241
losses_test/concepts:	130.4663543701172
losses_test/total:	14.962388038635254
calibration_test/ece:	0.08755390346050262
calibration_test/brier:	0.6532649397850037
accuracy_test/task:	49.13703831549879
accuracy_test/concepts:	80.2381820678711
map_test/concepts:	0.3182139665463028

Epoch 117
losses_train/task:	1.843732476234436
losses_train/concepts:	30.864469528198242
losses_train/total:	4.930179119110107
losses_test/task:	1.9046134948730469
losses_test/concepts:	130.62156677246094
losses_test/total:	14.96677017211914
calibration_test/ece:	0.08614329248666763
calibration_test/brier:	0.6491262912750244
accuracy_test/task:	48.9989644459786
accuracy_test/concepts:	80.2301025390625
map_test/concepts:	0.3187415899926836

Epoch 118
losses_train/task:	1.8363488912582397
losses_train/concepts:	30.614965438842773
losses_train/total:	4.8978447914123535
losses_test/task:	1.9102497100830078
losses_test/concepts:	134.35427856445312
losses_test/total:	15.34567928314209
calibration_test/ece:	0.089305080473423
calibration_test/brier:	0.6492885947227478
accuracy_test/task:	49.620296858819465
accuracy_test/concepts:	80.3670654296875
map_test/concepts:	0.31802310017829244

Epoch 119
losses_train/task:	1.826064109802246
losses_train/concepts:	30.562458038330078
losses_train/total:	4.882309436798096
losses_test/task:	1.8929646015167236
losses_test/concepts:	141.49639892578125
losses_test/total:	16.0426025390625
calibration_test/ece:	0.09189929813146591
calibration_test/brier:	0.6462218761444092
accuracy_test/task:	50.172592336900244
accuracy_test/concepts:	80.47907257080078
map_test/concepts:	0.3185682071551205

Epoch 120
losses_train/task:	1.8213810920715332
losses_train/concepts:	30.70267105102539
losses_train/total:	4.8916497230529785
losses_test/task:	1.9084464311599731
losses_test/concepts:	140.6336669921875
losses_test/total:	15.97181224822998
calibration_test/ece:	0.08841463178396225
calibration_test/brier:	0.6491187810897827
accuracy_test/task:	48.981705212288574
accuracy_test/concepts:	80.6674575805664
map_test/concepts:	0.31795603657101695

Epoch 121
losses_train/task:	1.838864803314209
losses_train/concepts:	30.59375762939453
losses_train/total:	4.898240089416504
losses_test/task:	1.9026124477386475
losses_test/concepts:	136.27049255371094
losses_test/total:	15.529664993286133
calibration_test/ece:	0.08357296884059906
calibration_test/brier:	0.6500569581985474
accuracy_test/task:	49.44770452191923
accuracy_test/concepts:	80.43573760986328
map_test/concepts:	0.3173527079931599

Epoch 122
losses_train/task:	1.8222883939743042
losses_train/concepts:	30.26311492919922
losses_train/total:	4.848599433898926
losses_test/task:	1.9062401056289673
losses_test/concepts:	141.32948303222656
losses_test/total:	16.039186477661133
calibration_test/ece:	0.08179227262735367
calibration_test/brier:	0.6516953706741333
accuracy_test/task:	49.06800138073869
accuracy_test/concepts:	80.56978607177734
map_test/concepts:	0.31855878350820316

Epoch 123
losses_train/task:	1.796555995941162
losses_train/concepts:	29.873746871948242
losses_train/total:	4.783929824829102
losses_test/task:	1.907862663269043
losses_test/concepts:	138.40989685058594
losses_test/total:	15.74885082244873
calibration_test/ece:	0.08035977184772491
calibration_test/brier:	0.6506940126419067
accuracy_test/task:	48.80911287538833
accuracy_test/concepts:	80.58666229248047
map_test/concepts:	0.3176037168150094

Epoch 124
losses_train/task:	1.7976330518722534
losses_train/concepts:	30.016401290893555
losses_train/total:	4.799274444580078
losses_test/task:	1.9035741090774536
losses_test/concepts:	139.17373657226562
losses_test/total:	15.820948600769043
calibration_test/ece:	0.08375296741724014
calibration_test/brier:	0.6482219099998474
accuracy_test/task:	49.63755609250949
accuracy_test/concepts:	80.73210144042969
map_test/concepts:	0.31800982582957504

Epoch 125
losses_train/task:	1.8092647790908813
losses_train/concepts:	29.863252639770508
losses_train/total:	4.795589447021484
losses_test/task:	1.9044232368469238
losses_test/concepts:	138.73968505859375
losses_test/total:	15.77839469909668
calibration_test/ece:	0.07947857677936554
calibration_test/brier:	0.6458726525306702
accuracy_test/task:	49.65481532619952
accuracy_test/concepts:	80.50772094726562
map_test/concepts:	0.3180956622149716

Epoch 126
losses_train/task:	1.7833561897277832
losses_train/concepts:	29.722496032714844
losses_train/total:	4.755605220794678
losses_test/task:	1.8893656730651855
losses_test/concepts:	142.7696990966797
losses_test/total:	16.166337966918945
calibration_test/ece:	0.07691410928964615
calibration_test/brier:	0.6455260515213013
accuracy_test/task:	49.56851915774939
accuracy_test/concepts:	80.62486267089844
map_test/concepts:	0.3177256473994001

Epoch 127
losses_train/task:	1.807033896446228
losses_train/concepts:	29.423274993896484
losses_train/total:	4.749361515045166
losses_test/task:	1.8954153060913086
losses_test/concepts:	143.43772888183594
losses_test/total:	16.239187240600586
calibration_test/ece:	0.07325460761785507
calibration_test/brier:	0.6475374102592468
accuracy_test/task:	49.34414911977908
accuracy_test/concepts:	80.6270751953125
map_test/concepts:	0.3178910399846574

Epoch 128
losses_train/task:	1.7644497156143188
losses_train/concepts:	29.648653030395508
losses_train/total:	4.729315280914307
losses_test/task:	1.9046452045440674
losses_test/concepts:	146.06053161621094
losses_test/total:	16.510696411132812
calibration_test/ece:	0.07379644364118576
calibration_test/brier:	0.6471097469329834
accuracy_test/task:	49.56851915774939
accuracy_test/concepts:	80.7280502319336
map_test/concepts:	0.3177901850022534

Epoch 129
losses_train/task:	1.7539539337158203
losses_train/concepts:	29.815549850463867
losses_train/total:	4.735508441925049
losses_test/task:	1.901746392250061
losses_test/concepts:	149.55770874023438
losses_test/total:	16.857521057128906
calibration_test/ece:	0.08228371292352676
calibration_test/brier:	0.644641101360321
accuracy_test/task:	50.15533310321022
accuracy_test/concepts:	80.6278076171875
map_test/concepts:	0.31553547592595854

Epoch 130
losses_train/task:	1.7809956073760986
losses_train/concepts:	30.166210174560547
losses_train/total:	4.797616004943848
losses_test/task:	1.8887418508529663
losses_test/concepts:	149.23841857910156
losses_test/total:	16.81258201599121
calibration_test/ece:	0.07953877002000809
calibration_test/brier:	0.6428564190864563
accuracy_test/task:	50.12081463583017
accuracy_test/concepts:	80.7559585571289
map_test/concepts:	0.31740045566309955

Epoch 131
losses_train/task:	1.8012516498565674
losses_train/concepts:	29.815258026123047
losses_train/total:	4.782778263092041
losses_test/task:	1.9037961959838867
losses_test/concepts:	142.20123291015625
losses_test/total:	16.12392234802246
calibration_test/ece:	0.07440543919801712
calibration_test/brier:	0.648459255695343
accuracy_test/task:	49.896444597859855
accuracy_test/concepts:	80.70160675048828
map_test/concepts:	0.3151323699808501

Epoch 132
losses_train/task:	1.768791675567627
losses_train/concepts:	29.44595718383789
losses_train/total:	4.713387489318848
losses_test/task:	1.8891834020614624
losses_test/concepts:	149.19677734375
losses_test/total:	16.80885887145996
calibration_test/ece:	0.073358453810215
calibration_test/brier:	0.6429360508918762
accuracy_test/task:	49.965481532619954
accuracy_test/concepts:	80.73979187011719
map_test/concepts:	0.31533214568774753

Epoch 133
losses_train/task:	1.7644206285476685
losses_train/concepts:	29.306503295898438
losses_train/total:	4.695070743560791
losses_test/task:	1.8926327228546143
losses_test/concepts:	149.51390075683594
losses_test/total:	16.84402084350586
calibration_test/ece:	0.0761030912399292
calibration_test/brier:	0.6438139081001282
accuracy_test/task:	50.12081463583017
accuracy_test/concepts:	80.72473907470703
map_test/concepts:	0.31659430806386346

Epoch 134
losses_train/task:	1.7581710815429688
losses_train/concepts:	29.312124252319336
losses_train/total:	4.689382553100586
losses_test/task:	1.8769035339355469
losses_test/concepts:	150.2980499267578
losses_test/total:	16.906709671020508
calibration_test/ece:	0.08269411325454712
calibration_test/brier:	0.6407963037490845
accuracy_test/task:	50.5005177770107
accuracy_test/concepts:	81.01704406738281
map_test/concepts:	0.31647945321264104

Epoch 135
losses_train/task:	1.7326122522354126
losses_train/concepts:	28.9341983795166
losses_train/total:	4.626032829284668
losses_test/task:	1.9080721139907837
losses_test/concepts:	158.53842163085938
losses_test/total:	17.76191520690918
calibration_test/ece:	0.08088001608848572
calibration_test/brier:	0.6471240520477295
accuracy_test/task:	49.98274076630997
accuracy_test/concepts:	81.20137023925781
map_test/concepts:	0.31641538105310596

Epoch 136
losses_train/task:	1.7020817995071411
losses_train/concepts:	29.26719856262207
losses_train/total:	4.6288018226623535
losses_test/task:	1.9033292531967163
losses_test/concepts:	156.0301513671875
losses_test/total:	17.50634765625
calibration_test/ece:	0.0763307735323906
calibration_test/brier:	0.646862268447876
accuracy_test/task:	49.965481532619954
accuracy_test/concepts:	80.9406509399414
map_test/concepts:	0.31591205990457155

Epoch 137
losses_train/task:	1.732134461402893
losses_train/concepts:	29.065628051757812
losses_train/total:	4.638697624206543
losses_test/task:	1.8875010013580322
losses_test/concepts:	155.3011932373047
losses_test/total:	17.41762351989746
calibration_test/ece:	0.07919961214065552
calibration_test/brier:	0.6417446732521057
accuracy_test/task:	50.465999309630654
accuracy_test/concepts:	81.06404876708984
map_test/concepts:	0.3161428233886019

Epoch 138
losses_train/task:	1.7556637525558472
losses_train/concepts:	28.753507614135742
losses_train/total:	4.631014347076416
losses_test/task:	1.889765739440918
losses_test/concepts:	158.47689819335938
losses_test/total:	17.73745346069336
calibration_test/ece:	0.07950428873300552
calibration_test/brier:	0.6428145170211792
accuracy_test/task:	50.32792544011046
accuracy_test/concepts:	81.09011840820312
map_test/concepts:	0.3159209081229377

Epoch 139
losses_train/task:	1.7614682912826538
losses_train/concepts:	28.960601806640625
losses_train/total:	4.657529354095459
losses_test/task:	1.9011116027832031
losses_test/concepts:	158.93162536621094
losses_test/total:	17.79427146911621
calibration_test/ece:	0.07385274767875671
calibration_test/brier:	0.644815981388092
accuracy_test/task:	49.9309630652399
accuracy_test/concepts:	81.00309753417969
map_test/concepts:	0.316212709804878

Epoch 140
losses_train/task:	1.7480807304382324
losses_train/concepts:	28.576499938964844
losses_train/total:	4.605731010437012
losses_test/task:	1.881430745124817
losses_test/concepts:	159.41722106933594
losses_test/total:	17.823152542114258
calibration_test/ece:	0.07279816269874573
calibration_test/brier:	0.6404913663864136
accuracy_test/task:	50.24162927166034
accuracy_test/concepts:	81.05082702636719
map_test/concepts:	0.3160199058598819

Epoch 141
losses_train/task:	1.7167034149169922
losses_train/concepts:	29.313444137573242
losses_train/total:	4.64804744720459
losses_test/task:	1.882478952407837
losses_test/concepts:	156.11123657226562
losses_test/total:	17.493602752685547
calibration_test/ece:	0.07599054276943207
calibration_test/brier:	0.6412698030471802
accuracy_test/task:	50.0
accuracy_test/concepts:	80.9472885131836
map_test/concepts:	0.316049733268533

Epoch 142
losses_train/task:	1.7509349584579468
losses_train/concepts:	29.065380096435547
losses_train/total:	4.657472610473633
losses_test/task:	1.88292396068573
losses_test/concepts:	146.35369873046875
losses_test/total:	16.518291473388672
calibration_test/ece:	0.06818610429763794
calibration_test/brier:	0.642786979675293
accuracy_test/task:	50.08629616845012
accuracy_test/concepts:	80.78790283203125
map_test/concepts:	0.3157341332828745

Epoch 143
losses_train/task:	1.7402030229568481
losses_train/concepts:	28.523242950439453
losses_train/total:	4.592527389526367
losses_test/task:	1.8940945863723755
losses_test/concepts:	153.8848114013672
losses_test/total:	17.28257942199707
calibration_test/ece:	0.07249004393815994
calibration_test/brier:	0.6423095464706421
accuracy_test/task:	50.05177770107007
accuracy_test/concepts:	81.14190673828125
map_test/concepts:	0.3160519192312309

Epoch 144
losses_train/task:	1.7157620191574097
losses_train/concepts:	28.312694549560547
losses_train/total:	4.547032356262207
losses_test/task:	1.8872891664505005
losses_test/concepts:	155.5166778564453
losses_test/total:	17.438955307006836
calibration_test/ece:	0.07621432095766068
calibration_test/brier:	0.6392372846603394
accuracy_test/task:	50.36244390749051
accuracy_test/concepts:	81.16981506347656
map_test/concepts:	0.3164682973849964

Epoch 145
losses_train/task:	1.6974619626998901
losses_train/concepts:	28.27994728088379
losses_train/total:	4.52545690536499
losses_test/task:	1.8944188356399536
losses_test/concepts:	158.50450134277344
losses_test/total:	17.744871139526367
calibration_test/ece:	0.07028267532587051
calibration_test/brier:	0.6420278549194336
accuracy_test/task:	49.70659302726959
accuracy_test/concepts:	81.16283416748047
map_test/concepts:	0.3169085406401056

Epoch 146
losses_train/task:	1.6910978555679321
losses_train/concepts:	28.221561431884766
losses_train/total:	4.513253211975098
losses_test/task:	1.890275239944458
losses_test/concepts:	156.40982055664062
losses_test/total:	17.53125762939453
calibration_test/ece:	0.07294140756130219
calibration_test/brier:	0.6421961784362793
accuracy_test/task:	50.396962374870554
accuracy_test/concepts:	81.31707000732422
map_test/concepts:	0.31654694157236435

Epoch 147
losses_train/task:	1.725557565689087
losses_train/concepts:	29.064754486083984
losses_train/total:	4.632032871246338
losses_test/task:	1.895855188369751
losses_test/concepts:	149.7312774658203
losses_test/total:	16.86898422241211
calibration_test/ece:	0.0682559385895729
calibration_test/brier:	0.6430840492248535
accuracy_test/task:	49.56851915774939
accuracy_test/concepts:	81.217529296875
map_test/concepts:	0.3163890571016422

Epoch 148
losses_train/task:	1.6852644681930542
losses_train/concepts:	28.579322814941406
losses_train/total:	4.543197154998779
losses_test/task:	1.883851170539856
losses_test/concepts:	158.719970703125
losses_test/total:	17.75585174560547
calibration_test/ece:	0.06700786203145981
calibration_test/brier:	0.6413962841033936
accuracy_test/task:	49.70659302726959
accuracy_test/concepts:	81.30347442626953
map_test/concepts:	0.3159587649588889

Epoch 149
losses_train/task:	1.7520488500595093
losses_train/concepts:	28.282943725585938
losses_train/total:	4.580343246459961
losses_test/task:	1.8809680938720703
losses_test/concepts:	158.35208129882812
losses_test/total:	17.71617889404297
calibration_test/ece:	0.0626007691025734
calibration_test/brier:	0.6395881772041321
accuracy_test/task:	49.79288919571971
accuracy_test/concepts:	81.31522369384766
map_test/concepts:	0.3153956266952322

Epoch 150
losses_train/task:	1.6995352506637573
losses_train/concepts:	28.130704879760742
losses_train/total:	4.512606143951416
losses_test/task:	1.8869048357009888
losses_test/concepts:	162.9773712158203
losses_test/total:	18.18463897705078
calibration_test/ece:	0.06753765791654587
calibration_test/brier:	0.6390906572341919
accuracy_test/task:	50.32792544011046
accuracy_test/concepts:	81.36296081542969
map_test/concepts:	0.31518629837305623

Epoch 151
losses_train/task:	1.7403841018676758
losses_train/concepts:	27.84168815612793
losses_train/total:	4.5245537757873535
losses_test/task:	1.891426920890808
losses_test/concepts:	173.26377868652344
losses_test/total:	19.21780776977539
calibration_test/ece:	0.06806699186563492
calibration_test/brier:	0.6407515406608582
accuracy_test/task:	50.103555402140145
accuracy_test/concepts:	81.60128784179688
map_test/concepts:	0.315227481922967

Epoch 152
losses_train/task:	1.679121732711792
losses_train/concepts:	28.125125885009766
losses_train/total:	4.491634368896484
losses_test/task:	1.879162073135376
losses_test/concepts:	166.20843505859375
losses_test/total:	18.50000762939453
calibration_test/ece:	0.06552734225988388
calibration_test/brier:	0.6365051865577698
accuracy_test/task:	50.29340697273041
accuracy_test/concepts:	81.22562408447266
map_test/concepts:	0.3144342200137041

Epoch 153
losses_train/task:	1.6703956127166748
losses_train/concepts:	27.77435874938965
losses_train/total:	4.447831630706787
losses_test/task:	1.8874837160110474
losses_test/concepts:	165.28335571289062
losses_test/total:	18.41581916809082
calibration_test/ece:	0.0678730458021164
calibration_test/brier:	0.6380167603492737
accuracy_test/task:	49.965481532619954
accuracy_test/concepts:	81.42354583740234
map_test/concepts:	0.31434079542993865

Epoch 154
losses_train/task:	1.690468430519104
losses_train/concepts:	28.046226501464844
losses_train/total:	4.495091438293457
losses_test/task:	1.866680383682251
losses_test/concepts:	171.01449584960938
losses_test/total:	18.968130111694336
calibration_test/ece:	0.06323865056037903
calibration_test/brier:	0.6337074041366577
accuracy_test/task:	50.604073179150845
accuracy_test/concepts:	81.28070831298828
map_test/concepts:	0.31416978262998957

Epoch 155
losses_train/task:	1.6450157165527344
losses_train/concepts:	27.258638381958008
losses_train/total:	4.370879173278809
losses_test/task:	1.8764816522598267
losses_test/concepts:	172.40286254882812
losses_test/total:	19.11676788330078
calibration_test/ece:	0.0610225684940815
calibration_test/brier:	0.6373729109764099
accuracy_test/task:	49.87918536416983
accuracy_test/concepts:	81.4870834350586
map_test/concepts:	0.3150588115479084

Epoch 156
losses_train/task:	1.64779531955719
losses_train/concepts:	27.594078063964844
losses_train/total:	4.40720272064209
losses_test/task:	1.8852295875549316
losses_test/concepts:	174.719482421875
losses_test/total:	19.357175827026367
calibration_test/ece:	0.057471100240945816
calibration_test/brier:	0.638997495174408
accuracy_test/task:	49.827407663099756
accuracy_test/concepts:	81.51094818115234
map_test/concepts:	0.3140863616296903

Epoch 157
losses_train/task:	1.6630864143371582
losses_train/concepts:	27.48781967163086
losses_train/total:	4.411868572235107
losses_test/task:	1.8730896711349487
losses_test/concepts:	169.1883544921875
losses_test/total:	18.791921615600586
calibration_test/ece:	0.06455686688423157
calibration_test/brier:	0.6349826455116272
accuracy_test/task:	50.604073179150845
accuracy_test/concepts:	81.41218566894531
map_test/concepts:	0.31480805327164685

Epoch 158
losses_train/task:	1.6490226984024048
losses_train/concepts:	27.39326286315918
losses_train/total:	4.388349533081055
losses_test/task:	1.8874562978744507
losses_test/concepts:	174.59095764160156
losses_test/total:	19.346553802490234
calibration_test/ece:	0.06520073115825653
calibration_test/brier:	0.635474681854248
accuracy_test/task:	50.20711080428029
accuracy_test/concepts:	81.55207824707031
map_test/concepts:	0.3145842573486586

Epoch 159
losses_train/task:	1.6742926836013794
losses_train/concepts:	27.350011825561523
losses_train/total:	4.409294128417969
losses_test/task:	1.8692302703857422
losses_test/concepts:	174.90264892578125
losses_test/total:	19.359495162963867
calibration_test/ece:	0.059980232268571854
calibration_test/brier:	0.6350048184394836
accuracy_test/task:	50.44874007594063
accuracy_test/concepts:	81.45403289794922
map_test/concepts:	0.31284986069782617

Epoch 160
losses_train/task:	1.6500816345214844
losses_train/concepts:	27.633384704589844
losses_train/total:	4.413419723510742
losses_test/task:	1.866151213645935
losses_test/concepts:	167.81686401367188
losses_test/total:	18.647844314575195
calibration_test/ece:	0.06001264229416847
calibration_test/brier:	0.6300839185714722
accuracy_test/task:	50.96651708664135
accuracy_test/concepts:	81.2190170288086
map_test/concepts:	0.31446218894834216

Epoch 161
losses_train/task:	1.633056879043579
losses_train/concepts:	27.46312141418457
losses_train/total:	4.379369258880615
losses_test/task:	1.8756853342056274
losses_test/concepts:	176.19764709472656
losses_test/total:	19.495450973510742
calibration_test/ece:	0.061038605868816376
calibration_test/brier:	0.637580394744873
accuracy_test/task:	50.55229547808077
accuracy_test/concepts:	81.50325012207031
map_test/concepts:	0.3137868399672369

Epoch 162
losses_train/task:	1.6511428356170654
losses_train/concepts:	27.332626342773438
losses_train/total:	4.384405136108398
losses_test/task:	1.8796350955963135
losses_test/concepts:	176.96156311035156
losses_test/total:	19.575786590576172
calibration_test/ece:	0.060899823904037476
calibration_test/brier:	0.6334507465362549
accuracy_test/task:	50.77666551605109
accuracy_test/concepts:	81.51683807373047
map_test/concepts:	0.31470974363347

Epoch 163
losses_train/task:	1.6198855638504028
losses_train/concepts:	27.13848876953125
losses_train/total:	4.333734035491943
losses_test/task:	1.8915956020355225
losses_test/concepts:	177.50210571289062
losses_test/total:	19.641801834106445
calibration_test/ece:	0.06224456802010536
calibration_test/brier:	0.6352275013923645
accuracy_test/task:	50.690369347600964
accuracy_test/concepts:	81.62330627441406
map_test/concepts:	0.3136300134591441

Epoch 164
losses_train/task:	1.6555033922195435
losses_train/concepts:	27.048973083496094
losses_train/total:	4.360401630401611
losses_test/task:	1.8969106674194336
losses_test/concepts:	177.9064483642578
losses_test/total:	19.68755531311035
calibration_test/ece:	0.06197458878159523
calibration_test/brier:	0.6387627720832825
accuracy_test/task:	50.27614773904039
accuracy_test/concepts:	81.7129135131836
map_test/concepts:	0.3143792972464035

Epoch 165
losses_train/task:	1.6353691816329956
losses_train/concepts:	27.31348419189453
losses_train/total:	4.3667168617248535
losses_test/task:	1.9248948097229004
losses_test/concepts:	177.03958129882812
losses_test/total:	19.62885284423828
calibration_test/ece:	0.05191374570131302
calibration_test/brier:	0.643417477607727
accuracy_test/task:	49.65481532619952
accuracy_test/concepts:	81.65159606933594
map_test/concepts:	0.31271240053738053

Epoch 166
losses_train/task:	1.6313880681991577
losses_train/concepts:	27.11412239074707
losses_train/total:	4.342800140380859
losses_test/task:	1.8792829513549805
losses_test/concepts:	167.10232543945312
losses_test/total:	18.589513778686523
calibration_test/ece:	0.05734450742602348
calibration_test/brier:	0.6321277618408203
accuracy_test/task:	51.0010355540214
accuracy_test/concepts:	81.39639282226562
map_test/concepts:	0.31318892037218554

Epoch 167
losses_train/task:	1.6123074293136597
losses_train/concepts:	27.153789520263672
losses_train/total:	4.3276848793029785
losses_test/task:	1.8814349174499512
losses_test/concepts:	178.348876953125
losses_test/total:	19.71632194519043
calibration_test/ece:	0.056396905332803726
calibration_test/brier:	0.6327596306800842
accuracy_test/task:	50.44874007594063
accuracy_test/concepts:	81.76396179199219
map_test/concepts:	0.31341267614922624

Epoch 168
losses_train/task:	1.626915693283081
losses_train/concepts:	26.595319747924805
losses_train/total:	4.286446571350098
losses_test/task:	1.868762493133545
losses_test/concepts:	176.00892639160156
losses_test/total:	19.46965217590332
calibration_test/ece:	0.058801524341106415
calibration_test/brier:	0.6275875568389893
accuracy_test/task:	51.03555402140145
accuracy_test/concepts:	81.5766830444336
map_test/concepts:	0.3131614190902799

Epoch 169
losses_train/task:	1.6297920942306519
losses_train/concepts:	27.117372512817383
losses_train/total:	4.341529846191406
losses_test/task:	1.906840205192566
losses_test/concepts:	177.4686279296875
losses_test/total:	19.65370750427246
calibration_test/ece:	0.0564587339758873
calibration_test/brier:	0.6381354928016663
accuracy_test/task:	50.05177770107007
accuracy_test/concepts:	81.79481506347656
map_test/concepts:	0.31285487280841523

Epoch 170
losses_train/task:	1.608840823173523
losses_train/concepts:	26.7105655670166
losses_train/total:	4.279897689819336
losses_test/task:	1.8809889554977417
losses_test/concepts:	180.04566955566406
losses_test/total:	19.88555908203125
calibration_test/ece:	0.05573409050703049
calibration_test/brier:	0.6318668127059937
accuracy_test/task:	50.5005177770107
accuracy_test/concepts:	81.55831146240234
map_test/concepts:	0.31207584457947535

Epoch 171
losses_train/task:	1.615105152130127
losses_train/concepts:	26.60505485534668
losses_train/total:	4.27561092376709
losses_test/task:	1.8751174211502075
losses_test/concepts:	185.70408630371094
losses_test/total:	20.445528030395508
calibration_test/ece:	0.053804825991392136
calibration_test/brier:	0.6313959956169128
accuracy_test/task:	50.690369347600964
accuracy_test/concepts:	81.70999908447266
map_test/concepts:	0.31302633453556833

Epoch 172
losses_train/task:	1.5976927280426025
losses_train/concepts:	26.60834503173828
losses_train/total:	4.258526802062988
losses_test/task:	1.8689547777175903
losses_test/concepts:	181.4642333984375
losses_test/total:	20.015377044677734
calibration_test/ece:	0.05583057552576065
calibration_test/brier:	0.6298618912696838
accuracy_test/task:	50.70762858129099
accuracy_test/concepts:	81.60752868652344
map_test/concepts:	0.31205010179311354

Epoch 173
losses_train/task:	1.6041479110717773
losses_train/concepts:	26.725500106811523
losses_train/total:	4.276697635650635
losses_test/task:	1.8857768774032593
losses_test/concepts:	178.60171508789062
losses_test/total:	19.74594497680664
calibration_test/ece:	0.04960674047470093
calibration_test/brier:	0.6326178312301636
accuracy_test/task:	50.43148084225061
accuracy_test/concepts:	81.61927795410156
map_test/concepts:	0.31271081403928236

Epoch 174
losses_train/task:	1.6152634620666504
losses_train/concepts:	26.64755630493164
losses_train/total:	4.280019283294678
losses_test/task:	1.866769790649414
losses_test/concepts:	186.10958862304688
losses_test/total:	20.47772979736328
calibration_test/ece:	0.05272624269127846
calibration_test/brier:	0.6304774284362793
accuracy_test/task:	50.98377632033138
accuracy_test/concepts:	81.6170654296875
map_test/concepts:	0.3130985054563969

Epoch 175
losses_train/task:	1.5943094491958618
losses_train/concepts:	26.437633514404297
losses_train/total:	4.238072395324707
losses_test/task:	1.887175440788269
losses_test/concepts:	186.0568084716797
losses_test/total:	20.492855072021484
calibration_test/ece:	0.06224214658141136
calibration_test/brier:	0.6317044496536255
accuracy_test/task:	51.15636865723162
accuracy_test/concepts:	81.82345581054688
map_test/concepts:	0.3130658128239373

Epoch 176
losses_train/task:	1.6003973484039307
losses_train/concepts:	26.433311462402344
losses_train/total:	4.243729114532471
losses_test/task:	1.886066198348999
losses_test/concepts:	181.82275390625
losses_test/total:	20.068340301513672
calibration_test/ece:	0.05214427411556244
calibration_test/brier:	0.6327396631240845
accuracy_test/task:	50.41422160856058
accuracy_test/concepts:	81.79737091064453
map_test/concepts:	0.3126878594741859

Epoch 177
losses_train/task:	1.6059070825576782
losses_train/concepts:	26.514442443847656
losses_train/total:	4.257351398468018
losses_test/task:	1.8929413557052612
losses_test/concepts:	181.06585693359375
losses_test/total:	19.999526977539062
calibration_test/ece:	0.057299114763736725
calibration_test/brier:	0.6322878003120422
accuracy_test/task:	50.897480151881254
accuracy_test/concepts:	81.7393569946289
map_test/concepts:	0.3123158748816461

Epoch 178
losses_train/task:	1.5748063325881958
losses_train/concepts:	26.219038009643555
losses_train/total:	4.196709632873535
losses_test/task:	1.8904671669006348
losses_test/concepts:	185.84129333496094
losses_test/total:	20.474592208862305
calibration_test/ece:	0.05328865349292755
calibration_test/brier:	0.6326705813407898
accuracy_test/task:	50.72488781498102
accuracy_test/concepts:	81.79407501220703
map_test/concepts:	0.31302412535915985

Epoch 179
losses_train/task:	1.6048953533172607
losses_train/concepts:	26.237096786499023
losses_train/total:	4.228605270385742
losses_test/task:	1.8800472021102905
losses_test/concepts:	188.3665771484375
losses_test/total:	20.716707229614258
calibration_test/ece:	0.05282054468989372
calibration_test/brier:	0.6308667063713074
accuracy_test/task:	50.98377632033138
accuracy_test/concepts:	81.76360321044922
map_test/concepts:	0.3124733179153756

Epoch 180
losses_train/task:	1.5972487926483154
losses_train/concepts:	26.33760643005371
losses_train/total:	4.231008529663086
losses_test/task:	1.898615837097168
losses_test/concepts:	189.99295043945312
losses_test/total:	20.897912979125977
calibration_test/ece:	0.050677843391895294
calibration_test/brier:	0.6312994956970215
accuracy_test/task:	50.94925785295133
accuracy_test/concepts:	81.75698852539062
map_test/concepts:	0.31291436394082106

Epoch 181
losses_train/task:	1.5661169290542603
losses_train/concepts:	26.49287986755371
losses_train/total:	4.215404987335205
losses_test/task:	1.8646447658538818
losses_test/concepts:	181.40211486816406
losses_test/total:	20.004852294921875
calibration_test/ece:	0.049315307289361954
calibration_test/brier:	0.6270647644996643
accuracy_test/task:	51.0010355540214
accuracy_test/concepts:	81.71109008789062
map_test/concepts:	0.3116804821951751

Epoch 182
losses_train/task:	1.5823243856430054
losses_train/concepts:	26.070945739746094
losses_train/total:	4.189419269561768
losses_test/task:	1.8911848068237305
losses_test/concepts:	189.45008850097656
losses_test/total:	20.83620262145996
calibration_test/ece:	0.05508630722761154
calibration_test/brier:	0.6305941939353943
accuracy_test/task:	51.36347946151191
accuracy_test/concepts:	81.93802642822266
map_test/concepts:	0.31088927419895823

Epoch 183
losses_train/task:	1.5801886320114136
losses_train/concepts:	26.438154220581055
losses_train/total:	4.22400426864624
losses_test/task:	1.8794325590133667
losses_test/concepts:	184.26425170898438
losses_test/total:	20.30585289001465
calibration_test/ece:	0.049262434244155884
calibration_test/brier:	0.6269418597221375
accuracy_test/task:	51.36347946151191
accuracy_test/concepts:	81.81684112548828
map_test/concepts:	0.31224838189503296

Epoch 184
losses_train/task:	1.5665684938430786
losses_train/concepts:	25.991769790649414
losses_train/total:	4.165745735168457
losses_test/task:	1.883593201637268
losses_test/concepts:	191.23422241210938
losses_test/total:	21.007017135620117
calibration_test/ece:	0.0511896088719368
calibration_test/brier:	0.6292370557785034
accuracy_test/task:	50.79392474974111
accuracy_test/concepts:	82.06250762939453
map_test/concepts:	0.3111527550648502

Epoch 185
losses_train/task:	1.55531644821167
losses_train/concepts:	25.953693389892578
losses_train/total:	4.150685787200928
losses_test/task:	1.8700474500656128
losses_test/concepts:	192.2484130859375
losses_test/total:	21.094886779785156
calibration_test/ece:	0.05190451070666313
calibration_test/brier:	0.6242237687110901
accuracy_test/task:	51.6396272005523
accuracy_test/concepts:	82.07316589355469
map_test/concepts:	0.3115842063970705

Epoch 186
losses_train/task:	1.5393197536468506
losses_train/concepts:	25.781156539916992
losses_train/total:	4.117434024810791
losses_test/task:	1.8561149835586548
losses_test/concepts:	187.40695190429688
losses_test/total:	20.596813201904297
calibration_test/ece:	0.04520483314990997
calibration_test/brier:	0.6234442591667175
accuracy_test/task:	51.43251639627201
accuracy_test/concepts:	82.02543640136719
map_test/concepts:	0.31013419775371537

Epoch 187
losses_train/task:	1.5928648710250854
losses_train/concepts:	26.176668167114258
losses_train/total:	4.210531711578369
losses_test/task:	1.8787223100662231
losses_test/concepts:	189.89651489257812
losses_test/total:	20.868370056152344
calibration_test/ece:	0.04765566438436508
calibration_test/brier:	0.6256706714630127
accuracy_test/task:	51.173627890921644
accuracy_test/concepts:	81.98797607421875
map_test/concepts:	0.31114567673586785

Epoch 188
losses_train/task:	1.530956745147705
losses_train/concepts:	25.561861038208008
losses_train/total:	4.087142467498779
losses_test/task:	1.8666949272155762
losses_test/concepts:	194.58843994140625
losses_test/total:	21.325542449951172
calibration_test/ece:	0.048590272665023804
calibration_test/brier:	0.6257358193397522
accuracy_test/task:	51.225405591991716
accuracy_test/concepts:	81.91561126708984
map_test/concepts:	0.3117289209560035

Epoch 189
losses_train/task:	1.58242666721344
losses_train/concepts:	26.007837295532227
losses_train/total:	4.183210849761963
losses_test/task:	1.8736027479171753
losses_test/concepts:	185.6956787109375
losses_test/total:	20.44317054748535
calibration_test/ece:	0.04601120203733444
calibration_test/brier:	0.6266538500785828
accuracy_test/task:	51.34622022782189
accuracy_test/concepts:	81.82492065429688
map_test/concepts:	0.3104236165774947

Epoch 190
losses_train/task:	1.5666524171829224
losses_train/concepts:	25.477598190307617
losses_train/total:	4.114412784576416
losses_test/task:	1.8998357057571411
losses_test/concepts:	200.4365234375
losses_test/total:	21.943485260009766
calibration_test/ece:	0.04915740340948105
calibration_test/brier:	0.6327456831932068
accuracy_test/task:	50.5005177770107
accuracy_test/concepts:	82.06105041503906
map_test/concepts:	0.3095266171037517

Epoch 191
losses_train/task:	1.5275449752807617
losses_train/concepts:	25.51238250732422
losses_train/total:	4.0787835121154785
losses_test/task:	1.8822113275527954
losses_test/concepts:	188.24765014648438
losses_test/total:	20.706974029541016
calibration_test/ece:	0.04414382576942444
calibration_test/brier:	0.6285474896430969
accuracy_test/task:	51.05281325509147
accuracy_test/concepts:	81.82271575927734
map_test/concepts:	0.30881315231957335

Epoch 192
losses_train/task:	1.5505608320236206
losses_train/concepts:	25.98677635192871
losses_train/total:	4.149237632751465
losses_test/task:	1.862734079360962
losses_test/concepts:	181.60528564453125
losses_test/total:	20.023265838623047
calibration_test/ece:	0.03808000311255455
calibration_test/brier:	0.6253859400749207
accuracy_test/task:	51.1391094235416
accuracy_test/concepts:	81.78306579589844
map_test/concepts:	0.3097127324386321

Epoch 193
losses_train/task:	1.5311933755874634
losses_train/concepts:	25.437713623046875
losses_train/total:	4.07496452331543
losses_test/task:	1.8682615756988525
losses_test/concepts:	184.6927947998047
losses_test/total:	20.337543487548828
calibration_test/ece:	0.04791149124503136
calibration_test/brier:	0.6250072717666626
accuracy_test/task:	51.48429409734208
accuracy_test/concepts:	81.96298217773438
map_test/concepts:	0.3101835954894728

Epoch 194
losses_train/task:	1.5631394386291504
losses_train/concepts:	25.48604965209961
losses_train/total:	4.111743450164795
losses_test/task:	1.8849459886550903
losses_test/concepts:	191.4491424560547
losses_test/total:	21.029857635498047
calibration_test/ece:	0.04710540547966957
calibration_test/brier:	0.6255269646644592
accuracy_test/task:	50.690369347600964
accuracy_test/concepts:	81.98870086669922
map_test/concepts:	0.30912081043216144

Epoch 195
losses_train/task:	1.5442919731140137
losses_train/concepts:	25.48780632019043
losses_train/total:	4.09307336807251
losses_test/task:	1.8699476718902588
losses_test/concepts:	189.0730743408203
losses_test/total:	20.777252197265625
calibration_test/ece:	0.043547291308641434
calibration_test/brier:	0.6233993768692017
accuracy_test/task:	51.69140490162237
accuracy_test/concepts:	81.96483612060547
map_test/concepts:	0.30976063285538175

Epoch 196
losses_train/task:	1.5165233612060547
losses_train/concepts:	25.70012664794922
losses_train/total:	4.0865349769592285
losses_test/task:	1.8717683553695679
losses_test/concepts:	192.326904296875
losses_test/total:	21.104455947875977
calibration_test/ece:	0.04880070313811302
calibration_test/brier:	0.6253136396408081
accuracy_test/task:	51.55333103210217
accuracy_test/concepts:	82.11870574951172
map_test/concepts:	0.30975463976489104

Epoch 197
losses_train/task:	1.578837513923645
losses_train/concepts:	25.56612777709961
losses_train/total:	4.13545036315918
losses_test/task:	1.8719587326049805
losses_test/concepts:	192.45950317382812
losses_test/total:	21.11790657043457
calibration_test/ece:	0.04622486233711243
calibration_test/brier:	0.6235799789428711
accuracy_test/task:	51.82947877114256
accuracy_test/concepts:	82.12787628173828
map_test/concepts:	0.3095398126269116

Epoch 198
losses_train/task:	1.5549230575561523
losses_train/concepts:	25.3299617767334
losses_train/total:	4.087918281555176
losses_test/task:	1.8900824785232544
losses_test/concepts:	200.4784698486328
losses_test/total:	21.937931060791016
calibration_test/ece:	0.04269983991980553
calibration_test/brier:	0.6271299719810486
accuracy_test/task:	51.03555402140145
accuracy_test/concepts:	82.12420654296875
map_test/concepts:	0.30956702156269805

Epoch 199
losses_train/task:	1.5316983461380005
losses_train/concepts:	25.428123474121094
losses_train/total:	4.07451057434082
losses_test/task:	1.8800535202026367
losses_test/concepts:	193.50894165039062
losses_test/total:	21.230947494506836
calibration_test/ece:	0.04272390529513359
calibration_test/brier:	0.6256768107414246
accuracy_test/task:	51.294442526751816
accuracy_test/concepts:	81.98429870605469
map_test/concepts:	0.3096755830907917

Epoch 200
losses_train/task:	1.5403192043304443
losses_train/concepts:	25.29669952392578
losses_train/total:	4.069989204406738
losses_test/task:	1.8577840328216553
losses_test/concepts:	198.0732879638672
losses_test/total:	21.665111541748047
calibration_train/ece:	0.16946791112422943
calibration_train/brier:	0.4713810682296753
accuracy_train/task:	68.01097972972973
calibration_test/ece:	0.046993616968393326
calibration_test/brier:	0.620141863822937
accuracy_test/task:	51.725923369002416
accuracy_train/concepts:	83.24917602539062
map_train/concepts:	0.6977881364365841
accuracy_test/concepts:	82.15946197509766
map_test/concepts:	0.3082805937354235
accuracy_test/nuisances_task:	0.07594126921433669
accuracy_test/nuisances_nontask:	0.0
mutual_inf_test/nuisances_task:	0.23670403378624125
mutual_inf_test/nuisances_nontask:	0.0

Epoch 201
losses_train/task:	1.513459324836731
losses_train/concepts:	24.945446014404297
losses_train/total:	4.008004188537598
losses_test/task:	1.8582098484039307
losses_test/concepts:	198.1696319580078
losses_test/total:	21.675174713134766
calibration_test/ece:	0.045636553317308426
calibration_test/brier:	0.6211704611778259
accuracy_test/task:	51.5705902657922
accuracy_test/concepts:	82.16496276855469
map_test/concepts:	0.30888729448370794

Epoch 202
losses_train/task:	1.5276066064834595
losses_train/concepts:	25.532207489013672
losses_train/total:	4.080827713012695
losses_test/task:	1.8594295978546143
losses_test/concepts:	197.28900146484375
losses_test/total:	21.58833122253418
calibration_test/ece:	0.04732074216008186
calibration_test/brier:	0.620972216129303
accuracy_test/task:	51.5015533310321
accuracy_test/concepts:	82.1601791381836
map_test/concepts:	0.3090434628043403

Epoch 203
losses_train/task:	1.5059707164764404
losses_train/concepts:	25.05939483642578
losses_train/total:	4.011910438537598
losses_test/task:	1.8612008094787598
losses_test/concepts:	197.6223907470703
losses_test/total:	21.623441696166992
calibration_test/ece:	0.04336842522025108
calibration_test/brier:	0.6216946244239807
accuracy_test/task:	51.725923369002416
accuracy_test/concepts:	82.1363296508789
map_test/concepts:	0.30929714853459217

Epoch 204
losses_train/task:	1.5192770957946777
losses_train/concepts:	25.193309783935547
losses_train/total:	4.038608551025391
losses_test/task:	1.8624496459960938
losses_test/concepts:	201.07704162597656
losses_test/total:	21.970151901245117
calibration_test/ece:	0.046084918081760406
calibration_test/brier:	0.6216039061546326
accuracy_test/task:	51.6396272005523
accuracy_test/concepts:	82.21417999267578
map_test/concepts:	0.30906182664268195

Epoch 205
losses_train/task:	1.4936163425445557
losses_train/concepts:	24.705760955810547
losses_train/total:	3.9641921520233154
losses_test/task:	1.8567695617675781
losses_test/concepts:	198.66384887695312
losses_test/total:	21.723155975341797
calibration_test/ece:	0.04708762839436531
calibration_test/brier:	0.6183496117591858
accuracy_test/task:	51.881256472212634
accuracy_test/concepts:	82.2442855834961
map_test/concepts:	0.30950050464177387

Epoch 206
losses_train/task:	1.4588710069656372
losses_train/concepts:	24.861717224121094
losses_train/total:	3.945042371749878
losses_test/task:	1.8607655763626099
losses_test/concepts:	196.33897399902344
losses_test/total:	21.494657516479492
calibration_test/ece:	0.045678190886974335
calibration_test/brier:	0.6207519769668579
accuracy_test/task:	51.449775629962026
accuracy_test/concepts:	82.20645141601562
map_test/concepts:	0.30942370028215205

Epoch 207
losses_train/task:	1.4931246042251587
losses_train/concepts:	24.835996627807617
losses_train/total:	3.976724624633789
losses_test/task:	1.8546446561813354
losses_test/concepts:	197.84059143066406
losses_test/total:	21.638702392578125
calibration_test/ece:	0.04839017614722252
calibration_test/brier:	0.6200167536735535
accuracy_test/task:	51.84673800483259
accuracy_test/concepts:	82.15798950195312
map_test/concepts:	0.3092553581091318

Epoch 208
losses_train/task:	1.4759243726730347
losses_train/concepts:	24.681222915649414
losses_train/total:	3.9440464973449707
losses_test/task:	1.8592872619628906
losses_test/concepts:	198.9394989013672
losses_test/total:	21.75324249267578
calibration_test/ece:	0.04292558506131172
calibration_test/brier:	0.6217244267463684
accuracy_test/task:	51.86399723852261
accuracy_test/concepts:	82.23731231689453
map_test/concepts:	0.3090384882141618

Epoch 209
losses_train/task:	1.5294346809387207
losses_train/concepts:	24.78846549987793
losses_train/total:	4.008281707763672
losses_test/task:	1.8592443466186523
losses_test/concepts:	199.4184112548828
losses_test/total:	21.801084518432617
calibration_test/ece:	0.04541584476828575
calibration_test/brier:	0.6207144856452942
accuracy_test/task:	52.05384880911288
accuracy_test/concepts:	82.21089172363281
map_test/concepts:	0.30927831000906036

Epoch 210
losses_train/task:	1.5162084102630615
losses_train/concepts:	24.784603118896484
losses_train/total:	3.9946694374084473
losses_test/task:	1.8618382215499878
losses_test/concepts:	203.9599609375
losses_test/total:	22.25783920288086
calibration_test/ece:	0.047057248651981354
calibration_test/brier:	0.6214062571525574
accuracy_test/task:	51.93303417328271
accuracy_test/concepts:	82.36289978027344
map_test/concepts:	0.3090580885516519

Epoch 211
losses_train/task:	1.4941990375518799
losses_train/concepts:	24.68772315979004
losses_train/total:	3.9629719257354736
losses_test/task:	1.8635151386260986
losses_test/concepts:	197.53123474121094
losses_test/total:	21.616641998291016
calibration_test/ece:	0.045577581971883774
calibration_test/brier:	0.6208314299583435
accuracy_test/task:	52.002071108042806
accuracy_test/concepts:	82.21234130859375
map_test/concepts:	0.30876948199968074

Epoch 212
losses_train/task:	1.5147123336791992
losses_train/concepts:	24.83281707763672
losses_train/total:	3.9979934692382812
losses_test/task:	1.8605180978775024
losses_test/concepts:	204.1561279296875
losses_test/total:	22.276134490966797
calibration_test/ece:	0.04331347718834877
calibration_test/brier:	0.6213974952697754
accuracy_test/task:	51.794960303762515
accuracy_test/concepts:	82.24759674072266
map_test/concepts:	0.30897110417247453

Epoch 213
losses_train/task:	1.4745815992355347
losses_train/concepts:	24.791296005249023
losses_train/total:	3.95371150970459
losses_test/task:	1.8564146757125854
losses_test/concepts:	198.08645629882812
losses_test/total:	21.665054321289062
calibration_test/ece:	0.043677471578121185
calibration_test/brier:	0.6188984513282776
accuracy_test/task:	52.002071108042806
accuracy_test/concepts:	82.11613464355469
map_test/concepts:	0.30893081652515747

Epoch 214
losses_train/task:	1.490415096282959
losses_train/concepts:	24.85951042175293
losses_train/total:	3.9763662815093994
losses_test/task:	1.8580635786056519
losses_test/concepts:	205.87802124023438
losses_test/total:	22.445865631103516
calibration_test/ece:	0.043453387916088104
calibration_test/brier:	0.6212373375892639
accuracy_test/task:	51.89851570590266
accuracy_test/concepts:	82.28689575195312
map_test/concepts:	0.30917284756581837

Epoch 215
losses_train/task:	1.517985224723816
losses_train/concepts:	24.787925720214844
losses_train/total:	3.9967780113220215
losses_test/task:	1.858002781867981
losses_test/concepts:	203.9287567138672
losses_test/total:	22.250883102416992
calibration_test/ece:	0.0442279651761055
calibration_test/brier:	0.6215100884437561
accuracy_test/task:	51.82947877114256
accuracy_test/concepts:	82.25860595703125
map_test/concepts:	0.3093658735916177

Epoch 216
losses_train/task:	1.4697445631027222
losses_train/concepts:	24.673173904418945
losses_train/total:	3.937061309814453
losses_test/task:	1.8577998876571655
losses_test/concepts:	202.1640167236328
losses_test/total:	22.074203491210938
calibration_test/ece:	0.044245701283216476
calibration_test/brier:	0.6200860738754272
accuracy_test/task:	51.93303417328271
accuracy_test/concepts:	82.26632690429688
map_test/concepts:	0.3093537140954682

Epoch 217
losses_train/task:	1.4980250597000122
losses_train/concepts:	24.88496971130371
losses_train/total:	3.9865217208862305
losses_test/task:	1.8690217733383179
losses_test/concepts:	202.43087768554688
losses_test/total:	22.112112045288086
calibration_test/ece:	0.041180867701768875
calibration_test/brier:	0.6247326135635376
accuracy_test/task:	51.41525716258198
accuracy_test/concepts:	82.33426666259766
map_test/concepts:	0.3093702629842657

Epoch 218
losses_train/task:	1.5488169193267822
losses_train/concepts:	24.757925033569336
losses_train/total:	4.024609565734863
losses_test/task:	1.8608440160751343
losses_test/concepts:	202.307861328125
losses_test/total:	22.091630935668945
calibration_test/ece:	0.044859834015369415
calibration_test/brier:	0.6217668652534485
accuracy_test/task:	51.95029340697273
accuracy_test/concepts:	82.26228332519531
map_test/concepts:	0.30908508308509247

Epoch 219
losses_train/task:	1.4644718170166016
losses_train/concepts:	24.072311401367188
losses_train/total:	3.871703863143921
losses_test/task:	1.8554538488388062
losses_test/concepts:	205.3029022216797
losses_test/total:	22.385746002197266
calibration_test/ece:	0.047634001821279526
calibration_test/brier:	0.6192383170127869
accuracy_test/task:	52.34725578184329
accuracy_test/concepts:	82.3360824584961
map_test/concepts:	0.3092817534454801

Epoch 220
losses_train/task:	1.482686161994934
losses_train/concepts:	24.438610076904297
losses_train/total:	3.9265472888946533
losses_test/task:	1.8578145503997803
losses_test/concepts:	201.61532592773438
losses_test/total:	22.019346237182617
calibration_test/ece:	0.044711992144584656
calibration_test/brier:	0.6204704642295837
accuracy_test/task:	51.96755264066275
accuracy_test/concepts:	82.22925567626953
map_test/concepts:	0.3095031843441439

Epoch 221
losses_train/task:	1.5062552690505981
losses_train/concepts:	24.854291915893555
losses_train/total:	3.9916839599609375
losses_test/task:	1.8633846044540405
losses_test/concepts:	207.5
losses_test/total:	22.613384246826172
calibration_test/ece:	0.047317929565906525
calibration_test/brier:	0.620758593082428
accuracy_test/task:	52.10562651018295
accuracy_test/concepts:	82.31663513183594
map_test/concepts:	0.3091857853206865

Epoch 222
losses_train/task:	1.4765536785125732
losses_train/concepts:	24.28072166442871
losses_train/total:	3.9046263694763184
losses_test/task:	1.8602691888809204
losses_test/concepts:	197.40391540527344
losses_test/total:	21.600662231445312
calibration_test/ece:	0.04174036160111427
calibration_test/brier:	0.6201451420783997
accuracy_test/task:	52.05384880911288
accuracy_test/concepts:	82.21601104736328
map_test/concepts:	0.31007011036606547

Epoch 223
losses_train/task:	1.4515470266342163
losses_train/concepts:	24.36004638671875
losses_train/total:	3.8875510692596436
losses_test/task:	1.8564480543136597
losses_test/concepts:	201.37513732910156
losses_test/total:	21.993961334228516
calibration_test/ece:	0.041249096393585205
calibration_test/brier:	0.619637668132782
accuracy_test/task:	51.98481187435278
accuracy_test/concepts:	82.1800308227539
map_test/concepts:	0.30993138965060735

Epoch 224
losses_train/task:	1.4678164720535278
losses_train/concepts:	24.349021911621094
losses_train/total:	3.9027187824249268
losses_test/task:	1.8647253513336182
losses_test/concepts:	203.72557067871094
losses_test/total:	22.237276077270508
calibration_test/ece:	0.04170267656445503
calibration_test/brier:	0.6228595972061157
accuracy_test/task:	51.587849499482225
accuracy_test/concepts:	82.32030487060547
map_test/concepts:	0.30931473604621407

Epoch 225
losses_train/task:	1.5054640769958496
losses_train/concepts:	24.43918228149414
losses_train/total:	3.9493820667266846
losses_test/task:	1.8648968935012817
losses_test/concepts:	206.10609436035156
losses_test/total:	22.47550392150879
calibration_test/ece:	0.045040521770715714
calibration_test/brier:	0.6220725178718567
accuracy_test/task:	51.69140490162237
accuracy_test/concepts:	82.44222259521484
map_test/concepts:	0.30929187129429997

Epoch 226
losses_train/task:	1.5203748941421509
losses_train/concepts:	24.46819305419922
losses_train/total:	3.967194080352783
losses_test/task:	1.8684262037277222
losses_test/concepts:	207.22860717773438
losses_test/total:	22.59128761291504
calibration_test/ece:	0.04417167231440544
calibration_test/brier:	0.6222705245018005
accuracy_test/task:	51.43251639627201
accuracy_test/concepts:	82.47452545166016
map_test/concepts:	0.3097092823244314

Epoch 227
losses_train/task:	1.5274584293365479
losses_train/concepts:	24.626094818115234
losses_train/total:	3.990067958831787
losses_test/task:	1.8654581308364868
losses_test/concepts:	203.5365447998047
losses_test/total:	22.219114303588867
calibration_test/ece:	0.04614131525158882
calibration_test/brier:	0.6222951412200928
accuracy_test/task:	51.95029340697273
accuracy_test/concepts:	82.33058166503906
map_test/concepts:	0.3093563998712504

Epoch 228
losses_train/task:	1.5186127424240112
losses_train/concepts:	24.316604614257812
losses_train/total:	3.950273275375366
losses_test/task:	1.8619599342346191
losses_test/concepts:	206.275390625
losses_test/total:	22.489500045776367
calibration_test/ece:	0.0421682707965374
calibration_test/brier:	0.6205984950065613
accuracy_test/task:	52.05384880911288
accuracy_test/concepts:	82.24465942382812
map_test/concepts:	0.3093846025183163

Epoch 229
losses_train/task:	1.4770076274871826
losses_train/concepts:	24.59691047668457
losses_train/total:	3.9366984367370605
losses_test/task:	1.8610745668411255
losses_test/concepts:	203.50340270996094
losses_test/total:	22.211416244506836
calibration_test/ece:	0.04335784539580345
calibration_test/brier:	0.620915412902832
accuracy_test/task:	52.19192267863307
accuracy_test/concepts:	82.19985961914062
map_test/concepts:	0.3095086716670305

Epoch 230
losses_train/task:	1.5418572425842285
losses_train/concepts:	24.70048713684082
losses_train/total:	4.011905670166016
losses_test/task:	1.862136721611023
losses_test/concepts:	210.53887939453125
losses_test/total:	22.91602325439453
calibration_test/ece:	0.04559333994984627
calibration_test/brier:	0.6222394704818726
accuracy_test/task:	51.93303417328271
accuracy_test/concepts:	82.43304443359375
map_test/concepts:	0.30943788667308525

Epoch 231
losses_train/task:	1.5055779218673706
losses_train/concepts:	24.5670108795166
losses_train/total:	3.9622795581817627
losses_test/task:	1.868998408317566
losses_test/concepts:	206.1445770263672
losses_test/total:	22.483457565307617
calibration_test/ece:	0.040664225816726685
calibration_test/brier:	0.6226791143417358
accuracy_test/task:	51.587849499482225
accuracy_test/concepts:	82.35189056396484
map_test/concepts:	0.30938161337906694

Epoch 232
losses_train/task:	1.4689589738845825
losses_train/concepts:	24.321460723876953
losses_train/total:	3.9011054039001465
losses_test/task:	1.8584150075912476
losses_test/concepts:	205.08663940429688
losses_test/total:	22.36707305908203
calibration_test/ece:	0.046801816672086716
calibration_test/brier:	0.620742678642273
accuracy_test/task:	52.209181912323096
accuracy_test/concepts:	82.34271240234375
map_test/concepts:	0.30961266021303674

Epoch 233
losses_train/task:	1.5353667736053467
losses_train/concepts:	24.71097755432129
losses_train/total:	4.006463050842285
losses_test/task:	1.86974036693573
losses_test/concepts:	204.87074279785156
losses_test/total:	22.3568172454834
calibration_test/ece:	0.045335959643125534
calibration_test/brier:	0.624053955078125
accuracy_test/task:	51.812219537452535
accuracy_test/concepts:	82.34967803955078
map_test/concepts:	0.30921925027716035

Epoch 234
losses_train/task:	1.4985579252243042
losses_train/concepts:	24.48493194580078
losses_train/total:	3.9470508098602295
losses_test/task:	1.862544059753418
losses_test/concepts:	208.69813537597656
losses_test/total:	22.732358932495117
calibration_test/ece:	0.038524579256772995
calibration_test/brier:	0.6218157410621643
accuracy_test/task:	51.82947877114256
accuracy_test/concepts:	82.28321838378906
map_test/concepts:	0.30936655159445203

Epoch 235
losses_train/task:	1.4771047830581665
losses_train/concepts:	24.17226791381836
losses_train/total:	3.89433217048645
losses_test/task:	1.8664398193359375
losses_test/concepts:	206.88768005371094
losses_test/total:	22.555208206176758
calibration_test/ece:	0.046644505113363266
calibration_test/brier:	0.6234731078147888
accuracy_test/task:	52.088367276492924
accuracy_test/concepts:	82.35335540771484
map_test/concepts:	0.30963212860985956

Epoch 236
losses_train/task:	1.448109745979309
losses_train/concepts:	24.63156509399414
losses_train/total:	3.911267042160034
losses_test/task:	1.8541021347045898
losses_test/concepts:	210.03677368164062
losses_test/total:	22.857778549194336
calibration_test/ece:	0.04686417803168297
calibration_test/brier:	0.6203262209892273
accuracy_test/task:	52.295478080773215
accuracy_test/concepts:	82.33316040039062
map_test/concepts:	0.3098002911267921

Epoch 237
losses_train/task:	1.492989420890808
losses_train/concepts:	24.557310104370117
losses_train/total:	3.9487202167510986
losses_test/task:	1.8690980672836304
losses_test/concepts:	208.54893493652344
losses_test/total:	22.723989486694336
calibration_test/ece:	0.04510165750980377
calibration_test/brier:	0.6216774582862854
accuracy_test/task:	52.19192267863307
accuracy_test/concepts:	82.36254119873047
map_test/concepts:	0.3103358640553469

Epoch 238
losses_train/task:	1.4881329536437988
losses_train/concepts:	24.239259719848633
losses_train/total:	3.9120590686798096
losses_test/task:	1.8668073415756226
losses_test/concepts:	205.40455627441406
losses_test/total:	22.407258987426758
calibration_test/ece:	0.04665566608309746
calibration_test/brier:	0.6227951645851135
accuracy_test/task:	51.95029340697273
accuracy_test/concepts:	82.39007568359375
map_test/concepts:	0.31012786661294545

Epoch 239
losses_train/task:	1.4730112552642822
losses_train/concepts:	24.230358123779297
losses_train/total:	3.8960468769073486
losses_test/task:	1.8679784536361694
losses_test/concepts:	209.0597686767578
losses_test/total:	22.77395248413086
calibration_test/ece:	0.04634508490562439
calibration_test/brier:	0.6216335892677307
accuracy_test/task:	52.19192267863307
accuracy_test/concepts:	82.30120086669922
map_test/concepts:	0.30985595711923025

Epoch 240
losses_train/task:	1.473593831062317
losses_train/concepts:	24.543874740600586
losses_train/total:	3.92798113822937
losses_test/task:	1.8640745878219604
losses_test/concepts:	209.0857696533203
losses_test/total:	22.77265167236328
calibration_test/ece:	0.04764530807733536
calibration_test/brier:	0.6216433644294739
accuracy_test/task:	52.157404211253024
accuracy_test/concepts:	82.36068725585938
map_test/concepts:	0.3099134998455485

Epoch 241
losses_train/task:	1.4901820421218872
losses_train/concepts:	24.68507957458496
losses_train/total:	3.958690881729126
losses_test/task:	1.869694471359253
losses_test/concepts:	210.3320770263672
losses_test/total:	22.90290069580078
calibration_test/ece:	0.04021177440881729
calibration_test/brier:	0.6245468854904175
accuracy_test/task:	51.77770107007249
accuracy_test/concepts:	82.38530731201172
map_test/concepts:	0.3093666355720067

Epoch 242
losses_train/task:	1.4914294481277466
losses_train/concepts:	24.46843719482422
losses_train/total:	3.9382734298706055
losses_test/task:	1.8640594482421875
losses_test/concepts:	206.26502990722656
losses_test/total:	22.490564346313477
calibration_test/ece:	0.04389505833387375
calibration_test/brier:	0.6222261786460876
accuracy_test/task:	51.95029340697273
accuracy_test/concepts:	82.30819702148438
map_test/concepts:	0.30944842614352386

Epoch 243
losses_train/task:	1.4570797681808472
losses_train/concepts:	24.05447006225586
losses_train/total:	3.8625266551971436
losses_test/task:	1.8703850507736206
losses_test/concepts:	208.1355743408203
losses_test/total:	22.68394660949707
calibration_test/ece:	0.0440363883972168
calibration_test/brier:	0.6233869194984436
accuracy_test/task:	51.812219537452535
accuracy_test/concepts:	82.34602355957031
map_test/concepts:	0.30969028711873803

Epoch 244
losses_train/task:	1.461479663848877
losses_train/concepts:	24.250436782836914
losses_train/total:	3.886523723602295
losses_test/task:	1.865510106086731
losses_test/concepts:	206.9075469970703
losses_test/total:	22.55626678466797
calibration_test/ece:	0.04198097065091133
calibration_test/brier:	0.6212005019187927
accuracy_test/task:	51.96755264066275
accuracy_test/concepts:	82.25384521484375
map_test/concepts:	0.3095507279157321

Epoch 245
losses_train/task:	1.4721558094024658
losses_train/concepts:	24.41944694519043
losses_train/total:	3.9141006469726562
losses_test/task:	1.85795259475708
losses_test/concepts:	204.192138671875
losses_test/total:	22.277172088623047
calibration_test/ece:	0.04219513013958931
calibration_test/brier:	0.620722234249115
accuracy_test/task:	52.12288574387297
accuracy_test/concepts:	82.33903503417969
map_test/concepts:	0.30931882488917795

Epoch 246
losses_train/task:	1.487730622291565
losses_train/concepts:	24.331758499145508
losses_train/total:	3.9209067821502686
losses_test/task:	1.8638572692871094
losses_test/concepts:	204.6025848388672
losses_test/total:	22.324121475219727
calibration_test/ece:	0.044548697769641876
calibration_test/brier:	0.6200826168060303
accuracy_test/task:	52.088367276492924
accuracy_test/concepts:	82.29386901855469
map_test/concepts:	0.3093784948751489

Epoch 247
losses_train/task:	1.4858570098876953
losses_train/concepts:	24.294845581054688
losses_train/total:	3.915341377258301
losses_test/task:	1.8610509634017944
losses_test/concepts:	208.75643920898438
losses_test/total:	22.7366943359375
calibration_test/ece:	0.04384540021419525
calibration_test/brier:	0.6198598146438599
accuracy_test/task:	52.19192267863307
accuracy_test/concepts:	82.42900848388672
map_test/concepts:	0.3099849586910073

Epoch 248
losses_train/task:	1.5276480913162231
losses_train/concepts:	24.452123641967773
losses_train/total:	3.97286057472229
losses_test/task:	1.864546775817871
losses_test/concepts:	210.48963928222656
losses_test/total:	22.91351318359375
calibration_test/ece:	0.0415860190987587
calibration_test/brier:	0.6216573119163513
accuracy_test/task:	51.62236796686227
accuracy_test/concepts:	82.3294906616211
map_test/concepts:	0.309712873920402

Epoch 249
losses_train/task:	1.4616026878356934
losses_train/concepts:	24.45229721069336
losses_train/total:	3.906832456588745
losses_test/task:	1.8632481098175049
losses_test/concepts:	209.7918701171875
losses_test/total:	22.84243392944336
calibration_test/ece:	0.04124950245022774
calibration_test/brier:	0.6218892335891724
accuracy_test/task:	51.84673800483259
accuracy_test/concepts:	82.3816146850586
map_test/concepts:	0.30938951139080717

Epoch 250
losses_train/task:	1.483373761177063
losses_train/concepts:	24.34278678894043
losses_train/total:	3.9176526069641113
losses_test/task:	1.8702094554901123
losses_test/concepts:	208.4423828125
losses_test/total:	22.71444320678711
calibration_train/ece:	0.17770697176456451
calibration_train/brier:	0.4571809470653534
accuracy_train/task:	69.08783783783784
calibration_test/ece:	0.04077534377574921
calibration_test/brier:	0.6222701072692871
accuracy_test/task:	51.82947877114256
accuracy_train/concepts:	83.6418228149414
map_train/concepts:	0.7114353880603262
accuracy_test/concepts:	82.40660095214844
map_test/concepts:	0.30943104659425136
accuracy_test/nuisances_task:	0.11098980903625488
accuracy_test/nuisances_nontask:	0.0
mutual_inf_test/nuisances_task:	0.23334555016220032
mutual_inf_test/nuisances_nontask:	0.0

epoch_250.pt
groups=0 err_lowconf=48.171 err_random=48.171
groups=1 err_lowconf=48.481 err_random=48.481
groups=2 err_lowconf=53.987 err_random=53.987
groups=3 err_lowconf=63.600 err_random=63.600
groups=4 err_lowconf=66.137 err_random=66.137
groups=5 err_lowconf=72.489 err_random=72.489
groups=6 err_lowconf=78.271 err_random=78.271
groups=7 err_lowconf=80.031 err_random=80.031
groups=8 err_lowconf=81.412 err_random=81.412
groups=9 err_lowconf=84.760 err_random=84.760
groups=10 err_lowconf=89.040 err_random=89.040
groups=11 err_lowconf=92.354 err_random=92.354
groups=12 err_lowconf=92.544 err_random=92.544
[1;34mwandb[0m:
[1;34mwandb[0m: You can sync this run to the cloud by running:
[1;34mwandb[0m: [1mwandb sync /research/hal-afsharim/minimal_cbm/results/cub12-arhcbm/42/wandb/offline-run-20260806_044845-a4ey0oc5[0m
[1;34mwandb[0m: Find logs at: [1;35mresults/cub12-arhcbm/42/wandb/offline-run-20260806_044845-a4ey0oc5/logs[0m
