wandb: Using wandb-core as the SDK backend.  Please refer to https://wandb.me/wandb-core for more information.
wandb: Tracking run with wandb version 0.19.0
wandb: W&B syncing is set to `offline` in this directory.  
wandb: Run `wandb online` or set WANDB_MODE=online to enable cloud syncing.
/research/hal-afsharim/miniconda3/envs/mcbm/lib/python3.10/site-packages/torchvision/models/_utils.py:208: UserWarning: The parameter 'pretrained' is deprecated since 0.13 and will be removed in 0.15, please use 'weights' instead.
  warnings.warn(
/research/hal-afsharim/miniconda3/envs/mcbm/lib/python3.10/site-packages/torchvision/models/_utils.py:223: UserWarning: Arguments other than a weight enum or `None` for 'weights' are deprecated since 0.13 and will be removed in 0.15. The current behavior is equivalent to passing `weights=Inception_V3_Weights.IMAGENET1K_V1`. You can also use `weights=Inception_V3_Weights.DEFAULT` to get the most up-to-date weights.
  warnings.warn(msg)
Epoch 1
losses_train/task:	5.372824192047119
losses_train/concepts:	95.41405487060547
losses_train/total:	14.914227485656738
losses_test/task:	5.303582668304443
losses_test/concepts:	81.32421875
losses_test/total:	13.436003684997559
calibration_test/ece:	0.0015069697983562946
calibration_test/brier:	0.9950337409973145
accuracy_test/task:	0.5177770107007249
accuracy_test/concepts:	54.359371185302734
map_test/concepts:	0.12591734503141858

Epoch 2
losses_train/task:	5.298409461975098
losses_train/concepts:	79.04522705078125
losses_train/total:	13.202933311462402
losses_test/task:	5.272945404052734
losses_test/concepts:	76.02245330810547
losses_test/total:	12.875189781188965
calibration_test/ece:	0.0033808951266109943
calibration_test/brier:	0.9947513341903687
accuracy_test/task:	0.9837763203313773
accuracy_test/concepts:	58.429725646972656
map_test/concepts:	0.18886649401181124

Epoch 3
losses_train/task:	5.2037858963012695
losses_train/concepts:	74.14108276367188
losses_train/total:	12.617894172668457
losses_test/task:	5.123544692993164
losses_test/concepts:	80.45802307128906
losses_test/total:	13.169347763061523
calibration_test/ece:	0.010816846042871475
calibration_test/brier:	0.9930337071418762
accuracy_test/task:	1.2944425267518123
accuracy_test/concepts:	66.0193862915039
map_test/concepts:	0.19394979089159858

Epoch 4
losses_train/task:	4.824937343597412
losses_train/concepts:	72.26287841796875
losses_train/total:	12.051225662231445
losses_test/task:	4.9090776443481445
losses_test/concepts:	77.23100280761719
losses_test/total:	12.63217544555664
calibration_test/ece:	0.013356133364140987
calibration_test/brier:	0.9898449182510376
accuracy_test/task:	1.5533310321021747
accuracy_test/concepts:	54.85015869140625
map_test/concepts:	0.20159809891219166

Epoch 5
losses_train/task:	4.398798942565918
losses_train/concepts:	70.2027816772461
losses_train/total:	11.419078826904297
losses_test/task:	4.148687839508057
losses_test/concepts:	71.28046417236328
losses_test/total:	11.2767333984375
calibration_test/ece:	0.012880286201834679
calibration_test/brier:	0.9738777279853821
accuracy_test/task:	5.229547808077322
accuracy_test/concepts:	62.90427017211914
map_test/concepts:	0.23309938370842825

Epoch 6
losses_train/task:	4.073750019073486
losses_train/concepts:	68.97529602050781
losses_train/total:	10.97127914428711
losses_test/task:	4.021779537200928
losses_test/concepts:	72.02810668945312
losses_test/total:	11.224591255187988
calibration_test/ece:	0.04355757310986519
calibration_test/brier:	0.97458416223526
accuracy_test/task:	7.300655850880221
accuracy_test/concepts:	63.91127014160156
map_test/concepts:	0.23826502178033646

Epoch 7
losses_train/task:	3.8304131031036377
losses_train/concepts:	68.09065246582031
losses_train/total:	10.639476776123047
losses_test/task:	3.839012861251831
losses_test/concepts:	71.78260803222656
losses_test/total:	11.017271041870117
calibration_test/ece:	0.01461633201688528
calibration_test/brier:	0.9567885398864746
accuracy_test/task:	9.958577839143942
accuracy_test/concepts:	64.64619445800781
map_test/concepts:	0.24131030470810153

Epoch 8
losses_train/task:	3.49484920501709
losses_train/concepts:	66.28837585449219
losses_train/total:	10.123686790466309
losses_test/task:	4.201826572418213
losses_test/concepts:	80.66262817382812
losses_test/total:	12.26809024810791
calibration_test/ece:	0.0839734598994255
calibration_test/brier:	0.9822481274604797
accuracy_test/task:	11.788056610286503
accuracy_test/concepts:	66.52869415283203
map_test/concepts:	0.23770109965381298

Epoch 9
losses_train/task:	3.2562012672424316
losses_train/concepts:	66.00990295410156
losses_train/total:	9.85719108581543
losses_test/task:	3.7732295989990234
losses_test/concepts:	75.00198364257812
losses_test/total:	11.273429870605469
calibration_test/ece:	0.10590506345033646
calibration_test/brier:	0.9621677398681641
accuracy_test/task:	12.098722816706939
accuracy_test/concepts:	63.294944763183594
map_test/concepts:	0.24861172617159105

Epoch 10
losses_train/task:	3.112172842025757
losses_train/concepts:	65.052734375
losses_train/total:	9.617446899414062
losses_test/task:	3.3375141620635986
losses_test/concepts:	71.63050842285156
losses_test/total:	10.500566482543945
calibration_test/ece:	0.07616889476776123
calibration_test/brier:	0.9282349348068237
accuracy_test/task:	17.431826026924405
accuracy_test/concepts:	64.49745178222656
map_test/concepts:	0.2590618274005299

Epoch 11
losses_train/task:	2.94333815574646
losses_train/concepts:	64.06136322021484
losses_train/total:	9.349474906921387
losses_test/task:	3.5366199016571045
losses_test/concepts:	74.65327453613281
losses_test/total:	11.001948356628418
calibration_test/ece:	0.11870024353265762
calibration_test/brier:	0.9260895848274231
accuracy_test/task:	19.36486020020711
accuracy_test/concepts:	69.85282135009766
map_test/concepts:	0.2575261292725124

Epoch 12
losses_train/task:	2.7905731201171875
losses_train/concepts:	63.502655029296875
losses_train/total:	9.140839576721191
losses_test/task:	2.9023921489715576
losses_test/concepts:	72.12098693847656
losses_test/total:	10.114493370056152
calibration_test/ece:	0.058460112661123276
calibration_test/brier:	0.871651291847229
accuracy_test/task:	24.991370383154987
accuracy_test/concepts:	68.02272033691406
map_test/concepts:	0.26772801503539084

Epoch 13
losses_train/task:	2.67079758644104
losses_train/concepts:	62.51832580566406
losses_train/total:	8.92263126373291
losses_test/task:	2.9082887172698975
losses_test/concepts:	73.55390167236328
losses_test/total:	10.263677597045898
calibration_test/ece:	0.07505100220441818
calibration_test/brier:	0.8466953039169312
accuracy_test/task:	27.890921643079047
accuracy_test/concepts:	70.0455093383789
map_test/concepts:	0.2608816657469354

Epoch 14
losses_train/task:	2.5271191596984863
losses_train/concepts:	61.72529602050781
losses_train/total:	8.699649810791016
losses_test/task:	2.6598002910614014
losses_test/concepts:	72.7322998046875
losses_test/total:	9.93303108215332
calibration_test/ece:	0.08257579803466797
calibration_test/brier:	0.8352002501487732
accuracy_test/task:	29.27166033828098
accuracy_test/concepts:	68.5097427368164
map_test/concepts:	0.28106063434176826

Epoch 15
losses_train/task:	2.498774290084839
losses_train/concepts:	61.56205368041992
losses_train/total:	8.65497875213623
losses_test/task:	2.864668607711792
losses_test/concepts:	73.6118392944336
losses_test/total:	10.225852966308594
calibration_test/ece:	0.10967545211315155
calibration_test/brier:	0.8682914972305298
accuracy_test/task:	25.2847773558854
accuracy_test/concepts:	67.81466674804688
map_test/concepts:	0.27238703053444624

Epoch 16
losses_train/task:	2.320150852203369
losses_train/concepts:	60.76020431518555
losses_train/total:	8.396170616149902
losses_test/task:	2.623149871826172
losses_test/concepts:	76.29108428955078
losses_test/total:	10.25225830078125
calibration_test/ece:	0.07638005912303925
calibration_test/brier:	0.818566083908081
accuracy_test/task:	30.911287538833275
accuracy_test/concepts:	68.88253021240234
map_test/concepts:	0.27294721475548367

Epoch 17
losses_train/task:	2.38557767868042
losses_train/concepts:	60.972900390625
losses_train/total:	8.482867240905762
losses_test/task:	2.9994723796844482
losses_test/concepts:	75.65275573730469
losses_test/total:	10.564746856689453
calibration_test/ece:	0.13236728310585022
calibration_test/brier:	0.8823378682136536
accuracy_test/task:	26.889886089057647
accuracy_test/concepts:	69.9949951171875
map_test/concepts:	0.26835337894206696

Epoch 18
losses_train/task:	2.2506847381591797
losses_train/concepts:	59.64799118041992
losses_train/total:	8.215486526489258
losses_test/task:	2.456615924835205
losses_test/concepts:	76.88713073730469
losses_test/total:	10.145328521728516
calibration_test/ece:	0.08597590774297714
calibration_test/brier:	0.7845744490623474
accuracy_test/task:	34.31135657576804
accuracy_test/concepts:	70.62385559082031
map_test/concepts:	0.2885984849523414

Epoch 19
losses_train/task:	2.133119821548462
losses_train/concepts:	59.282684326171875
losses_train/total:	8.06138801574707
losses_test/task:	2.6518962383270264
losses_test/concepts:	75.87340545654297
losses_test/total:	10.239236831665039
calibration_test/ece:	0.10053296387195587
calibration_test/brier:	0.827060341835022
accuracy_test/task:	30.47980669658267
accuracy_test/concepts:	69.36266326904297
map_test/concepts:	0.27645154023881663

Epoch 20
losses_train/task:	2.0833797454833984
losses_train/concepts:	58.8305549621582
losses_train/total:	7.966434001922607
losses_test/task:	3.7717044353485107
losses_test/concepts:	82.02103424072266
losses_test/total:	11.973808288574219
calibration_test/ece:	0.21079951524734497
calibration_test/brier:	0.9464896321296692
accuracy_test/task:	21.97100448740076
accuracy_test/concepts:	70.84696960449219
map_test/concepts:	0.2647055627016181

Epoch 21
losses_train/task:	1.9808639287948608
losses_train/concepts:	57.816402435302734
losses_train/total:	7.7625041007995605
losses_test/task:	2.122992753982544
losses_test/concepts:	72.7674789428711
losses_test/total:	9.399740219116211
calibration_test/ece:	0.029489822685718536
calibration_test/brier:	0.7158793210983276
accuracy_test/task:	42.07801173627891
accuracy_test/concepts:	69.653564453125
map_test/concepts:	0.2955450515855442

Epoch 22
losses_train/task:	1.9473522901535034
losses_train/concepts:	57.37189865112305
losses_train/total:	7.684541702270508
losses_test/task:	3.1512017250061035
losses_test/concepts:	82.8377456665039
losses_test/total:	11.434976577758789
calibration_test/ece:	0.1554279774427414
calibration_test/brier:	0.8898965120315552
accuracy_test/task:	27.166033828098033
accuracy_test/concepts:	67.76728057861328
map_test/concepts:	0.2629049323922531

Epoch 23
losses_train/task:	1.8854024410247803
losses_train/concepts:	56.80644226074219
losses_train/total:	7.566048622131348
losses_test/task:	2.9372949600219727
losses_test/concepts:	90.59381866455078
losses_test/total:	11.996675491333008
calibration_test/ece:	0.17524953186511993
calibration_test/brier:	0.8439943194389343
accuracy_test/task:	31.54987918536417
accuracy_test/concepts:	73.61815643310547
map_test/concepts:	0.26827794816344974

Epoch 24
losses_train/task:	1.8970184326171875
losses_train/concepts:	57.475337982177734
losses_train/total:	7.644552230834961
losses_test/task:	2.1449780464172363
losses_test/concepts:	91.44248962402344
losses_test/total:	11.289227485656738
calibration_test/ece:	0.10148760676383972
calibration_test/brier:	0.717155396938324
accuracy_test/task:	42.80289955125993
accuracy_test/concepts:	72.6777114868164
map_test/concepts:	0.2873225457119671

Epoch 25
losses_train/task:	1.8823391199111938
losses_train/concepts:	56.70063400268555
losses_train/total:	7.552401542663574
losses_test/task:	1.9057523012161255
losses_test/concepts:	74.98461151123047
losses_test/total:	9.40421199798584
calibration_test/ece:	0.08192745596170425
calibration_test/brier:	0.6630976796150208
accuracy_test/task:	47.01415257162582
accuracy_test/concepts:	70.60563659667969
map_test/concepts:	0.2943628434091806

Epoch 26
losses_train/task:	1.8521300554275513
losses_train/concepts:	56.5777702331543
losses_train/total:	7.509906768798828
losses_test/task:	2.01033878326416
losses_test/concepts:	81.82593536376953
losses_test/total:	10.19293212890625
calibration_test/ece:	0.08732690662145615
calibration_test/brier:	0.680557131767273
accuracy_test/task:	46.703486365205386
accuracy_test/concepts:	73.0934829711914
map_test/concepts:	0.29669903318651697

Epoch 27
losses_train/task:	1.849528193473816
losses_train/concepts:	56.518577575683594
losses_train/total:	7.501386642456055
losses_test/task:	2.6224772930145264
losses_test/concepts:	80.10613250732422
losses_test/total:	10.63309097290039
calibration_test/ece:	0.10857173800468445
calibration_test/brier:	0.7886404395103455
accuracy_test/task:	36.1408353469106
accuracy_test/concepts:	71.45448303222656
map_test/concepts:	0.285894200341268

Epoch 28
losses_train/task:	1.7597318887710571
losses_train/concepts:	55.54867935180664
losses_train/total:	7.314599990844727
losses_test/task:	1.955629825592041
losses_test/concepts:	87.14373779296875
losses_test/total:	10.670002937316895
calibration_test/ece:	0.09461978822946548
calibration_test/brier:	0.6788235902786255
accuracy_test/task:	45.73696927856403
accuracy_test/concepts:	72.96107482910156
map_test/concepts:	0.2942435472610999

Epoch 29
losses_train/task:	1.6959317922592163
losses_train/concepts:	55.44353103637695
losses_train/total:	7.240285873413086
losses_test/task:	2.2015676498413086
losses_test/concepts:	78.69271087646484
losses_test/total:	10.070839881896973
calibration_test/ece:	0.09920434653759003
calibration_test/brier:	0.7056616544723511
accuracy_test/task:	43.82119433897135
accuracy_test/concepts:	70.5965347290039
map_test/concepts:	0.28842470010911875

Epoch 30
losses_train/task:	1.7658843994140625
losses_train/concepts:	55.11886978149414
losses_train/total:	7.27777099609375
losses_test/task:	2.401650905609131
losses_test/concepts:	79.01107025146484
losses_test/total:	10.302760124206543
calibration_test/ece:	0.1349545121192932
calibration_test/brier:	0.7590864896774292
accuracy_test/task:	40.00690369347601
accuracy_test/concepts:	70.29716491699219
map_test/concepts:	0.2830604047853161

Epoch 31
losses_train/task:	1.7752020359039307
losses_train/concepts:	55.24433898925781
losses_train/total:	7.299635887145996
losses_test/task:	1.9475432634353638
losses_test/concepts:	84.7838363647461
losses_test/total:	10.425928115844727
calibration_test/ece:	0.10998217016458511
calibration_test/brier:	0.6669222116470337
accuracy_test/task:	48.03244735933725
accuracy_test/concepts:	73.7232894897461
map_test/concepts:	0.2991696813059124

Epoch 32
losses_train/task:	1.6090916395187378
losses_train/concepts:	53.829105377197266
losses_train/total:	6.992002964019775
losses_test/task:	2.6561620235443115
losses_test/concepts:	93.38359832763672
losses_test/total:	11.994522094726562
calibration_test/ece:	0.17549318075180054
calibration_test/brier:	0.7899003624916077
accuracy_test/task:	38.574387297204005
accuracy_test/concepts:	74.42872619628906
map_test/concepts:	0.2875583003444428

Epoch 33
losses_train/task:	1.6173832416534424
losses_train/concepts:	53.41199493408203
losses_train/total:	6.958582878112793
losses_test/task:	2.300394058227539
losses_test/concepts:	92.1771011352539
losses_test/total:	11.518105506896973
calibration_test/ece:	0.14380593597888947
calibration_test/brier:	0.7356866598129272
accuracy_test/task:	42.181567138419055
accuracy_test/concepts:	73.62097930908203
map_test/concepts:	0.2889133618551899

Epoch 34
losses_train/task:	1.6293314695358276
losses_train/concepts:	53.52574157714844
losses_train/total:	6.981905937194824
losses_test/task:	2.81659197807312
losses_test/concepts:	94.51039123535156
losses_test/total:	12.267634391784668
calibration_test/ece:	0.19831356406211853
calibration_test/brier:	0.8032339215278625
accuracy_test/task:	37.27994477045219
accuracy_test/concepts:	71.8084487915039
map_test/concepts:	0.2842768314294517

Epoch 35
losses_train/task:	1.5211608409881592
losses_train/concepts:	53.023197174072266
losses_train/total:	6.82348108291626
losses_test/task:	1.9889639616012573
losses_test/concepts:	85.30349731445312
losses_test/total:	10.519314765930176
calibration_test/ece:	0.11458344012498856
calibration_test/brier:	0.6653127670288086
accuracy_test/task:	48.75733517431826
accuracy_test/concepts:	73.16596984863281
map_test/concepts:	0.2937912539155646

Epoch 36
losses_train/task:	1.4276505708694458
losses_train/concepts:	51.82838439941406
losses_train/total:	6.6104888916015625
losses_test/task:	1.8373048305511475
losses_test/concepts:	89.01567840576172
losses_test/total:	10.738871574401855
calibration_test/ece:	0.0944431722164154
calibration_test/brier:	0.633266806602478
accuracy_test/task:	50.79392474974111
accuracy_test/concepts:	73.8544692993164
map_test/concepts:	0.2959888484582982

Epoch 37
losses_train/task:	1.444766640663147
losses_train/concepts:	52.0931396484375
losses_train/total:	6.654079914093018
losses_test/task:	1.9620211124420166
losses_test/concepts:	93.52665710449219
losses_test/total:	11.31468391418457
calibration_test/ece:	0.1312461942434311
calibration_test/brier:	0.6546531915664673
accuracy_test/task:	50.465999309630654
accuracy_test/concepts:	75.16709899902344
map_test/concepts:	0.29965103531933646

Epoch 38
losses_train/task:	1.3772305250167847
losses_train/concepts:	51.41770935058594
losses_train/total:	6.519002437591553
losses_test/task:	2.924243927001953
losses_test/concepts:	97.43153381347656
losses_test/total:	12.667399406433105
calibration_test/ece:	0.2079119086265564
calibration_test/brier:	0.8186249136924744
accuracy_test/task:	37.22816706938212
accuracy_test/concepts:	74.94776153564453
map_test/concepts:	0.2822227211245759

Epoch 39
losses_train/task:	1.421176791191101
losses_train/concepts:	50.992332458496094
losses_train/total:	6.52040958404541
losses_test/task:	1.810536503791809
losses_test/concepts:	98.6047134399414
losses_test/total:	11.67100715637207
calibration_test/ece:	0.12100382149219513
calibration_test/brier:	0.6228027939796448
accuracy_test/task:	53.60717984121505
accuracy_test/concepts:	75.75704956054688
map_test/concepts:	0.30628493878651747

Epoch 40
losses_train/task:	1.3718911409378052
losses_train/concepts:	50.54096603393555
losses_train/total:	6.425987720489502
losses_test/task:	2.5295417308807373
losses_test/concepts:	96.46955108642578
losses_test/total:	12.176498413085938
calibration_test/ece:	0.1986115276813507
calibration_test/brier:	0.7495977878570557
accuracy_test/task:	43.73489817052123
accuracy_test/concepts:	72.787841796875
map_test/concepts:	0.2846827487715266

Epoch 41
losses_train/task:	1.3553504943847656
losses_train/concepts:	50.20362091064453
losses_train/total:	6.3757123947143555
losses_test/task:	2.5477259159088135
losses_test/concepts:	100.56179809570312
losses_test/total:	12.60390853881836
calibration_test/ece:	0.19677266478538513
calibration_test/brier:	0.7708008885383606
accuracy_test/task:	42.388677942699346
accuracy_test/concepts:	74.64712524414062
map_test/concepts:	0.29184510248967194

Epoch 42
losses_train/task:	1.44789457321167
losses_train/concepts:	51.3003044128418
losses_train/total:	6.5779242515563965
losses_test/task:	2.2081241607666016
losses_test/concepts:	104.82008361816406
losses_test/total:	12.690133094787598
calibration_test/ece:	0.15337108075618744
calibration_test/brier:	0.7026740312576294
accuracy_test/task:	46.03037625129444
accuracy_test/concepts:	74.20655059814453
map_test/concepts:	0.29484670818360015

Epoch 43
losses_train/task:	1.3492010831832886
losses_train/concepts:	49.81437683105469
losses_train/total:	6.330638885498047
losses_test/task:	1.8992329835891724
losses_test/concepts:	98.46819305419922
losses_test/total:	11.746051788330078
calibration_test/ece:	0.15622329711914062
calibration_test/brier:	0.6303185820579529
accuracy_test/task:	53.710735243355195
accuracy_test/concepts:	75.31175994873047
map_test/concepts:	0.3107912697405978

Epoch 44
losses_train/task:	1.304283857345581
losses_train/concepts:	49.38916778564453
losses_train/total:	6.243199348449707
losses_test/task:	2.232780933380127
losses_test/concepts:	99.4616928100586
losses_test/total:	12.17895221710205
calibration_test/ece:	0.13942550122737885
calibration_test/brier:	0.6846947073936462
accuracy_test/task:	48.22229892992751
accuracy_test/concepts:	74.40644836425781
map_test/concepts:	0.29181450404734777

Epoch 45
losses_train/task:	1.337804913520813
losses_train/concepts:	49.398948669433594
losses_train/total:	6.277700424194336
losses_test/task:	1.8121494054794312
losses_test/concepts:	101.64875793457031
losses_test/total:	11.97702407836914
calibration_test/ece:	0.13450807332992554
calibration_test/brier:	0.6039502024650574
accuracy_test/task:	55.28132550914739
accuracy_test/concepts:	75.1335220336914
map_test/concepts:	0.3084438042376529

Epoch 46
losses_train/task:	1.3458002805709839
losses_train/concepts:	49.68803405761719
losses_train/total:	6.314602851867676
losses_test/task:	1.8118634223937988
losses_test/concepts:	101.37863159179688
losses_test/total:	11.949727058410645
calibration_test/ece:	0.12417933344841003
calibration_test/brier:	0.6179364919662476
accuracy_test/task:	53.572661373835004
accuracy_test/concepts:	75.55181884765625
map_test/concepts:	0.3008524149825627

Epoch 47
losses_train/task:	1.2933506965637207
losses_train/concepts:	48.3524169921875
losses_train/total:	6.128592491149902
losses_test/task:	1.9068529605865479
losses_test/concepts:	114.21581268310547
losses_test/total:	13.3284330368042
calibration_test/ece:	0.1460406333208084
calibration_test/brier:	0.6269767880439758
accuracy_test/task:	53.72799447704522
accuracy_test/concepts:	76.69406127929688
map_test/concepts:	0.3011501401578161

Epoch 48
losses_train/task:	1.3144586086273193
losses_train/concepts:	49.14875793457031
losses_train/total:	6.229334354400635
losses_test/task:	2.0972867012023926
losses_test/concepts:	98.63090515136719
losses_test/total:	11.960376739501953
calibration_test/ece:	0.14305751025676727
calibration_test/brier:	0.6732860207557678
accuracy_test/task:	49.689333793579564
accuracy_test/concepts:	74.79743957519531
map_test/concepts:	0.2957687767137858

Epoch 49
losses_train/task:	1.2597235441207886
losses_train/concepts:	48.66530990600586
losses_train/total:	6.126255512237549
losses_test/task:	2.1340901851654053
losses_test/concepts:	107.5530014038086
losses_test/total:	12.889392852783203
calibration_test/ece:	0.1422618329524994
calibration_test/brier:	0.6719470620155334
accuracy_test/task:	48.394891266827756
accuracy_test/concepts:	75.36825561523438
map_test/concepts:	0.2991151416928253

Epoch 50
losses_train/task:	1.2597559690475464
losses_train/concepts:	48.7210807800293
losses_train/total:	6.131864070892334
losses_test/task:	1.7732287645339966
losses_test/concepts:	110.80308532714844
losses_test/total:	12.853537559509277
calibration_test/ece:	0.1350744515657425
calibration_test/brier:	0.6006659865379333
accuracy_test/task:	55.09147393855713
accuracy_test/concepts:	77.51026916503906
map_test/concepts:	0.29624541518701747

Epoch 51
losses_train/task:	1.3057518005371094
losses_train/concepts:	48.612979888916016
losses_train/total:	6.167048454284668
losses_test/task:	2.0052266120910645
losses_test/concepts:	103.16243743896484
losses_test/total:	12.321468353271484
calibration_test/ece:	0.15914390981197357
calibration_test/brier:	0.6445860266685486
accuracy_test/task:	52.77873662409389
accuracy_test/concepts:	76.2371826171875
map_test/concepts:	0.30227925610643896

Epoch 52
losses_train/task:	1.2258021831512451
losses_train/concepts:	47.83414840698242
losses_train/total:	6.009217739105225
losses_test/task:	1.7783148288726807
losses_test/concepts:	112.41997528076172
losses_test/total:	13.020313262939453
calibration_test/ece:	0.13877882063388824
calibration_test/brier:	0.6011309623718262
accuracy_test/task:	54.88436313427684
accuracy_test/concepts:	77.70388793945312
map_test/concepts:	0.3053047067401084

Epoch 53
losses_train/task:	1.1744776964187622
losses_train/concepts:	47.08637619018555
losses_train/total:	5.883114814758301
losses_test/task:	1.8752212524414062
losses_test/concepts:	120.38115692138672
losses_test/total:	13.913335800170898
calibration_test/ece:	0.14903587102890015
calibration_test/brier:	0.6166172623634338
accuracy_test/task:	53.641698308595096
accuracy_test/concepts:	77.28998565673828
map_test/concepts:	0.30278319753706456

Epoch 54
losses_train/task:	1.1825964450836182
losses_train/concepts:	46.86761474609375
losses_train/total:	5.869356632232666
losses_test/task:	2.875554084777832
losses_test/concepts:	124.34683990478516
losses_test/total:	15.310236930847168
calibration_test/ece:	0.24363680183887482
calibration_test/brier:	0.7952106595039368
accuracy_test/task:	41.905419399378665
accuracy_test/concepts:	77.09950256347656
map_test/concepts:	0.28118118257685143

Epoch 55
losses_train/task:	1.185184359550476
losses_train/concepts:	47.27248001098633
losses_train/total:	5.912432670593262
losses_test/task:	2.0571744441986084
losses_test/concepts:	126.41573333740234
losses_test/total:	14.698746681213379
calibration_test/ece:	0.17830827832221985
calibration_test/brier:	0.6518985033035278
accuracy_test/task:	51.96755264066275
accuracy_test/concepts:	77.4817123413086
map_test/concepts:	0.2950329124080864

Epoch 56
losses_train/task:	1.10853111743927
losses_train/concepts:	46.000343322753906
losses_train/total:	5.708566665649414
losses_test/task:	2.145235300064087
losses_test/concepts:	133.56710815429688
losses_test/total:	15.501948356628418
calibration_test/ece:	0.18571342527866364
calibration_test/brier:	0.6691955924034119
accuracy_test/task:	51.03555402140145
accuracy_test/concepts:	78.26215362548828
map_test/concepts:	0.2961629411713643

Epoch 57
losses_train/task:	1.1971189975738525
losses_train/concepts:	46.47230529785156
losses_train/total:	5.8443498611450195
losses_test/task:	2.312939405441284
losses_test/concepts:	112.000732421875
losses_test/total:	13.513012886047363
calibration_test/ece:	0.17733478546142578
calibration_test/brier:	0.6999139785766602
accuracy_test/task:	47.94615119088712
accuracy_test/concepts:	75.58539581298828
map_test/concepts:	0.29028851938095285

Epoch 58
losses_train/task:	1.0999338626861572
losses_train/concepts:	45.90865707397461
losses_train/total:	5.690800189971924
losses_test/task:	1.657842755317688
losses_test/concepts:	113.21073913574219
losses_test/total:	12.978918075561523
calibration_test/ece:	0.12715598940849304
calibration_test/brier:	0.5642977356910706
accuracy_test/task:	58.3534691059717
accuracy_test/concepts:	76.9865493774414
map_test/concepts:	0.3062589383514767

Epoch 59
losses_train/task:	1.1403186321258545
losses_train/concepts:	45.74220275878906
losses_train/total:	5.71453857421875
losses_test/task:	2.1110587120056152
losses_test/concepts:	118.3169174194336
losses_test/total:	13.94275188446045
calibration_test/ece:	0.1845988631248474
calibration_test/brier:	0.6541392803192139
accuracy_test/task:	53.03762512944425
accuracy_test/concepts:	76.66927337646484
map_test/concepts:	0.3039651065048846

Epoch 60
losses_train/task:	1.116074800491333
losses_train/concepts:	45.975128173828125
losses_train/total:	5.713587284088135
losses_test/task:	2.17445707321167
losses_test/concepts:	128.2904510498047
losses_test/total:	15.003504753112793
calibration_test/ece:	0.19495278596878052
calibration_test/brier:	0.6633522510528564
accuracy_test/task:	52.89955125992406
accuracy_test/concepts:	78.10053253173828
map_test/concepts:	0.28851151668720626

Epoch 61
losses_train/task:	1.1185948848724365
losses_train/concepts:	45.10042190551758
losses_train/total:	5.628636360168457
losses_test/task:	2.0847346782684326
losses_test/concepts:	123.15681457519531
losses_test/total:	14.40041732788086
calibration_test/ece:	0.17885622382164001
calibration_test/brier:	0.6644394397735596
accuracy_test/task:	51.27718329306179
accuracy_test/concepts:	77.6009750366211
map_test/concepts:	0.2960701395757496

Epoch 62
losses_train/task:	1.1233667135238647
losses_train/concepts:	44.72051239013672
losses_train/total:	5.595417022705078
losses_test/task:	2.0664212703704834
losses_test/concepts:	127.67897033691406
losses_test/total:	14.834315299987793
calibration_test/ece:	0.16400621831417084
calibration_test/brier:	0.6341421008110046
accuracy_test/task:	53.74525371073524
accuracy_test/concepts:	78.68202209472656
map_test/concepts:	0.3001889849335633

Epoch 63
losses_train/task:	1.0041030645370483
losses_train/concepts:	44.06157684326172
losses_train/total:	5.410261154174805
losses_test/task:	1.987045168876648
losses_test/concepts:	120.88616180419922
losses_test/total:	14.075661659240723
calibration_test/ece:	0.170083686709404
calibration_test/brier:	0.6200945973396301
accuracy_test/task:	55.45391784604764
accuracy_test/concepts:	77.90849304199219
map_test/concepts:	0.29851265637712043

Epoch 64
losses_train/task:	1.022207498550415
losses_train/concepts:	43.16617965698242
losses_train/total:	5.338825702667236
losses_test/task:	1.9788594245910645
losses_test/concepts:	124.46893310546875
losses_test/total:	14.425756454467773
calibration_test/ece:	0.15316836535930634
calibration_test/brier:	0.6510211825370789
accuracy_test/task:	51.104590956161545
accuracy_test/concepts:	76.2054672241211
map_test/concepts:	0.2937387697991322

Epoch 65
losses_train/task:	1.080411672592163
losses_train/concepts:	44.23978042602539
losses_train/total:	5.504389762878418
losses_test/task:	2.102386951446533
losses_test/concepts:	125.03810119628906
losses_test/total:	14.606194496154785
calibration_test/ece:	0.16631990671157837
calibration_test/brier:	0.6480535268783569
accuracy_test/task:	52.502588885053505
accuracy_test/concepts:	78.25902557373047
map_test/concepts:	0.30092430687932803

Epoch 66
losses_train/task:	1.1172574758529663
losses_train/concepts:	44.69818115234375
losses_train/total:	5.587075233459473
losses_test/task:	2.60793399810791
losses_test/concepts:	144.15318298339844
losses_test/total:	17.023252487182617
calibration_test/ece:	0.20851385593414307
calibration_test/brier:	0.7705334424972534
accuracy_test/task:	42.33690024162927
accuracy_test/concepts:	75.88822937011719
map_test/concepts:	0.2714506617239253

Epoch 67
losses_train/task:	1.0535364151000977
losses_train/concepts:	43.93880081176758
losses_train/total:	5.447417736053467
losses_test/task:	2.177107095718384
losses_test/concepts:	155.55816650390625
losses_test/total:	17.732925415039062
calibration_test/ece:	0.19489651918411255
calibration_test/brier:	0.6768982410430908
accuracy_test/task:	51.27718329306179
accuracy_test/concepts:	79.75398254394531
map_test/concepts:	0.29279681445861405

Epoch 68
losses_train/task:	1.0912145376205444
losses_train/concepts:	44.121849060058594
losses_train/total:	5.503399848937988
losses_test/task:	2.1002066135406494
losses_test/concepts:	116.43601989746094
losses_test/total:	13.743806838989258
calibration_test/ece:	0.17233192920684814
calibration_test/brier:	0.6515363454818726
accuracy_test/task:	52.12288574387297
accuracy_test/concepts:	77.09732055664062
map_test/concepts:	0.2970420711165802

Epoch 69
losses_train/task:	1.0827218294143677
losses_train/concepts:	43.444786071777344
losses_train/total:	5.4272003173828125
losses_test/task:	2.024960994720459
losses_test/concepts:	130.77781677246094
losses_test/total:	15.102742195129395
calibration_test/ece:	0.18706528842449188
calibration_test/brier:	0.6402602791786194
accuracy_test/task:	54.17673455298585
accuracy_test/concepts:	78.2254409790039
map_test/concepts:	0.3010752386667512

Epoch 70
losses_train/task:	1.0197569131851196
losses_train/concepts:	43.1369514465332
losses_train/total:	5.333451747894287
losses_test/task:	2.127718448638916
losses_test/concepts:	128.12432861328125
losses_test/total:	14.94014835357666
calibration_test/ece:	0.1830076426267624
calibration_test/brier:	0.6496128439903259
accuracy_test/task:	52.81325509147394
accuracy_test/concepts:	78.16896057128906
map_test/concepts:	0.29141315243799576

Epoch 71
losses_train/task:	1.0332835912704468
losses_train/concepts:	42.807762145996094
losses_train/total:	5.314059257507324
losses_test/task:	2.6354010105133057
losses_test/concepts:	154.9466552734375
losses_test/total:	18.130064010620117
calibration_test/ece:	0.23351168632507324
calibration_test/brier:	0.7570315599441528
accuracy_test/task:	45.995857783914396
accuracy_test/concepts:	79.07302856445312
map_test/concepts:	0.28396688339046455

Epoch 72
losses_train/task:	0.9754676222801208
losses_train/concepts:	42.00151062011719
losses_train/total:	5.1756181716918945
losses_test/task:	1.9921488761901855
losses_test/concepts:	156.59852600097656
losses_test/total:	17.652002334594727
calibration_test/ece:	0.18902543187141418
calibration_test/brier:	0.6109321117401123
accuracy_test/task:	57.33517431826027
accuracy_test/concepts:	79.92030334472656
map_test/concepts:	0.30157508789985016

Epoch 73
losses_train/task:	1.0169808864593506
losses_train/concepts:	42.11652755737305
losses_train/total:	5.228634357452393
losses_test/task:	1.953105092048645
losses_test/concepts:	134.6834259033203
losses_test/total:	15.421445846557617
calibration_test/ece:	0.16097939014434814
calibration_test/brier:	0.6139198541641235
accuracy_test/task:	55.609250949257856
accuracy_test/concepts:	78.41090393066406
map_test/concepts:	0.29727154850790444

Epoch 74
losses_train/task:	0.953587532043457
losses_train/concepts:	41.907081604003906
losses_train/total:	5.144296169281006
losses_test/task:	2.5654351711273193
losses_test/concepts:	161.84986877441406
losses_test/total:	18.75042152404785
calibration_test/ece:	0.2337542325258255
calibration_test/brier:	0.7338823080062866
accuracy_test/task:	48.51570590265792
accuracy_test/concepts:	79.84656524658203
map_test/concepts:	0.28895480603148993

Epoch 75
losses_train/task:	1.0350667238235474
losses_train/concepts:	42.047027587890625
losses_train/total:	5.239768981933594
losses_test/task:	2.0205044746398926
losses_test/concepts:	145.97105407714844
losses_test/total:	16.61760902404785
calibration_test/ece:	0.1812267154455185
calibration_test/brier:	0.6443790793418884
accuracy_test/task:	53.74525371073524
accuracy_test/concepts:	78.5652847290039
map_test/concepts:	0.2882347008721395

Epoch 76
losses_train/task:	0.9570668339729309
losses_train/concepts:	41.25732421875
losses_train/total:	5.082799434661865
losses_test/task:	1.885641098022461
losses_test/concepts:	150.5460205078125
losses_test/total:	16.94024658203125
calibration_test/ece:	0.17453019320964813
calibration_test/brier:	0.5888795256614685
accuracy_test/task:	58.61235761132206
accuracy_test/concepts:	79.88735961914062
map_test/concepts:	0.298959832934832

Epoch 77
losses_train/task:	0.9500701427459717
losses_train/concepts:	40.70146560668945
losses_train/total:	5.020216464996338
losses_test/task:	1.9958897829055786
losses_test/concepts:	137.72264099121094
losses_test/total:	15.768153190612793
calibration_test/ece:	0.17786644399166107
calibration_test/brier:	0.6225973963737488
accuracy_test/task:	55.833620987228166
accuracy_test/concepts:	78.09678649902344
map_test/concepts:	0.2948037046177143

Epoch 78
losses_train/task:	0.9608578085899353
losses_train/concepts:	40.798797607421875
losses_train/total:	5.040738105773926
losses_test/task:	1.9682598114013672
losses_test/concepts:	156.36996459960938
losses_test/total:	17.605253219604492
calibration_test/ece:	0.19143639504909515
calibration_test/brier:	0.6096394658088684
accuracy_test/task:	57.23161891612013
accuracy_test/concepts:	80.22123718261719
map_test/concepts:	0.3042883115397258

Epoch 79
losses_train/task:	0.9587242603302002
losses_train/concepts:	40.370872497558594
losses_train/total:	4.995811939239502
losses_test/task:	2.439534902572632
losses_test/concepts:	160.95947265625
losses_test/total:	18.535486221313477
calibration_test/ece:	0.22510415315628052
calibration_test/brier:	0.6954377889633179
accuracy_test/task:	51.91577493959268
accuracy_test/concepts:	79.37489318847656
map_test/concepts:	0.29192372222685004

Epoch 80
losses_train/task:	0.9900552034378052
losses_train/concepts:	40.56302261352539
losses_train/total:	5.046356678009033
losses_test/task:	2.4097752571105957
losses_test/concepts:	166.6494903564453
losses_test/total:	19.07472038269043
calibration_test/ece:	0.2194555699825287
calibration_test/brier:	0.6879173517227173
accuracy_test/task:	51.5705902657922
accuracy_test/concepts:	79.83586883544922
map_test/concepts:	0.29004349540919067

Epoch 81
losses_train/task:	0.9451218843460083
losses_train/concepts:	41.02223587036133
losses_train/total:	5.047347068786621
losses_test/task:	2.0427026748657227
losses_test/concepts:	153.5230712890625
losses_test/total:	17.395009994506836
calibration_test/ece:	0.1891489177942276
calibration_test/brier:	0.6290262341499329
accuracy_test/task:	55.17777010700725
accuracy_test/concepts:	80.30125427246094
map_test/concepts:	0.2953586927953769

Epoch 82
losses_train/task:	0.8595108389854431
losses_train/concepts:	39.24978256225586
losses_train/total:	4.78449010848999
losses_test/task:	2.2427213191986084
losses_test/concepts:	179.5719451904297
losses_test/total:	20.19991683959961
calibration_test/ece:	0.21297259628772736
calibration_test/brier:	0.6534727811813354
accuracy_test/task:	54.95340006903694
accuracy_test/concepts:	79.86381530761719
map_test/concepts:	0.2935080474242568

Epoch 83
losses_train/task:	0.921376645565033
losses_train/concepts:	39.95376968383789
losses_train/total:	4.91675329208374
losses_test/task:	2.1053714752197266
losses_test/concepts:	162.70147705078125
losses_test/total:	18.375516891479492
calibration_test/ece:	0.20089969038963318
calibration_test/brier:	0.6292248964309692
accuracy_test/task:	56.748360372799446
accuracy_test/concepts:	79.92123413085938
map_test/concepts:	0.2968347329307686

Epoch 84
losses_train/task:	0.920868992805481
losses_train/concepts:	40.35322570800781
losses_train/total:	4.956191539764404
losses_test/task:	2.0152876377105713
losses_test/concepts:	148.88890075683594
losses_test/total:	16.904172897338867
calibration_test/ece:	0.17482270300388336
calibration_test/brier:	0.6248680949211121
accuracy_test/task:	55.52295478080773
accuracy_test/concepts:	79.75679779052734
map_test/concepts:	0.28538461151448163

Epoch 85
losses_train/task:	0.9119409322738647
losses_train/concepts:	39.63939666748047
losses_train/total:	4.875880241394043
losses_test/task:	2.292146921157837
losses_test/concepts:	215.44105529785156
losses_test/total:	23.836254119873047
calibration_test/ece:	0.21674251556396484
calibration_test/brier:	0.6593167781829834
accuracy_test/task:	55.24680704176735
accuracy_test/concepts:	81.96349334716797
map_test/concepts:	0.29373137576674874

Epoch 86
losses_train/task:	0.9078788757324219
losses_train/concepts:	39.217403411865234
losses_train/total:	4.82961893081665
losses_test/task:	2.79068922996521
losses_test/concepts:	198.70457458496094
losses_test/total:	22.66114044189453
calibration_test/ece:	0.2590767741203308
calibration_test/brier:	0.7792783975601196
accuracy_test/task:	45.13289609941319
accuracy_test/concepts:	80.87080383300781
map_test/concepts:	0.2813967167569155

Epoch 87
losses_train/task:	0.9570958018302917
losses_train/concepts:	39.71506881713867
losses_train/total:	4.92860221862793
losses_test/task:	2.366138219833374
losses_test/concepts:	157.3473358154297
losses_test/total:	18.100872039794922
calibration_test/ece:	0.22809338569641113
calibration_test/brier:	0.6929824352264404
accuracy_test/task:	52.209181912323096
accuracy_test/concepts:	80.77195739746094
map_test/concepts:	0.2972458012317392

Epoch 88
losses_train/task:	1.0087307691574097
losses_train/concepts:	39.828983306884766
losses_train/total:	4.991628646850586
losses_test/task:	2.595963954925537
losses_test/concepts:	174.73411560058594
losses_test/total:	20.06937599182129
calibration_test/ece:	0.23936893045902252
calibration_test/brier:	0.7241068482398987
accuracy_test/task:	49.56851915774939
accuracy_test/concepts:	79.67333221435547
map_test/concepts:	0.28796190381558107

Epoch 89
losses_train/task:	0.9275308847427368
losses_train/concepts:	39.12025451660156
losses_train/total:	4.8395562171936035
losses_test/task:	2.0247926712036133
losses_test/concepts:	146.29208374023438
losses_test/total:	16.654003143310547
calibration_test/ece:	0.17708462476730347
calibration_test/brier:	0.6244654655456543
accuracy_test/task:	55.195029340697275
accuracy_test/concepts:	79.17501068115234
map_test/concepts:	0.2900590132583271

Epoch 90
losses_train/task:	0.9411391615867615
losses_train/concepts:	39.5611686706543
losses_train/total:	4.8972554206848145
losses_test/task:	2.4533896446228027
losses_test/concepts:	152.6023712158203
losses_test/total:	17.713626861572266
calibration_test/ece:	0.20886005461215973
calibration_test/brier:	0.70412677526474
accuracy_test/task:	49.34414911977908
accuracy_test/concepts:	79.15555572509766
map_test/concepts:	0.2817189906893129

Epoch 91
losses_train/task:	0.9582023620605469
losses_train/concepts:	39.611637115478516
losses_train/total:	4.919365406036377
losses_test/task:	1.9334936141967773
losses_test/concepts:	176.98997497558594
losses_test/total:	19.632492065429688
calibration_test/ece:	0.17724290490150452
calibration_test/brier:	0.6053423881530762
accuracy_test/task:	56.98998964445978
accuracy_test/concepts:	80.19926452636719
map_test/concepts:	0.29638425939801066

Epoch 92
losses_train/task:	0.8964440822601318
losses_train/concepts:	37.75384521484375
losses_train/total:	4.6718292236328125
losses_test/task:	1.946342945098877
losses_test/concepts:	158.83908081054688
losses_test/total:	17.83024787902832
calibration_test/ece:	0.17944256961345673
calibration_test/brier:	0.6094955801963806
accuracy_test/task:	56.93821194338971
accuracy_test/concepts:	80.03765869140625
map_test/concepts:	0.29511094280433925

Epoch 93
losses_train/task:	0.8933044672012329
losses_train/concepts:	37.754974365234375
losses_train/total:	4.668802738189697
losses_test/task:	2.3136258125305176
losses_test/concepts:	163.79989624023438
losses_test/total:	18.69361686706543
calibration_test/ece:	0.20214486122131348
calibration_test/brier:	0.6892232298851013
accuracy_test/task:	51.19088712461167
accuracy_test/concepts:	80.37940216064453
map_test/concepts:	0.2836640628224069

Epoch 94
losses_train/task:	0.9102869033813477
losses_train/concepts:	38.329185485839844
losses_train/total:	4.743205547332764
losses_test/task:	2.0424790382385254
losses_test/concepts:	182.7469482421875
losses_test/total:	20.317171096801758
calibration_test/ece:	0.18615347146987915
calibration_test/brier:	0.615516722202301
accuracy_test/task:	56.85191577493959
accuracy_test/concepts:	80.97530364990234
map_test/concepts:	0.2997825444760648

Epoch 95
losses_train/task:	0.8356363773345947
losses_train/concepts:	36.24371337890625
losses_train/total:	4.460007667541504
losses_test/task:	2.0497443675994873
losses_test/concepts:	184.5224609375
losses_test/total:	20.501991271972656
calibration_test/ece:	0.20552082359790802
calibration_test/brier:	0.6245861053466797
accuracy_test/task:	56.50673110113911
accuracy_test/concepts:	81.63368225097656
map_test/concepts:	0.2970116502266716

Epoch 96
losses_train/task:	0.9100855588912964
losses_train/concepts:	37.82244110107422
losses_train/total:	4.692328929901123
losses_test/task:	2.421719789505005
losses_test/concepts:	165.87757873535156
losses_test/total:	19.00947380065918
calibration_test/ece:	0.21651478111743927
calibration_test/brier:	0.7014564871788025
accuracy_test/task:	50.24162927166034
accuracy_test/concepts:	80.17133331298828
map_test/concepts:	0.2845761867578734

Epoch 97
losses_train/task:	0.8214442729949951
losses_train/concepts:	36.75318145751953
losses_train/total:	4.496761798858643
losses_test/task:	2.3330647945404053
losses_test/concepts:	207.7454833984375
losses_test/total:	23.10761260986328
calibration_test/ece:	0.21658895909786224
calibration_test/brier:	0.6702198386192322
accuracy_test/task:	53.48636520538488
accuracy_test/concepts:	80.96399688720703
map_test/concepts:	0.29402870441024953

Epoch 98
losses_train/task:	0.8736132979393005
losses_train/concepts:	37.43329620361328
losses_train/total:	4.616943359375
losses_test/task:	2.1998066902160645
losses_test/concepts:	184.3661346435547
losses_test/total:	20.636417388916016
calibration_test/ece:	0.20688696205615997
calibration_test/brier:	0.6447943449020386
accuracy_test/task:	54.76354849844667
accuracy_test/concepts:	80.45970916748047
map_test/concepts:	0.28323558441955937

Epoch 99
losses_train/task:	0.9171762466430664
losses_train/concepts:	37.37434768676758
losses_train/total:	4.654610633850098
losses_test/task:	2.4522907733917236
losses_test/concepts:	175.60784912109375
losses_test/total:	20.01307487487793
calibration_test/ece:	0.20531612634658813
calibration_test/brier:	0.6961970329284668
accuracy_test/task:	50.44874007594063
accuracy_test/concepts:	80.54572296142578
map_test/concepts:	0.29122508308765566

Epoch 100
losses_train/task:	0.9451998472213745
losses_train/concepts:	38.05411911010742
losses_train/total:	4.750611782073975
losses_test/task:	2.3576273918151855
losses_test/concepts:	156.76422119140625
losses_test/total:	18.03404998779297
calibration_train/ece:	0.02086983434855938
calibration_train/brier:	0.40100735425949097
accuracy_train/task:	69.25675675675676
calibration_test/ece:	0.20653361082077026
calibration_test/brier:	0.6996183395385742
accuracy_test/task:	50.15533310321022
accuracy_train/concepts:	79.75466918945312
map_train/concepts:	0.6014281224120747
accuracy_test/concepts:	79.38838958740234
map_test/concepts:	0.2868418705311011
accuracy_test/nuisances_task:	-0.17773948217693128
accuracy_test/nuisances_nontask:	0.0
mutual_inf_test/nuisances_task:	0.28331814834561203
mutual_inf_test/nuisances_nontask:	0.0

Epoch 101
losses_train/task:	0.7689244151115417
losses_train/concepts:	35.75846862792969
losses_train/total:	4.344771385192871
losses_test/task:	1.6491936445236206
losses_test/concepts:	182.91107177734375
losses_test/total:	19.940303802490234
calibration_test/ece:	0.16370674967765808
calibration_test/brier:	0.5320331454277039
accuracy_test/task:	62.9271660338281
accuracy_test/concepts:	81.83041381835938
map_test/concepts:	0.3041081432337788

Epoch 102
losses_train/task:	0.7057079076766968
losses_train/concepts:	33.83832550048828
losses_train/total:	4.089540004730225
losses_test/task:	1.631060242652893
losses_test/concepts:	194.42974853515625
losses_test/total:	21.07403564453125
calibration_test/ece:	0.16608689725399017
calibration_test/brier:	0.5228644013404846
accuracy_test/task:	63.56575768035899
accuracy_test/concepts:	82.16053771972656
map_test/concepts:	0.30567279141396286

Epoch 103
losses_train/task:	0.645786702632904
losses_train/concepts:	32.343257904052734
losses_train/total:	3.880113363265991
losses_test/task:	1.6075302362442017
losses_test/concepts:	217.016845703125
losses_test/total:	23.30921173095703
calibration_test/ece:	0.158613383769989
calibration_test/brier:	0.5096260905265808
accuracy_test/task:	65.11908871246116
accuracy_test/concepts:	83.0357437133789
map_test/concepts:	0.30803047653118315

Epoch 104
losses_train/task:	0.6225833296775818
losses_train/concepts:	31.482027053833008
losses_train/total:	3.7707862854003906
losses_test/task:	1.612209677696228
losses_test/concepts:	230.0623779296875
losses_test/total:	24.61844253540039
calibration_test/ece:	0.16511793434619904
calibration_test/brier:	0.5104605555534363
accuracy_test/task:	65.18812564722127
accuracy_test/concepts:	83.10948181152344
map_test/concepts:	0.30866029274395923

Epoch 105
losses_train/task:	0.5992469787597656
losses_train/concepts:	31.149444580078125
losses_train/total:	3.71419095993042
losses_test/task:	1.6382348537445068
losses_test/concepts:	241.2205810546875
losses_test/total:	25.76030158996582
calibration_test/ece:	0.17039312422275543
calibration_test/brier:	0.5141122937202454
accuracy_test/task:	65.01553331032102
accuracy_test/concepts:	83.29525756835938
map_test/concepts:	0.30916954456743867

Epoch 106
losses_train/task:	0.6117621660232544
losses_train/concepts:	30.871543884277344
losses_train/total:	3.69891619682312
losses_test/task:	1.63150155544281
losses_test/concepts:	260.0384826660156
losses_test/total:	27.635345458984375
calibration_test/ece:	0.1706736832857132
calibration_test/brier:	0.5072600245475769
accuracy_test/task:	65.48153261995168
accuracy_test/concepts:	83.72233581542969
map_test/concepts:	0.30913299094377594

Epoch 107
losses_train/task:	0.5768495202064514
losses_train/concepts:	30.054872512817383
losses_train/total:	3.582336902618408
losses_test/task:	1.6227266788482666
losses_test/concepts:	257.4254150390625
losses_test/total:	27.36527442932129
calibration_test/ece:	0.1703454852104187
calibration_test/brier:	0.50937420129776
accuracy_test/task:	65.36071798412151
accuracy_test/concepts:	83.59590148925781
map_test/concepts:	0.30939701027660205

Epoch 108
losses_train/task:	0.5789434313774109
losses_train/concepts:	29.98853874206543
losses_train/total:	3.5777976512908936
losses_test/task:	1.65690279006958
losses_test/concepts:	289.8446350097656
losses_test/total:	30.64137077331543
calibration_test/ece:	0.17453305423259735
calibration_test/brier:	0.5127115249633789
accuracy_test/task:	65.18812564722127
accuracy_test/concepts:	84.06940460205078
map_test/concepts:	0.3084202037277547

Epoch 109
losses_train/task:	0.5633637309074402
losses_train/concepts:	29.545774459838867
losses_train/total:	3.5179412364959717
losses_test/task:	1.6702948808670044
losses_test/concepts:	298.9638671875
losses_test/total:	31.56667709350586
calibration_test/ece:	0.17384010553359985
calibration_test/brier:	0.5125531554222107
accuracy_test/task:	65.51605108733172
accuracy_test/concepts:	84.19397735595703
map_test/concepts:	0.3082750384018502

Epoch 110
losses_train/task:	0.5260407328605652
losses_train/concepts:	29.21348762512207
losses_train/total:	3.447389841079712
losses_test/task:	1.6617867946624756
losses_test/concepts:	280.5564880371094
losses_test/total:	29.71743392944336
calibration_test/ece:	0.17529401183128357
calibration_test/brier:	0.5134604573249817
accuracy_test/task:	65.32619951674145
accuracy_test/concepts:	83.9479751586914
map_test/concepts:	0.3089050327173688

Epoch 111
losses_train/task:	0.5394636988639832
losses_train/concepts:	28.946495056152344
losses_train/total:	3.4341139793395996
losses_test/task:	1.7263453006744385
losses_test/concepts:	298.7093811035156
losses_test/total:	31.597280502319336
calibration_test/ece:	0.18513190746307373
calibration_test/brier:	0.5212700963020325
accuracy_test/task:	64.9292371418709
accuracy_test/concepts:	84.05339813232422
map_test/concepts:	0.3092564119280062

Epoch 112
losses_train/task:	0.5880798101425171
losses_train/concepts:	29.022415161132812
losses_train/total:	3.490321397781372
losses_test/task:	1.6947386264801025
losses_test/concepts:	316.247314453125
losses_test/total:	33.31947326660156
calibration_test/ece:	0.1845240443944931
calibration_test/brier:	0.5165592432022095
accuracy_test/task:	64.98101484294098
accuracy_test/concepts:	84.25047302246094
map_test/concepts:	0.308002636666325

Epoch 113
losses_train/task:	0.5451921224594116
losses_train/concepts:	28.640764236450195
losses_train/total:	3.409268379211426
losses_test/task:	1.6852470636367798
losses_test/concepts:	319.88214111328125
losses_test/total:	33.673458099365234
calibration_test/ece:	0.18074658513069153
calibration_test/brier:	0.5109675526618958
accuracy_test/task:	65.53331032102174
accuracy_test/concepts:	84.4243392944336
map_test/concepts:	0.3091028404845433

Epoch 114
losses_train/task:	0.5410265326499939
losses_train/concepts:	28.257017135620117
losses_train/total:	3.366727828979492
losses_test/task:	1.708439588546753
losses_test/concepts:	314.3118591308594
losses_test/total:	33.13962173461914
calibration_test/ece:	0.18118923902511597
calibration_test/brier:	0.5154442191123962
accuracy_test/task:	64.96375560925095
accuracy_test/concepts:	84.29346466064453
map_test/concepts:	0.3077379386956719

Epoch 115
losses_train/task:	0.5438879728317261
losses_train/concepts:	27.890050888061523
losses_train/total:	3.332893133163452
losses_test/task:	1.7365765571594238
losses_test/concepts:	347.2088928222656
losses_test/total:	36.45745849609375
calibration_test/ece:	0.1864740252494812
calibration_test/brier:	0.5190312266349792
accuracy_test/task:	65.15360717984122
accuracy_test/concepts:	84.60821533203125
map_test/concepts:	0.308085828833282

Epoch 116
losses_train/task:	0.5558245182037354
losses_train/concepts:	27.795846939086914
losses_train/total:	3.33540940284729
losses_test/task:	1.7575939893722534
losses_test/concepts:	352.041748046875
losses_test/total:	36.961761474609375
calibration_test/ece:	0.18776243925094604
calibration_test/brier:	0.5209410190582275
accuracy_test/task:	65.10182947877114
accuracy_test/concepts:	84.7086410522461
map_test/concepts:	0.30895579591054806

Epoch 117
losses_train/task:	0.5263040065765381
losses_train/concepts:	27.69339370727539
losses_train/total:	3.2956433296203613
losses_test/task:	1.7436078786849976
losses_test/concepts:	362.30511474609375
losses_test/total:	37.974117279052734
calibration_test/ece:	0.18239422142505646
calibration_test/brier:	0.5141134858131409
accuracy_test/task:	65.75768035899206
accuracy_test/concepts:	84.86396789550781
map_test/concepts:	0.30707248957319694

Epoch 118
losses_train/task:	0.5357716083526611
losses_train/concepts:	27.834644317626953
losses_train/total:	3.3192355632781982
losses_test/task:	1.7384446859359741
losses_test/concepts:	359.5969543457031
losses_test/total:	37.698143005371094
calibration_test/ece:	0.1824907809495926
calibration_test/brier:	0.5149968862533569
accuracy_test/task:	65.87849499482223
accuracy_test/concepts:	84.86585235595703
map_test/concepts:	0.30778228750621733

Epoch 119
losses_train/task:	0.48552244901657104
losses_train/concepts:	27.3348388671875
losses_train/total:	3.219006061553955
losses_test/task:	1.7641443014144897
losses_test/concepts:	340.325927734375
losses_test/total:	35.79673767089844
calibration_test/ece:	0.18590456247329712
calibration_test/brier:	0.5200164318084717
accuracy_test/task:	65.55056955471177
accuracy_test/concepts:	84.56616973876953
map_test/concepts:	0.30761734371666205

Epoch 120
losses_train/task:	0.5013705492019653
losses_train/concepts:	27.19879722595215
losses_train/total:	3.2212507724761963
losses_test/task:	1.7543541193008423
losses_test/concepts:	370.9049072265625
losses_test/total:	38.84484100341797
calibration_test/ece:	0.18519118428230286
calibration_test/brier:	0.5151830911636353
accuracy_test/task:	65.84397652744218
accuracy_test/concepts:	85.02400207519531
map_test/concepts:	0.30889421102844855

Epoch 121
losses_train/task:	0.5182750821113586
losses_train/concepts:	27.311559677124023
losses_train/total:	3.2494311332702637
losses_test/task:	1.7611303329467773
losses_test/concepts:	352.8694763183594
losses_test/total:	37.04807662963867
calibration_test/ece:	0.188118577003479
calibration_test/brier:	0.5158043503761292
accuracy_test/task:	65.77493959268209
accuracy_test/concepts:	84.72369384765625
map_test/concepts:	0.307390651174567

Epoch 122
losses_train/task:	0.4759998917579651
losses_train/concepts:	26.642173767089844
losses_train/total:	3.1402173042297363
losses_test/task:	1.761830449104309
losses_test/concepts:	360.9245910644531
losses_test/total:	37.854286193847656
calibration_test/ece:	0.18878857791423798
calibration_test/brier:	0.5174901485443115
accuracy_test/task:	65.58508802209182
accuracy_test/concepts:	84.7757797241211
map_test/concepts:	0.30811331755566324

Epoch 123
losses_train/task:	0.4983089566230774
losses_train/concepts:	26.449094772338867
losses_train/total:	3.1432182788848877
losses_test/task:	1.7586274147033691
losses_test/concepts:	383.59600830078125
losses_test/total:	40.11822509765625
calibration_test/ece:	0.18572822213172913
calibration_test/brier:	0.5135372281074524
accuracy_test/task:	66.0683465654125
accuracy_test/concepts:	85.07515716552734
map_test/concepts:	0.30754371085627513

Epoch 124
losses_train/task:	0.5006310343742371
losses_train/concepts:	26.342187881469727
losses_train/total:	3.1348495483398438
losses_test/task:	1.791900634765625
losses_test/concepts:	394.2707214355469
losses_test/total:	41.2189826965332
calibration_test/ece:	0.18803051114082336
calibration_test/brier:	0.5173954963684082
accuracy_test/task:	65.98205039696238
accuracy_test/concepts:	85.04692840576172
map_test/concepts:	0.3076938661154021

Epoch 125
losses_train/task:	0.5117840766906738
losses_train/concepts:	26.19081687927246
losses_train/total:	3.1308658123016357
losses_test/task:	1.8188190460205078
losses_test/concepts:	381.64788818359375
losses_test/total:	39.983604431152344
calibration_test/ece:	0.1904018521308899
calibration_test/brier:	0.5243754386901855
accuracy_test/task:	65.37797721781153
accuracy_test/concepts:	85.08049774169922
map_test/concepts:	0.30737957726656034

Epoch 126
losses_train/task:	0.5190767049789429
losses_train/concepts:	26.275300979614258
losses_train/total:	3.1466064453125
losses_test/task:	1.8115005493164062
losses_test/concepts:	397.1623229980469
losses_test/total:	41.52774429321289
calibration_test/ece:	0.19115132093429565
calibration_test/brier:	0.5230384469032288
accuracy_test/task:	65.55056955471177
accuracy_test/concepts:	85.1024398803711
map_test/concepts:	0.3069077479060401

Epoch 127
losses_train/task:	0.4937933385372162
losses_train/concepts:	26.612619400024414
losses_train/total:	3.155055284500122
losses_test/task:	1.8114334344863892
losses_test/concepts:	389.1152038574219
losses_test/total:	40.72294616699219
calibration_test/ece:	0.19373095035552979
calibration_test/brier:	0.5229691863059998
accuracy_test/task:	65.36071798412151
accuracy_test/concepts:	84.98664855957031
map_test/concepts:	0.3058504429222508

Epoch 128
losses_train/task:	0.5065985321998596
losses_train/concepts:	25.630075454711914
losses_train/total:	3.069606065750122
losses_test/task:	1.8134000301361084
losses_test/concepts:	399.2967834472656
losses_test/total:	41.74308395385742
calibration_test/ece:	0.1921432614326477
calibration_test/brier:	0.5225858688354492
accuracy_test/task:	65.17086641353124
accuracy_test/concepts:	85.24836730957031
map_test/concepts:	0.30722779770466413

Epoch 129
losses_train/task:	0.4972286820411682
losses_train/concepts:	25.812320709228516
losses_train/total:	3.078460454940796
losses_test/task:	1.7979952096939087
losses_test/concepts:	401.6560363769531
losses_test/total:	41.96360397338867
calibration_test/ece:	0.18716493248939514
calibration_test/brier:	0.5185996890068054
accuracy_test/task:	65.63686572316189
accuracy_test/concepts:	85.12409973144531
map_test/concepts:	0.30718268754638056

Epoch 130
losses_train/task:	0.4926516115665436
losses_train/concepts:	25.597444534301758
losses_train/total:	3.052396059036255
losses_test/task:	1.8114529848098755
losses_test/concepts:	415.0067443847656
losses_test/total:	43.31214141845703
calibration_test/ece:	0.18762844800949097
calibration_test/brier:	0.5223409533500671
accuracy_test/task:	65.46427338626165
accuracy_test/concepts:	85.2678451538086
map_test/concepts:	0.30639229620044883

Epoch 131
losses_train/task:	0.46970775723457336
losses_train/concepts:	24.870763778686523
losses_train/total:	2.9567840099334717
losses_test/task:	1.8161242008209229
losses_test/concepts:	422.2919616699219
losses_test/total:	44.04533004760742
calibration_test/ece:	0.18820422887802124
calibration_test/brier:	0.5209462642669678
accuracy_test/task:	65.51605108733172
accuracy_test/concepts:	85.23738098144531
map_test/concepts:	0.3066415904767134

Epoch 132
losses_train/task:	0.46367666125297546
losses_train/concepts:	25.065990447998047
losses_train/total:	2.970276355743408
losses_test/task:	1.8410807847976685
losses_test/concepts:	415.3816223144531
losses_test/total:	43.37924575805664
calibration_test/ece:	0.19143983721733093
calibration_test/brier:	0.524682343006134
accuracy_test/task:	65.53331032102174
accuracy_test/concepts:	85.16584014892578
map_test/concepts:	0.30537521042437715

Epoch 133
losses_train/task:	0.4915846288204193
losses_train/concepts:	25.4818115234375
losses_train/total:	3.0397658348083496
losses_test/task:	1.864465355873108
losses_test/concepts:	407.2731018066406
losses_test/total:	42.59177017211914
calibration_test/ece:	0.1985531747341156
calibration_test/brier:	0.5338199138641357
accuracy_test/task:	64.49775629962029
accuracy_test/concepts:	85.00548553466797
map_test/concepts:	0.30538833439350127

Epoch 134
losses_train/task:	0.4619075655937195
losses_train/concepts:	25.101032257080078
losses_train/total:	2.972010850906372
losses_test/task:	1.8426389694213867
losses_test/concepts:	421.80035400390625
losses_test/total:	44.022674560546875
calibration_test/ece:	0.1945994645357132
calibration_test/brier:	0.5244655013084412
accuracy_test/task:	65.22264411460131
accuracy_test/concepts:	85.29388427734375
map_test/concepts:	0.30578036823902616

Epoch 135
losses_train/task:	0.46857813000679016
losses_train/concepts:	25.02633285522461
losses_train/total:	2.9712114334106445
losses_test/task:	1.8503098487854004
losses_test/concepts:	445.2282409667969
losses_test/total:	46.373138427734375
calibration_test/ece:	0.19250145554542542
calibration_test/brier:	0.522860586643219
accuracy_test/task:	65.55056955471177
accuracy_test/concepts:	85.58069610595703
map_test/concepts:	0.3053078423762186

Epoch 136
losses_train/task:	0.4981503486633301
losses_train/concepts:	25.09837532043457
losses_train/total:	3.0079879760742188
losses_test/task:	1.885061502456665
losses_test/concepts:	449.0386047363281
losses_test/total:	46.7889289855957
calibration_test/ece:	0.19452419877052307
calibration_test/brier:	0.527183473110199
accuracy_test/task:	65.34345875043148
accuracy_test/concepts:	85.42253112792969
map_test/concepts:	0.30396105762232434

Epoch 137
losses_train/task:	0.5057529211044312
losses_train/concepts:	24.913488388061523
losses_train/total:	2.9971020221710205
losses_test/task:	1.863301396369934
losses_test/concepts:	441.88482666015625
losses_test/total:	46.05179214477539
calibration_test/ece:	0.1929418295621872
calibration_test/brier:	0.5253651738166809
accuracy_test/task:	65.29168104936142
accuracy_test/concepts:	85.51165008544922
map_test/concepts:	0.30351109557192435

Epoch 138
losses_train/task:	0.4758286476135254
losses_train/concepts:	24.38809585571289
losses_train/total:	2.9146385192871094
losses_test/task:	1.9138606786727905
losses_test/concepts:	439.741943359375
losses_test/total:	45.8880615234375
calibration_test/ece:	0.1966058760881424
calibration_test/brier:	0.5311331748962402
accuracy_test/task:	65.23990334829134
accuracy_test/concepts:	85.4482650756836
map_test/concepts:	0.30487391276454384

Epoch 139
losses_train/task:	0.4731384217739105
losses_train/concepts:	24.484098434448242
losses_train/total:	2.9215478897094727
losses_test/task:	1.9094212055206299
losses_test/concepts:	468.887451171875
losses_test/total:	48.79815673828125
calibration_test/ece:	0.19748425483703613
calibration_test/brier:	0.5308747887611389
accuracy_test/task:	64.98101484294098
accuracy_test/concepts:	85.56468963623047
map_test/concepts:	0.30416403552517296

Epoch 140
losses_train/task:	0.45579132437705994
losses_train/concepts:	24.13443946838379
losses_train/total:	2.869235038757324
losses_test/task:	1.9209096431732178
losses_test/concepts:	456.19744873046875
losses_test/total:	47.5406608581543
calibration_test/ece:	0.1974068135023117
calibration_test/brier:	0.531976580619812
accuracy_test/task:	65.0673110113911
accuracy_test/concepts:	85.43412780761719
map_test/concepts:	0.3052323085171255

Epoch 141
losses_train/task:	0.4623229205608368
losses_train/concepts:	24.06166648864746
losses_train/total:	2.8684895038604736
losses_test/task:	1.9272964000701904
losses_test/concepts:	456.3489074707031
losses_test/total:	47.56219482421875
calibration_test/ece:	0.1940736472606659
calibration_test/brier:	0.5321559906005859
accuracy_test/task:	65.44701415257163
accuracy_test/concepts:	85.49126434326172
map_test/concepts:	0.30417099307206547

Epoch 142
losses_train/task:	0.4675508141517639
losses_train/concepts:	23.565603256225586
losses_train/total:	2.8241114616394043
losses_test/task:	1.9352747201919556
losses_test/concepts:	491.6582946777344
losses_test/total:	51.10108947753906
calibration_test/ece:	0.19789844751358032
calibration_test/brier:	0.5337451696395874
accuracy_test/task:	65.10182947877114
accuracy_test/concepts:	85.73004913330078
map_test/concepts:	0.30373369639908726

Epoch 143
losses_train/task:	0.4885869026184082
losses_train/concepts:	24.04758644104004
losses_train/total:	2.893345355987549
losses_test/task:	1.9181578159332275
losses_test/concepts:	474.2946472167969
losses_test/total:	49.34762954711914
calibration_test/ece:	0.19855958223342896
calibration_test/brier:	0.5337750315666199
accuracy_test/task:	65.39523645150156
accuracy_test/concepts:	85.7175064086914
map_test/concepts:	0.30351453886621377

Epoch 144
losses_train/task:	0.47609561681747437
losses_train/concepts:	24.52018165588379
losses_train/total:	2.9281136989593506
losses_test/task:	1.9555604457855225
losses_test/concepts:	483.8200988769531
losses_test/total:	50.33758544921875
calibration_test/ece:	0.20171666145324707
calibration_test/brier:	0.5379554629325867
accuracy_test/task:	64.9292371418709
accuracy_test/concepts:	85.71282196044922
map_test/concepts:	0.3045441060750322

Epoch 145
losses_train/task:	0.4666907489299774
losses_train/concepts:	23.64136505126953
losses_train/total:	2.830827236175537
losses_test/task:	1.96128511428833
losses_test/concepts:	501.1189270019531
losses_test/total:	52.073184967041016
calibration_test/ece:	0.202571839094162
calibration_test/brier:	0.538829505443573
accuracy_test/task:	64.86020020711081
accuracy_test/concepts:	85.89669799804688
map_test/concepts:	0.3035798023708842

Epoch 146
losses_train/task:	0.4732542335987091
losses_train/concepts:	23.678577423095703
losses_train/total:	2.841111898422241
losses_test/task:	1.922764539718628
losses_test/concepts:	483.9810791015625
losses_test/total:	50.32087707519531
calibration_test/ece:	0.20241326093673706
calibration_test/brier:	0.5352086424827576
accuracy_test/task:	64.91197790818087
accuracy_test/concepts:	85.84648132324219
map_test/concepts:	0.30488235296004196

Epoch 147
losses_train/task:	0.47543615102767944
losses_train/concepts:	23.716096878051758
losses_train/total:	2.847046375274658
losses_test/task:	1.9529480934143066
losses_test/concepts:	518.323974609375
losses_test/total:	53.78535842895508
calibration_test/ece:	0.20520120859146118
calibration_test/brier:	0.536986231803894
accuracy_test/task:	64.89471867449085
accuracy_test/concepts:	85.7831039428711
map_test/concepts:	0.3026823542250151

Epoch 148
losses_train/task:	0.49657154083251953
losses_train/concepts:	24.366708755493164
losses_train/total:	2.933242082595825
losses_test/task:	1.9577419757843018
losses_test/concepts:	474.1492614746094
losses_test/total:	49.3726692199707
calibration_test/ece:	0.20629540085792542
calibration_test/brier:	0.5404006242752075
accuracy_test/task:	64.44597859855023
accuracy_test/concepts:	85.46271514892578
map_test/concepts:	0.30122365642508325

Epoch 149
losses_train/task:	0.45632854104042053
losses_train/concepts:	23.04441261291504
losses_train/total:	2.7607696056365967
losses_test/task:	1.9614866971969604
losses_test/concepts:	485.61712646484375
losses_test/total:	50.523193359375
calibration_test/ece:	0.20449921488761902
calibration_test/brier:	0.5401764512062073
accuracy_test/task:	64.65308940283052
accuracy_test/concepts:	85.82672119140625
map_test/concepts:	0.30255687710067086

Epoch 150
losses_train/task:	0.47102048993110657
losses_train/concepts:	22.977256774902344
losses_train/total:	2.7687466144561768
losses_test/task:	1.9320847988128662
losses_test/concepts:	499.5392761230469
losses_test/total:	51.886024475097656
calibration_test/ece:	0.1991543173789978
calibration_test/brier:	0.5307981967926025
accuracy_test/task:	65.49879185364169
accuracy_test/concepts:	85.75674438476562
map_test/concepts:	0.3034046892330728

Epoch 151
losses_train/task:	0.4609189033508301
losses_train/concepts:	23.038532257080078
losses_train/total:	2.7647714614868164
losses_test/task:	1.9294513463974
losses_test/concepts:	514.8698120117188
losses_test/total:	53.41642379760742
calibration_test/ece:	0.2008807361125946
calibration_test/brier:	0.5336737632751465
accuracy_test/task:	65.13634794615119
accuracy_test/concepts:	85.8320541381836
map_test/concepts:	0.303812861637297

Epoch 152
losses_train/task:	0.45653843879699707
losses_train/concepts:	23.20500373840332
losses_train/total:	2.777039051055908
losses_test/task:	1.940778374671936
losses_test/concepts:	506.8356018066406
losses_test/total:	52.62432098388672
calibration_test/ece:	0.19669196009635925
calibration_test/brier:	0.5322536826133728
accuracy_test/task:	65.46427338626165
accuracy_test/concepts:	85.75516510009766
map_test/concepts:	0.30377698307856915

Epoch 153
losses_train/task:	0.46877577900886536
losses_train/concepts:	23.171222686767578
losses_train/total:	2.785897970199585
losses_test/task:	1.9763559103012085
losses_test/concepts:	505.5481262207031
losses_test/total:	52.53117752075195
calibration_test/ece:	0.20270518958568573
calibration_test/brier:	0.543965220451355
accuracy_test/task:	64.91197790818087
accuracy_test/concepts:	85.6619873046875
map_test/concepts:	0.3017012004571205

Epoch 154
losses_train/task:	0.4423610270023346
losses_train/concepts:	22.941057205200195
losses_train/total:	2.736466646194458
losses_test/task:	1.9664572477340698
losses_test/concepts:	528.1273193359375
losses_test/total:	54.7791862487793
calibration_test/ece:	0.204080268740654
calibration_test/brier:	0.5376303791999817
accuracy_test/task:	65.17086641353124
accuracy_test/concepts:	85.9585189819336
map_test/concepts:	0.3025069438175044

Epoch 155
losses_train/task:	0.47061002254486084
losses_train/concepts:	23.27670669555664
losses_train/total:	2.7982804775238037
losses_test/task:	1.9713796377182007
losses_test/concepts:	508.2929382324219
losses_test/total:	52.800682067871094
calibration_test/ece:	0.20318792760372162
calibration_test/brier:	0.5407728552818298
accuracy_test/task:	65.25716258198136
accuracy_test/concepts:	85.76331329345703
map_test/concepts:	0.30257973966442725

Epoch 156
losses_train/task:	0.46497753262519836
losses_train/concepts:	22.96435546875
losses_train/total:	2.7614128589630127
losses_test/task:	2.0256199836730957
losses_test/concepts:	571.5526733398438
losses_test/total:	59.18090057373047
calibration_test/ece:	0.2067463994026184
calibration_test/brier:	0.5462520122528076
accuracy_test/task:	64.65308940283052
accuracy_test/concepts:	86.11983489990234
map_test/concepts:	0.3022806216793304

Epoch 157
losses_train/task:	0.4472406208515167
losses_train/concepts:	22.692232131958008
losses_train/total:	2.716464042663574
losses_test/task:	2.005525588989258
losses_test/concepts:	545.4310302734375
losses_test/total:	56.548622131347656
calibration_test/ece:	0.20681847631931305
calibration_test/brier:	0.544587254524231
accuracy_test/task:	64.61857093545046
accuracy_test/concepts:	85.90829467773438
map_test/concepts:	0.3021814212457023

Epoch 158
losses_train/task:	0.5042659044265747
losses_train/concepts:	23.157081604003906
losses_train/total:	2.819973945617676
losses_test/task:	2.019620180130005
losses_test/concepts:	573.0157470703125
losses_test/total:	59.321205139160156
calibration_test/ece:	0.20606489479541779
calibration_test/brier:	0.5436913371086121
accuracy_test/task:	64.91197790818087
accuracy_test/concepts:	86.12044525146484
map_test/concepts:	0.30373592943969097

Epoch 159
losses_train/task:	0.45409753918647766
losses_train/concepts:	22.227426528930664
losses_train/total:	2.67684006690979
losses_test/task:	1.9682128429412842
losses_test/concepts:	524.7341918945312
losses_test/total:	54.44163131713867
calibration_test/ece:	0.20617836713790894
calibration_test/brier:	0.5376514196395874
accuracy_test/task:	65.0673110113911
accuracy_test/concepts:	85.93592071533203
map_test/concepts:	0.3040944108908827

Epoch 160
losses_train/task:	0.4569571316242218
losses_train/concepts:	22.778623580932617
losses_train/total:	2.7348201274871826
losses_test/task:	2.0073697566986084
losses_test/concepts:	526.3460693359375
losses_test/total:	54.6419792175293
calibration_test/ece:	0.2060917317867279
calibration_test/brier:	0.5405169129371643
accuracy_test/task:	65.20538488091128
accuracy_test/concepts:	85.8263931274414
map_test/concepts:	0.30422117182646286

Epoch 161
losses_train/task:	0.48557180166244507
losses_train/concepts:	22.75019645690918
losses_train/total:	2.760591983795166
losses_test/task:	2.0159976482391357
losses_test/concepts:	579.0081787109375
losses_test/total:	59.91682434082031
calibration_test/ece:	0.2085166573524475
calibration_test/brier:	0.5442264676094055
accuracy_test/task:	64.77390403866069
accuracy_test/concepts:	86.29553985595703
map_test/concepts:	0.30384354820813647

Epoch 162
losses_train/task:	0.4520736038684845
losses_train/concepts:	22.153257369995117
losses_train/total:	2.6673994064331055
losses_test/task:	2.012899398803711
losses_test/concepts:	580.0110473632812
losses_test/total:	60.01401138305664
calibration_test/ece:	0.20870140194892883
calibration_test/brier:	0.5382107496261597
accuracy_test/task:	64.91197790818087
accuracy_test/concepts:	86.20986938476562
map_test/concepts:	0.30338808266784656

Epoch 163
losses_train/task:	0.4246976673603058
losses_train/concepts:	21.979637145996094
losses_train/total:	2.6226611137390137
losses_test/task:	1.9729230403900146
losses_test/concepts:	533.2265014648438
losses_test/total:	55.29558181762695
calibration_test/ece:	0.20013447105884552
calibration_test/brier:	0.5327626466751099
accuracy_test/task:	65.46427338626165
accuracy_test/concepts:	85.9563217163086
map_test/concepts:	0.302977936824953

Epoch 164
losses_train/task:	0.4429328739643097
losses_train/concepts:	22.122846603393555
losses_train/total:	2.655217409133911
losses_test/task:	2.0012495517730713
losses_test/concepts:	554.822265625
losses_test/total:	57.48347854614258
calibration_test/ece:	0.20510359108448029
calibration_test/brier:	0.5372615456581116
accuracy_test/task:	65.34345875043148
accuracy_test/concepts:	86.11007690429688
map_test/concepts:	0.3030587415972894

Epoch 165
losses_train/task:	0.4540034830570221
losses_train/concepts:	22.081298828125
losses_train/total:	2.6621339321136475
losses_test/task:	1.9611895084381104
losses_test/concepts:	552.2992553710938
losses_test/total:	57.19112014770508
calibration_test/ece:	0.201177179813385
calibration_test/brier:	0.532433271408081
accuracy_test/task:	65.30894028305143
accuracy_test/concepts:	85.97075653076172
map_test/concepts:	0.30278106308118863

Epoch 166
losses_train/task:	0.4660623371601105
losses_train/concepts:	22.236738204956055
losses_train/total:	2.6897358894348145
losses_test/task:	2.0008814334869385
losses_test/concepts:	577.3379516601562
losses_test/total:	59.734683990478516
calibration_test/ece:	0.20890334248542786
calibration_test/brier:	0.5400000810623169
accuracy_test/task:	64.84294097342078
accuracy_test/concepts:	86.2804946899414
map_test/concepts:	0.3016977001066235

Epoch 167
losses_train/task:	0.44786155223846436
losses_train/concepts:	21.895612716674805
losses_train/total:	2.637422800064087
losses_test/task:	2.006441116333008
losses_test/concepts:	583.4712524414062
losses_test/total:	60.35357666015625
calibration_test/ece:	0.2083245813846588
calibration_test/brier:	0.5414563417434692
accuracy_test/task:	64.70486710390058
accuracy_test/concepts:	86.17440795898438
map_test/concepts:	0.3013823641210117

Epoch 168
losses_train/task:	0.42719534039497375
losses_train/concepts:	21.209056854248047
losses_train/total:	2.5481014251708984
losses_test/task:	1.9634666442871094
losses_test/concepts:	590.5430908203125
losses_test/total:	61.01776885986328
calibration_test/ece:	0.20700761675834656
calibration_test/brier:	0.535186231136322
accuracy_test/task:	65.20538488091128
accuracy_test/concepts:	86.1982650756836
map_test/concepts:	0.30192725109783086

Epoch 169
losses_train/task:	0.476965069770813
losses_train/concepts:	21.96331787109375
losses_train/total:	2.673297166824341
losses_test/task:	2.0406391620635986
losses_test/concepts:	584.524169921875
losses_test/total:	60.49304962158203
calibration_test/ece:	0.21573251485824585
calibration_test/brier:	0.5515185594558716
accuracy_test/task:	64.30790472903003
accuracy_test/concepts:	86.09564971923828
map_test/concepts:	0.3004915628412908

Epoch 170
losses_train/task:	0.4439533054828644
losses_train/concepts:	21.632230758666992
losses_train/total:	2.6071767807006836
losses_test/task:	2.026848316192627
losses_test/concepts:	622.2233276367188
losses_test/total:	64.24917602539062
calibration_test/ece:	0.20994186401367188
calibration_test/brier:	0.5434643030166626
accuracy_test/task:	64.9292371418709
accuracy_test/concepts:	86.44020080566406
map_test/concepts:	0.30200798182155597

Epoch 171
losses_train/task:	0.4837943911552429
losses_train/concepts:	21.9716854095459
losses_train/total:	2.6809635162353516
losses_test/task:	2.045602798461914
losses_test/concepts:	592.648681640625
losses_test/total:	61.31047439575195
calibration_test/ece:	0.21332332491874695
calibration_test/brier:	0.5494661927223206
accuracy_test/task:	64.32516396272005
accuracy_test/concepts:	86.32441711425781
map_test/concepts:	0.3022816035811874

Epoch 172
losses_train/task:	0.44947490096092224
losses_train/concepts:	21.953418731689453
losses_train/total:	2.644817352294922
losses_test/task:	2.0146424770355225
losses_test/concepts:	588.4697265625
losses_test/total:	60.86160659790039
calibration_test/ece:	0.21223857998847961
calibration_test/brier:	0.5420365929603577
accuracy_test/task:	64.75664480497066
accuracy_test/concepts:	86.1216812133789
map_test/concepts:	0.3021354074843905

Epoch 173
losses_train/task:	0.4697031080722809
losses_train/concepts:	22.04062271118164
losses_train/total:	2.6737654209136963
losses_test/task:	2.047022581100464
losses_test/concepts:	619.10986328125
losses_test/total:	63.95801544189453
calibration_test/ece:	0.21190567314624786
calibration_test/brier:	0.54462730884552
accuracy_test/task:	64.9292371418709
accuracy_test/concepts:	86.4775390625
map_test/concepts:	0.3011364205063067

Epoch 174
losses_train/task:	0.46294331550598145
losses_train/concepts:	21.64510726928711
losses_train/total:	2.6274542808532715
losses_test/task:	2.0272107124328613
losses_test/concepts:	599.3759765625
losses_test/total:	61.96482849121094
calibration_test/ece:	0.20826280117034912
calibration_test/brier:	0.54265958070755
accuracy_test/task:	64.96375560925095
accuracy_test/concepts:	86.2591323852539
map_test/concepts:	0.30091909630732105

Epoch 175
losses_train/task:	0.4380514323711395
losses_train/concepts:	21.297565460205078
losses_train/total:	2.567808151245117
losses_test/task:	2.026106595993042
losses_test/concepts:	583.6110229492188
losses_test/total:	60.387203216552734
calibration_test/ece:	0.20817849040031433
calibration_test/brier:	0.5433902740478516
accuracy_test/task:	64.87745944080083
accuracy_test/concepts:	86.3291015625
map_test/concepts:	0.3031305664472959

Epoch 176
losses_train/task:	0.4209938049316406
losses_train/concepts:	20.82308578491211
losses_train/total:	2.5033023357391357
losses_test/task:	2.0138323307037354
losses_test/concepts:	620.1066284179688
losses_test/total:	64.02449798583984
calibration_test/ece:	0.205177903175354
calibration_test/brier:	0.5400248765945435
accuracy_test/task:	65.37797721781153
accuracy_test/concepts:	86.39376068115234
map_test/concepts:	0.3021380891346119

Epoch 177
losses_train/task:	0.4092199504375458
losses_train/concepts:	20.886295318603516
losses_train/total:	2.497849702835083
losses_test/task:	2.0246269702911377
losses_test/concepts:	619.5081176757812
losses_test/total:	63.97544479370117
calibration_test/ece:	0.20685936510562897
calibration_test/brier:	0.5423945784568787
accuracy_test/task:	64.80842250604073
accuracy_test/concepts:	86.40223693847656
map_test/concepts:	0.3017808491533453

Epoch 178
losses_train/task:	0.44122666120529175
losses_train/concepts:	21.295434951782227
losses_train/total:	2.570769786834717
losses_test/task:	1.998746633529663
losses_test/concepts:	597.8701171875
losses_test/total:	61.78575897216797
calibration_test/ece:	0.2056773453950882
calibration_test/brier:	0.5351679921150208
accuracy_test/task:	65.30894028305143
accuracy_test/concepts:	86.40849304199219
map_test/concepts:	0.30265028303150426

Epoch 179
losses_train/task:	0.4631212651729584
losses_train/concepts:	21.42398452758789
losses_train/total:	2.605520009994507
losses_test/task:	2.0087876319885254
losses_test/concepts:	597.57763671875
losses_test/total:	61.76654815673828
calibration_test/ece:	0.2074342966079712
calibration_test/brier:	0.5396074056625366
accuracy_test/task:	65.08457024508112
accuracy_test/concepts:	86.26008605957031
map_test/concepts:	0.3004101041535085

Epoch 180
losses_train/task:	0.4297504127025604
losses_train/concepts:	21.232507705688477
losses_train/total:	2.5530011653900146
losses_test/task:	2.0502281188964844
losses_test/concepts:	602.0535278320312
losses_test/total:	62.25558090209961
calibration_test/ece:	0.2110496163368225
calibration_test/brier:	0.5507250428199768
accuracy_test/task:	64.44597859855023
accuracy_test/concepts:	86.22869873046875
map_test/concepts:	0.29963106700981207

Epoch 181
losses_train/task:	0.4542539417743683
losses_train/concepts:	20.95012855529785
losses_train/total:	2.5492677688598633
losses_test/task:	2.083789587020874
losses_test/concepts:	647.8176879882812
losses_test/total:	66.86556243896484
calibration_test/ece:	0.21688470244407654
calibration_test/brier:	0.5534218549728394
accuracy_test/task:	64.23886779426994
accuracy_test/concepts:	86.54469299316406
map_test/concepts:	0.30054985880005086

Epoch 182
losses_train/task:	0.46223145723342896
losses_train/concepts:	21.326709747314453
losses_train/total:	2.5949020385742188
losses_test/task:	2.0719215869903564
losses_test/concepts:	644.4202880859375
losses_test/total:	66.51394653320312
calibration_test/ece:	0.21602357923984528
calibration_test/brier:	0.5489780306816101
accuracy_test/task:	64.5667932343804
accuracy_test/concepts:	86.40631866455078
map_test/concepts:	0.29983664014461364

Epoch 183
losses_train/task:	0.4472501575946808
losses_train/concepts:	21.13216209411621
losses_train/total:	2.5604660511016846
losses_test/task:	2.044142484664917
losses_test/concepts:	612.016357421875
losses_test/total:	63.24576950073242
calibration_test/ece:	0.21347972750663757
calibration_test/brier:	0.5472293496131897
accuracy_test/task:	64.58405246807041
accuracy_test/concepts:	86.40034484863281
map_test/concepts:	0.3006524864668873

Epoch 184
losses_train/task:	0.4457501173019409
losses_train/concepts:	20.797393798828125
losses_train/total:	2.525489330291748
losses_test/task:	2.049917221069336
losses_test/concepts:	654.4647216796875
losses_test/total:	67.49638366699219
calibration_test/ece:	0.21330289542675018
calibration_test/brier:	0.543971836566925
accuracy_test/task:	64.86020020711081
accuracy_test/concepts:	86.51236724853516
map_test/concepts:	0.30038166161287916

Epoch 185
losses_train/task:	0.3989356756210327
losses_train/concepts:	20.41257095336914
losses_train/total:	2.440192937850952
losses_test/task:	2.0555403232574463
losses_test/concepts:	620.2615356445312
losses_test/total:	64.08171081542969
calibration_test/ece:	0.211416557431221
calibration_test/brier:	0.5441734194755554
accuracy_test/task:	64.94649637556093
accuracy_test/concepts:	86.44679260253906
map_test/concepts:	0.3013617193834348

Epoch 186
losses_train/task:	0.4509347081184387
losses_train/concepts:	20.798152923583984
losses_train/total:	2.5307493209838867
losses_test/task:	2.080967426300049
losses_test/concepts:	677.7311401367188
losses_test/total:	69.85407257080078
calibration_test/ece:	0.21682962775230408
calibration_test/brier:	0.5455102920532227
accuracy_test/task:	64.58405246807041
accuracy_test/concepts:	86.38780975341797
map_test/concepts:	0.3000062062659047

Epoch 187
losses_train/task:	0.43094754219055176
losses_train/concepts:	20.601526260375977
losses_train/total:	2.4911000728607178
losses_test/task:	2.1027650833129883
losses_test/concepts:	652.5968627929688
losses_test/total:	67.36245727539062
calibration_test/ece:	0.21849393844604492
calibration_test/brier:	0.55379319190979
accuracy_test/task:	64.27338626164999
accuracy_test/concepts:	86.47943878173828
map_test/concepts:	0.2988631766712801

Epoch 188
losses_train/task:	0.467038094997406
losses_train/concepts:	20.827280044555664
losses_train/total:	2.5497658252716064
losses_test/task:	2.103226661682129
losses_test/concepts:	638.4481811523438
losses_test/total:	65.94804382324219
calibration_test/ece:	0.21305954456329346
calibration_test/brier:	0.5479913353919983
accuracy_test/task:	64.5667932343804
accuracy_test/concepts:	86.31940460205078
map_test/concepts:	0.2988607465374199

Epoch 189
losses_train/task:	0.40026214718818665
losses_train/concepts:	20.05818748474121
losses_train/total:	2.406080722808838
losses_test/task:	2.0474119186401367
losses_test/concepts:	645.7601318359375
losses_test/total:	66.6234130859375
calibration_test/ece:	0.2124081254005432
calibration_test/brier:	0.5440360903739929
accuracy_test/task:	64.96375560925095
accuracy_test/concepts:	86.60211181640625
map_test/concepts:	0.3000315790826624

Epoch 190
losses_train/task:	0.42681118845939636
losses_train/concepts:	20.896793365478516
losses_train/total:	2.5164902210235596
losses_test/task:	2.0606143474578857
losses_test/concepts:	584.8077392578125
losses_test/total:	60.5413818359375
calibration_test/ece:	0.2151670753955841
calibration_test/brier:	0.5474675893783569
accuracy_test/task:	64.5667932343804
accuracy_test/concepts:	86.2763900756836
map_test/concepts:	0.30002719628709285

Epoch 191
losses_train/task:	0.4437267780303955
losses_train/concepts:	20.744150161743164
losses_train/total:	2.518141269683838
losses_test/task:	2.0665009021759033
losses_test/concepts:	607.2172241210938
losses_test/total:	62.78822326660156
calibration_test/ece:	0.21073317527770996
calibration_test/brier:	0.5443705916404724
accuracy_test/task:	65.03279254401104
accuracy_test/concepts:	86.31625366210938
map_test/concepts:	0.2999793151562864

Epoch 192
losses_train/task:	0.4746987819671631
losses_train/concepts:	20.984994888305664
losses_train/total:	2.5731983184814453
losses_test/task:	2.070932626724243
losses_test/concepts:	644.4866943359375
losses_test/total:	66.51959991455078
calibration_test/ece:	0.2111334502696991
calibration_test/brier:	0.5434792041778564
accuracy_test/task:	64.91197790818087
accuracy_test/concepts:	86.5478515625
map_test/concepts:	0.2990236824463037

Epoch 193
losses_train/task:	0.41055983304977417
losses_train/concepts:	20.03727149963379
losses_train/total:	2.4142873287200928
losses_test/task:	2.0772578716278076
losses_test/concepts:	618.2994384765625
losses_test/total:	63.907196044921875
calibration_test/ece:	0.21471074223518372
calibration_test/brier:	0.5491562485694885
accuracy_test/task:	64.32516396272005
accuracy_test/concepts:	86.41227722167969
map_test/concepts:	0.3006145146675408

Epoch 194
losses_train/task:	0.4170894920825958
losses_train/concepts:	20.213842391967773
losses_train/total:	2.4384734630584717
losses_test/task:	2.0681254863739014
losses_test/concepts:	566.150634765625
losses_test/total:	58.68320083618164
calibration_test/ece:	0.21517115831375122
calibration_test/brier:	0.5524205565452576
accuracy_test/task:	64.10079392474974
accuracy_test/concepts:	86.1628189086914
map_test/concepts:	0.3002854932268912

Epoch 195
losses_train/task:	0.4388089179992676
losses_train/concepts:	20.10239601135254
losses_train/total:	2.4490482807159424
losses_test/task:	2.059659957885742
losses_test/concepts:	612.551025390625
losses_test/total:	63.31475067138672
calibration_test/ece:	0.2100679576396942
calibration_test/brier:	0.5453397631645203
accuracy_test/task:	64.87745944080083
accuracy_test/concepts:	86.34386444091797
map_test/concepts:	0.30004760126837277

Epoch 196
losses_train/task:	0.4551331400871277
losses_train/concepts:	19.872509002685547
losses_train/total:	2.4423842430114746
losses_test/task:	2.088219165802002
losses_test/concepts:	653.8284912109375
losses_test/total:	67.47106170654297
calibration_test/ece:	0.21431809663772583
calibration_test/brier:	0.5529652833938599
accuracy_test/task:	64.35968243010011
accuracy_test/concepts:	86.5111312866211
map_test/concepts:	0.299768434041603

Epoch 197
losses_train/task:	0.44413021206855774
losses_train/concepts:	19.758270263671875
losses_train/total:	2.419956922531128
losses_test/task:	2.0604913234710693
losses_test/concepts:	658.7579345703125
losses_test/total:	67.93629455566406
calibration_test/ece:	0.20816999673843384
calibration_test/brier:	0.5417900085449219
accuracy_test/task:	65.10182947877114
accuracy_test/concepts:	86.59774780273438
map_test/concepts:	0.2992156093601476

Epoch 198
losses_train/task:	0.4167490601539612
losses_train/concepts:	19.706825256347656
losses_train/total:	2.387432336807251
losses_test/task:	2.0415680408477783
losses_test/concepts:	673.7130126953125
losses_test/total:	69.41287231445312
calibration_test/ece:	0.2076112926006317
calibration_test/brier:	0.5391898155212402
accuracy_test/task:	65.25716258198136
accuracy_test/concepts:	86.52149200439453
map_test/concepts:	0.29927034090188415

Epoch 199
losses_train/task:	0.41377323865890503
losses_train/concepts:	19.226551055908203
losses_train/total:	2.336427927017212
losses_test/task:	2.080172061920166
losses_test/concepts:	671.7008666992188
losses_test/total:	69.25025177001953
calibration_test/ece:	0.2110716849565506
calibration_test/brier:	0.545488715171814
accuracy_test/task:	64.80842250604073
accuracy_test/concepts:	86.47911834716797
map_test/concepts:	0.29877640768377617

Epoch 200
losses_train/task:	0.442880243062973
losses_train/concepts:	19.62489128112793
losses_train/total:	2.405369520187378
losses_test/task:	2.1313235759735107
losses_test/concepts:	688.2752685546875
losses_test/total:	70.95885467529297
calibration_train/ece:	0.011380067095160484
calibration_train/brier:	0.10922938585281372
accuracy_train/task:	91.36402027027027
calibration_test/ece:	0.21453320980072021
calibration_test/brier:	0.5517733693122864
accuracy_test/task:	64.39420089748015
accuracy_train/concepts:	90.88605499267578
map_train/concepts:	0.8467309604991566
accuracy_test/concepts:	86.64259338378906
map_test/concepts:	0.3007000879215246
accuracy_test/nuisances_task:	-0.18167663038822643
accuracy_test/nuisances_nontask:	0.0
mutual_inf_test/nuisances_task:	0.2750572490255395
mutual_inf_test/nuisances_nontask:	0.0

Epoch 201
losses_train/task:	0.4503713548183441
losses_train/concepts:	20.22331428527832
losses_train/total:	2.472703218460083
losses_test/task:	2.112271308898926
losses_test/concepts:	690.755126953125
losses_test/total:	71.18777465820312
calibration_test/ece:	0.21275468170642853
calibration_test/brier:	0.5486654043197632
accuracy_test/task:	64.68760787021056
accuracy_test/concepts:	86.6698989868164
map_test/concepts:	0.3001390494914217

Epoch 202
losses_train/task:	0.43208685517311096
losses_train/concepts:	19.598915100097656
losses_train/total:	2.3919780254364014
losses_test/task:	2.0812628269195557
losses_test/concepts:	673.568603515625
losses_test/total:	69.43812561035156
calibration_test/ece:	0.2097020149230957
calibration_test/brier:	0.545485258102417
accuracy_test/task:	64.87745944080083
accuracy_test/concepts:	86.6623764038086
map_test/concepts:	0.3002278332683173

Epoch 203
losses_train/task:	0.43643033504486084
losses_train/concepts:	19.25510025024414
losses_train/total:	2.3619401454925537
losses_test/task:	2.08929181098938
losses_test/concepts:	679.4020385742188
losses_test/total:	70.02950286865234
calibration_test/ece:	0.210434690117836
calibration_test/brier:	0.5450682044029236
accuracy_test/task:	64.84294097342078
accuracy_test/concepts:	86.70819091796875
map_test/concepts:	0.30029553819278426

Epoch 204
losses_train/task:	0.40085893869400024
losses_train/concepts:	18.819761276245117
losses_train/total:	2.282835006713867
losses_test/task:	2.0669362545013428
losses_test/concepts:	676.0349731445312
losses_test/total:	69.6704330444336
calibration_test/ece:	0.20834693312644958
calibration_test/brier:	0.5409820079803467
accuracy_test/task:	65.13634794615119
accuracy_test/concepts:	86.7847671508789
map_test/concepts:	0.30082935238765046

Epoch 205
losses_train/task:	0.3973830044269562
losses_train/concepts:	18.94646644592285
losses_train/total:	2.2920291423797607
losses_test/task:	2.062548875808716
losses_test/concepts:	669.5087890625
losses_test/total:	69.01341247558594
calibration_test/ece:	0.20787569880485535
calibration_test/brier:	0.5425797700881958
accuracy_test/task:	65.0673110113911
accuracy_test/concepts:	86.68372344970703
map_test/concepts:	0.30056211834942753

Epoch 206
losses_train/task:	0.43944051861763
losses_train/concepts:	19.53055191040039
losses_train/total:	2.392495632171631
losses_test/task:	2.0889768600463867
losses_test/concepts:	693.8905639648438
losses_test/total:	71.47804260253906
calibration_test/ece:	0.21098974347114563
calibration_test/brier:	0.5442853569984436
accuracy_test/task:	64.9292371418709
accuracy_test/concepts:	86.77880096435547
map_test/concepts:	0.30075233885171737

Epoch 207
losses_train/task:	0.4164823293685913
losses_train/concepts:	18.846601486206055
losses_train/total:	2.301142454147339
losses_test/task:	2.0807700157165527
losses_test/concepts:	690.5338745117188
losses_test/total:	71.1341552734375
calibration_test/ece:	0.21007958054542542
calibration_test/brier:	0.5434205532073975
accuracy_test/task:	65.08457024508112
accuracy_test/concepts:	86.78287506103516
map_test/concepts:	0.3001374025913802

Epoch 208
losses_train/task:	0.42158398032188416
losses_train/concepts:	18.979799270629883
losses_train/total:	2.319563865661621
losses_test/task:	2.1028475761413574
losses_test/concepts:	722.6058349609375
losses_test/total:	74.36343383789062
calibration_test/ece:	0.21359211206436157
calibration_test/brier:	0.5455716252326965
accuracy_test/task:	64.80842250604073
accuracy_test/concepts:	86.88487243652344
map_test/concepts:	0.3005320779301903

Epoch 209
losses_train/task:	0.40549829602241516
losses_train/concepts:	18.991086959838867
losses_train/total:	2.3046071529388428
losses_test/task:	2.0672943592071533
losses_test/concepts:	675.9400024414062
losses_test/total:	69.66128540039062
calibration_test/ece:	0.21141234040260315
calibration_test/brier:	0.541602611541748
accuracy_test/task:	64.89471867449085
accuracy_test/concepts:	86.71479034423828
map_test/concepts:	0.3005582269281149

Epoch 210
losses_train/task:	0.4459601938724518
losses_train/concepts:	19.17983055114746
losses_train/total:	2.3639438152313232
losses_test/task:	2.076036214828491
losses_test/concepts:	717.0240478515625
losses_test/total:	73.77845764160156
calibration_test/ece:	0.21189060807228088
calibration_test/brier:	0.5424054861068726
accuracy_test/task:	64.84294097342078
accuracy_test/concepts:	86.9146728515625
map_test/concepts:	0.3005025177178058

Epoch 211
losses_train/task:	0.40422356128692627
losses_train/concepts:	18.475414276123047
losses_train/total:	2.251765012741089
losses_test/task:	2.0581398010253906
losses_test/concepts:	687.4693603515625
losses_test/total:	70.80506896972656
calibration_test/ece:	0.21023094654083252
calibration_test/brier:	0.5397791266441345
accuracy_test/task:	64.94649637556093
accuracy_test/concepts:	86.78915405273438
map_test/concepts:	0.3007017538882792

Epoch 212
losses_train/task:	0.42212769389152527
losses_train/concepts:	18.80016326904297
losses_train/total:	2.3021440505981445
losses_test/task:	2.0794785022735596
losses_test/concepts:	698.9196166992188
losses_test/total:	71.97146606445312
calibration_test/ece:	0.21263697743415833
calibration_test/brier:	0.5420048832893372
accuracy_test/task:	64.80842250604073
accuracy_test/concepts:	86.7580795288086
map_test/concepts:	0.300307793026282

Epoch 213
losses_train/task:	0.438395231962204
losses_train/concepts:	18.946054458618164
losses_train/total:	2.333000421524048
losses_test/task:	2.0919761657714844
losses_test/concepts:	707.2847290039062
losses_test/total:	72.82042694091797
calibration_test/ece:	0.2129915952682495
calibration_test/brier:	0.5429739952087402
accuracy_test/task:	64.84294097342078
accuracy_test/concepts:	86.82994842529297
map_test/concepts:	0.30046918993307786

Epoch 214
losses_train/task:	0.41038021445274353
losses_train/concepts:	18.870941162109375
losses_train/total:	2.297473907470703
losses_test/task:	2.074281930923462
losses_test/concepts:	711.6102294921875
losses_test/total:	73.23529815673828
calibration_test/ece:	0.21249322593212128
calibration_test/brier:	0.5416064858436584
accuracy_test/task:	64.87745944080083
accuracy_test/concepts:	86.9062271118164
map_test/concepts:	0.3004342790693045

Epoch 215
losses_train/task:	0.42318329215049744
losses_train/concepts:	18.885042190551758
losses_train/total:	2.311687469482422
losses_test/task:	2.0800578594207764
losses_test/concepts:	713.128662109375
losses_test/total:	73.39291381835938
calibration_test/ece:	0.21163533627986908
calibration_test/brier:	0.540320634841919
accuracy_test/task:	65.03279254401104
accuracy_test/concepts:	86.8029556274414
map_test/concepts:	0.3007154064337638

Epoch 216
losses_train/task:	0.4196005165576935
losses_train/concepts:	18.849523544311523
losses_train/total:	2.3045527935028076
losses_test/task:	2.055072069168091
losses_test/concepts:	696.1614990234375
losses_test/total:	71.67122650146484
calibration_test/ece:	0.2086828649044037
calibration_test/brier:	0.5379557609558105
accuracy_test/task:	65.13634794615119
accuracy_test/concepts:	86.8327865600586
map_test/concepts:	0.300417263162407

Epoch 217
losses_train/task:	0.42016512155532837
losses_train/concepts:	18.655149459838867
losses_train/total:	2.285679817199707
losses_test/task:	2.0542328357696533
losses_test/concepts:	702.7725219726562
losses_test/total:	72.33148956298828
calibration_test/ece:	0.21005886793136597
calibration_test/brier:	0.5394876003265381
accuracy_test/task:	65.03279254401104
accuracy_test/concepts:	86.84942626953125
map_test/concepts:	0.30094758452508935

Epoch 218
losses_train/task:	0.380379855632782
losses_train/concepts:	18.623445510864258
losses_train/total:	2.242724657058716
losses_test/task:	2.059695243835449
losses_test/concepts:	704.6763305664062
losses_test/total:	72.52734375
calibration_test/ece:	0.21085163950920105
calibration_test/brier:	0.5390927791595459
accuracy_test/task:	65.01553331032102
accuracy_test/concepts:	86.76969909667969
map_test/concepts:	0.3002001200633293

Epoch 219
losses_train/task:	0.4066935181617737
losses_train/concepts:	18.4894962310791
losses_train/total:	2.255643367767334
losses_test/task:	2.0736069679260254
losses_test/concepts:	717.078125
losses_test/total:	73.78141784667969
calibration_test/ece:	0.21012504398822784
calibration_test/brier:	0.5402789115905762
accuracy_test/task:	65.20538488091128
accuracy_test/concepts:	86.89491271972656
map_test/concepts:	0.3006990186192773

Epoch 220
losses_train/task:	0.40702518820762634
losses_train/concepts:	18.529996871948242
losses_train/total:	2.2600247859954834
losses_test/task:	2.070178270339966
losses_test/concepts:	723.189453125
losses_test/total:	74.3891372680664
calibration_test/ece:	0.2115846425294876
calibration_test/brier:	0.5407871007919312
accuracy_test/task:	65.0673110113911
accuracy_test/concepts:	86.85065460205078
map_test/concepts:	0.3007086880843748

Epoch 221
losses_train/task:	0.36708539724349976
losses_train/concepts:	18.088558197021484
losses_train/total:	2.175941228866577
losses_test/task:	2.036369800567627
losses_test/concepts:	701.4296875
losses_test/total:	72.17932891845703
calibration_test/ece:	0.2100718915462494
calibration_test/brier:	0.5368263721466064
accuracy_test/task:	65.01553331032102
accuracy_test/concepts:	86.83372497558594
map_test/concepts:	0.30073639069768515

Epoch 222
losses_train/task:	0.41097962856292725
losses_train/concepts:	18.505855560302734
losses_train/total:	2.2615654468536377
losses_test/task:	2.058356523513794
losses_test/concepts:	706.0755615234375
losses_test/total:	72.6659164428711
calibration_test/ece:	0.20830291509628296
calibration_test/brier:	0.5384771823883057
accuracy_test/task:	65.29168104936142
accuracy_test/concepts:	86.8337173461914
map_test/concepts:	0.3003420328890735

Epoch 223
losses_train/task:	0.39892688393592834
losses_train/concepts:	18.646713256835938
losses_train/total:	2.2635979652404785
losses_test/task:	2.0757322311401367
losses_test/concepts:	728.384521484375
losses_test/total:	74.91419219970703
calibration_test/ece:	0.21100647747516632
calibration_test/brier:	0.5399814248085022
accuracy_test/task:	65.15360717984122
accuracy_test/concepts:	86.96613311767578
map_test/concepts:	0.30056301766837185

Epoch 224
losses_train/task:	0.4111473262310028
losses_train/concepts:	18.13287353515625
losses_train/total:	2.2244350910186768
losses_test/task:	2.054208278656006
losses_test/concepts:	719.964111328125
losses_test/total:	74.05062103271484
calibration_test/ece:	0.20916645228862762
calibration_test/brier:	0.5365593433380127
accuracy_test/task:	65.29168104936142
accuracy_test/concepts:	86.90525817871094
map_test/concepts:	0.30093923684378915

Epoch 225
losses_train/task:	0.4045475423336029
losses_train/concepts:	18.437820434570312
losses_train/total:	2.2483294010162354
losses_test/task:	2.048152208328247
losses_test/concepts:	719.6101684570312
losses_test/total:	74.00917053222656
calibration_test/ece:	0.20916232466697693
calibration_test/brier:	0.5372650623321533
accuracy_test/task:	65.20538488091128
accuracy_test/concepts:	86.93255615234375
map_test/concepts:	0.3005340252918276

Epoch 226
losses_train/task:	0.3934018909931183
losses_train/concepts:	18.317617416381836
losses_train/total:	2.2251641750335693
losses_test/task:	2.053076982498169
losses_test/concepts:	707.7947387695312
losses_test/total:	72.83255004882812
calibration_test/ece:	0.21026188135147095
calibration_test/brier:	0.5373696684837341
accuracy_test/task:	65.17086641353124
accuracy_test/concepts:	86.84153747558594
map_test/concepts:	0.30064232048832557

Epoch 227
losses_train/task:	0.3862591087818146
losses_train/concepts:	18.627912521362305
losses_train/total:	2.2490503787994385
losses_test/task:	2.0676205158233643
losses_test/concepts:	724.9246215820312
losses_test/total:	74.56010437011719
calibration_test/ece:	0.21196173131465912
calibration_test/brier:	0.5394977331161499
accuracy_test/task:	65.05005177770107
accuracy_test/concepts:	86.89429473876953
map_test/concepts:	0.3006412408737974

Epoch 228
losses_train/task:	0.40278446674346924
losses_train/concepts:	18.22748374938965
losses_train/total:	2.2255330085754395
losses_test/task:	2.0923590660095215
losses_test/concepts:	751.967041015625
losses_test/total:	77.28907012939453
calibration_test/ece:	0.21279016137123108
calibration_test/brier:	0.5420960187911987
accuracy_test/task:	65.11908871246116
accuracy_test/concepts:	87.04176330566406
map_test/concepts:	0.30058285682038827

Epoch 229
losses_train/task:	0.4177604913711548
losses_train/concepts:	18.641597747802734
losses_train/total:	2.2819206714630127
losses_test/task:	2.0839762687683105
losses_test/concepts:	738.0103759765625
losses_test/total:	75.88501739501953
calibration_test/ece:	0.21291422843933105
calibration_test/brier:	0.5416615009307861
accuracy_test/task:	65.05005177770107
accuracy_test/concepts:	86.94856262207031
map_test/concepts:	0.3000149511224167

Epoch 230
losses_train/task:	0.40534508228302
losses_train/concepts:	18.340774536132812
losses_train/total:	2.23942232131958
losses_test/task:	2.069925308227539
losses_test/concepts:	733.7431640625
losses_test/total:	75.4442367553711
calibration_test/ece:	0.21307983994483948
calibration_test/brier:	0.5407384634017944
accuracy_test/task:	64.94649637556093
accuracy_test/concepts:	86.95264434814453
map_test/concepts:	0.3002716194838285

Epoch 231
losses_train/task:	0.40432626008987427
losses_train/concepts:	18.382923126220703
losses_train/total:	2.2426187992095947
losses_test/task:	2.066662311553955
losses_test/concepts:	719.7122802734375
losses_test/total:	74.03787994384766
calibration_test/ece:	0.21179673075675964
calibration_test/brier:	0.5389439463615417
accuracy_test/task:	65.11908871246116
accuracy_test/concepts:	86.94638061523438
map_test/concepts:	0.30058689435774627

Epoch 232
losses_train/task:	0.4136498272418976
losses_train/concepts:	18.6968994140625
losses_train/total:	2.283339262008667
losses_test/task:	2.091179132461548
losses_test/concepts:	726.0574340820312
losses_test/total:	74.69691467285156
calibration_test/ece:	0.2144049108028412
calibration_test/brier:	0.5432619452476501
accuracy_test/task:	64.89471867449085
accuracy_test/concepts:	86.92503356933594
map_test/concepts:	0.3002045066603883

Epoch 233
losses_train/task:	0.40129196643829346
losses_train/concepts:	18.342409133911133
losses_train/total:	2.2355332374572754
losses_test/task:	2.064798593521118
losses_test/concepts:	735.6923828125
losses_test/total:	75.63404083251953
calibration_test/ece:	0.2131822109222412
calibration_test/brier:	0.5402926206588745
accuracy_test/task:	64.9292371418709
accuracy_test/concepts:	87.00129699707031
map_test/concepts:	0.30025375641205093

Epoch 234
losses_train/task:	0.3960355520248413
losses_train/concepts:	18.653411865234375
losses_train/total:	2.2613768577575684
losses_test/task:	2.076245069503784
losses_test/concepts:	733.8364868164062
losses_test/total:	75.45992279052734
calibration_test/ece:	0.21200013160705566
calibration_test/brier:	0.5402156710624695
accuracy_test/task:	65.17086641353124
accuracy_test/concepts:	86.97868347167969
map_test/concepts:	0.3001697259108451

Epoch 235
losses_train/task:	0.3920891582965851
losses_train/concepts:	18.190677642822266
losses_train/total:	2.2111568450927734
losses_test/task:	2.047096014022827
losses_test/concepts:	693.2590942382812
losses_test/total:	71.37300872802734
calibration_test/ece:	0.20977649092674255
calibration_test/brier:	0.538657546043396
accuracy_test/task:	65.08457024508112
accuracy_test/concepts:	86.73110961914062
map_test/concepts:	0.30006564933467994

Epoch 236
losses_train/task:	0.4038804769515991
losses_train/concepts:	18.40115737915039
losses_train/total:	2.2439966201782227
losses_test/task:	2.070924758911133
losses_test/concepts:	728.7044677734375
losses_test/total:	74.94135284423828
calibration_test/ece:	0.21252334117889404
calibration_test/brier:	0.5401270985603333
accuracy_test/task:	65.0673110113911
accuracy_test/concepts:	86.9178237915039
map_test/concepts:	0.3000383807600222

Epoch 237
losses_train/task:	0.405974417924881
losses_train/concepts:	18.25790786743164
losses_train/total:	2.2317652702331543
losses_test/task:	2.0687248706817627
losses_test/concepts:	720.1033325195312
losses_test/total:	74.07904815673828
calibration_test/ece:	0.21082806587219238
calibration_test/brier:	0.5401642322540283
accuracy_test/task:	65.15360717984122
accuracy_test/concepts:	86.85881805419922
map_test/concepts:	0.3004154693843289

Epoch 238
losses_train/task:	0.4212130010128021
losses_train/concepts:	18.448240280151367
losses_train/total:	2.2660367488861084
losses_test/task:	2.0650112628936768
losses_test/concepts:	740.464599609375
losses_test/total:	76.11146545410156
calibration_test/ece:	0.2134552001953125
calibration_test/brier:	0.5389072299003601
accuracy_test/task:	64.98101484294098
accuracy_test/concepts:	86.97838592529297
map_test/concepts:	0.30056980373337866

Epoch 239
losses_train/task:	0.399082213640213
losses_train/concepts:	18.289649963378906
losses_train/total:	2.2280468940734863
losses_test/task:	2.071742534637451
losses_test/concepts:	720.6102294921875
losses_test/total:	74.13276672363281
calibration_test/ece:	0.21179047226905823
calibration_test/brier:	0.5407984852790833
accuracy_test/task:	65.01553331032102
accuracy_test/concepts:	86.90087890625
map_test/concepts:	0.30021956339478495

Epoch 240
losses_train/task:	0.4281558096408844
losses_train/concepts:	18.53569221496582
losses_train/total:	2.2817256450653076
losses_test/task:	2.0816454887390137
losses_test/concepts:	736.6595458984375
losses_test/total:	75.74760437011719
calibration_test/ece:	0.21285273134708405
calibration_test/brier:	0.5416291952133179
accuracy_test/task:	65.15360717984122
accuracy_test/concepts:	86.94542694091797
map_test/concepts:	0.30020468891174956

Epoch 241
losses_train/task:	0.3937106132507324
losses_train/concepts:	18.715131759643555
losses_train/total:	2.265223979949951
losses_test/task:	2.05412220954895
losses_test/concepts:	730.8642578125
losses_test/total:	75.14053344726562
calibration_test/ece:	0.2108779102563858
calibration_test/brier:	0.538107693195343
accuracy_test/task:	65.27442181567139
accuracy_test/concepts:	86.94134521484375
map_test/concepts:	0.3003119986588982

Epoch 242
losses_train/task:	0.37998896837234497
losses_train/concepts:	18.172597885131836
losses_train/total:	2.1972484588623047
losses_test/task:	2.0556535720825195
losses_test/concepts:	718.269287109375
losses_test/total:	73.88258361816406
calibration_test/ece:	0.21213114261627197
calibration_test/brier:	0.5397449731826782
accuracy_test/task:	65.10182947877114
accuracy_test/concepts:	86.80892944335938
map_test/concepts:	0.30022283469919453

Epoch 243
losses_train/task:	0.3985338807106018
losses_train/concepts:	18.064599990844727
losses_train/total:	2.2049944400787354
losses_test/task:	2.0583412647247314
losses_test/concepts:	718.9246826171875
losses_test/total:	73.95082092285156
calibration_test/ece:	0.21297219395637512
calibration_test/brier:	0.5398512482643127
accuracy_test/task:	65.05005177770107
accuracy_test/concepts:	86.84972381591797
map_test/concepts:	0.3002968537451869

Epoch 244
losses_train/task:	0.3973667025566101
losses_train/concepts:	18.414501190185547
losses_train/total:	2.2388172149658203
losses_test/task:	2.053889036178589
losses_test/concepts:	727.3248291015625
losses_test/total:	74.78636932373047
calibration_test/ece:	0.21250656247138977
calibration_test/brier:	0.5385571122169495
accuracy_test/task:	65.0673110113911
accuracy_test/concepts:	86.9014892578125
map_test/concepts:	0.30002190601927314

Epoch 245
losses_train/task:	0.4033815264701843
losses_train/concepts:	18.010406494140625
losses_train/total:	2.2044217586517334
losses_test/task:	2.0758936405181885
losses_test/concepts:	744.0051879882812
losses_test/total:	76.4764175415039
calibration_test/ece:	0.2120160162448883
calibration_test/brier:	0.541693389415741
accuracy_test/task:	65.10182947877114
accuracy_test/concepts:	86.96614837646484
map_test/concepts:	0.3001974469982088

Epoch 246
losses_train/task:	0.39777353405952454
losses_train/concepts:	18.210418701171875
losses_train/total:	2.218815326690674
losses_test/task:	2.0678703784942627
losses_test/concepts:	738.9906616210938
losses_test/total:	75.96693420410156
calibration_test/ece:	0.21317237615585327
calibration_test/brier:	0.5416457056999207
accuracy_test/task:	64.9292371418709
accuracy_test/concepts:	86.9846420288086
map_test/concepts:	0.3000720193186267

Epoch 247
losses_train/task:	0.3972986340522766
losses_train/concepts:	18.04079818725586
losses_train/total:	2.201378345489502
losses_test/task:	2.0511770248413086
losses_test/concepts:	738.29443359375
losses_test/total:	75.880615234375
calibration_test/ece:	0.21053668856620789
calibration_test/brier:	0.5391668677330017
accuracy_test/task:	65.13634794615119
accuracy_test/concepts:	86.96708679199219
map_test/concepts:	0.3001535430296578

Epoch 248
losses_train/task:	0.40590181946754456
losses_train/concepts:	18.363157272338867
losses_train/total:	2.242217540740967
losses_test/task:	2.0831186771392822
losses_test/concepts:	750.5381469726562
losses_test/total:	77.1369400024414
calibration_test/ece:	0.2134394645690918
calibration_test/brier:	0.5433574914932251
accuracy_test/task:	64.94649637556093
accuracy_test/concepts:	86.95482635498047
map_test/concepts:	0.29980596516450697

Epoch 249
losses_train/task:	0.4029915928840637
losses_train/concepts:	18.068723678588867
losses_train/total:	2.2098641395568848
losses_test/task:	2.084796667098999
losses_test/concepts:	753.9052734375
losses_test/total:	77.47533416748047
calibration_test/ece:	0.21425354480743408
calibration_test/brier:	0.5421122908592224
accuracy_test/task:	65.01553331032102
accuracy_test/concepts:	86.9040298461914
map_test/concepts:	0.30001906156539915

Epoch 250
losses_train/task:	0.4066961407661438
losses_train/concepts:	18.64996337890625
losses_train/total:	2.2716922760009766
losses_test/task:	2.074460506439209
losses_test/concepts:	758.2763671875
losses_test/total:	77.90210723876953
calibration_train/ece:	0.011925941333174706
calibration_train/brier:	0.09567949175834656
accuracy_train/task:	92.37753378378379
calibration_test/ece:	0.21410223841667175
calibration_test/brier:	0.5414441823959351
accuracy_test/task:	64.99827407663099
accuracy_train/concepts:	91.73487091064453
map_train/concepts:	0.8667552343823693
accuracy_test/concepts:	86.97714233398438
map_test/concepts:	0.2999676078896631
accuracy_test/nuisances_task:	-0.10052752076533802
accuracy_test/nuisances_nontask:	0.0
mutual_inf_test/nuisances_task:	0.27197110291319093
mutual_inf_test/nuisances_nontask:	0.0

epoch_250.pt
Skipping interventions: model 'cem' is not intervenable
[1;34mwandb[0m:
[1;34mwandb[0m: You can sync this run to the cloud by running:
[1;34mwandb[0m: [1mwandb sync /research/hal-afsharim/minimal_cbm/results/cub12-cem/44/wandb/offline-run-20260806_044804-lhsgneom[0m
[1;34mwandb[0m: Find logs at: [1;35mresults/cub12-cem/44/wandb/offline-run-20260806_044804-lhsgneom/logs[0m
