config,dataset,model,seed,n_groups_intervened,error,error_random
awa2-arhcbm,awa2,ARCBM,42,0,6.363560244494678,6.363560244494678
awa2-arhcbm,awa2,ARCBM,42,1,6.0035167043456426,6.0035167043456426
awa2-arhcbm,awa2,ARCBM,42,2,7.920957883278902,7.920957883278902
awa2-arhcbm,awa2,ARCBM,42,3,9.076446453989789,9.076446453989789
awa2-arhcbm,awa2,ARCBM,42,4,11.194842166959731,11.194842166959731
awa2-arhcbm,awa2,ARCBM,42,5,13.664908314493843,13.664908314493843
awa2-arhcbm,awa2,ARCBM,42,6,13.597923469814958,13.597923469814958
awa2-arhcbm,awa2,ARCBM,42,7,13.262999246420492,13.262999246420492
awa2-arhcbm,awa2,ARCBM,42,8,12.425688687934354,12.425688687934354
awa2-arhcbm,awa2,ARCBM,42,9,12.065645147785318,12.065645147785318
awa2-arhcbm,awa2,ARCBM,42,10,11.3957967009964,11.3957967009964
awa2-arhcbm,awa2,ARCBM,42,11,11.328811856317515,11.328811856317515
awa2-arhcbm,awa2,ARCBM,42,12,11.08599179435653,11.08599179435653
awa2-arhcbm,awa2,ARCBM,42,13,10.709202043037763,10.709202043037763
awa2-arhcbm,awa2,ARCBM,42,14,10.37427781964331,10.37427781964331
awa2-arhcbm,awa2,ARCBM,42,15,10.37427781964331,10.37427781964331
awa2-arhcbm,awa2,ARCBM,42,16,10.349158502888727,10.349158502888727
awa2-arhcbm,awa2,ARCBM,42,17,10.349158502888727,10.349158502888727
awa2-arhcbm,awa2,ARCBM,42,18,10.340785397303861,10.340785397303861
awa2-arhcbm,awa2,ARCBM,42,19,10.608724776019429,10.608724776019429
awa2-arhcbm,awa2,ARCBM,42,20,10.608724776019429,10.608724776019429
awa2-arhcbm,awa2,ARCBM,43,0,6.037009126685092,6.037009126685092
awa2-arhcbm,awa2,ARCBM,43,1,5.777442853554376,5.777442853554376
awa2-arhcbm,awa2,ARCBM,43,2,7.611152976639033,7.611152976639033
awa2-arhcbm,awa2,ARCBM,43,3,9.22716235451729,9.22716235451729
awa2-arhcbm,awa2,ARCBM,43,4,10.458008875491913,10.458008875491913
awa2-arhcbm,awa2,ARCBM,43,5,10.449635769907061,10.449635769907061
awa2-arhcbm,awa2,ARCBM,43,6,9.72117558402411,9.72117558402411
awa2-arhcbm,awa2,ARCBM,43,7,11.01063384409278,11.01063384409278
awa2-arhcbm,awa2,ARCBM,43,8,11.554885707108767,11.554885707108767
awa2-arhcbm,awa2,ARCBM,43,9,11.094364899941382,11.094364899941382
awa2-arhcbm,awa2,ARCBM,43,10,10.43288955873733,10.43288955873733
awa2-arhcbm,awa2,ARCBM,43,11,10.349158502888727,10.349158502888727
awa2-arhcbm,awa2,ARCBM,43,12,10.106338440927743,10.106338440927743
awa2-arhcbm,awa2,ARCBM,43,13,10.15657707443691,10.15657707443691
awa2-arhcbm,awa2,ARCBM,43,14,9.587205894666326,9.587205894666326
awa2-arhcbm,awa2,ARCBM,43,15,9.587205894666326,9.587205894666326
awa2-arhcbm,awa2,ARCBM,43,16,9.570459683496608,9.570459683496608
awa2-arhcbm,awa2,ARCBM,43,17,9.562086577911742,9.562086577911742
awa2-arhcbm,awa2,ARCBM,43,18,9.562086577911742,9.562086577911742
awa2-arhcbm,awa2,ARCBM,43,19,9.562086577911742,9.562086577911742
awa2-arhcbm,awa2,ARCBM,43,20,9.511847944402575,9.511847944402575
awa2-arhcbm,awa2,ARCBM,44,0,5.970024282006193,5.970024282006193
awa2-arhcbm,awa2,ARCBM,44,1,8.414971112785736,8.414971112785736
awa2-arhcbm,awa2,ARCBM,44,2,8.138658628485302,8.138658628485302
awa2-arhcbm,awa2,ARCBM,44,3,9.520221049987441,9.520221049987441
awa2-arhcbm,awa2,ARCBM,44,4,9.578832789081474,9.578832789081474
awa2-arhcbm,awa2,ARCBM,44,5,8.942476764632005,8.942476764632005
awa2-arhcbm,awa2,ARCBM,44,6,10.43288955873733,10.43288955873733
awa2-arhcbm,awa2,ARCBM,44,7,11.755840241145435,11.755840241145435
awa2-arhcbm,awa2,ARCBM,44,8,11.270200117223482,11.270200117223482
awa2-arhcbm,awa2,ARCBM,44,9,11.881436824918367,11.881436824918367
awa2-arhcbm,awa2,ARCBM,44,10,11.245080800468898,11.245080800468898
awa2-arhcbm,awa2,ARCBM,44,11,10.667336515113462,10.667336515113462
awa2-arhcbm,awa2,ARCBM,44,12,10.340785397303861,10.340785397303861
awa2-arhcbm,awa2,ARCBM,44,13,9.922130118060792,9.922130118060792
awa2-arhcbm,awa2,ARCBM,44,14,9.620698317005775,9.620698317005775
awa2-arhcbm,awa2,ARCBM,44,15,9.61232521142091,9.61232521142091
awa2-arhcbm,awa2,ARCBM,44,16,9.587205894666326,9.587205894666326
awa2-arhcbm,awa2,ARCBM,44,17,9.587205894666326,9.587205894666326
awa2-arhcbm,awa2,ARCBM,44,18,9.587205894666326,9.587205894666326
awa2-arhcbm,awa2,ARCBM,44,19,9.570459683496608,9.570459683496608
awa2-arhcbm,awa2,ARCBM,44,20,9.511847944402575,9.511847944402575
awa2-cbm,awa2,CBM,42,0,5.576488319517708,5.576488319517708
awa2-cbm,awa2,CBM,42,1,5.040609562086573,5.040609562086573
awa2-cbm,awa2,CBM,42,2,4.2367914259398844,4.2367914259398844
awa2-cbm,awa2,CBM,42,3,3.9521058360545993,3.9521058360545993
awa2-cbm,awa2,CBM,42,4,4.2284183203550185,4.2284183203550185
awa2-cbm,awa2,CBM,42,5,3.7427781964330507,3.7427781964330507
awa2-cbm,awa2,CBM,42,6,3.365988445114297,3.365988445114297
awa2-cbm,awa2,CBM,42,7,3.2906304948505465,3.2906304948505465
awa2-cbm,awa2,CBM,42,8,3.3408691283597136,3.3408691283597136
awa2-cbm,awa2,CBM,42,9,3.240391861341365,3.240391861341365
awa2-cbm,awa2,CBM,42,10,3.2655111780959487,3.2655111780959487
awa2-cbm,awa2,CBM,42,11,3.8600016746211168,3.8600016746211168
awa2-cbm,awa2,CBM,42,12,5.040609562086573,5.040609562086573
awa2-cbm,awa2,CBM,42,13,5.30854894080214,5.30854894080214
awa2-cbm,awa2,CBM,42,14,6.706857573473997,6.706857573473997
awa2-cbm,awa2,CBM,42,15,5.844427698233275,5.844427698233275
awa2-cbm,awa2,CBM,42,16,5.45089173574479,5.45089173574479
awa2-cbm,awa2,CBM,42,17,9.897010801306209,9.897010801306209
awa2-cbm,awa2,CBM,42,18,13.589550364230092,13.589550364230092
awa2-cbm,awa2,CBM,42,19,14.812023779619864,14.812023779619864
awa2-cbm,awa2,CBM,42,20,18.646906137486397,18.646906137486397
awa2-cbm,awa2,CBM,43,0,5.55974210834799,5.55974210834799
awa2-cbm,awa2,CBM,43,1,4.73917776103157,4.73917776103157
awa2-cbm,awa2,CBM,43,2,3.9353596248848675,3.9353596248848675
awa2-cbm,awa2,CBM,43,3,3.5167043456417986,3.5167043456417986
awa2-cbm,awa2,CBM,43,4,2.9808255882106636,2.9808255882106636
awa2-cbm,awa2,CBM,43,5,3.0896759608138638,3.0896759608138638
awa2-cbm,awa2,CBM,43,6,2.964079377040946,2.964079377040946
awa2-cbm,awa2,CBM,43,7,2.9473331658712283,2.9473331658712283
awa2-cbm,awa2,CBM,43,8,3.139914594323031,3.139914594323031
awa2-cbm,awa2,CBM,43,9,2.8217365820982963,2.8217365820982963
awa2-cbm,awa2,CBM,43,10,2.6961399983253784,2.6961399983253784
awa2-cbm,awa2,CBM,43,11,2.7380055262496796,2.7380055262496796
awa2-cbm,awa2,CBM,43,12,2.5705434145524606,2.5705434145524606
awa2-cbm,awa2,CBM,43,13,2.8803483211923293,2.8803483211923293
awa2-cbm,awa2,CBM,43,14,5.057355773256305,5.057355773256305
awa2-cbm,awa2,CBM,43,15,5.66859248095119,5.66859248095119
awa2-cbm,awa2,CBM,43,16,5.953278070836475,5.953278070836475
awa2-cbm,awa2,CBM,43,17,7.376706020262915,7.376706020262915
awa2-cbm,awa2,CBM,43,18,7.4269446537720825,7.4269446537720825
awa2-cbm,awa2,CBM,43,19,12.635016327555888,12.635016327555888
awa2-cbm,awa2,CBM,43,20,11.194842166959731,11.194842166959731
awa2-cbm,awa2,CBM,44,0,5.676965586536042,5.676965586536042
awa2-cbm,awa2,CBM,44,1,4.714058444276986,4.714058444276986
awa2-cbm,awa2,CBM,44,2,3.9437327304697334,3.9437327304697334
awa2-cbm,awa2,CBM,44,3,3.5920622959055493,3.5920622959055493
awa2-cbm,awa2,CBM,44,4,2.8552290044377457,2.8552290044377457
awa2-cbm,awa2,CBM,44,5,2.9891986937955295,2.9891986937955295
awa2-cbm,awa2,CBM,44,6,3.382734656284015,3.382734656284015
awa2-cbm,awa2,CBM,44,7,3.3911077618688807,3.3911077618688807
awa2-cbm,awa2,CBM,44,8,3.3241229171899818,3.3241229171899818
awa2-cbm,awa2,CBM,44,9,3.20689943900193,3.20689943900193
awa2-cbm,awa2,CBM,44,10,2.369588880515778,2.369588880515778
awa2-cbm,awa2,CBM,44,11,2.5621703089675947,2.5621703089675947
awa2-cbm,awa2,CBM,44,12,2.059783973875909,2.059783973875909
awa2-cbm,awa2,CBM,44,13,3.31574981160513,3.31574981160513
awa2-cbm,awa2,CBM,44,14,3.248764966926231,3.248764966926231
awa2-cbm,awa2,CBM,44,15,3.5753160847358316,3.5753160847358316
awa2-cbm,awa2,CBM,44,16,3.834882357866533,3.834882357866533
awa2-cbm,awa2,CBM,44,17,4.772670183371005,4.772670183371005
awa2-cbm,awa2,CBM,44,18,6.924558318680397,6.924558318680397
awa2-cbm,awa2,CBM,44,19,13.271372352005358,13.271372352005358
awa2-cbm,awa2,CBM,44,20,11.194842166959731,11.194842166959731
awa2-mcbm-005,awa2,MCBM (low g),42,0,5.810935275893826,5.810935275893826
awa2-mcbm-005,awa2,MCBM (low g),42,1,5.400653102235623,5.400653102235623
awa2-mcbm-005,awa2,MCBM (low g),42,2,4.429372854391687,4.429372854391687
awa2-mcbm-005,awa2,MCBM (low g),42,3,3.968852047224317,3.968852047224317
awa2-mcbm-005,awa2,MCBM (low g),42,4,5.660219375366324,5.660219375366324
awa2-mcbm-005,awa2,MCBM (low g),42,5,5.057355773256305,5.057355773256305
awa2-mcbm-005,awa2,MCBM (low g),42,6,4.546596332579753,4.546596332579753
awa2-mcbm-005,awa2,MCBM (low g),42,7,4.153060370091268,4.153060370091268
awa2-mcbm-005,awa2,MCBM (low g),42,8,4.086075525412369,4.086075525412369
awa2-mcbm-005,awa2,MCBM (low g),42,9,3.851628569036251,3.851628569036251
awa2-mcbm-005,awa2,MCBM (low g),42,10,3.5753160847358316,3.5753160847358316
awa2-mcbm-005,awa2,MCBM (low g),42,11,3.550196767981248,3.550196767981248
awa2-mcbm-005,awa2,MCBM (low g),42,12,5.2415640961232555,5.2415640961232555
awa2-mcbm-005,awa2,MCBM (low g),42,13,5.107594406765472,5.107594406765472
awa2-mcbm-005,awa2,MCBM (low g),42,14,5.827681487063558,5.827681487063558
awa2-mcbm-005,awa2,MCBM (low g),42,15,5.961651176421341,5.961651176421341
awa2-mcbm-005,awa2,MCBM (low g),42,16,5.986770493175925,5.986770493175925
awa2-mcbm-005,awa2,MCBM (low g),42,17,7.979569622372935,7.979569622372935
awa2-mcbm-005,awa2,MCBM (low g),42,18,8.038181361466968,8.038181361466968
awa2-mcbm-005,awa2,MCBM (low g),42,19,9.319266515950773,9.319266515950773
awa2-mcbm-005,awa2,MCBM (low g),42,20,9.285774093611323,9.285774093611323
awa2-mcbm-005,awa2,MCBM (low g),43,0,5.802562170308974,5.802562170308974
awa2-mcbm-005,awa2,MCBM (low g),43,1,5.383906891065891,5.383906891065891
awa2-mcbm-005,awa2,MCBM (low g),43,2,4.806162605710455,4.806162605710455
awa2-mcbm-005,awa2,MCBM (low g),43,3,3.960478941639451,3.960478941639451
awa2-mcbm-005,awa2,MCBM (low g),43,4,3.5753160847358316,3.5753160847358316
awa2-mcbm-005,awa2,MCBM (low g),43,5,5.827681487063558,5.827681487063558
awa2-mcbm-005,awa2,MCBM (low g),43,6,5.30854894080214,5.30854894080214
awa2-mcbm-005,awa2,MCBM (low g),43,7,5.115967512350338,5.115967512350338
awa2-mcbm-005,awa2,MCBM (low g),43,8,5.34204136314159,5.34204136314159
awa2-mcbm-005,awa2,MCBM (low g),43,9,5.41739931340534,5.41739931340534
awa2-mcbm-005,awa2,MCBM (low g),43,10,5.333668257556724,5.333668257556724
awa2-mcbm-005,awa2,MCBM (low g),43,11,5.593234530687425,5.593234530687425
awa2-mcbm-005,awa2,MCBM (low g),43,12,6.02026291551536,6.02026291551536
awa2-mcbm-005,awa2,MCBM (low g),43,13,5.995143598760777,5.995143598760777
awa2-mcbm-005,awa2,MCBM (low g),43,14,7.309721175584031,7.309721175584031
awa2-mcbm-005,awa2,MCBM (low g),43,15,8.054927572636686,8.054927572636686
awa2-mcbm-005,awa2,MCBM (low g),43,16,8.925730553462273,8.925730553462273
awa2-mcbm-005,awa2,MCBM (low g),43,17,11.002260738507914,11.002260738507914
awa2-mcbm-005,awa2,MCBM (low g),43,18,11.019006949677632,11.019006949677632
awa2-mcbm-005,awa2,MCBM (low g),43,19,11.019006949677632,11.019006949677632
awa2-mcbm-005,awa2,MCBM (low g),43,20,10.985514527338196,10.985514527338196
awa2-mcbm-005,awa2,MCBM (low g),44,0,5.819308381478692,5.819308381478692
awa2-mcbm-005,awa2,MCBM (low g),44,1,5.149459934689773,5.149459934689773
awa2-mcbm-005,awa2,MCBM (low g),44,2,4.923386083898521,4.923386083898521
awa2-mcbm-005,awa2,MCBM (low g),44,3,4.253537637109602,4.253537637109602
awa2-mcbm-005,awa2,MCBM (low g),44,4,3.4748388177174974,3.4748388177174974
awa2-mcbm-005,awa2,MCBM (low g),44,5,2.8719752156074634,2.8719752156074634
awa2-mcbm-005,awa2,MCBM (low g),44,6,2.95570627145608,2.95570627145608
awa2-mcbm-005,awa2,MCBM (low g),44,7,2.8719752156074634,2.8719752156074634
awa2-mcbm-005,awa2,MCBM (low g),44,8,2.486812358703844,2.486812358703844
awa2-mcbm-005,awa2,MCBM (low g),44,9,2.2104998744034106,2.2104998744034106
awa2-mcbm-005,awa2,MCBM (low g),44,10,2.076530185045627,2.076530185045627
awa2-mcbm-005,awa2,MCBM (low g),44,11,1.833710123084657,1.833710123084657
awa2-mcbm-005,awa2,MCBM (low g),44,12,3.139914594323031,3.139914594323031
awa2-mcbm-005,awa2,MCBM (low g),44,13,3.139914594323031,3.139914594323031
awa2-mcbm-005,awa2,MCBM (low g),44,14,3.1064221719835956,3.1064221719835956
awa2-mcbm-005,awa2,MCBM (low g),44,15,3.365988445114297,3.365988445114297
awa2-mcbm-005,awa2,MCBM (low g),44,16,3.4748388177174974,3.4748388177174974
awa2-mcbm-005,awa2,MCBM (low g),44,17,6.05375533785481,6.05375533785481
awa2-mcbm-005,awa2,MCBM (low g),44,18,5.894666331742442,5.894666331742442
awa2-mcbm-005,awa2,MCBM (low g),44,19,8.73314912501047,8.73314912501047
awa2-mcbm-005,awa2,MCBM (low g),44,20,8.724776019425605,8.724776019425605
awa2-mcbm-01,awa2,MCBM (medium g),42,0,6.095620865779111,6.095620865779111
awa2-mcbm-01,awa2,MCBM (medium g),42,1,5.7104580088754915,5.7104580088754915
awa2-mcbm-01,awa2,MCBM (medium g),42,2,4.747550866616422,4.747550866616422
awa2-mcbm-01,awa2,MCBM (medium g),42,3,4.370761115297668,4.370761115297668
awa2-mcbm-01,awa2,MCBM (medium g),42,4,4.312149376203635,4.312149376203635
awa2-mcbm-01,awa2,MCBM (medium g),42,5,4.086075525412369,4.086075525412369
awa2-mcbm-01,awa2,MCBM (medium g),42,6,3.4748388177174974,3.4748388177174974
awa2-mcbm-01,awa2,MCBM (medium g),42,7,5.141086829104921,5.141086829104921
awa2-mcbm-01,awa2,MCBM (medium g),42,8,4.95687850623797,4.95687850623797
awa2-mcbm-01,awa2,MCBM (medium g),42,9,5.30854894080214,5.30854894080214
awa2-mcbm-01,awa2,MCBM (medium g),42,10,5.651846269781458,5.651846269781458
awa2-mcbm-01,awa2,MCBM (medium g),42,11,6.02026291551536,6.02026291551536
awa2-mcbm-01,awa2,MCBM (medium g),42,12,7.326467386753748,7.326467386753748
awa2-mcbm-01,awa2,MCBM (medium g),42,13,7.359959809093198,7.359959809093198
awa2-mcbm-01,awa2,MCBM (medium g),42,14,7.2511094364899975,7.2511094364899975
awa2-mcbm-01,awa2,MCBM (medium g),42,15,7.301348069999165,7.301348069999165
awa2-mcbm-01,awa2,MCBM (medium g),42,16,7.636272293393617,7.636272293393617
awa2-mcbm-01,awa2,MCBM (medium g),42,17,7.653018504563349,7.653018504563349
awa2-mcbm-01,awa2,MCBM (medium g),42,18,9.319266515950773,9.319266515950773
awa2-mcbm-01,awa2,MCBM (medium g),42,19,9.319266515950773,9.319266515950773
awa2-mcbm-01,awa2,MCBM (medium g),42,20,9.285774093611323,9.285774093611323
awa2-mcbm-01,awa2,MCBM (medium g),43,0,5.635100058611741,5.635100058611741
awa2-mcbm-01,awa2,MCBM (medium g),43,1,5.216444779368672,5.216444779368672
awa2-mcbm-01,awa2,MCBM (medium g),43,2,4.772670183371005,4.772670183371005
awa2-mcbm-01,awa2,MCBM (medium g),43,3,4.2284183203550185,4.2284183203550185
awa2-mcbm-01,awa2,MCBM (medium g),43,4,4.354014904127936,4.354014904127936
awa2-mcbm-01,awa2,MCBM (medium g),43,5,3.8851209913757003,3.8851209913757003
awa2-mcbm-01,awa2,MCBM (medium g),43,6,5.919785648497026,5.919785648497026
awa2-mcbm-01,awa2,MCBM (medium g),43,7,5.869547014987859,5.869547014987859
awa2-mcbm-01,awa2,MCBM (medium g),43,8,5.995143598760777,5.995143598760777
awa2-mcbm-01,awa2,MCBM (medium g),43,9,6.639872728795112,6.639872728795112
awa2-mcbm-01,awa2,MCBM (medium g),43,10,7.619526082223899,7.619526082223899
awa2-mcbm-01,awa2,MCBM (medium g),43,11,7.7200033492422335,7.7200033492422335
awa2-mcbm-01,awa2,MCBM (medium g),43,12,7.786988193921118,7.786988193921118
awa2-mcbm-01,awa2,MCBM (medium g),43,13,8.498702168634352,8.498702168634352
awa2-mcbm-01,awa2,MCBM (medium g),43,14,8.632671857992136,8.632671857992136
awa2-mcbm-01,awa2,MCBM (medium g),43,15,9.068073348404923,9.068073348404923
awa2-mcbm-01,awa2,MCBM (medium g),43,16,10.524993720170812,10.524993720170812
awa2-mcbm-01,awa2,MCBM (medium g),43,17,10.943648999413881,10.943648999413881
awa2-mcbm-01,awa2,MCBM (medium g),43,18,10.985514527338196,10.985514527338196
awa2-mcbm-01,awa2,MCBM (medium g),43,19,10.993887632923048,10.993887632923048
awa2-mcbm-01,awa2,MCBM (medium g),43,20,10.985514527338196,10.985514527338196
awa2-mcbm-01,awa2,MCBM (medium g),44,0,5.903039437327308,5.903039437327308
awa2-mcbm-01,awa2,MCBM (medium g),44,1,5.735577325630075,5.735577325630075
awa2-mcbm-01,awa2,MCBM (medium g),44,2,5.099221301180606,5.099221301180606
awa2-mcbm-01,awa2,MCBM (medium g),44,3,4.48798459348572,4.48798459348572
awa2-mcbm-01,awa2,MCBM (medium g),44,4,3.6506740349995823,3.6506740349995823
awa2-mcbm-01,awa2,MCBM (medium g),44,5,3.072929749644146,3.072929749644146
awa2-mcbm-01,awa2,MCBM (medium g),44,6,2.9389600602863624,2.9389600602863624
awa2-mcbm-01,awa2,MCBM (medium g),44,7,2.310977141421759,2.310977141421759
awa2-mcbm-01,awa2,MCBM (medium g),44,8,3.014318010550113,3.014318010550113
awa2-mcbm-01,awa2,MCBM (medium g),44,9,3.1147952775684473,3.1147952775684473
awa2-mcbm-01,awa2,MCBM (medium g),44,10,4.27028384827932,4.27028384827932
awa2-mcbm-01,awa2,MCBM (medium g),44,11,3.8851209913757003,3.8851209913757003
awa2-mcbm-01,awa2,MCBM (medium g),44,12,4.127941053336684,4.127941053336684
awa2-mcbm-01,awa2,MCBM (medium g),44,13,5.082475090010888,5.082475090010888
awa2-mcbm-01,awa2,MCBM (medium g),44,14,5.4676379469145076,5.4676379469145076
awa2-mcbm-01,awa2,MCBM (medium g),44,15,6.346814033324961,6.346814033324961
awa2-mcbm-01,awa2,MCBM (medium g),44,16,6.673365151134561,6.673365151134561
awa2-mcbm-01,awa2,MCBM (medium g),44,17,6.76546931256803,6.76546931256803
awa2-mcbm-01,awa2,MCBM (medium g),44,18,8.59080633006782,8.59080633006782
awa2-mcbm-01,awa2,MCBM (medium g),44,19,8.766641547349906,8.766641547349906
awa2-mcbm-01,awa2,MCBM (medium g),44,20,8.724776019425605,8.724776019425605
awa2-mcbm-03,awa2,MCBM (high g),42,0,6.062128443439676,6.062128443439676
awa2-mcbm-03,awa2,MCBM (high g),42,1,5.953278070836475,5.953278070836475
awa2-mcbm-03,awa2,MCBM (high g),42,2,5.660219375366324,5.660219375366324
awa2-mcbm-03,awa2,MCBM (high g),42,3,5.2415640961232555,5.2415640961232555
awa2-mcbm-03,awa2,MCBM (high g),42,4,4.48798459348572,4.48798459348572
awa2-mcbm-03,awa2,MCBM (high g),42,5,3.6506740349995823,3.6506740349995823
awa2-mcbm-03,awa2,MCBM (high g),42,6,3.675793351754166,3.675793351754166
awa2-mcbm-03,awa2,MCBM (high g),42,7,3.2236456501716475,3.2236456501716475
awa2-mcbm-03,awa2,MCBM (high g),42,8,3.4748388177174974,3.4748388177174974
awa2-mcbm-03,awa2,MCBM (high g),42,9,3.365988445114297,3.365988445114297
awa2-mcbm-03,awa2,MCBM (high g),42,10,3.5753160847358316,3.5753160847358316
awa2-mcbm-03,awa2,MCBM (high g),42,11,6.028636021100226,6.028636021100226
awa2-mcbm-03,awa2,MCBM (high g),42,12,6.522649250607046,6.522649250607046
awa2-mcbm-03,awa2,MCBM (high g),42,13,6.321694716570377,6.321694716570377
awa2-mcbm-03,awa2,MCBM (high g),42,14,7.142259063886797,7.142259063886797
awa2-mcbm-03,awa2,MCBM (high g),42,15,7.4269446537720825,7.4269446537720825
awa2-mcbm-03,awa2,MCBM (high g),42,16,7.410198442602365,7.410198442602365
awa2-mcbm-03,awa2,MCBM (high g),42,17,7.410198442602365,7.410198442602365
awa2-mcbm-03,awa2,MCBM (high g),42,18,7.4269446537720825,7.4269446537720825
awa2-mcbm-03,awa2,MCBM (high g),42,19,9.310893410365907,9.310893410365907
awa2-mcbm-03,awa2,MCBM (high g),42,20,9.285774093611323,9.285774093611323
awa2-mcbm-03,awa2,MCBM (high g),43,0,5.886293226157576,5.886293226157576
awa2-mcbm-03,awa2,MCBM (high g),43,1,5.484384158084239,5.484384158084239
awa2-mcbm-03,awa2,MCBM (high g),43,2,4.9987440341622715,4.9987440341622715
awa2-mcbm-03,awa2,MCBM (high g),43,3,4.446119065561419,4.446119065561419
awa2-mcbm-03,awa2,MCBM (high g),43,4,4.287030059449052,4.287030059449052
awa2-mcbm-03,awa2,MCBM (high g),43,5,3.843255463451399,3.843255463451399
awa2-mcbm-03,awa2,MCBM (high g),43,6,3.7511513020179166,3.7511513020179166
awa2-mcbm-03,awa2,MCBM (high g),43,7,3.257138072511097,3.257138072511097
awa2-mcbm-03,awa2,MCBM (high g),43,8,3.734405090848199,3.734405090848199
awa2-mcbm-03,awa2,MCBM (high g),43,9,3.449719500962914,3.449719500962914
awa2-mcbm-03,awa2,MCBM (high g),43,10,5.216444779368672,5.216444779368672
awa2-mcbm-03,awa2,MCBM (high g),43,11,5.074101984426022,5.074101984426022
awa2-mcbm-03,awa2,MCBM (high g),43,12,5.157833040274639,5.157833040274639
awa2-mcbm-03,awa2,MCBM (high g),43,13,5.291802729632423,5.291802729632423
awa2-mcbm-03,awa2,MCBM (high g),43,14,4.9987440341622715,4.9987440341622715
awa2-mcbm-03,awa2,MCBM (high g),43,15,5.434145524575058,5.434145524575058
awa2-mcbm-03,awa2,MCBM (high g),43,16,7.142259063886797,7.142259063886797
awa2-mcbm-03,awa2,MCBM (high g),43,17,8.18889726199447,8.18889726199447
awa2-mcbm-03,awa2,MCBM (high g),43,18,8.222389684333919,8.222389684333919
awa2-mcbm-03,awa2,MCBM (high g),43,19,8.749895336180188,8.749895336180188
awa2-mcbm-03,awa2,MCBM (high g),43,20,8.724776019425605,8.724776019425605
awa2-mcbm-03,awa2,MCBM (high g),44,0,6.16260571045801,6.16260571045801
awa2-mcbm-03,awa2,MCBM (high g),44,1,6.02026291551536,6.02026291551536
awa2-mcbm-03,awa2,MCBM (high g),44,2,5.4676379469145076,5.4676379469145076
awa2-mcbm-03,awa2,MCBM (high g),44,3,4.7642970777861535,4.7642970777861535
awa2-mcbm-03,awa2,MCBM (high g),44,4,4.127941053336684,4.127941053336684
awa2-mcbm-03,awa2,MCBM (high g),44,5,3.9437327304697334,3.9437327304697334
awa2-mcbm-03,awa2,MCBM (high g),44,6,3.2655111780959487,3.2655111780959487
awa2-mcbm-03,awa2,MCBM (high g),44,7,2.779871054173995,2.779871054173995
awa2-mcbm-03,awa2,MCBM (high g),44,8,3.2655111780959487,3.2655111780959487
awa2-mcbm-03,awa2,MCBM (high g),44,9,3.2738842836808146,3.2738842836808146
awa2-mcbm-03,awa2,MCBM (high g),44,10,5.509503474838823,5.509503474838823
awa2-mcbm-03,awa2,MCBM (high g),44,11,6.514276145022194,6.514276145022194
awa2-mcbm-03,awa2,MCBM (high g),44,12,6.673365151134561,6.673365151134561
awa2-mcbm-03,awa2,MCBM (high g),44,13,8.65779117474672,8.65779117474672
awa2-mcbm-03,awa2,MCBM (high g),44,14,8.666164280331571,8.666164280331571
awa2-mcbm-03,awa2,MCBM (high g),44,15,8.699656702671021,8.699656702671021
awa2-mcbm-03,awa2,MCBM (high g),44,16,8.766641547349906,8.766641547349906
awa2-mcbm-03,awa2,MCBM (high g),44,17,8.766641547349906,8.766641547349906
awa2-mcbm-03,awa2,MCBM (high g),44,18,8.766641547349906,8.766641547349906
awa2-mcbm-03,awa2,MCBM (high g),44,19,8.766641547349906,8.766641547349906
awa2-mcbm-03,awa2,MCBM (high g),44,20,8.724776019425605,8.724776019425605
awa2-shcbm,awa2,SCBM,42,0,14.251025705434145,14.251025705434145
awa2-shcbm,awa2,SCBM,42,1,13.60629657539981,13.60629657539981
awa2-shcbm,awa2,SCBM,42,2,12.92807502302604,12.92807502302604
awa2-shcbm,awa2,SCBM,42,3,12.283345892991704,12.283345892991704
awa2-shcbm,awa2,SCBM,42,4,11.64698986854225,11.64698986854225
awa2-shcbm,awa2,SCBM,42,5,11.446035334505567,11.446035334505567
awa2-shcbm,awa2,SCBM,42,6,11.119484216695966,11.119484216695966
awa2-shcbm,awa2,SCBM,42,7,10.893410365904714,10.893410365904714
awa2-shcbm,awa2,SCBM,42,8,10.307292974964412,10.307292974964412
awa2-shcbm,awa2,SCBM,42,9,10.181696391191494,10.181696391191494
awa2-shcbm,awa2,SCBM,42,10,9.930503223645644,9.930503223645644
awa2-shcbm,awa2,SCBM,42,11,9.377878255044791,9.377878255044791
awa2-shcbm,awa2,SCBM,42,12,9.051327137235205,9.051327137235205
awa2-shcbm,awa2,SCBM,42,13,9.017834714895756,9.017834714895756
awa2-shcbm,awa2,SCBM,42,14,8.934103659047139,8.934103659047139
awa2-shcbm,awa2,SCBM,42,15,8.934103659047139,8.934103659047139
awa2-shcbm,awa2,SCBM,42,16,8.90061123670769,8.90061123670769
awa2-shcbm,awa2,SCBM,42,17,8.892238131122838,8.892238131122838
awa2-shcbm,awa2,SCBM,42,18,8.883865025537972,8.883865025537972
awa2-shcbm,awa2,SCBM,42,19,8.766641547349906,8.766641547349906
awa2-shcbm,awa2,SCBM,42,20,8.724776019425605,8.724776019425605
awa2-shcbm,awa2,SCBM,43,0,14.150548438415811,14.150548438415811
awa2-shcbm,awa2,SCBM,43,1,13.539311730720925,13.539311730720925
awa2-shcbm,awa2,SCBM,43,2,13.00343297328979,13.00343297328979
awa2-shcbm,awa2,SCBM,43,3,12.43406179351922,12.43406179351922
awa2-shcbm,awa2,SCBM,43,4,11.864690613748635,11.864690613748635
awa2-shcbm,awa2,SCBM,43,5,11.621870551787651,11.621870551787651
awa2-shcbm,awa2,SCBM,43,6,11.312065645147783,11.312065645147783
awa2-shcbm,awa2,SCBM,43,7,11.194842166959731,11.194842166959731
awa2-shcbm,awa2,SCBM,43,8,10.508247509001094,10.508247509001094
awa2-shcbm,awa2,SCBM,43,9,10.231935024700661,10.231935024700661
awa2-shcbm,awa2,SCBM,43,10,10.022607385079127,10.022607385079127
awa2-shcbm,awa2,SCBM,43,11,9.61232521142091,9.61232521142091
awa2-shcbm,awa2,SCBM,43,12,9.08481955957464,9.08481955957464
awa2-shcbm,awa2,SCBM,43,13,9.068073348404923,9.068073348404923
awa2-shcbm,awa2,SCBM,43,14,8.925730553462273,8.925730553462273
awa2-shcbm,awa2,SCBM,43,15,8.934103659047139,8.934103659047139
awa2-shcbm,awa2,SCBM,43,16,8.90061123670769,8.90061123670769
awa2-shcbm,awa2,SCBM,43,17,8.90061123670769,8.90061123670769
awa2-shcbm,awa2,SCBM,43,18,8.883865025537972,8.883865025537972
awa2-shcbm,awa2,SCBM,43,19,8.816880180859087,8.816880180859087
awa2-shcbm,awa2,SCBM,43,20,8.724776019425605,8.724776019425605
awa2-shcbm,awa2,SCBM,44,0,14.292891233358446,14.292891233358446
awa2-shcbm,awa2,SCBM,44,1,13.63978899773926,13.63978899773926
awa2-shcbm,awa2,SCBM,44,2,12.995059867704938,12.995059867704938
awa2-shcbm,awa2,SCBM,44,3,12.341957632085737,12.341957632085737
awa2-shcbm,awa2,SCBM,44,4,11.772586452315167,11.772586452315167
awa2-shcbm,awa2,SCBM,44,5,11.5465126015239,11.5465126015239
awa2-shcbm,awa2,SCBM,44,6,11.219961483714314,11.219961483714314
awa2-shcbm,awa2,SCBM,44,7,10.600351670434563,10.600351670434563
awa2-shcbm,awa2,SCBM,44,8,10.391024030813028,10.391024030813028
awa2-shcbm,awa2,SCBM,44,9,10.215188813530943,10.215188813530943
awa2-shcbm,awa2,SCBM,44,10,10.039353596248844,10.039353596248844
awa2-shcbm,awa2,SCBM,44,11,9.645817633760359,9.645817633760359
awa2-shcbm,awa2,SCBM,44,12,9.076446453989789,9.076446453989789
awa2-shcbm,awa2,SCBM,44,13,8.984342292556306,8.984342292556306
awa2-shcbm,awa2,SCBM,44,14,8.959222975801723,8.959222975801723
awa2-shcbm,awa2,SCBM,44,15,8.959222975801723,8.959222975801723
awa2-shcbm,awa2,SCBM,44,16,8.908984342292555,8.908984342292555
awa2-shcbm,awa2,SCBM,44,17,8.908984342292555,8.908984342292555
awa2-shcbm,awa2,SCBM,44,18,8.908984342292555,8.908984342292555
awa2-shcbm,awa2,SCBM,44,19,8.808507075274221,8.808507075274221
awa2-shcbm,awa2,SCBM,44,20,8.724776019425605,8.724776019425605
cifar10-arhcbm,cifar10,ARCBM,42,0,31.5,31.5
cifar10-arhcbm,cifar10,ARCBM,42,1,31.569999999999993,31.569999999999993
cifar10-arhcbm,cifar10,ARCBM,42,2,31.39,31.389999999999997
cifar10-arhcbm,cifar10,ARCBM,42,3,31.239999999999995,31.24
cifar10-arhcbm,cifar10,ARCBM,42,4,31.28,31.28
cifar10-arhcbm,cifar10,ARCBM,42,5,31.64,31.639999999999997
cifar10-arhcbm,cifar10,ARCBM,42,6,31.560000000000002,31.560000000000002
cifar10-arhcbm,cifar10,ARCBM,42,7,31.299999999999997,31.3
cifar10-arhcbm,cifar10,ARCBM,42,8,31.5,31.5
cifar10-arhcbm,cifar10,ARCBM,42,9,31.75,31.75
cifar10-arhcbm,cifar10,ARCBM,42,10,31.590000000000003,31.590000000000003
cifar10-arhcbm,cifar10,ARCBM,42,11,31.89,31.889999999999997
cifar10-arhcbm,cifar10,ARCBM,42,12,31.78,31.78
cifar10-arhcbm,cifar10,ARCBM,42,13,30.980000000000004,30.980000000000008
cifar10-arhcbm,cifar10,ARCBM,42,14,30.709999999999994,30.70999999999999
cifar10-arhcbm,cifar10,ARCBM,42,15,30.47,30.47
cifar10-arhcbm,cifar10,ARCBM,42,16,30.260000000000005,30.26
cifar10-arhcbm,cifar10,ARCBM,42,17,30.349999999999994,30.349999999999994
cifar10-arhcbm,cifar10,ARCBM,42,18,29.480000000000004,29.480000000000008
cifar10-arhcbm,cifar10,ARCBM,42,19,30.060000000000002,30.060000000000002
cifar10-arhcbm,cifar10,ARCBM,42,20,30.159999999999997,30.159999999999997
cifar10-arhcbm,cifar10,ARCBM,42,21,29.680000000000007,29.680000000000007
cifar10-arhcbm,cifar10,ARCBM,42,22,30.189999999999998,30.189999999999998
cifar10-arhcbm,cifar10,ARCBM,42,23,30.400000000000006,30.400000000000006
cifar10-arhcbm,cifar10,ARCBM,42,24,30.230000000000004,30.230000000000008
cifar10-arhcbm,cifar10,ARCBM,42,25,30.230000000000004,30.230000000000008
cifar10-arhcbm,cifar10,ARCBM,42,26,29.97,29.97
cifar10-arhcbm,cifar10,ARCBM,42,27,30.450000000000003,30.45
cifar10-arhcbm,cifar10,ARCBM,42,28,30.459999999999994,30.45999999999999
cifar10-arhcbm,cifar10,ARCBM,42,29,30.349999999999994,30.349999999999994
cifar10-arhcbm,cifar10,ARCBM,42,30,30.25,30.25
cifar10-arhcbm,cifar10,ARCBM,42,31,29.810000000000002,29.810000000000002
cifar10-arhcbm,cifar10,ARCBM,42,32,29.930000000000007,29.930000000000007
cifar10-arhcbm,cifar10,ARCBM,42,33,29.760000000000005,29.76
cifar10-arhcbm,cifar10,ARCBM,42,34,29.799999999999997,29.8
cifar10-arhcbm,cifar10,ARCBM,42,35,30.11,30.110000000000003
cifar10-arhcbm,cifar10,ARCBM,42,36,30.019999999999996,30.019999999999992
cifar10-arhcbm,cifar10,ARCBM,42,37,29.980000000000004,29.980000000000008
cifar10-arhcbm,cifar10,ARCBM,42,38,29.819999999999993,29.819999999999993
cifar10-arhcbm,cifar10,ARCBM,42,39,29.89,29.889999999999997
cifar10-arhcbm,cifar10,ARCBM,42,40,29.840000000000003,29.840000000000003
cifar10-arhcbm,cifar10,ARCBM,42,41,30.040000000000006,30.04000000000001
cifar10-arhcbm,cifar10,ARCBM,42,42,30.39,30.389999999999997
cifar10-arhcbm,cifar10,ARCBM,42,43,30.64,30.639999999999997
cifar10-arhcbm,cifar10,ARCBM,42,44,30.659999999999997,30.659999999999997
cifar10-arhcbm,cifar10,ARCBM,42,45,30.89,30.889999999999997
cifar10-arhcbm,cifar10,ARCBM,42,46,30.790000000000006,30.79000000000001
cifar10-arhcbm,cifar10,ARCBM,42,47,32.040000000000006,32.040000000000006
cifar10-arhcbm,cifar10,ARCBM,42,48,31.959999999999994,31.95999999999999
cifar10-arhcbm,cifar10,ARCBM,42,49,31.909999999999997,31.909999999999997
cifar10-arhcbm,cifar10,ARCBM,42,50,31.870000000000005,31.870000000000005
cifar10-arhcbm,cifar10,ARCBM,42,51,31.909999999999997,31.909999999999997
cifar10-arhcbm,cifar10,ARCBM,42,52,31.909999999999997,31.909999999999997
cifar10-arhcbm,cifar10,ARCBM,42,53,31.900000000000006,31.900000000000006
cifar10-arhcbm,cifar10,ARCBM,42,54,31.86,31.860000000000003
cifar10-arhcbm,cifar10,ARCBM,42,55,31.83,31.829999999999995
cifar10-arhcbm,cifar10,ARCBM,42,56,31.75,31.75
cifar10-arhcbm,cifar10,ARCBM,42,57,31.739999999999995,31.74
cifar10-arhcbm,cifar10,ARCBM,42,58,31.739999999999995,31.74
cifar10-arhcbm,cifar10,ARCBM,42,59,31.739999999999995,31.74
cifar10-arhcbm,cifar10,ARCBM,42,60,31.730000000000004,31.730000000000008
cifar10-arhcbm,cifar10,ARCBM,42,61,31.730000000000004,31.730000000000008
cifar10-arhcbm,cifar10,ARCBM,42,62,31.730000000000004,31.730000000000008
cifar10-arhcbm,cifar10,ARCBM,42,63,31.730000000000004,31.730000000000008
cifar10-arhcbm,cifar10,ARCBM,42,64,31.739999999999995,31.739999999999995
cifar10-arhcbm,cifar10,ARCBM,43,0,31.75,31.75
cifar10-arhcbm,cifar10,ARCBM,43,1,31.58,31.579999999999995
cifar10-arhcbm,cifar10,ARCBM,43,2,31.409999999999997,31.409999999999997
cifar10-arhcbm,cifar10,ARCBM,43,3,31.22,31.22
cifar10-arhcbm,cifar10,ARCBM,43,4,31.0,31.0
cifar10-arhcbm,cifar10,ARCBM,43,5,31.08,31.079999999999995
cifar10-arhcbm,cifar10,ARCBM,43,6,30.689999999999998,30.689999999999998
cifar10-arhcbm,cifar10,ARCBM,43,7,31.069999999999993,31.069999999999993
cifar10-arhcbm,cifar10,ARCBM,43,8,30.659999999999997,30.659999999999997
cifar10-arhcbm,cifar10,ARCBM,43,9,30.64,30.639999999999997
cifar10-arhcbm,cifar10,ARCBM,43,10,30.340000000000003,30.340000000000003
cifar10-arhcbm,cifar10,ARCBM,43,11,29.290000000000006,29.29000000000001
cifar10-arhcbm,cifar10,ARCBM,43,12,28.510000000000005,28.51
cifar10-arhcbm,cifar10,ARCBM,43,13,28.47,28.47
cifar10-arhcbm,cifar10,ARCBM,43,14,28.33,28.329999999999995
cifar10-arhcbm,cifar10,ARCBM,43,15,27.900000000000006,27.900000000000006
cifar10-arhcbm,cifar10,ARCBM,43,16,27.67,27.670000000000005
cifar10-arhcbm,cifar10,ARCBM,43,17,27.299999999999997,27.3
cifar10-arhcbm,cifar10,ARCBM,43,18,26.950000000000003,26.95
cifar10-arhcbm,cifar10,ARCBM,43,19,26.709999999999994,26.70999999999999
cifar10-arhcbm,cifar10,ARCBM,43,20,26.72,26.72
cifar10-arhcbm,cifar10,ARCBM,43,21,26.489999999999995,26.49
cifar10-arhcbm,cifar10,ARCBM,43,22,26.590000000000003,26.590000000000003
cifar10-arhcbm,cifar10,ARCBM,43,23,26.349999999999994,26.349999999999994
cifar10-arhcbm,cifar10,ARCBM,43,24,26.72,26.72
cifar10-arhcbm,cifar10,ARCBM,43,25,27.090000000000003,27.090000000000003
cifar10-arhcbm,cifar10,ARCBM,43,26,27.299999999999997,27.3
cifar10-arhcbm,cifar10,ARCBM,43,27,27.58,27.579999999999995
cifar10-arhcbm,cifar10,ARCBM,43,28,27.739999999999995,27.74
cifar10-arhcbm,cifar10,ARCBM,43,29,27.42,27.420000000000005
cifar10-arhcbm,cifar10,ARCBM,43,30,27.400000000000006,27.400000000000006
cifar10-arhcbm,cifar10,ARCBM,43,31,27.459999999999994,27.45999999999999
cifar10-arhcbm,cifar10,ARCBM,43,32,27.510000000000005,27.51
cifar10-arhcbm,cifar10,ARCBM,43,33,27.61,27.610000000000003
cifar10-arhcbm,cifar10,ARCBM,43,34,27.75,27.75
cifar10-arhcbm,cifar10,ARCBM,43,35,27.549999999999997,27.55
cifar10-arhcbm,cifar10,ARCBM,43,36,27.629999999999995,27.629999999999995
cifar10-arhcbm,cifar10,ARCBM,43,37,27.480000000000004,27.480000000000008
cifar10-arhcbm,cifar10,ARCBM,43,38,27.459999999999994,27.45999999999999
cifar10-arhcbm,cifar10,ARCBM,43,39,27.439999999999998,27.439999999999998
cifar10-arhcbm,cifar10,ARCBM,43,40,27.549999999999997,27.55
cifar10-arhcbm,cifar10,ARCBM,43,41,27.900000000000006,27.900000000000006
cifar10-arhcbm,cifar10,ARCBM,43,42,27.980000000000004,27.980000000000008
cifar10-arhcbm,cifar10,ARCBM,43,43,27.989999999999995,27.99
cifar10-arhcbm,cifar10,ARCBM,43,44,28.430000000000007,28.430000000000007
cifar10-arhcbm,cifar10,ARCBM,43,45,28.400000000000006,28.400000000000006
cifar10-arhcbm,cifar10,ARCBM,43,46,28.290000000000006,28.29000000000001
cifar10-arhcbm,cifar10,ARCBM,43,47,28.269999999999996,28.269999999999992
cifar10-arhcbm,cifar10,ARCBM,43,48,28.200000000000003,28.2
cifar10-arhcbm,cifar10,ARCBM,43,49,28.22,28.22
cifar10-arhcbm,cifar10,ARCBM,43,50,28.230000000000004,28.230000000000008
cifar10-arhcbm,cifar10,ARCBM,43,51,28.180000000000007,28.180000000000007
cifar10-arhcbm,cifar10,ARCBM,43,52,28.17,28.170000000000005
cifar10-arhcbm,cifar10,ARCBM,43,53,28.189999999999998,28.189999999999998
cifar10-arhcbm,cifar10,ARCBM,43,54,28.260000000000005,28.26
cifar10-arhcbm,cifar10,ARCBM,43,55,28.269999999999996,28.269999999999992
cifar10-arhcbm,cifar10,ARCBM,43,56,28.260000000000005,28.26
cifar10-arhcbm,cifar10,ARCBM,43,57,28.260000000000005,28.26
cifar10-arhcbm,cifar10,ARCBM,43,58,28.260000000000005,28.26
cifar10-arhcbm,cifar10,ARCBM,43,59,28.260000000000005,28.26
cifar10-arhcbm,cifar10,ARCBM,43,60,28.260000000000005,28.26
cifar10-arhcbm,cifar10,ARCBM,43,61,28.25,28.25
cifar10-arhcbm,cifar10,ARCBM,43,62,28.239999999999995,28.24
cifar10-arhcbm,cifar10,ARCBM,43,63,28.239999999999995,28.24
cifar10-arhcbm,cifar10,ARCBM,43,64,28.239999999999995,28.239999999999995
cifar10-arhcbm,cifar10,ARCBM,44,0,30.299999999999997,30.299999999999997
cifar10-arhcbm,cifar10,ARCBM,44,1,30.459999999999994,30.45999999999999
cifar10-arhcbm,cifar10,ARCBM,44,2,30.590000000000003,30.590000000000003
cifar10-arhcbm,cifar10,ARCBM,44,3,30.549999999999997,30.55
cifar10-arhcbm,cifar10,ARCBM,44,4,30.230000000000004,30.230000000000008
cifar10-arhcbm,cifar10,ARCBM,44,5,29.980000000000004,29.980000000000008
cifar10-arhcbm,cifar10,ARCBM,44,6,30.0,30.0
cifar10-arhcbm,cifar10,ARCBM,44,7,29.92,29.920000000000005
cifar10-arhcbm,cifar10,ARCBM,44,8,29.799999999999997,29.8
cifar10-arhcbm,cifar10,ARCBM,44,9,29.709999999999994,29.70999999999999
cifar10-arhcbm,cifar10,ARCBM,44,10,29.53,29.53
cifar10-arhcbm,cifar10,ARCBM,44,11,29.730000000000004,29.730000000000008
cifar10-arhcbm,cifar10,ARCBM,44,12,29.510000000000005,29.51
cifar10-arhcbm,cifar10,ARCBM,44,13,29.010000000000005,29.01
cifar10-arhcbm,cifar10,ARCBM,44,14,28.730000000000004,28.730000000000008
cifar10-arhcbm,cifar10,ARCBM,44,15,27.72,27.72
cifar10-arhcbm,cifar10,ARCBM,44,16,27.11,27.110000000000003
cifar10-arhcbm,cifar10,ARCBM,44,17,26.590000000000003,26.590000000000003
cifar10-arhcbm,cifar10,ARCBM,44,18,26.319999999999993,26.319999999999993
cifar10-arhcbm,cifar10,ARCBM,44,19,26.209999999999994,26.20999999999999
cifar10-arhcbm,cifar10,ARCBM,44,20,26.189999999999998,26.189999999999998
cifar10-arhcbm,cifar10,ARCBM,44,21,27.120000000000005,27.120000000000005
cifar10-arhcbm,cifar10,ARCBM,44,22,26.209999999999994,26.20999999999999
cifar10-arhcbm,cifar10,ARCBM,44,23,26.67,26.670000000000005
cifar10-arhcbm,cifar10,ARCBM,44,24,27.17,27.170000000000005
cifar10-arhcbm,cifar10,ARCBM,44,25,27.200000000000003,27.2
cifar10-arhcbm,cifar10,ARCBM,44,26,27.159999999999997,27.159999999999997
cifar10-arhcbm,cifar10,ARCBM,44,27,27.060000000000002,27.060000000000002
cifar10-arhcbm,cifar10,ARCBM,44,28,27.040000000000006,27.04000000000001
cifar10-arhcbm,cifar10,ARCBM,44,29,26.989999999999995,26.99
cifar10-arhcbm,cifar10,ARCBM,44,30,26.959999999999994,26.95999999999999
cifar10-arhcbm,cifar10,ARCBM,44,31,26.980000000000004,26.980000000000008
cifar10-arhcbm,cifar10,ARCBM,44,32,26.83,26.829999999999995
cifar10-arhcbm,cifar10,ARCBM,44,33,27.0,27.0
cifar10-arhcbm,cifar10,ARCBM,44,34,26.989999999999995,26.99
cifar10-arhcbm,cifar10,ARCBM,44,35,26.909999999999997,26.909999999999997
cifar10-arhcbm,cifar10,ARCBM,44,36,26.939999999999998,26.939999999999998
cifar10-arhcbm,cifar10,ARCBM,44,37,27.17,27.170000000000005
cifar10-arhcbm,cifar10,ARCBM,44,38,27.14,27.139999999999997
cifar10-arhcbm,cifar10,ARCBM,44,39,27.11,27.110000000000003
cifar10-arhcbm,cifar10,ARCBM,44,40,26.939999999999998,26.939999999999998
cifar10-arhcbm,cifar10,ARCBM,44,41,27.120000000000005,27.120000000000005
cifar10-arhcbm,cifar10,ARCBM,44,42,27.180000000000007,27.180000000000007
cifar10-arhcbm,cifar10,ARCBM,44,43,27.379999999999995,27.379999999999995
cifar10-arhcbm,cifar10,ARCBM,44,44,27.819999999999993,27.819999999999993
cifar10-arhcbm,cifar10,ARCBM,44,45,27.840000000000003,27.840000000000003
cifar10-arhcbm,cifar10,ARCBM,44,46,27.689999999999998,27.689999999999998
cifar10-arhcbm,cifar10,ARCBM,44,47,28.400000000000006,28.400000000000006
cifar10-arhcbm,cifar10,ARCBM,44,48,28.290000000000006,28.29000000000001
cifar10-arhcbm,cifar10,ARCBM,44,49,28.310000000000002,28.310000000000002
cifar10-arhcbm,cifar10,ARCBM,44,50,28.28,28.28
cifar10-arhcbm,cifar10,ARCBM,44,51,28.269999999999996,28.269999999999992
cifar10-arhcbm,cifar10,ARCBM,44,52,28.260000000000005,28.26
cifar10-arhcbm,cifar10,ARCBM,44,53,28.269999999999996,28.269999999999992
cifar10-arhcbm,cifar10,ARCBM,44,54,28.239999999999995,28.24
cifar10-arhcbm,cifar10,ARCBM,44,55,28.239999999999995,28.24
cifar10-arhcbm,cifar10,ARCBM,44,56,28.25,28.25
cifar10-arhcbm,cifar10,ARCBM,44,57,28.25,28.25
cifar10-arhcbm,cifar10,ARCBM,44,58,28.239999999999995,28.24
cifar10-arhcbm,cifar10,ARCBM,44,59,28.239999999999995,28.24
cifar10-arhcbm,cifar10,ARCBM,44,60,28.230000000000004,28.230000000000008
cifar10-arhcbm,cifar10,ARCBM,44,61,28.230000000000004,28.230000000000008
cifar10-arhcbm,cifar10,ARCBM,44,62,28.230000000000004,28.230000000000008
cifar10-arhcbm,cifar10,ARCBM,44,63,28.230000000000004,28.230000000000008
cifar10-arhcbm,cifar10,ARCBM,44,64,28.230000000000004,28.230000000000004
cifar10-cbm,cifar10,CBM,42,0,26.439999999999998,26.439999999999998
cifar10-cbm,cifar10,CBM,42,1,26.629999999999995,26.629999999999995
cifar10-cbm,cifar10,CBM,42,2,26.370000000000005,26.370000000000005
cifar10-cbm,cifar10,CBM,42,3,26.400000000000006,26.400000000000006
cifar10-cbm,cifar10,CBM,42,4,26.840000000000003,26.840000000000003
cifar10-cbm,cifar10,CBM,42,5,27.349999999999994,27.349999999999994
cifar10-cbm,cifar10,CBM,42,6,27.519999999999996,27.519999999999992
cifar10-cbm,cifar10,CBM,42,7,27.010000000000005,27.01
cifar10-cbm,cifar10,CBM,42,8,26.599999999999994,26.599999999999994
cifar10-cbm,cifar10,CBM,42,9,26.349999999999994,26.349999999999994
cifar10-cbm,cifar10,CBM,42,10,25.709999999999994,25.70999999999999
cifar10-cbm,cifar10,CBM,42,11,25.36,25.36
cifar10-cbm,cifar10,CBM,42,12,25.17,25.17
cifar10-cbm,cifar10,CBM,42,13,24.760000000000005,24.760000000000005
cifar10-cbm,cifar10,CBM,42,14,25.03,25.03
cifar10-cbm,cifar10,CBM,42,15,24.379999999999995,24.379999999999995
cifar10-cbm,cifar10,CBM,42,16,24.319999999999993,24.319999999999993
cifar10-cbm,cifar10,CBM,42,17,23.92,23.92
cifar10-cbm,cifar10,CBM,42,18,24.159999999999997,24.159999999999997
cifar10-cbm,cifar10,CBM,42,19,23.97,23.97
cifar10-cbm,cifar10,CBM,42,20,24.620000000000005,24.620000000000005
cifar10-cbm,cifar10,CBM,42,21,24.840000000000003,24.840000000000003
cifar10-cbm,cifar10,CBM,42,22,24.549999999999997,24.549999999999997
cifar10-cbm,cifar10,CBM,42,23,24.450000000000003,24.450000000000003
cifar10-cbm,cifar10,CBM,42,24,24.879999999999995,24.879999999999995
cifar10-cbm,cifar10,CBM,42,25,24.489999999999995,24.489999999999995
cifar10-cbm,cifar10,CBM,42,26,24.78,24.78
cifar10-cbm,cifar10,CBM,42,27,25.629999999999995,25.629999999999995
cifar10-cbm,cifar10,CBM,42,28,25.659999999999997,25.659999999999997
cifar10-cbm,cifar10,CBM,42,29,25.700000000000003,25.7
cifar10-cbm,cifar10,CBM,42,30,25.590000000000003,25.590000000000003
cifar10-cbm,cifar10,CBM,42,31,24.67,24.67
cifar10-cbm,cifar10,CBM,42,32,24.790000000000006,24.790000000000006
cifar10-cbm,cifar10,CBM,42,33,24.86,24.86
cifar10-cbm,cifar10,CBM,42,34,24.900000000000006,24.900000000000006
cifar10-cbm,cifar10,CBM,42,35,25.67,25.670000000000005
cifar10-cbm,cifar10,CBM,42,36,26.180000000000007,26.180000000000007
cifar10-cbm,cifar10,CBM,42,37,25.939999999999998,25.939999999999998
cifar10-cbm,cifar10,CBM,42,38,26.450000000000003,26.45
cifar10-cbm,cifar10,CBM,42,39,26.439999999999998,26.439999999999998
cifar10-cbm,cifar10,CBM,42,40,26.939999999999998,26.939999999999998
cifar10-cbm,cifar10,CBM,42,41,27.590000000000003,27.590000000000003
cifar10-cbm,cifar10,CBM,42,42,27.769999999999996,27.769999999999992
cifar10-cbm,cifar10,CBM,42,43,27.72,27.72
cifar10-cbm,cifar10,CBM,42,44,27.989999999999995,27.99
cifar10-cbm,cifar10,CBM,42,45,30.25,30.25
cifar10-cbm,cifar10,CBM,42,46,31.260000000000005,31.26
cifar10-cbm,cifar10,CBM,42,47,30.97,30.97
cifar10-cbm,cifar10,CBM,42,48,30.42,30.420000000000005
cifar10-cbm,cifar10,CBM,42,49,29.97,29.97
cifar10-cbm,cifar10,CBM,42,50,30.209999999999994,30.20999999999999
cifar10-cbm,cifar10,CBM,42,51,31.120000000000005,31.120000000000005
cifar10-cbm,cifar10,CBM,42,52,32.260000000000005,32.260000000000005
cifar10-cbm,cifar10,CBM,42,53,31.89,31.889999999999997
cifar10-cbm,cifar10,CBM,42,54,31.430000000000007,31.430000000000007
cifar10-cbm,cifar10,CBM,42,55,31.36,31.360000000000003
cifar10-cbm,cifar10,CBM,42,56,30.939999999999998,30.939999999999998
cifar10-cbm,cifar10,CBM,42,57,31.870000000000005,31.870000000000005
cifar10-cbm,cifar10,CBM,42,58,32.39,32.39
cifar10-cbm,cifar10,CBM,42,59,33.05,33.05
cifar10-cbm,cifar10,CBM,42,60,33.8,33.8
cifar10-cbm,cifar10,CBM,42,61,36.15,36.15
cifar10-cbm,cifar10,CBM,42,62,35.650000000000006,35.650000000000006
cifar10-cbm,cifar10,CBM,42,63,37.06,37.06
cifar10-cbm,cifar10,CBM,42,64,37.65,37.65
cifar10-cbm,cifar10,CBM,43,0,26.120000000000005,26.120000000000005
cifar10-cbm,cifar10,CBM,43,1,26.0,26.0
cifar10-cbm,cifar10,CBM,43,2,26.099999999999994,26.099999999999994
cifar10-cbm,cifar10,CBM,43,3,25.72,25.72
cifar10-cbm,cifar10,CBM,43,4,25.980000000000004,25.980000000000008
cifar10-cbm,cifar10,CBM,43,5,26.010000000000005,26.01
cifar10-cbm,cifar10,CBM,43,6,25.72,25.72
cifar10-cbm,cifar10,CBM,43,7,25.83,25.829999999999995
cifar10-cbm,cifar10,CBM,43,8,25.810000000000002,25.810000000000002
cifar10-cbm,cifar10,CBM,43,9,24.799999999999997,24.799999999999997
cifar10-cbm,cifar10,CBM,43,10,24.739999999999995,24.739999999999995
cifar10-cbm,cifar10,CBM,43,11,24.439999999999998,24.439999999999998
cifar10-cbm,cifar10,CBM,43,12,24.629999999999995,24.629999999999995
cifar10-cbm,cifar10,CBM,43,13,24.33,24.33
cifar10-cbm,cifar10,CBM,43,14,24.159999999999997,24.159999999999997
cifar10-cbm,cifar10,CBM,43,15,23.900000000000006,23.900000000000006
cifar10-cbm,cifar10,CBM,43,16,23.689999999999998,23.689999999999998
cifar10-cbm,cifar10,CBM,43,17,23.680000000000007,23.680000000000007
cifar10-cbm,cifar10,CBM,43,18,23.439999999999998,23.439999999999998
cifar10-cbm,cifar10,CBM,43,19,22.92,22.92
cifar10-cbm,cifar10,CBM,43,20,22.700000000000003,22.700000000000003
cifar10-cbm,cifar10,CBM,43,21,22.86,22.86
cifar10-cbm,cifar10,CBM,43,22,22.75,22.75
cifar10-cbm,cifar10,CBM,43,23,23.180000000000007,23.180000000000007
cifar10-cbm,cifar10,CBM,43,24,22.92,22.92
cifar10-cbm,cifar10,CBM,43,25,22.680000000000007,22.680000000000007
cifar10-cbm,cifar10,CBM,43,26,22.459999999999994,22.459999999999994
cifar10-cbm,cifar10,CBM,43,27,22.28,22.28
cifar10-cbm,cifar10,CBM,43,28,22.53,22.53
cifar10-cbm,cifar10,CBM,43,29,21.950000000000003,21.950000000000003
cifar10-cbm,cifar10,CBM,43,30,22.25,22.25
cifar10-cbm,cifar10,CBM,43,31,23.150000000000006,23.150000000000006
cifar10-cbm,cifar10,CBM,43,32,22.879999999999995,22.879999999999995
cifar10-cbm,cifar10,CBM,43,33,23.260000000000005,23.260000000000005
cifar10-cbm,cifar10,CBM,43,34,23.349999999999994,23.349999999999994
cifar10-cbm,cifar10,CBM,43,35,23.430000000000007,23.430000000000007
cifar10-cbm,cifar10,CBM,43,36,23.209999999999994,23.209999999999994
cifar10-cbm,cifar10,CBM,43,37,23.760000000000005,23.760000000000005
cifar10-cbm,cifar10,CBM,43,38,24.040000000000006,24.040000000000006
cifar10-cbm,cifar10,CBM,43,39,24.17,24.17
cifar10-cbm,cifar10,CBM,43,40,24.33,24.33
cifar10-cbm,cifar10,CBM,43,41,24.78,24.78
cifar10-cbm,cifar10,CBM,43,42,24.629999999999995,24.629999999999995
cifar10-cbm,cifar10,CBM,43,43,24.459999999999994,24.459999999999994
cifar10-cbm,cifar10,CBM,43,44,24.939999999999998,24.939999999999998
cifar10-cbm,cifar10,CBM,43,45,26.060000000000002,26.060000000000002
cifar10-cbm,cifar10,CBM,43,46,26.379999999999995,26.379999999999995
cifar10-cbm,cifar10,CBM,43,47,27.340000000000003,27.340000000000003
cifar10-cbm,cifar10,CBM,43,48,27.659999999999997,27.659999999999997
cifar10-cbm,cifar10,CBM,43,49,27.120000000000005,27.120000000000005
cifar10-cbm,cifar10,CBM,43,50,28.010000000000005,28.01
cifar10-cbm,cifar10,CBM,43,51,28.040000000000006,28.04000000000001
cifar10-cbm,cifar10,CBM,43,52,27.430000000000007,27.430000000000007
cifar10-cbm,cifar10,CBM,43,53,28.519999999999996,28.519999999999992
cifar10-cbm,cifar10,CBM,43,54,28.930000000000007,28.930000000000007
cifar10-cbm,cifar10,CBM,43,55,28.519999999999996,28.519999999999992
cifar10-cbm,cifar10,CBM,43,56,28.620000000000005,28.620000000000005
cifar10-cbm,cifar10,CBM,43,57,28.33,28.329999999999995
cifar10-cbm,cifar10,CBM,43,58,28.069999999999993,28.069999999999993
cifar10-cbm,cifar10,CBM,43,59,28.97,28.97
cifar10-cbm,cifar10,CBM,43,60,29.480000000000004,29.480000000000008
cifar10-cbm,cifar10,CBM,43,61,31.260000000000005,31.26
cifar10-cbm,cifar10,CBM,43,62,31.650000000000006,31.650000000000006
cifar10-cbm,cifar10,CBM,43,63,32.959999999999994,32.959999999999994
cifar10-cbm,cifar10,CBM,43,64,32.599999999999994,32.599999999999994
cifar10-cbm,cifar10,CBM,44,0,26.099999999999994,26.099999999999994
cifar10-cbm,cifar10,CBM,44,1,25.950000000000003,25.95
cifar10-cbm,cifar10,CBM,44,2,25.97,25.97
cifar10-cbm,cifar10,CBM,44,3,26.180000000000007,26.180000000000007
cifar10-cbm,cifar10,CBM,44,4,26.08,26.079999999999995
cifar10-cbm,cifar10,CBM,44,5,26.129999999999995,26.129999999999995
cifar10-cbm,cifar10,CBM,44,6,25.909999999999997,25.909999999999997
cifar10-cbm,cifar10,CBM,44,7,25.86,25.860000000000003
cifar10-cbm,cifar10,CBM,44,8,25.790000000000006,25.79000000000001
cifar10-cbm,cifar10,CBM,44,9,26.049999999999997,26.05
cifar10-cbm,cifar10,CBM,44,10,25.430000000000007,25.430000000000007
cifar10-cbm,cifar10,CBM,44,11,25.549999999999997,25.549999999999997
cifar10-cbm,cifar10,CBM,44,12,25.39,25.39
cifar10-cbm,cifar10,CBM,44,13,25.0,25.0
cifar10-cbm,cifar10,CBM,44,14,24.450000000000003,24.450000000000003
cifar10-cbm,cifar10,CBM,44,15,24.459999999999994,24.459999999999994
cifar10-cbm,cifar10,CBM,44,16,24.090000000000003,24.090000000000003
cifar10-cbm,cifar10,CBM,44,17,24.069999999999993,24.069999999999993
cifar10-cbm,cifar10,CBM,44,18,23.83,23.83
cifar10-cbm,cifar10,CBM,44,19,23.36,23.36
cifar10-cbm,cifar10,CBM,44,20,23.209999999999994,23.209999999999994
cifar10-cbm,cifar10,CBM,44,21,23.189999999999998,23.189999999999998
cifar10-cbm,cifar10,CBM,44,22,23.25,23.25
cifar10-cbm,cifar10,CBM,44,23,23.11,23.11
cifar10-cbm,cifar10,CBM,44,24,23.159999999999997,23.159999999999997
cifar10-cbm,cifar10,CBM,44,25,22.980000000000004,22.980000000000004
cifar10-cbm,cifar10,CBM,44,26,22.650000000000006,22.650000000000006
cifar10-cbm,cifar10,CBM,44,27,22.980000000000004,22.980000000000004
cifar10-cbm,cifar10,CBM,44,28,23.150000000000006,23.150000000000006
cifar10-cbm,cifar10,CBM,44,29,23.489999999999995,23.489999999999995
cifar10-cbm,cifar10,CBM,44,30,23.629999999999995,23.629999999999995
cifar10-cbm,cifar10,CBM,44,31,24.409999999999997,24.409999999999997
cifar10-cbm,cifar10,CBM,44,32,24.430000000000007,24.430000000000007
cifar10-cbm,cifar10,CBM,44,33,24.129999999999995,24.129999999999995
cifar10-cbm,cifar10,CBM,44,34,23.650000000000006,23.650000000000006
cifar10-cbm,cifar10,CBM,44,35,24.180000000000007,24.180000000000007
cifar10-cbm,cifar10,CBM,44,36,23.709999999999994,23.709999999999994
cifar10-cbm,cifar10,CBM,44,37,23.799999999999997,23.799999999999997
cifar10-cbm,cifar10,CBM,44,38,23.239999999999995,23.239999999999995
cifar10-cbm,cifar10,CBM,44,39,22.769999999999996,22.769999999999996
cifar10-cbm,cifar10,CBM,44,40,22.72,22.72
cifar10-cbm,cifar10,CBM,44,41,22.909999999999997,22.909999999999997
cifar10-cbm,cifar10,CBM,44,42,23.269999999999996,23.269999999999996
cifar10-cbm,cifar10,CBM,44,43,23.480000000000004,23.480000000000004
cifar10-cbm,cifar10,CBM,44,44,23.61,23.61
cifar10-cbm,cifar10,CBM,44,45,23.870000000000005,23.870000000000005
cifar10-cbm,cifar10,CBM,44,46,23.86,23.86
cifar10-cbm,cifar10,CBM,44,47,23.510000000000005,23.510000000000005
cifar10-cbm,cifar10,CBM,44,48,23.739999999999995,23.739999999999995
cifar10-cbm,cifar10,CBM,44,49,23.459999999999994,23.459999999999994
cifar10-cbm,cifar10,CBM,44,50,23.900000000000006,23.900000000000006
cifar10-cbm,cifar10,CBM,44,51,24.239999999999995,24.239999999999995
cifar10-cbm,cifar10,CBM,44,52,23.909999999999997,23.909999999999997
cifar10-cbm,cifar10,CBM,44,53,23.569999999999993,23.569999999999993
cifar10-cbm,cifar10,CBM,44,54,23.819999999999993,23.819999999999993
cifar10-cbm,cifar10,CBM,44,55,23.680000000000007,23.680000000000007
cifar10-cbm,cifar10,CBM,44,56,24.620000000000005,24.620000000000005
cifar10-cbm,cifar10,CBM,44,57,25.659999999999997,25.659999999999997
cifar10-cbm,cifar10,CBM,44,58,25.519999999999996,25.519999999999996
cifar10-cbm,cifar10,CBM,44,59,25.989999999999995,25.99
cifar10-cbm,cifar10,CBM,44,60,28.120000000000005,28.120000000000005
cifar10-cbm,cifar10,CBM,44,61,28.939999999999998,28.939999999999998
cifar10-cbm,cifar10,CBM,44,62,29.269999999999996,29.269999999999992
cifar10-cbm,cifar10,CBM,44,63,31.510000000000005,31.51
cifar10-cbm,cifar10,CBM,44,64,34.39,34.39
cifar10-mcbm-01,cifar10,MCBM (low g),42,0,27.959999999999994,27.959999999999994
cifar10-mcbm-01,cifar10,MCBM (low g),42,1,27.760000000000005,27.76
cifar10-mcbm-01,cifar10,MCBM (low g),42,2,27.25,27.25
cifar10-mcbm-01,cifar10,MCBM (low g),42,3,26.680000000000007,26.680000000000007
cifar10-mcbm-01,cifar10,MCBM (low g),42,4,26.64,26.639999999999997
cifar10-mcbm-01,cifar10,MCBM (low g),42,5,26.83,26.829999999999995
cifar10-mcbm-01,cifar10,MCBM (low g),42,6,26.989999999999995,26.99
cifar10-mcbm-01,cifar10,MCBM (low g),42,7,26.39,26.389999999999997
cifar10-mcbm-01,cifar10,MCBM (low g),42,8,25.950000000000003,25.95
cifar10-mcbm-01,cifar10,MCBM (low g),42,9,25.150000000000006,25.150000000000006
cifar10-mcbm-01,cifar10,MCBM (low g),42,10,25.230000000000004,25.230000000000004
cifar10-mcbm-01,cifar10,MCBM (low g),42,11,25.290000000000006,25.290000000000006
cifar10-mcbm-01,cifar10,MCBM (low g),42,12,24.989999999999995,24.989999999999995
cifar10-mcbm-01,cifar10,MCBM (low g),42,13,24.47,24.47
cifar10-mcbm-01,cifar10,MCBM (low g),42,14,24.5,24.5
cifar10-mcbm-01,cifar10,MCBM (low g),42,15,23.659999999999997,23.659999999999997
cifar10-mcbm-01,cifar10,MCBM (low g),42,16,23.58,23.58
cifar10-mcbm-01,cifar10,MCBM (low g),42,17,22.769999999999996,22.769999999999996
cifar10-mcbm-01,cifar10,MCBM (low g),42,18,22.700000000000003,22.700000000000003
cifar10-mcbm-01,cifar10,MCBM (low g),42,19,22.25,22.25
cifar10-mcbm-01,cifar10,MCBM (low g),42,20,22.209999999999994,22.209999999999994
cifar10-mcbm-01,cifar10,MCBM (low g),42,21,22.900000000000006,22.900000000000006
cifar10-mcbm-01,cifar10,MCBM (low g),42,22,23.560000000000002,23.560000000000002
cifar10-mcbm-01,cifar10,MCBM (low g),42,23,23.769999999999996,23.769999999999996
cifar10-mcbm-01,cifar10,MCBM (low g),42,24,23.629999999999995,23.629999999999995
cifar10-mcbm-01,cifar10,MCBM (low g),42,25,23.810000000000002,23.810000000000002
cifar10-mcbm-01,cifar10,MCBM (low g),42,26,24.269999999999996,24.269999999999996
cifar10-mcbm-01,cifar10,MCBM (low g),42,27,25.040000000000006,25.040000000000006
cifar10-mcbm-01,cifar10,MCBM (low g),42,28,25.049999999999997,25.049999999999997
cifar10-mcbm-01,cifar10,MCBM (low g),42,29,24.739999999999995,24.739999999999995
cifar10-mcbm-01,cifar10,MCBM (low g),42,30,24.010000000000005,24.010000000000005
cifar10-mcbm-01,cifar10,MCBM (low g),42,31,24.189999999999998,24.189999999999998
cifar10-mcbm-01,cifar10,MCBM (low g),42,32,24.189999999999998,24.189999999999998
cifar10-mcbm-01,cifar10,MCBM (low g),42,33,24.260000000000005,24.260000000000005
cifar10-mcbm-01,cifar10,MCBM (low g),42,34,24.47,24.47
cifar10-mcbm-01,cifar10,MCBM (low g),42,35,24.53,24.53
cifar10-mcbm-01,cifar10,MCBM (low g),42,36,24.89,24.89
cifar10-mcbm-01,cifar10,MCBM (low g),42,37,24.819999999999993,24.819999999999993
cifar10-mcbm-01,cifar10,MCBM (low g),42,38,25.090000000000003,25.090000000000003
cifar10-mcbm-01,cifar10,MCBM (low g),42,39,25.019999999999996,25.019999999999996
cifar10-mcbm-01,cifar10,MCBM (low g),42,40,25.230000000000004,25.230000000000004
cifar10-mcbm-01,cifar10,MCBM (low g),42,41,25.269999999999996,25.269999999999996
cifar10-mcbm-01,cifar10,MCBM (low g),42,42,25.39,25.39
cifar10-mcbm-01,cifar10,MCBM (low g),42,43,25.53,25.53
cifar10-mcbm-01,cifar10,MCBM (low g),42,44,25.739999999999995,25.74
cifar10-mcbm-01,cifar10,MCBM (low g),42,45,25.75,25.75
cifar10-mcbm-01,cifar10,MCBM (low g),42,46,25.700000000000003,25.7
cifar10-mcbm-01,cifar10,MCBM (low g),42,47,25.67,25.670000000000005
cifar10-mcbm-01,cifar10,MCBM (low g),42,48,25.75,25.75
cifar10-mcbm-01,cifar10,MCBM (low g),42,49,25.629999999999995,25.629999999999995
cifar10-mcbm-01,cifar10,MCBM (low g),42,50,25.620000000000005,25.620000000000005
cifar10-mcbm-01,cifar10,MCBM (low g),42,51,25.629999999999995,25.629999999999995
cifar10-mcbm-01,cifar10,MCBM (low g),42,52,25.659999999999997,25.659999999999997
cifar10-mcbm-01,cifar10,MCBM (low g),42,53,25.659999999999997,25.659999999999997
cifar10-mcbm-01,cifar10,MCBM (low g),42,54,25.769999999999996,25.769999999999992
cifar10-mcbm-01,cifar10,MCBM (low g),42,55,25.760000000000005,25.76
cifar10-mcbm-01,cifar10,MCBM (low g),42,56,25.75,25.75
cifar10-mcbm-01,cifar10,MCBM (low g),42,57,25.760000000000005,25.76
cifar10-mcbm-01,cifar10,MCBM (low g),42,58,25.75,25.75
cifar10-mcbm-01,cifar10,MCBM (low g),42,59,25.739999999999995,25.74
cifar10-mcbm-01,cifar10,MCBM (low g),42,60,25.739999999999995,25.74
cifar10-mcbm-01,cifar10,MCBM (low g),42,61,25.769999999999996,25.769999999999992
cifar10-mcbm-01,cifar10,MCBM (low g),42,62,25.78,25.78
cifar10-mcbm-01,cifar10,MCBM (low g),42,63,25.78,25.78
cifar10-mcbm-01,cifar10,MCBM (low g),42,64,25.790000000000006,25.790000000000006
cifar10-mcbm-01,cifar10,MCBM (low g),43,0,27.86,27.86
cifar10-mcbm-01,cifar10,MCBM (low g),43,1,27.64,27.639999999999997
cifar10-mcbm-01,cifar10,MCBM (low g),43,2,27.299999999999997,27.3
cifar10-mcbm-01,cifar10,MCBM (low g),43,3,26.849999999999994,26.849999999999994
cifar10-mcbm-01,cifar10,MCBM (low g),43,4,26.659999999999997,26.659999999999997
cifar10-mcbm-01,cifar10,MCBM (low g),43,5,26.75,26.75
cifar10-mcbm-01,cifar10,MCBM (low g),43,6,26.430000000000007,26.430000000000007
cifar10-mcbm-01,cifar10,MCBM (low g),43,7,26.319999999999993,26.319999999999993
cifar10-mcbm-01,cifar10,MCBM (low g),43,8,26.439999999999998,26.439999999999998
cifar10-mcbm-01,cifar10,MCBM (low g),43,9,26.25,26.25
cifar10-mcbm-01,cifar10,MCBM (low g),43,10,26.159999999999997,26.159999999999997
cifar10-mcbm-01,cifar10,MCBM (low g),43,11,24.75,24.75
cifar10-mcbm-01,cifar10,MCBM (low g),43,12,24.290000000000006,24.290000000000006
cifar10-mcbm-01,cifar10,MCBM (low g),43,13,24.03,24.03
cifar10-mcbm-01,cifar10,MCBM (low g),43,14,23.510000000000005,23.510000000000005
cifar10-mcbm-01,cifar10,MCBM (low g),43,15,22.930000000000007,22.930000000000007
cifar10-mcbm-01,cifar10,MCBM (low g),43,16,22.75,22.75
cifar10-mcbm-01,cifar10,MCBM (low g),43,17,22.22,22.22
cifar10-mcbm-01,cifar10,MCBM (low g),43,18,22.569999999999993,22.569999999999993
cifar10-mcbm-01,cifar10,MCBM (low g),43,19,22.569999999999993,22.569999999999993
cifar10-mcbm-01,cifar10,MCBM (low g),43,20,22.430000000000007,22.430000000000007
cifar10-mcbm-01,cifar10,MCBM (low g),43,21,22.150000000000006,22.150000000000006
cifar10-mcbm-01,cifar10,MCBM (low g),43,22,22.159999999999997,22.159999999999997
cifar10-mcbm-01,cifar10,MCBM (low g),43,23,22.150000000000006,22.150000000000006
cifar10-mcbm-01,cifar10,MCBM (low g),43,24,22.180000000000007,22.180000000000007
cifar10-mcbm-01,cifar10,MCBM (low g),43,25,22.260000000000005,22.260000000000005
cifar10-mcbm-01,cifar10,MCBM (low g),43,26,23.489999999999995,23.489999999999995
cifar10-mcbm-01,cifar10,MCBM (low g),43,27,23.489999999999995,23.489999999999995
cifar10-mcbm-01,cifar10,MCBM (low g),43,28,23.64,23.64
cifar10-mcbm-01,cifar10,MCBM (low g),43,29,23.58,23.58
cifar10-mcbm-01,cifar10,MCBM (low g),43,30,23.64,23.64
cifar10-mcbm-01,cifar10,MCBM (low g),43,31,23.33,23.33
cifar10-mcbm-01,cifar10,MCBM (low g),43,32,23.540000000000006,23.540000000000006
cifar10-mcbm-01,cifar10,MCBM (low g),43,33,23.870000000000005,23.870000000000005
cifar10-mcbm-01,cifar10,MCBM (low g),43,34,24.040000000000006,24.040000000000006
cifar10-mcbm-01,cifar10,MCBM (low g),43,35,24.560000000000002,24.560000000000002
cifar10-mcbm-01,cifar10,MCBM (low g),43,36,24.58,24.58
cifar10-mcbm-01,cifar10,MCBM (low g),43,37,24.67,24.67
cifar10-mcbm-01,cifar10,MCBM (low g),43,38,24.75,24.75
cifar10-mcbm-01,cifar10,MCBM (low g),43,39,24.799999999999997,24.799999999999997
cifar10-mcbm-01,cifar10,MCBM (low g),43,40,24.760000000000005,24.760000000000005
cifar10-mcbm-01,cifar10,MCBM (low g),43,41,24.900000000000006,24.900000000000006
cifar10-mcbm-01,cifar10,MCBM (low g),43,42,24.849999999999994,24.849999999999994
cifar10-mcbm-01,cifar10,MCBM (low g),43,43,24.980000000000004,24.980000000000004
cifar10-mcbm-01,cifar10,MCBM (low g),43,44,24.980000000000004,24.980000000000004
cifar10-mcbm-01,cifar10,MCBM (low g),43,45,24.950000000000003,24.950000000000003
cifar10-mcbm-01,cifar10,MCBM (low g),43,46,25.03,25.03
cifar10-mcbm-01,cifar10,MCBM (low g),43,47,24.97,24.97
cifar10-mcbm-01,cifar10,MCBM (low g),43,48,24.980000000000004,24.980000000000004
cifar10-mcbm-01,cifar10,MCBM (low g),43,49,25.019999999999996,25.019999999999996
cifar10-mcbm-01,cifar10,MCBM (low g),43,50,25.08,25.08
cifar10-mcbm-01,cifar10,MCBM (low g),43,51,25.08,25.08
cifar10-mcbm-01,cifar10,MCBM (low g),43,52,25.090000000000003,25.090000000000003
cifar10-mcbm-01,cifar10,MCBM (low g),43,53,25.069999999999993,25.069999999999993
cifar10-mcbm-01,cifar10,MCBM (low g),43,54,25.069999999999993,25.069999999999993
cifar10-mcbm-01,cifar10,MCBM (low g),43,55,25.03,25.03
cifar10-mcbm-01,cifar10,MCBM (low g),43,56,25.049999999999997,25.049999999999997
cifar10-mcbm-01,cifar10,MCBM (low g),43,57,25.019999999999996,25.019999999999996
cifar10-mcbm-01,cifar10,MCBM (low g),43,58,25.060000000000002,25.060000000000002
cifar10-mcbm-01,cifar10,MCBM (low g),43,59,25.069999999999993,25.069999999999993
cifar10-mcbm-01,cifar10,MCBM (low g),43,60,25.060000000000002,25.060000000000002
cifar10-mcbm-01,cifar10,MCBM (low g),43,61,25.08,25.08
cifar10-mcbm-01,cifar10,MCBM (low g),43,62,25.090000000000003,25.090000000000003
cifar10-mcbm-01,cifar10,MCBM (low g),43,63,25.090000000000003,25.090000000000003
cifar10-mcbm-01,cifar10,MCBM (low g),43,64,25.090000000000003,25.090000000000003
cifar10-mcbm-01,cifar10,MCBM (low g),44,0,27.519999999999996,27.519999999999996
cifar10-mcbm-01,cifar10,MCBM (low g),44,1,27.370000000000005,27.370000000000005
cifar10-mcbm-01,cifar10,MCBM (low g),44,2,27.189999999999998,27.189999999999998
cifar10-mcbm-01,cifar10,MCBM (low g),44,3,27.310000000000002,27.310000000000002
cifar10-mcbm-01,cifar10,MCBM (low g),44,4,26.709999999999994,26.70999999999999
cifar10-mcbm-01,cifar10,MCBM (low g),44,5,26.159999999999997,26.159999999999997
cifar10-mcbm-01,cifar10,MCBM (low g),44,6,26.040000000000006,26.04000000000001
cifar10-mcbm-01,cifar10,MCBM (low g),44,7,25.939999999999998,25.939999999999998
cifar10-mcbm-01,cifar10,MCBM (low g),44,8,25.64,25.639999999999997
cifar10-mcbm-01,cifar10,MCBM (low g),44,9,25.709999999999994,25.70999999999999
cifar10-mcbm-01,cifar10,MCBM (low g),44,10,26.129999999999995,26.129999999999995
cifar10-mcbm-01,cifar10,MCBM (low g),44,11,26.400000000000006,26.400000000000006
cifar10-mcbm-01,cifar10,MCBM (low g),44,12,25.78,25.78
cifar10-mcbm-01,cifar10,MCBM (low g),44,13,25.209999999999994,25.209999999999994
cifar10-mcbm-01,cifar10,MCBM (low g),44,14,25.17,25.17
cifar10-mcbm-01,cifar10,MCBM (low g),44,15,24.930000000000007,24.930000000000007
cifar10-mcbm-01,cifar10,MCBM (low g),44,16,24.25,24.25
cifar10-mcbm-01,cifar10,MCBM (low g),44,17,23.379999999999995,23.379999999999995
cifar10-mcbm-01,cifar10,MCBM (low g),44,18,23.540000000000006,23.540000000000006
cifar10-mcbm-01,cifar10,MCBM (low g),44,19,23.700000000000003,23.700000000000003
cifar10-mcbm-01,cifar10,MCBM (low g),44,20,23.159999999999997,23.159999999999997
cifar10-mcbm-01,cifar10,MCBM (low g),44,21,22.739999999999995,22.739999999999995
cifar10-mcbm-01,cifar10,MCBM (low g),44,22,22.989999999999995,22.989999999999995
cifar10-mcbm-01,cifar10,MCBM (low g),44,23,22.75,22.75
cifar10-mcbm-01,cifar10,MCBM (low g),44,24,23.069999999999993,23.069999999999993
cifar10-mcbm-01,cifar10,MCBM (low g),44,25,22.900000000000006,22.900000000000006
cifar10-mcbm-01,cifar10,MCBM (low g),44,26,23.39,23.39
cifar10-mcbm-01,cifar10,MCBM (low g),44,27,23.42,23.42
cifar10-mcbm-01,cifar10,MCBM (low g),44,28,23.299999999999997,23.299999999999997
cifar10-mcbm-01,cifar10,MCBM (low g),44,29,23.590000000000003,23.590000000000003
cifar10-mcbm-01,cifar10,MCBM (low g),44,30,23.489999999999995,23.489999999999995
cifar10-mcbm-01,cifar10,MCBM (low g),44,31,23.599999999999994,23.599999999999994
cifar10-mcbm-01,cifar10,MCBM (low g),44,32,23.569999999999993,23.569999999999993
cifar10-mcbm-01,cifar10,MCBM (low g),44,33,23.75,23.75
cifar10-mcbm-01,cifar10,MCBM (low g),44,34,23.870000000000005,23.870000000000005
cifar10-mcbm-01,cifar10,MCBM (low g),44,35,24.049999999999997,24.049999999999997
cifar10-mcbm-01,cifar10,MCBM (low g),44,36,24.200000000000003,24.200000000000003
cifar10-mcbm-01,cifar10,MCBM (low g),44,37,24.290000000000006,24.290000000000006
cifar10-mcbm-01,cifar10,MCBM (low g),44,38,24.260000000000005,24.260000000000005
cifar10-mcbm-01,cifar10,MCBM (low g),44,39,24.39,24.39
cifar10-mcbm-01,cifar10,MCBM (low g),44,40,24.28,24.28
cifar10-mcbm-01,cifar10,MCBM (low g),44,41,24.28,24.28
cifar10-mcbm-01,cifar10,MCBM (low g),44,42,24.42,24.42
cifar10-mcbm-01,cifar10,MCBM (low g),44,43,24.569999999999993,24.569999999999993
cifar10-mcbm-01,cifar10,MCBM (low g),44,44,24.599999999999994,24.599999999999994
cifar10-mcbm-01,cifar10,MCBM (low g),44,45,24.650000000000006,24.650000000000006
cifar10-mcbm-01,cifar10,MCBM (low g),44,46,24.549999999999997,24.549999999999997
cifar10-mcbm-01,cifar10,MCBM (low g),44,47,24.599999999999994,24.599999999999994
cifar10-mcbm-01,cifar10,MCBM (low g),44,48,24.599999999999994,24.599999999999994
cifar10-mcbm-01,cifar10,MCBM (low g),44,49,24.510000000000005,24.510000000000005
cifar10-mcbm-01,cifar10,MCBM (low g),44,50,24.5,24.5
cifar10-mcbm-01,cifar10,MCBM (low g),44,51,24.519999999999996,24.519999999999996
cifar10-mcbm-01,cifar10,MCBM (low g),44,52,24.519999999999996,24.519999999999996
cifar10-mcbm-01,cifar10,MCBM (low g),44,53,24.519999999999996,24.519999999999996
cifar10-mcbm-01,cifar10,MCBM (low g),44,54,24.53,24.53
cifar10-mcbm-01,cifar10,MCBM (low g),44,55,24.540000000000006,24.540000000000006
cifar10-mcbm-01,cifar10,MCBM (low g),44,56,24.53,24.53
cifar10-mcbm-01,cifar10,MCBM (low g),44,57,24.540000000000006,24.540000000000006
cifar10-mcbm-01,cifar10,MCBM (low g),44,58,24.53,24.53
cifar10-mcbm-01,cifar10,MCBM (low g),44,59,24.540000000000006,24.540000000000006
cifar10-mcbm-01,cifar10,MCBM (low g),44,60,24.540000000000006,24.540000000000006
cifar10-mcbm-01,cifar10,MCBM (low g),44,61,24.560000000000002,24.560000000000002
cifar10-mcbm-01,cifar10,MCBM (low g),44,62,24.560000000000002,24.560000000000002
cifar10-mcbm-01,cifar10,MCBM (low g),44,63,24.569999999999993,24.569999999999993
cifar10-mcbm-01,cifar10,MCBM (low g),44,64,24.560000000000002,24.560000000000002
cifar10-mcbm-03,cifar10,MCBM (medium g),42,0,30.129999999999995,30.129999999999995
cifar10-mcbm-03,cifar10,MCBM (medium g),42,1,30.25,30.25
cifar10-mcbm-03,cifar10,MCBM (medium g),42,2,29.75,29.75
cifar10-mcbm-03,cifar10,MCBM (medium g),42,3,29.14,29.139999999999997
cifar10-mcbm-03,cifar10,MCBM (medium g),42,4,28.97,28.97
cifar10-mcbm-03,cifar10,MCBM (medium g),42,5,28.72,28.72
cifar10-mcbm-03,cifar10,MCBM (medium g),42,6,28.620000000000005,28.620000000000005
cifar10-mcbm-03,cifar10,MCBM (medium g),42,7,28.64,28.639999999999997
cifar10-mcbm-03,cifar10,MCBM (medium g),42,8,28.28,28.28
cifar10-mcbm-03,cifar10,MCBM (medium g),42,9,27.08,27.079999999999995
cifar10-mcbm-03,cifar10,MCBM (medium g),42,10,27.040000000000006,27.04000000000001
cifar10-mcbm-03,cifar10,MCBM (medium g),42,11,27.72,27.72
cifar10-mcbm-03,cifar10,MCBM (medium g),42,12,27.17,27.170000000000005
cifar10-mcbm-03,cifar10,MCBM (medium g),42,13,26.959999999999994,26.95999999999999
cifar10-mcbm-03,cifar10,MCBM (medium g),42,14,26.459999999999994,26.45999999999999
cifar10-mcbm-03,cifar10,MCBM (medium g),42,15,25.950000000000003,25.95
cifar10-mcbm-03,cifar10,MCBM (medium g),42,16,25.61,25.610000000000003
cifar10-mcbm-03,cifar10,MCBM (medium g),42,17,24.939999999999998,24.939999999999998
cifar10-mcbm-03,cifar10,MCBM (medium g),42,18,24.629999999999995,24.629999999999995
cifar10-mcbm-03,cifar10,MCBM (medium g),42,19,24.549999999999997,24.549999999999997
cifar10-mcbm-03,cifar10,MCBM (medium g),42,20,23.840000000000003,23.840000000000003
cifar10-mcbm-03,cifar10,MCBM (medium g),42,21,24.159999999999997,24.159999999999997
cifar10-mcbm-03,cifar10,MCBM (medium g),42,22,24.409999999999997,24.409999999999997
cifar10-mcbm-03,cifar10,MCBM (medium g),42,23,24.540000000000006,24.540000000000006
cifar10-mcbm-03,cifar10,MCBM (medium g),42,24,24.810000000000002,24.810000000000002
cifar10-mcbm-03,cifar10,MCBM (medium g),42,25,25.019999999999996,25.019999999999996
cifar10-mcbm-03,cifar10,MCBM (medium g),42,26,25.019999999999996,25.019999999999996
cifar10-mcbm-03,cifar10,MCBM (medium g),42,27,25.549999999999997,25.549999999999997
cifar10-mcbm-03,cifar10,MCBM (medium g),42,28,25.819999999999993,25.819999999999993
cifar10-mcbm-03,cifar10,MCBM (medium g),42,29,25.099999999999994,25.099999999999994
cifar10-mcbm-03,cifar10,MCBM (medium g),42,30,24.819999999999993,24.819999999999993
cifar10-mcbm-03,cifar10,MCBM (medium g),42,31,25.049999999999997,25.049999999999997
cifar10-mcbm-03,cifar10,MCBM (medium g),42,32,25.189999999999998,25.189999999999998
cifar10-mcbm-03,cifar10,MCBM (medium g),42,33,25.019999999999996,25.019999999999996
cifar10-mcbm-03,cifar10,MCBM (medium g),42,34,25.099999999999994,25.099999999999994
cifar10-mcbm-03,cifar10,MCBM (medium g),42,35,25.049999999999997,25.049999999999997
cifar10-mcbm-03,cifar10,MCBM (medium g),42,36,25.08,25.08
cifar10-mcbm-03,cifar10,MCBM (medium g),42,37,24.950000000000003,24.950000000000003
cifar10-mcbm-03,cifar10,MCBM (medium g),42,38,25.310000000000002,25.310000000000002
cifar10-mcbm-03,cifar10,MCBM (medium g),42,39,25.36,25.36
cifar10-mcbm-03,cifar10,MCBM (medium g),42,40,25.439999999999998,25.439999999999998
cifar10-mcbm-03,cifar10,MCBM (medium g),42,41,25.5,25.5
cifar10-mcbm-03,cifar10,MCBM (medium g),42,42,25.310000000000002,25.310000000000002
cifar10-mcbm-03,cifar10,MCBM (medium g),42,43,25.209999999999994,25.209999999999994
cifar10-mcbm-03,cifar10,MCBM (medium g),42,44,25.510000000000005,25.510000000000005
cifar10-mcbm-03,cifar10,MCBM (medium g),42,45,25.549999999999997,25.549999999999997
cifar10-mcbm-03,cifar10,MCBM (medium g),42,46,25.480000000000004,25.480000000000004
cifar10-mcbm-03,cifar10,MCBM (medium g),42,47,25.439999999999998,25.439999999999998
cifar10-mcbm-03,cifar10,MCBM (medium g),42,48,25.519999999999996,25.519999999999996
cifar10-mcbm-03,cifar10,MCBM (medium g),42,49,25.560000000000002,25.560000000000002
cifar10-mcbm-03,cifar10,MCBM (medium g),42,50,25.58,25.58
cifar10-mcbm-03,cifar10,MCBM (medium g),42,51,25.64,25.639999999999997
cifar10-mcbm-03,cifar10,MCBM (medium g),42,52,25.629999999999995,25.629999999999995
cifar10-mcbm-03,cifar10,MCBM (medium g),42,53,25.650000000000006,25.650000000000006
cifar10-mcbm-03,cifar10,MCBM (medium g),42,54,25.620000000000005,25.620000000000005
cifar10-mcbm-03,cifar10,MCBM (medium g),42,55,25.64,25.639999999999997
cifar10-mcbm-03,cifar10,MCBM (medium g),42,56,25.67,25.670000000000005
cifar10-mcbm-03,cifar10,MCBM (medium g),42,57,25.61,25.610000000000003
cifar10-mcbm-03,cifar10,MCBM (medium g),42,58,25.599999999999994,25.599999999999994
cifar10-mcbm-03,cifar10,MCBM (medium g),42,59,25.650000000000006,25.650000000000006
cifar10-mcbm-03,cifar10,MCBM (medium g),42,60,25.64,25.639999999999997
cifar10-mcbm-03,cifar10,MCBM (medium g),42,61,25.629999999999995,25.629999999999995
cifar10-mcbm-03,cifar10,MCBM (medium g),42,62,25.620000000000005,25.620000000000005
cifar10-mcbm-03,cifar10,MCBM (medium g),42,63,25.620000000000005,25.620000000000005
cifar10-mcbm-03,cifar10,MCBM (medium g),42,64,25.590000000000003,25.590000000000003
cifar10-mcbm-03,cifar10,MCBM (medium g),43,0,30.569999999999993,30.569999999999993
cifar10-mcbm-03,cifar10,MCBM (medium g),43,1,30.099999999999994,30.099999999999994
cifar10-mcbm-03,cifar10,MCBM (medium g),43,2,30.200000000000003,30.2
cifar10-mcbm-03,cifar10,MCBM (medium g),43,3,29.760000000000005,29.76
cifar10-mcbm-03,cifar10,MCBM (medium g),43,4,29.409999999999997,29.409999999999997
cifar10-mcbm-03,cifar10,MCBM (medium g),43,5,29.39,29.389999999999997
cifar10-mcbm-03,cifar10,MCBM (medium g),43,6,29.340000000000003,29.340000000000003
cifar10-mcbm-03,cifar10,MCBM (medium g),43,7,29.409999999999997,29.409999999999997
cifar10-mcbm-03,cifar10,MCBM (medium g),43,8,29.290000000000006,29.29000000000001
cifar10-mcbm-03,cifar10,MCBM (medium g),43,9,28.42,28.420000000000005
cifar10-mcbm-03,cifar10,MCBM (medium g),43,10,28.049999999999997,28.05
cifar10-mcbm-03,cifar10,MCBM (medium g),43,11,26.549999999999997,26.55
cifar10-mcbm-03,cifar10,MCBM (medium g),43,12,26.209999999999994,26.20999999999999
cifar10-mcbm-03,cifar10,MCBM (medium g),43,13,25.64,25.639999999999997
cifar10-mcbm-03,cifar10,MCBM (medium g),43,14,25.03,25.03
cifar10-mcbm-03,cifar10,MCBM (medium g),43,15,24.150000000000006,24.150000000000006
cifar10-mcbm-03,cifar10,MCBM (medium g),43,16,24.090000000000003,24.090000000000003
cifar10-mcbm-03,cifar10,MCBM (medium g),43,17,24.47,24.47
cifar10-mcbm-03,cifar10,MCBM (medium g),43,18,23.939999999999998,23.939999999999998
cifar10-mcbm-03,cifar10,MCBM (medium g),43,19,23.64,23.64
cifar10-mcbm-03,cifar10,MCBM (medium g),43,20,23.560000000000002,23.560000000000002
cifar10-mcbm-03,cifar10,MCBM (medium g),43,21,23.099999999999994,23.099999999999994
cifar10-mcbm-03,cifar10,MCBM (medium g),43,22,23.709999999999994,23.709999999999994
cifar10-mcbm-03,cifar10,MCBM (medium g),43,23,23.75,23.75
cifar10-mcbm-03,cifar10,MCBM (medium g),43,24,23.42,23.42
cifar10-mcbm-03,cifar10,MCBM (medium g),43,25,23.39,23.39
cifar10-mcbm-03,cifar10,MCBM (medium g),43,26,24.599999999999994,24.599999999999994
cifar10-mcbm-03,cifar10,MCBM (medium g),43,27,24.599999999999994,24.599999999999994
cifar10-mcbm-03,cifar10,MCBM (medium g),43,28,24.709999999999994,24.709999999999994
cifar10-mcbm-03,cifar10,MCBM (medium g),43,29,24.22,24.22
cifar10-mcbm-03,cifar10,MCBM (medium g),43,30,24.129999999999995,24.129999999999995
cifar10-mcbm-03,cifar10,MCBM (medium g),43,31,24.090000000000003,24.090000000000003
cifar10-mcbm-03,cifar10,MCBM (medium g),43,32,24.299999999999997,24.299999999999997
cifar10-mcbm-03,cifar10,MCBM (medium g),43,33,24.400000000000006,24.400000000000006
cifar10-mcbm-03,cifar10,MCBM (medium g),43,34,24.5,24.5
cifar10-mcbm-03,cifar10,MCBM (medium g),43,35,25.120000000000005,25.120000000000005
cifar10-mcbm-03,cifar10,MCBM (medium g),43,36,25.0,25.0
cifar10-mcbm-03,cifar10,MCBM (medium g),43,37,24.97,24.97
cifar10-mcbm-03,cifar10,MCBM (medium g),43,38,25.120000000000005,25.120000000000005
cifar10-mcbm-03,cifar10,MCBM (medium g),43,39,25.060000000000002,25.060000000000002
cifar10-mcbm-03,cifar10,MCBM (medium g),43,40,25.040000000000006,25.040000000000006
cifar10-mcbm-03,cifar10,MCBM (medium g),43,41,25.239999999999995,25.239999999999995
cifar10-mcbm-03,cifar10,MCBM (medium g),43,42,25.150000000000006,25.150000000000006
cifar10-mcbm-03,cifar10,MCBM (medium g),43,43,25.230000000000004,25.230000000000004
cifar10-mcbm-03,cifar10,MCBM (medium g),43,44,25.14,25.14
cifar10-mcbm-03,cifar10,MCBM (medium g),43,45,25.08,25.08
cifar10-mcbm-03,cifar10,MCBM (medium g),43,46,25.069999999999993,25.069999999999993
cifar10-mcbm-03,cifar10,MCBM (medium g),43,47,25.08,25.08
cifar10-mcbm-03,cifar10,MCBM (medium g),43,48,25.069999999999993,25.069999999999993
cifar10-mcbm-03,cifar10,MCBM (medium g),43,49,25.11,25.11
cifar10-mcbm-03,cifar10,MCBM (medium g),43,50,25.090000000000003,25.090000000000003
cifar10-mcbm-03,cifar10,MCBM (medium g),43,51,25.090000000000003,25.090000000000003
cifar10-mcbm-03,cifar10,MCBM (medium g),43,52,25.11,25.11
cifar10-mcbm-03,cifar10,MCBM (medium g),43,53,25.090000000000003,25.090000000000003
cifar10-mcbm-03,cifar10,MCBM (medium g),43,54,25.120000000000005,25.120000000000005
cifar10-mcbm-03,cifar10,MCBM (medium g),43,55,25.14,25.14
cifar10-mcbm-03,cifar10,MCBM (medium g),43,56,25.120000000000005,25.120000000000005
cifar10-mcbm-03,cifar10,MCBM (medium g),43,57,25.129999999999995,25.129999999999995
cifar10-mcbm-03,cifar10,MCBM (medium g),43,58,25.129999999999995,25.129999999999995
cifar10-mcbm-03,cifar10,MCBM (medium g),43,59,25.11,25.11
cifar10-mcbm-03,cifar10,MCBM (medium g),43,60,25.129999999999995,25.129999999999995
cifar10-mcbm-03,cifar10,MCBM (medium g),43,61,25.129999999999995,25.129999999999995
cifar10-mcbm-03,cifar10,MCBM (medium g),43,62,25.120000000000005,25.120000000000005
cifar10-mcbm-03,cifar10,MCBM (medium g),43,63,25.120000000000005,25.120000000000005
cifar10-mcbm-03,cifar10,MCBM (medium g),43,64,25.129999999999995,25.129999999999995
cifar10-mcbm-03,cifar10,MCBM (medium g),44,0,29.150000000000006,29.150000000000006
cifar10-mcbm-03,cifar10,MCBM (medium g),44,1,29.459999999999994,29.45999999999999
cifar10-mcbm-03,cifar10,MCBM (medium g),44,2,29.299999999999997,29.3
cifar10-mcbm-03,cifar10,MCBM (medium g),44,3,29.03,29.03
cifar10-mcbm-03,cifar10,MCBM (medium g),44,4,28.5,28.5
cifar10-mcbm-03,cifar10,MCBM (medium g),44,5,28.33,28.329999999999995
cifar10-mcbm-03,cifar10,MCBM (medium g),44,6,27.700000000000003,27.7
cifar10-mcbm-03,cifar10,MCBM (medium g),44,7,27.58,27.579999999999995
cifar10-mcbm-03,cifar10,MCBM (medium g),44,8,27.459999999999994,27.45999999999999
cifar10-mcbm-03,cifar10,MCBM (medium g),44,9,27.239999999999995,27.24
cifar10-mcbm-03,cifar10,MCBM (medium g),44,10,26.67,26.670000000000005
cifar10-mcbm-03,cifar10,MCBM (medium g),44,11,26.680000000000007,26.680000000000007
cifar10-mcbm-03,cifar10,MCBM (medium g),44,12,27.200000000000003,27.2
cifar10-mcbm-03,cifar10,MCBM (medium g),44,13,27.0,27.0
cifar10-mcbm-03,cifar10,MCBM (medium g),44,14,26.769999999999996,26.769999999999992
cifar10-mcbm-03,cifar10,MCBM (medium g),44,15,26.290000000000006,26.29000000000001
cifar10-mcbm-03,cifar10,MCBM (medium g),44,16,25.540000000000006,25.540000000000006
cifar10-mcbm-03,cifar10,MCBM (medium g),44,17,25.019999999999996,25.019999999999996
cifar10-mcbm-03,cifar10,MCBM (medium g),44,18,24.75,24.75
cifar10-mcbm-03,cifar10,MCBM (medium g),44,19,24.049999999999997,24.049999999999997
cifar10-mcbm-03,cifar10,MCBM (medium g),44,20,23.989999999999995,23.989999999999995
cifar10-mcbm-03,cifar10,MCBM (medium g),44,21,24.159999999999997,24.159999999999997
cifar10-mcbm-03,cifar10,MCBM (medium g),44,22,23.67,23.67
cifar10-mcbm-03,cifar10,MCBM (medium g),44,23,23.78,23.78
cifar10-mcbm-03,cifar10,MCBM (medium g),44,24,24.08,24.08
cifar10-mcbm-03,cifar10,MCBM (medium g),44,25,23.92,23.92
cifar10-mcbm-03,cifar10,MCBM (medium g),44,26,24.11,24.11
cifar10-mcbm-03,cifar10,MCBM (medium g),44,27,23.900000000000006,23.900000000000006
cifar10-mcbm-03,cifar10,MCBM (medium g),44,28,24.019999999999996,24.019999999999996
cifar10-mcbm-03,cifar10,MCBM (medium g),44,29,23.959999999999994,23.959999999999994
cifar10-mcbm-03,cifar10,MCBM (medium g),44,30,23.950000000000003,23.950000000000003
cifar10-mcbm-03,cifar10,MCBM (medium g),44,31,23.870000000000005,23.870000000000005
cifar10-mcbm-03,cifar10,MCBM (medium g),44,32,24.08,24.08
cifar10-mcbm-03,cifar10,MCBM (medium g),44,33,24.120000000000005,24.120000000000005
cifar10-mcbm-03,cifar10,MCBM (medium g),44,34,24.099999999999994,24.099999999999994
cifar10-mcbm-03,cifar10,MCBM (medium g),44,35,24.189999999999998,24.189999999999998
cifar10-mcbm-03,cifar10,MCBM (medium g),44,36,24.269999999999996,24.269999999999996
cifar10-mcbm-03,cifar10,MCBM (medium g),44,37,24.33,24.33
cifar10-mcbm-03,cifar10,MCBM (medium g),44,38,24.439999999999998,24.439999999999998
cifar10-mcbm-03,cifar10,MCBM (medium g),44,39,24.430000000000007,24.430000000000007
cifar10-mcbm-03,cifar10,MCBM (medium g),44,40,24.33,24.33
cifar10-mcbm-03,cifar10,MCBM (medium g),44,41,24.349999999999994,24.349999999999994
cifar10-mcbm-03,cifar10,MCBM (medium g),44,42,24.25,24.25
cifar10-mcbm-03,cifar10,MCBM (medium g),44,43,24.400000000000006,24.400000000000006
cifar10-mcbm-03,cifar10,MCBM (medium g),44,44,24.269999999999996,24.269999999999996
cifar10-mcbm-03,cifar10,MCBM (medium g),44,45,24.36,24.36
cifar10-mcbm-03,cifar10,MCBM (medium g),44,46,24.290000000000006,24.290000000000006
cifar10-mcbm-03,cifar10,MCBM (medium g),44,47,24.42,24.42
cifar10-mcbm-03,cifar10,MCBM (medium g),44,48,24.340000000000003,24.340000000000003
cifar10-mcbm-03,cifar10,MCBM (medium g),44,49,24.33,24.33
cifar10-mcbm-03,cifar10,MCBM (medium g),44,50,24.33,24.33
cifar10-mcbm-03,cifar10,MCBM (medium g),44,51,24.290000000000006,24.290000000000006
cifar10-mcbm-03,cifar10,MCBM (medium g),44,52,24.340000000000003,24.340000000000003
cifar10-mcbm-03,cifar10,MCBM (medium g),44,53,24.33,24.33
cifar10-mcbm-03,cifar10,MCBM (medium g),44,54,24.28,24.28
cifar10-mcbm-03,cifar10,MCBM (medium g),44,55,24.310000000000002,24.310000000000002
cifar10-mcbm-03,cifar10,MCBM (medium g),44,56,24.310000000000002,24.310000000000002
cifar10-mcbm-03,cifar10,MCBM (medium g),44,57,24.299999999999997,24.299999999999997
cifar10-mcbm-03,cifar10,MCBM (medium g),44,58,24.290000000000006,24.290000000000006
cifar10-mcbm-03,cifar10,MCBM (medium g),44,59,24.260000000000005,24.260000000000005
cifar10-mcbm-03,cifar10,MCBM (medium g),44,60,24.25,24.25
cifar10-mcbm-03,cifar10,MCBM (medium g),44,61,24.260000000000005,24.260000000000005
cifar10-mcbm-03,cifar10,MCBM (medium g),44,62,24.239999999999995,24.239999999999995
cifar10-mcbm-03,cifar10,MCBM (medium g),44,63,24.230000000000004,24.230000000000004
cifar10-mcbm-03,cifar10,MCBM (medium g),44,64,24.239999999999995,24.239999999999995
cifar10-mcbm-05,cifar10,MCBM (high g),42,0,30.53,30.53
cifar10-mcbm-05,cifar10,MCBM (high g),42,1,30.42,30.420000000000005
cifar10-mcbm-05,cifar10,MCBM (high g),42,2,29.560000000000002,29.560000000000002
cifar10-mcbm-05,cifar10,MCBM (high g),42,3,29.03,29.03
cifar10-mcbm-05,cifar10,MCBM (high g),42,4,29.39,29.389999999999997
cifar10-mcbm-05,cifar10,MCBM (high g),42,5,29.480000000000004,29.480000000000008
cifar10-mcbm-05,cifar10,MCBM (high g),42,6,29.549999999999997,29.55
cifar10-mcbm-05,cifar10,MCBM (high g),42,7,29.340000000000003,29.340000000000003
cifar10-mcbm-05,cifar10,MCBM (high g),42,8,29.22,29.22
cifar10-mcbm-05,cifar10,MCBM (high g),42,9,27.810000000000002,27.810000000000002
cifar10-mcbm-05,cifar10,MCBM (high g),42,10,27.870000000000005,27.870000000000005
cifar10-mcbm-05,cifar10,MCBM (high g),42,11,26.959999999999994,26.95999999999999
cifar10-mcbm-05,cifar10,MCBM (high g),42,12,27.900000000000006,27.900000000000006
cifar10-mcbm-05,cifar10,MCBM (high g),42,13,27.92,27.920000000000005
cifar10-mcbm-05,cifar10,MCBM (high g),42,14,26.42,26.420000000000005
cifar10-mcbm-05,cifar10,MCBM (high g),42,15,26.090000000000003,26.090000000000003
cifar10-mcbm-05,cifar10,MCBM (high g),42,16,25.120000000000005,25.120000000000005
cifar10-mcbm-05,cifar10,MCBM (high g),42,17,25.0,25.0
cifar10-mcbm-05,cifar10,MCBM (high g),42,18,24.909999999999997,24.909999999999997
cifar10-mcbm-05,cifar10,MCBM (high g),42,19,24.67,24.67
cifar10-mcbm-05,cifar10,MCBM (high g),42,20,24.11,24.11
cifar10-mcbm-05,cifar10,MCBM (high g),42,21,24.489999999999995,24.489999999999995
cifar10-mcbm-05,cifar10,MCBM (high g),42,22,24.709999999999994,24.709999999999994
cifar10-mcbm-05,cifar10,MCBM (high g),42,23,24.709999999999994,24.709999999999994
cifar10-mcbm-05,cifar10,MCBM (high g),42,24,24.760000000000005,24.760000000000005
cifar10-mcbm-05,cifar10,MCBM (high g),42,25,24.879999999999995,24.879999999999995
cifar10-mcbm-05,cifar10,MCBM (high g),42,26,25.260000000000005,25.260000000000005
cifar10-mcbm-05,cifar10,MCBM (high g),42,27,25.819999999999993,25.819999999999993
cifar10-mcbm-05,cifar10,MCBM (high g),42,28,25.0,25.0
cifar10-mcbm-05,cifar10,MCBM (high g),42,29,25.120000000000005,25.120000000000005
cifar10-mcbm-05,cifar10,MCBM (high g),42,30,24.650000000000006,24.650000000000006
cifar10-mcbm-05,cifar10,MCBM (high g),42,31,24.959999999999994,24.959999999999994
cifar10-mcbm-05,cifar10,MCBM (high g),42,32,24.909999999999997,24.909999999999997
cifar10-mcbm-05,cifar10,MCBM (high g),42,33,24.810000000000002,24.810000000000002
cifar10-mcbm-05,cifar10,MCBM (high g),42,34,25.010000000000005,25.010000000000005
cifar10-mcbm-05,cifar10,MCBM (high g),42,35,25.090000000000003,25.090000000000003
cifar10-mcbm-05,cifar10,MCBM (high g),42,36,25.120000000000005,25.120000000000005
cifar10-mcbm-05,cifar10,MCBM (high g),42,37,25.019999999999996,25.019999999999996
cifar10-mcbm-05,cifar10,MCBM (high g),42,38,24.989999999999995,24.989999999999995
cifar10-mcbm-05,cifar10,MCBM (high g),42,39,25.230000000000004,25.230000000000004
cifar10-mcbm-05,cifar10,MCBM (high g),42,40,25.28,25.28
cifar10-mcbm-05,cifar10,MCBM (high g),42,41,25.28,25.28
cifar10-mcbm-05,cifar10,MCBM (high g),42,42,25.269999999999996,25.269999999999996
cifar10-mcbm-05,cifar10,MCBM (high g),42,43,25.260000000000005,25.260000000000005
cifar10-mcbm-05,cifar10,MCBM (high g),42,44,25.42,25.42
cifar10-mcbm-05,cifar10,MCBM (high g),42,45,25.489999999999995,25.489999999999995
cifar10-mcbm-05,cifar10,MCBM (high g),42,46,25.349999999999994,25.349999999999994
cifar10-mcbm-05,cifar10,MCBM (high g),42,47,25.189999999999998,25.189999999999998
cifar10-mcbm-05,cifar10,MCBM (high g),42,48,25.22,25.22
cifar10-mcbm-05,cifar10,MCBM (high g),42,49,25.319999999999993,25.319999999999993
cifar10-mcbm-05,cifar10,MCBM (high g),42,50,25.340000000000003,25.340000000000003
cifar10-mcbm-05,cifar10,MCBM (high g),42,51,25.349999999999994,25.349999999999994
cifar10-mcbm-05,cifar10,MCBM (high g),42,52,25.319999999999993,25.319999999999993
cifar10-mcbm-05,cifar10,MCBM (high g),42,53,25.370000000000005,25.370000000000005
cifar10-mcbm-05,cifar10,MCBM (high g),42,54,25.379999999999995,25.379999999999995
cifar10-mcbm-05,cifar10,MCBM (high g),42,55,25.370000000000005,25.370000000000005
cifar10-mcbm-05,cifar10,MCBM (high g),42,56,25.36,25.36
cifar10-mcbm-05,cifar10,MCBM (high g),42,57,25.340000000000003,25.340000000000003
cifar10-mcbm-05,cifar10,MCBM (high g),42,58,25.340000000000003,25.340000000000003
cifar10-mcbm-05,cifar10,MCBM (high g),42,59,25.340000000000003,25.340000000000003
cifar10-mcbm-05,cifar10,MCBM (high g),42,60,25.349999999999994,25.349999999999994
cifar10-mcbm-05,cifar10,MCBM (high g),42,61,25.370000000000005,25.370000000000005
cifar10-mcbm-05,cifar10,MCBM (high g),42,62,25.370000000000005,25.370000000000005
cifar10-mcbm-05,cifar10,MCBM (high g),42,63,25.379999999999995,25.379999999999995
cifar10-mcbm-05,cifar10,MCBM (high g),42,64,25.379999999999995,25.379999999999995
cifar10-mcbm-05,cifar10,MCBM (high g),43,0,31.33,31.33
cifar10-mcbm-05,cifar10,MCBM (high g),43,1,31.08,31.079999999999995
cifar10-mcbm-05,cifar10,MCBM (high g),43,2,30.89,30.889999999999997
cifar10-mcbm-05,cifar10,MCBM (high g),43,3,30.400000000000006,30.400000000000006
cifar10-mcbm-05,cifar10,MCBM (high g),43,4,29.86,29.860000000000003
cifar10-mcbm-05,cifar10,MCBM (high g),43,5,29.709999999999994,29.70999999999999
cifar10-mcbm-05,cifar10,MCBM (high g),43,6,29.680000000000007,29.680000000000007
cifar10-mcbm-05,cifar10,MCBM (high g),43,7,29.760000000000005,29.76
cifar10-mcbm-05,cifar10,MCBM (high g),43,8,29.89,29.889999999999997
cifar10-mcbm-05,cifar10,MCBM (high g),43,9,29.180000000000007,29.180000000000007
cifar10-mcbm-05,cifar10,MCBM (high g),43,10,28.689999999999998,28.689999999999998
cifar10-mcbm-05,cifar10,MCBM (high g),43,11,27.5,27.5
cifar10-mcbm-05,cifar10,MCBM (high g),43,12,26.769999999999996,26.769999999999992
cifar10-mcbm-05,cifar10,MCBM (high g),43,13,25.900000000000006,25.900000000000006
cifar10-mcbm-05,cifar10,MCBM (high g),43,14,25.709999999999994,25.70999999999999
cifar10-mcbm-05,cifar10,MCBM (high g),43,15,25.010000000000005,25.010000000000005
cifar10-mcbm-05,cifar10,MCBM (high g),43,16,25.209999999999994,25.209999999999994
cifar10-mcbm-05,cifar10,MCBM (high g),43,17,24.769999999999996,24.769999999999996
cifar10-mcbm-05,cifar10,MCBM (high g),43,18,24.459999999999994,24.459999999999994
cifar10-mcbm-05,cifar10,MCBM (high g),43,19,24.159999999999997,24.159999999999997
cifar10-mcbm-05,cifar10,MCBM (high g),43,20,24.019999999999996,24.019999999999996
cifar10-mcbm-05,cifar10,MCBM (high g),43,21,23.989999999999995,23.989999999999995
cifar10-mcbm-05,cifar10,MCBM (high g),43,22,23.840000000000003,23.840000000000003
cifar10-mcbm-05,cifar10,MCBM (high g),43,23,24.33,24.33
cifar10-mcbm-05,cifar10,MCBM (high g),43,24,23.879999999999995,23.879999999999995
cifar10-mcbm-05,cifar10,MCBM (high g),43,25,24.730000000000004,24.730000000000004
cifar10-mcbm-05,cifar10,MCBM (high g),43,26,24.709999999999994,24.709999999999994
cifar10-mcbm-05,cifar10,MCBM (high g),43,27,24.78,24.78
cifar10-mcbm-05,cifar10,MCBM (high g),43,28,24.900000000000006,24.900000000000006
cifar10-mcbm-05,cifar10,MCBM (high g),43,29,24.540000000000006,24.540000000000006
cifar10-mcbm-05,cifar10,MCBM (high g),43,30,24.340000000000003,24.340000000000003
cifar10-mcbm-05,cifar10,MCBM (high g),43,31,24.069999999999993,24.069999999999993
cifar10-mcbm-05,cifar10,MCBM (high g),43,32,23.989999999999995,23.989999999999995
cifar10-mcbm-05,cifar10,MCBM (high g),43,33,24.260000000000005,24.260000000000005
cifar10-mcbm-05,cifar10,MCBM (high g),43,34,24.42,24.42
cifar10-mcbm-05,cifar10,MCBM (high g),43,35,24.870000000000005,24.870000000000005
cifar10-mcbm-05,cifar10,MCBM (high g),43,36,24.86,24.86
cifar10-mcbm-05,cifar10,MCBM (high g),43,37,24.739999999999995,24.739999999999995
cifar10-mcbm-05,cifar10,MCBM (high g),43,38,24.870000000000005,24.870000000000005
cifar10-mcbm-05,cifar10,MCBM (high g),43,39,24.870000000000005,24.870000000000005
cifar10-mcbm-05,cifar10,MCBM (high g),43,40,24.799999999999997,24.799999999999997
cifar10-mcbm-05,cifar10,MCBM (high g),43,41,25.049999999999997,25.049999999999997
cifar10-mcbm-05,cifar10,MCBM (high g),43,42,25.019999999999996,25.019999999999996
cifar10-mcbm-05,cifar10,MCBM (high g),43,43,24.980000000000004,24.980000000000004
cifar10-mcbm-05,cifar10,MCBM (high g),43,44,24.92,24.92
cifar10-mcbm-05,cifar10,MCBM (high g),43,45,24.97,24.97
cifar10-mcbm-05,cifar10,MCBM (high g),43,46,24.92,24.92
cifar10-mcbm-05,cifar10,MCBM (high g),43,47,24.930000000000007,24.930000000000007
cifar10-mcbm-05,cifar10,MCBM (high g),43,48,24.879999999999995,24.879999999999995
cifar10-mcbm-05,cifar10,MCBM (high g),43,49,24.870000000000005,24.870000000000005
cifar10-mcbm-05,cifar10,MCBM (high g),43,50,24.89,24.89
cifar10-mcbm-05,cifar10,MCBM (high g),43,51,24.879999999999995,24.879999999999995
cifar10-mcbm-05,cifar10,MCBM (high g),43,52,24.86,24.86
cifar10-mcbm-05,cifar10,MCBM (high g),43,53,24.900000000000006,24.900000000000006
cifar10-mcbm-05,cifar10,MCBM (high g),43,54,24.879999999999995,24.879999999999995
cifar10-mcbm-05,cifar10,MCBM (high g),43,55,24.870000000000005,24.870000000000005
cifar10-mcbm-05,cifar10,MCBM (high g),43,56,24.879999999999995,24.879999999999995
cifar10-mcbm-05,cifar10,MCBM (high g),43,57,24.879999999999995,24.879999999999995
cifar10-mcbm-05,cifar10,MCBM (high g),43,58,24.89,24.89
cifar10-mcbm-05,cifar10,MCBM (high g),43,59,24.870000000000005,24.870000000000005
cifar10-mcbm-05,cifar10,MCBM (high g),43,60,24.86,24.86
cifar10-mcbm-05,cifar10,MCBM (high g),43,61,24.86,24.86
cifar10-mcbm-05,cifar10,MCBM (high g),43,62,24.879999999999995,24.879999999999995
cifar10-mcbm-05,cifar10,MCBM (high g),43,63,24.89,24.89
cifar10-mcbm-05,cifar10,MCBM (high g),43,64,24.89,24.89
cifar10-mcbm-05,cifar10,MCBM (high g),44,0,29.97,29.97
cifar10-mcbm-05,cifar10,MCBM (high g),44,1,30.5,30.5
cifar10-mcbm-05,cifar10,MCBM (high g),44,2,29.42,29.420000000000005
cifar10-mcbm-05,cifar10,MCBM (high g),44,3,29.540000000000006,29.54000000000001
cifar10-mcbm-05,cifar10,MCBM (high g),44,4,29.540000000000006,29.54000000000001
cifar10-mcbm-05,cifar10,MCBM (high g),44,5,28.980000000000004,28.980000000000008
cifar10-mcbm-05,cifar10,MCBM (high g),44,6,28.36,28.360000000000003
cifar10-mcbm-05,cifar10,MCBM (high g),44,7,27.989999999999995,27.99
cifar10-mcbm-05,cifar10,MCBM (high g),44,8,28.120000000000005,28.120000000000005
cifar10-mcbm-05,cifar10,MCBM (high g),44,9,28.22,28.22
cifar10-mcbm-05,cifar10,MCBM (high g),44,10,28.519999999999996,28.519999999999992
cifar10-mcbm-05,cifar10,MCBM (high g),44,11,27.689999999999998,27.689999999999998
cifar10-mcbm-05,cifar10,MCBM (high g),44,12,27.519999999999996,27.519999999999992
cifar10-mcbm-05,cifar10,MCBM (high g),44,13,27.11,27.110000000000003
cifar10-mcbm-05,cifar10,MCBM (high g),44,14,27.019999999999996,27.019999999999992
cifar10-mcbm-05,cifar10,MCBM (high g),44,15,26.379999999999995,26.379999999999995
cifar10-mcbm-05,cifar10,MCBM (high g),44,16,26.17,26.170000000000005
cifar10-mcbm-05,cifar10,MCBM (high g),44,17,25.769999999999996,25.769999999999992
cifar10-mcbm-05,cifar10,MCBM (high g),44,18,25.319999999999993,25.319999999999993
cifar10-mcbm-05,cifar10,MCBM (high g),44,19,25.090000000000003,25.090000000000003
cifar10-mcbm-05,cifar10,MCBM (high g),44,20,24.790000000000006,24.790000000000006
cifar10-mcbm-05,cifar10,MCBM (high g),44,21,24.379999999999995,24.379999999999995
cifar10-mcbm-05,cifar10,MCBM (high g),44,22,24.450000000000003,24.450000000000003
cifar10-mcbm-05,cifar10,MCBM (high g),44,23,24.129999999999995,24.129999999999995
cifar10-mcbm-05,cifar10,MCBM (high g),44,24,24.709999999999994,24.709999999999994
cifar10-mcbm-05,cifar10,MCBM (high g),44,25,24.409999999999997,24.409999999999997
cifar10-mcbm-05,cifar10,MCBM (high g),44,26,24.510000000000005,24.510000000000005
cifar10-mcbm-05,cifar10,MCBM (high g),44,27,24.510000000000005,24.510000000000005
cifar10-mcbm-05,cifar10,MCBM (high g),44,28,24.28,24.28
cifar10-mcbm-05,cifar10,MCBM (high g),44,29,24.200000000000003,24.200000000000003
cifar10-mcbm-05,cifar10,MCBM (high g),44,30,24.150000000000006,24.150000000000006
cifar10-mcbm-05,cifar10,MCBM (high g),44,31,24.150000000000006,24.150000000000006
cifar10-mcbm-05,cifar10,MCBM (high g),44,32,24.209999999999994,24.209999999999994
cifar10-mcbm-05,cifar10,MCBM (high g),44,33,24.290000000000006,24.290000000000006
cifar10-mcbm-05,cifar10,MCBM (high g),44,34,24.310000000000002,24.310000000000002
cifar10-mcbm-05,cifar10,MCBM (high g),44,35,24.319999999999993,24.319999999999993
cifar10-mcbm-05,cifar10,MCBM (high g),44,36,24.489999999999995,24.489999999999995
cifar10-mcbm-05,cifar10,MCBM (high g),44,37,24.549999999999997,24.549999999999997
cifar10-mcbm-05,cifar10,MCBM (high g),44,38,24.650000000000006,24.650000000000006
cifar10-mcbm-05,cifar10,MCBM (high g),44,39,24.590000000000003,24.590000000000003
cifar10-mcbm-05,cifar10,MCBM (high g),44,40,24.489999999999995,24.489999999999995
cifar10-mcbm-05,cifar10,MCBM (high g),44,41,24.340000000000003,24.340000000000003
cifar10-mcbm-05,cifar10,MCBM (high g),44,42,24.340000000000003,24.340000000000003
cifar10-mcbm-05,cifar10,MCBM (high g),44,43,24.17,24.17
cifar10-mcbm-05,cifar10,MCBM (high g),44,44,24.209999999999994,24.209999999999994
cifar10-mcbm-05,cifar10,MCBM (high g),44,45,24.22,24.22
cifar10-mcbm-05,cifar10,MCBM (high g),44,46,24.269999999999996,24.269999999999996
cifar10-mcbm-05,cifar10,MCBM (high g),44,47,24.39,24.39
cifar10-mcbm-05,cifar10,MCBM (high g),44,48,24.400000000000006,24.400000000000006
cifar10-mcbm-05,cifar10,MCBM (high g),44,49,24.409999999999997,24.409999999999997
cifar10-mcbm-05,cifar10,MCBM (high g),44,50,24.409999999999997,24.409999999999997
cifar10-mcbm-05,cifar10,MCBM (high g),44,51,24.340000000000003,24.340000000000003
cifar10-mcbm-05,cifar10,MCBM (high g),44,52,24.379999999999995,24.379999999999995
cifar10-mcbm-05,cifar10,MCBM (high g),44,53,24.39,24.39
cifar10-mcbm-05,cifar10,MCBM (high g),44,54,24.36,24.36
cifar10-mcbm-05,cifar10,MCBM (high g),44,55,24.379999999999995,24.379999999999995
cifar10-mcbm-05,cifar10,MCBM (high g),44,56,24.370000000000005,24.370000000000005
cifar10-mcbm-05,cifar10,MCBM (high g),44,57,24.39,24.39
cifar10-mcbm-05,cifar10,MCBM (high g),44,58,24.36,24.36
cifar10-mcbm-05,cifar10,MCBM (high g),44,59,24.340000000000003,24.340000000000003
cifar10-mcbm-05,cifar10,MCBM (high g),44,60,24.349999999999994,24.349999999999994
cifar10-mcbm-05,cifar10,MCBM (high g),44,61,24.349999999999994,24.349999999999994
cifar10-mcbm-05,cifar10,MCBM (high g),44,62,24.349999999999994,24.349999999999994
cifar10-mcbm-05,cifar10,MCBM (high g),44,63,24.349999999999994,24.349999999999994
cifar10-mcbm-05,cifar10,MCBM (high g),44,64,24.349999999999994,24.349999999999994
cifar10-shcbm,cifar10,SCBM,42,0,41.07,41.07
cifar10-shcbm,cifar10,SCBM,42,1,41.04,41.04
cifar10-shcbm,cifar10,SCBM,42,2,40.92,40.92
cifar10-shcbm,cifar10,SCBM,42,3,40.55,40.55
cifar10-shcbm,cifar10,SCBM,42,4,40.01,40.01
cifar10-shcbm,cifar10,SCBM,42,5,39.96,39.96
cifar10-shcbm,cifar10,SCBM,42,6,39.64,39.64
cifar10-shcbm,cifar10,SCBM,42,7,39.5,39.5
cifar10-shcbm,cifar10,SCBM,42,8,38.8,38.8
cifar10-shcbm,cifar10,SCBM,42,9,38.65,38.65
cifar10-shcbm,cifar10,SCBM,42,10,36.97,36.97
cifar10-shcbm,cifar10,SCBM,42,11,35.650000000000006,35.650000000000006
cifar10-shcbm,cifar10,SCBM,42,12,34.510000000000005,34.510000000000005
cifar10-shcbm,cifar10,SCBM,42,13,33.93000000000001,33.93000000000001
cifar10-shcbm,cifar10,SCBM,42,14,33.900000000000006,33.900000000000006
cifar10-shcbm,cifar10,SCBM,42,15,33.41,33.41
cifar10-shcbm,cifar10,SCBM,42,16,32.459999999999994,32.459999999999994
cifar10-shcbm,cifar10,SCBM,42,17,32.16,32.16
cifar10-shcbm,cifar10,SCBM,42,18,31.629999999999995,31.629999999999995
cifar10-shcbm,cifar10,SCBM,42,19,31.290000000000006,31.29000000000001
cifar10-shcbm,cifar10,SCBM,42,20,30.86,30.860000000000003
cifar10-shcbm,cifar10,SCBM,42,21,30.959999999999994,30.95999999999999
cifar10-shcbm,cifar10,SCBM,42,22,30.159999999999997,30.159999999999997
cifar10-shcbm,cifar10,SCBM,42,23,30.180000000000007,30.180000000000007
cifar10-shcbm,cifar10,SCBM,42,24,29.849999999999994,29.849999999999994
cifar10-shcbm,cifar10,SCBM,42,25,29.319999999999993,29.319999999999993
cifar10-shcbm,cifar10,SCBM,42,26,29.42,29.420000000000005
cifar10-shcbm,cifar10,SCBM,42,27,29.310000000000002,29.310000000000002
cifar10-shcbm,cifar10,SCBM,42,28,28.269999999999996,28.269999999999992
cifar10-shcbm,cifar10,SCBM,42,29,27.97,27.97
cifar10-shcbm,cifar10,SCBM,42,30,27.22,27.22
cifar10-shcbm,cifar10,SCBM,42,31,27.019999999999996,27.019999999999992
cifar10-shcbm,cifar10,SCBM,42,32,26.930000000000007,26.930000000000007
cifar10-shcbm,cifar10,SCBM,42,33,26.790000000000006,26.79000000000001
cifar10-shcbm,cifar10,SCBM,42,34,26.72,26.72
cifar10-shcbm,cifar10,SCBM,42,35,26.42,26.420000000000005
cifar10-shcbm,cifar10,SCBM,42,36,26.480000000000004,26.480000000000008
cifar10-shcbm,cifar10,SCBM,42,37,26.36,26.360000000000003
cifar10-shcbm,cifar10,SCBM,42,38,26.310000000000002,26.310000000000002
cifar10-shcbm,cifar10,SCBM,42,39,26.22,26.22
cifar10-shcbm,cifar10,SCBM,42,40,26.28,26.28
cifar10-shcbm,cifar10,SCBM,42,41,26.319999999999993,26.319999999999993
cifar10-shcbm,cifar10,SCBM,42,42,26.25,26.25
cifar10-shcbm,cifar10,SCBM,42,43,26.22,26.22
cifar10-shcbm,cifar10,SCBM,42,44,26.129999999999995,26.129999999999995
cifar10-shcbm,cifar10,SCBM,42,45,26.060000000000002,26.060000000000002
cifar10-shcbm,cifar10,SCBM,42,46,26.150000000000006,26.150000000000006
cifar10-shcbm,cifar10,SCBM,42,47,26.11,26.110000000000003
cifar10-shcbm,cifar10,SCBM,42,48,26.03,26.03
cifar10-shcbm,cifar10,SCBM,42,49,25.950000000000003,25.95
cifar10-shcbm,cifar10,SCBM,42,50,25.950000000000003,25.95
cifar10-shcbm,cifar10,SCBM,42,51,25.909999999999997,25.909999999999997
cifar10-shcbm,cifar10,SCBM,42,52,25.950000000000003,25.95
cifar10-shcbm,cifar10,SCBM,42,53,25.989999999999995,25.99
cifar10-shcbm,cifar10,SCBM,42,54,26.0,26.0
cifar10-shcbm,cifar10,SCBM,42,55,25.959999999999994,25.95999999999999
cifar10-shcbm,cifar10,SCBM,42,56,25.959999999999994,25.95999999999999
cifar10-shcbm,cifar10,SCBM,42,57,25.760000000000005,25.76
cifar10-shcbm,cifar10,SCBM,42,58,25.760000000000005,25.76
cifar10-shcbm,cifar10,SCBM,42,59,25.72,25.72
cifar10-shcbm,cifar10,SCBM,42,60,25.72,25.72
cifar10-shcbm,cifar10,SCBM,42,61,25.709999999999994,25.70999999999999
cifar10-shcbm,cifar10,SCBM,42,62,25.700000000000003,25.7
cifar10-shcbm,cifar10,SCBM,42,63,25.700000000000003,25.7
cifar10-shcbm,cifar10,SCBM,42,64,25.700000000000003,25.700000000000003
cifar10-shcbm,cifar10,SCBM,43,0,40.26,40.26
cifar10-shcbm,cifar10,SCBM,43,1,39.86,39.86
cifar10-shcbm,cifar10,SCBM,43,2,39.8,39.8
cifar10-shcbm,cifar10,SCBM,43,3,39.81,39.81
cifar10-shcbm,cifar10,SCBM,43,4,39.57,39.57
cifar10-shcbm,cifar10,SCBM,43,5,39.03,39.03
cifar10-shcbm,cifar10,SCBM,43,6,37.43,37.43
cifar10-shcbm,cifar10,SCBM,43,7,37.03,37.03
cifar10-shcbm,cifar10,SCBM,43,8,36.81,36.81
cifar10-shcbm,cifar10,SCBM,43,9,36.29,36.29
cifar10-shcbm,cifar10,SCBM,43,10,35.59,35.59
cifar10-shcbm,cifar10,SCBM,43,11,34.78,34.78
cifar10-shcbm,cifar10,SCBM,43,12,34.25,34.25
cifar10-shcbm,cifar10,SCBM,43,13,33.97,33.97
cifar10-shcbm,cifar10,SCBM,43,14,33.379999999999995,33.379999999999995
cifar10-shcbm,cifar10,SCBM,43,15,32.66,32.66
cifar10-shcbm,cifar10,SCBM,43,16,30.959999999999994,30.95999999999999
cifar10-shcbm,cifar10,SCBM,43,17,30.83,30.829999999999995
cifar10-shcbm,cifar10,SCBM,43,18,30.519999999999996,30.519999999999992
cifar10-shcbm,cifar10,SCBM,43,19,30.03,30.03
cifar10-shcbm,cifar10,SCBM,43,20,29.540000000000006,29.54000000000001
cifar10-shcbm,cifar10,SCBM,43,21,28.97,28.97
cifar10-shcbm,cifar10,SCBM,43,22,28.739999999999995,28.74
cifar10-shcbm,cifar10,SCBM,43,23,28.5,28.5
cifar10-shcbm,cifar10,SCBM,43,24,28.400000000000006,28.400000000000006
cifar10-shcbm,cifar10,SCBM,43,25,28.040000000000006,28.04000000000001
cifar10-shcbm,cifar10,SCBM,43,26,27.769999999999996,27.769999999999992
cifar10-shcbm,cifar10,SCBM,43,27,27.260000000000005,27.26
cifar10-shcbm,cifar10,SCBM,43,28,27.230000000000004,27.230000000000008
cifar10-shcbm,cifar10,SCBM,43,29,26.930000000000007,26.930000000000007
cifar10-shcbm,cifar10,SCBM,43,30,26.439999999999998,26.439999999999998
cifar10-shcbm,cifar10,SCBM,43,31,25.760000000000005,25.76
cifar10-shcbm,cifar10,SCBM,43,32,25.89,25.889999999999997
cifar10-shcbm,cifar10,SCBM,43,33,25.950000000000003,25.95
cifar10-shcbm,cifar10,SCBM,43,34,25.569999999999993,25.569999999999993
cifar10-shcbm,cifar10,SCBM,43,35,25.439999999999998,25.439999999999998
cifar10-shcbm,cifar10,SCBM,43,36,25.5,25.5
cifar10-shcbm,cifar10,SCBM,43,37,25.379999999999995,25.379999999999995
cifar10-shcbm,cifar10,SCBM,43,38,25.150000000000006,25.150000000000006
cifar10-shcbm,cifar10,SCBM,43,39,25.03,25.03
cifar10-shcbm,cifar10,SCBM,43,40,24.950000000000003,24.950000000000003
cifar10-shcbm,cifar10,SCBM,43,41,25.099999999999994,25.099999999999994
cifar10-shcbm,cifar10,SCBM,43,42,25.019999999999996,25.019999999999996
cifar10-shcbm,cifar10,SCBM,43,43,24.900000000000006,24.900000000000006
cifar10-shcbm,cifar10,SCBM,43,44,24.840000000000003,24.840000000000003
cifar10-shcbm,cifar10,SCBM,43,45,24.519999999999996,24.519999999999996
cifar10-shcbm,cifar10,SCBM,43,46,24.480000000000004,24.480000000000004
cifar10-shcbm,cifar10,SCBM,43,47,24.47,24.47
cifar10-shcbm,cifar10,SCBM,43,48,24.430000000000007,24.430000000000007
cifar10-shcbm,cifar10,SCBM,43,49,24.430000000000007,24.430000000000007
cifar10-shcbm,cifar10,SCBM,43,50,24.489999999999995,24.489999999999995
cifar10-shcbm,cifar10,SCBM,43,51,24.489999999999995,24.489999999999995
cifar10-shcbm,cifar10,SCBM,43,52,24.47,24.47
cifar10-shcbm,cifar10,SCBM,43,53,24.459999999999994,24.459999999999994
cifar10-shcbm,cifar10,SCBM,43,54,24.47,24.47
cifar10-shcbm,cifar10,SCBM,43,55,24.430000000000007,24.430000000000007
cifar10-shcbm,cifar10,SCBM,43,56,24.459999999999994,24.459999999999994
cifar10-shcbm,cifar10,SCBM,43,57,24.439999999999998,24.439999999999998
cifar10-shcbm,cifar10,SCBM,43,58,24.439999999999998,24.439999999999998
cifar10-shcbm,cifar10,SCBM,43,59,24.439999999999998,24.439999999999998
cifar10-shcbm,cifar10,SCBM,43,60,24.439999999999998,24.439999999999998
cifar10-shcbm,cifar10,SCBM,43,61,24.439999999999998,24.439999999999998
cifar10-shcbm,cifar10,SCBM,43,62,24.430000000000007,24.430000000000007
cifar10-shcbm,cifar10,SCBM,43,63,24.430000000000007,24.430000000000007
cifar10-shcbm,cifar10,SCBM,43,64,24.430000000000007,24.430000000000007
cifar10-shcbm,cifar10,SCBM,44,0,39.32,39.32
cifar10-shcbm,cifar10,SCBM,44,1,39.38,39.38
cifar10-shcbm,cifar10,SCBM,44,2,39.45,39.45
cifar10-shcbm,cifar10,SCBM,44,3,39.11,39.11
cifar10-shcbm,cifar10,SCBM,44,4,38.74,38.74
cifar10-shcbm,cifar10,SCBM,44,5,38.17,38.17
cifar10-shcbm,cifar10,SCBM,44,6,37.19,37.19
cifar10-shcbm,cifar10,SCBM,44,7,37.31,37.31
cifar10-shcbm,cifar10,SCBM,44,8,37.47,37.47
cifar10-shcbm,cifar10,SCBM,44,9,37.64,37.64
cifar10-shcbm,cifar10,SCBM,44,10,37.0,37.0
cifar10-shcbm,cifar10,SCBM,44,11,34.56,34.56
cifar10-shcbm,cifar10,SCBM,44,12,34.7,34.7
cifar10-shcbm,cifar10,SCBM,44,13,33.33,33.33
cifar10-shcbm,cifar10,SCBM,44,14,32.75,32.75
cifar10-shcbm,cifar10,SCBM,44,15,31.980000000000004,31.980000000000008
cifar10-shcbm,cifar10,SCBM,44,16,31.47,31.47
cifar10-shcbm,cifar10,SCBM,44,17,31.14,31.139999999999997
cifar10-shcbm,cifar10,SCBM,44,18,30.370000000000005,30.370000000000005
cifar10-shcbm,cifar10,SCBM,44,19,30.189999999999998,30.189999999999998
cifar10-shcbm,cifar10,SCBM,44,20,29.569999999999993,29.569999999999993
cifar10-shcbm,cifar10,SCBM,44,21,29.010000000000005,29.01
cifar10-shcbm,cifar10,SCBM,44,22,28.25,28.25
cifar10-shcbm,cifar10,SCBM,44,23,28.180000000000007,28.180000000000007
cifar10-shcbm,cifar10,SCBM,44,24,28.0,28.0
cifar10-shcbm,cifar10,SCBM,44,25,27.790000000000006,27.79000000000001
cifar10-shcbm,cifar10,SCBM,44,26,27.980000000000004,27.980000000000008
cifar10-shcbm,cifar10,SCBM,44,27,27.069999999999993,27.069999999999993
cifar10-shcbm,cifar10,SCBM,44,28,27.069999999999993,27.069999999999993
cifar10-shcbm,cifar10,SCBM,44,29,26.53,26.53
cifar10-shcbm,cifar10,SCBM,44,30,26.42,26.420000000000005
cifar10-shcbm,cifar10,SCBM,44,31,26.379999999999995,26.379999999999995
cifar10-shcbm,cifar10,SCBM,44,32,26.200000000000003,26.2
cifar10-shcbm,cifar10,SCBM,44,33,25.83,25.829999999999995
cifar10-shcbm,cifar10,SCBM,44,34,25.569999999999993,25.569999999999993
cifar10-shcbm,cifar10,SCBM,44,35,25.689999999999998,25.689999999999998
cifar10-shcbm,cifar10,SCBM,44,36,25.409999999999997,25.409999999999997
cifar10-shcbm,cifar10,SCBM,44,37,25.400000000000006,25.400000000000006
cifar10-shcbm,cifar10,SCBM,44,38,25.319999999999993,25.319999999999993
cifar10-shcbm,cifar10,SCBM,44,39,25.299999999999997,25.299999999999997
cifar10-shcbm,cifar10,SCBM,44,40,25.120000000000005,25.120000000000005
cifar10-shcbm,cifar10,SCBM,44,41,25.129999999999995,25.129999999999995
cifar10-shcbm,cifar10,SCBM,44,42,24.83,24.83
cifar10-shcbm,cifar10,SCBM,44,43,24.409999999999997,24.409999999999997
cifar10-shcbm,cifar10,SCBM,44,44,24.319999999999993,24.319999999999993
cifar10-shcbm,cifar10,SCBM,44,45,24.299999999999997,24.299999999999997
cifar10-shcbm,cifar10,SCBM,44,46,24.11,24.11
cifar10-shcbm,cifar10,SCBM,44,47,24.049999999999997,24.049999999999997
cifar10-shcbm,cifar10,SCBM,44,48,24.049999999999997,24.049999999999997
cifar10-shcbm,cifar10,SCBM,44,49,24.040000000000006,24.040000000000006
cifar10-shcbm,cifar10,SCBM,44,50,24.049999999999997,24.049999999999997
cifar10-shcbm,cifar10,SCBM,44,51,23.900000000000006,23.900000000000006
cifar10-shcbm,cifar10,SCBM,44,52,23.900000000000006,23.900000000000006
cifar10-shcbm,cifar10,SCBM,44,53,23.900000000000006,23.900000000000006
cifar10-shcbm,cifar10,SCBM,44,54,23.89,23.89
cifar10-shcbm,cifar10,SCBM,44,55,23.879999999999995,23.879999999999995
cifar10-shcbm,cifar10,SCBM,44,56,23.900000000000006,23.900000000000006
cifar10-shcbm,cifar10,SCBM,44,57,23.909999999999997,23.909999999999997
cifar10-shcbm,cifar10,SCBM,44,58,23.909999999999997,23.909999999999997
cifar10-shcbm,cifar10,SCBM,44,59,23.909999999999997,23.909999999999997
cifar10-shcbm,cifar10,SCBM,44,60,23.909999999999997,23.909999999999997
cifar10-shcbm,cifar10,SCBM,44,61,23.909999999999997,23.909999999999997
cifar10-shcbm,cifar10,SCBM,44,62,23.909999999999997,23.909999999999997
cifar10-shcbm,cifar10,SCBM,44,63,23.909999999999997,23.909999999999997
cifar10-shcbm,cifar10,SCBM,44,64,23.909999999999997,23.909999999999997
cub12-arhcbm,cub12,ARCBM,42,0,25.31929582326545,25.31929582326545
cub12-arhcbm,cub12,ARCBM,42,1,24.02485329651364,24.02485329651364
cub12-arhcbm,cub12,ARCBM,42,2,23.041076976182254,23.041076976182254
cub12-arhcbm,cub12,ARCBM,42,3,22.575077666551607,22.575077666551607
cub12-arhcbm,cub12,ARCBM,42,4,20.52122885743873,20.52122885743873
cub12-arhcbm,cub12,ARCBM,42,5,20.158784949948227,20.158784949948227
cub12-arhcbm,cub12,ARCBM,42,6,19.86537797721782,19.86537797721782
cub12-arhcbm,cub12,ARCBM,42,7,19.43389713496721,19.43389713496721
cub12-arhcbm,cub12,ARCBM,42,8,17.60441836382465,17.60441836382465
cub12-arhcbm,cub12,ARCBM,42,9,15.153607179841217,15.153607179841217
cub12-arhcbm,cub12,ARCBM,42,10,14.100793924749738,14.100793924749738
cub12-arhcbm,cub12,ARCBM,42,11,14.342423196410081,14.342423196410081
cub12-arhcbm,cub12,ARCBM,42,12,13.548498446668972,13.548498446668972
cub12-arhcbm,cub12,ARCBM,43,0,25.906109768726267,25.906109768726267
cub12-arhcbm,cub12,ARCBM,43,1,23.282706247842597,23.282706247842597
cub12-arhcbm,cub12,ARCBM,43,2,22.454263030721435,22.454263030721435
cub12-arhcbm,cub12,ARCBM,43,3,21.574042112530208,21.574042112530208
cub12-arhcbm,cub12,ARCBM,43,4,19.036934760096656,19.036934760096656
cub12-arhcbm,cub12,ARCBM,43,5,18.985157059026577,18.985157059026577
cub12-arhcbm,cub12,ARCBM,43,6,17.84604763548498,17.84604763548498
cub12-arhcbm,cub12,ARCBM,43,7,16.240938902312735,16.240938902312735
cub12-arhcbm,cub12,ARCBM,43,8,15.84397652744218,15.84397652744218
cub12-arhcbm,cub12,ARCBM,43,9,13.410424577148774,13.410424577148774
cub12-arhcbm,cub12,ARCBM,43,10,11.684501208146358,11.684501208146358
cub12-arhcbm,cub12,ARCBM,43,11,11.442871936486014,11.442871936486014
cub12-arhcbm,cub12,ARCBM,43,12,11.114946496375566,11.114946496375566
cub12-arhcbm,cub12,ARCBM,44,0,26.30307214359682,26.30307214359682
cub12-arhcbm,cub12,ARCBM,44,1,26.423886779426994,26.423886779426994
cub12-arhcbm,cub12,ARCBM,44,2,25.11218501898516,25.11218501898516
cub12-arhcbm,cub12,ARCBM,44,3,23.800483258543323,23.800483258543323
cub12-arhcbm,cub12,ARCBM,44,4,22.05730065585088,22.05730065585088
cub12-arhcbm,cub12,ARCBM,44,5,20.555747324818782,20.555747324818782
cub12-arhcbm,cub12,ARCBM,44,6,18.60545391784605,18.60545391784605
cub12-arhcbm,cub12,ARCBM,44,7,17.380048325854332,17.380048325854332
cub12-arhcbm,cub12,ARCBM,44,8,15.63686572316189,15.63686572316189
cub12-arhcbm,cub12,ARCBM,44,9,14.187090093199856,14.187090093199856
cub12-arhcbm,cub12,ARCBM,44,10,13.324128408698655,13.324128408698655
cub12-arhcbm,cub12,ARCBM,44,11,12.581981360027612,12.581981360027612
cub12-arhcbm,cub12,ARCBM,44,12,12.978943734898166,12.978943734898166
cub12-cbm,cub12,CBM,42,0,22.506040731791515,22.506040731791515
cub12-cbm,cub12,CBM,42,1,20.469451156368663,20.469451156368663
cub12-cbm,cub12,CBM,42,2,20.34863652053849,20.34863652053849
cub12-cbm,cub12,CBM,42,3,18.450120814635824,18.450120814635824
cub12-cbm,cub12,CBM,42,4,18.72626855367622,18.72626855367622
cub12-cbm,cub12,CBM,42,5,18.985157059026577,18.985157059026577
cub12-cbm,cub12,CBM,42,6,18.864342423196405,18.864342423196405
cub12-cbm,cub12,CBM,42,7,18.087676907145323,18.087676907145323
cub12-cbm,cub12,CBM,42,8,19.054193993786683,19.054193993786683
cub12-cbm,cub12,CBM,42,9,18.191232309285468,18.191232309285468
cub12-cbm,cub12,CBM,42,10,21.159820503969627,21.159820503969627
cub12-cbm,cub12,CBM,42,11,23.662409389023125,23.662409389023125
cub12-cbm,cub12,CBM,42,12,24.594408008284432,24.594408008284432
cub12-cbm,cub12,CBM,43,0,22.091819123230934,22.091819123230934
cub12-cbm,cub12,CBM,43,1,20.57300655850881,20.57300655850881
cub12-cbm,cub12,CBM,43,2,20.607525025888847,20.607525025888847
cub12-cbm,cub12,CBM,43,3,20.624784259578874,20.624784259578874
cub12-cbm,cub12,CBM,43,4,20.555747324818782,20.555747324818782
cub12-cbm,cub12,CBM,43,5,20.486710390058676,20.486710390058676
cub12-cbm,cub12,CBM,43,6,22.19537452537108,22.19537452537108
cub12-cbm,cub12,CBM,43,7,23.507076285812914,23.507076285812914
cub12-cbm,cub12,CBM,43,8,23.19641007939248,23.19641007939248
cub12-cbm,cub12,CBM,43,9,23.041076976182254,23.041076976182254
cub12-cbm,cub12,CBM,43,10,23.593372454263033,23.593372454263033
cub12-cbm,cub12,CBM,43,11,26.164998274076638,26.16499827407664
cub12-cbm,cub12,CBM,43,12,28.046254746289264,28.046254746289264
cub12-cbm,cub12,CBM,44,0,23.489817052122888,23.489817052122888
cub12-cbm,cub12,CBM,44,1,23.369002416292716,23.369002416292716
cub12-cbm,cub12,CBM,44,2,21.746634449430445,21.746634449430445
cub12-cbm,cub12,CBM,44,3,20.503969623748702,20.503969623748702
cub12-cbm,cub12,CBM,44,4,20.918191232309283,20.918191232309283
cub12-cbm,cub12,CBM,44,5,19.209527096996894,19.209527096996894
cub12-cbm,cub12,CBM,44,6,19.278564031756986,19.278564031756986
cub12-cbm,cub12,CBM,44,7,21.315153607179838,21.315153607179838
cub12-cbm,cub12,CBM,44,8,21.159820503969627,21.159820503969627
cub12-cbm,cub12,CBM,44,9,23.662409389023125,23.662409389023125
cub12-cbm,cub12,CBM,44,10,27.14877459440801,27.148774594408007
cub12-cbm,cub12,CBM,44,11,25.56092509492578,25.56092509492578
cub12-cbm,cub12,CBM,44,12,29.97928891957197,29.97928891957197
cub12-mcbm-005,cub12,MCBM (low g),42,0,21.660338280980326,21.660338280980326
cub12-mcbm-005,cub12,MCBM (low g),42,1,22.109078356920946,22.109078356920946
cub12-mcbm-005,cub12,MCBM (low g),42,2,23.282706247842597,23.282706247842597
cub12-mcbm-005,cub12,MCBM (low g),42,3,21.6430790472903,21.6430790472903
cub12-mcbm-005,cub12,MCBM (low g),42,4,19.17500862961684,19.17500862961684
cub12-mcbm-005,cub12,MCBM (low g),42,5,17.81152916810494,17.81152916810494
cub12-mcbm-005,cub12,MCBM (low g),42,6,15.809458060062127,15.809458060062127
cub12-mcbm-005,cub12,MCBM (low g),42,7,13.22057300655851,13.22057300655851
cub12-mcbm-005,cub12,MCBM (low g),42,8,13.617535381429065,13.617535381429065
cub12-mcbm-005,cub12,MCBM (low g),42,9,13.306869175008629,13.306869175008629
cub12-mcbm-005,cub12,MCBM (low g),42,10,14.963755609250953,14.963755609250953
cub12-mcbm-005,cub12,MCBM (low g),42,11,15.602347255781837,15.602347255781837
cub12-mcbm-005,cub12,MCBM (low g),42,12,15.774939592682088,15.774939592682088
cub12-mcbm-005,cub12,MCBM (low g),43,0,22.281670693821198,22.281670693821198
cub12-mcbm-005,cub12,MCBM (low g),43,1,21.470486710390063,21.470486710390063
cub12-mcbm-005,cub12,MCBM (low g),43,2,20.107007248878148,20.107007248878148
cub12-mcbm-005,cub12,MCBM (low g),43,3,18.156713841905415,18.156713841905415
cub12-mcbm-005,cub12,MCBM (low g),43,4,15.723161891612008,15.723161891612008
cub12-mcbm-005,cub12,MCBM (low g),43,5,13.755609250949263,13.755609250949263
cub12-mcbm-005,cub12,MCBM (low g),43,6,12.426648256817401,12.426648256817401
cub12-mcbm-005,cub12,MCBM (low g),43,7,11.580945806006213,11.580945806006213
cub12-mcbm-005,cub12,MCBM (low g),43,8,12.115982050396966,12.115982050396966
cub12-mcbm-005,cub12,MCBM (low g),43,9,10.251984811874351,10.251984811874351
cub12-mcbm-005,cub12,MCBM (low g),43,10,12.374870555747322,12.374870555747322
cub12-mcbm-005,cub12,MCBM (low g),43,11,12.599240593717639,12.599240593717639
cub12-mcbm-005,cub12,MCBM (low g),43,12,12.944425267518127,12.944425267518127
cub12-mcbm-005,cub12,MCBM (low g),44,0,23.489817052122888,23.489817052122888
cub12-mcbm-005,cub12,MCBM (low g),44,1,22.60959613393166,22.60959613393166
cub12-mcbm-005,cub12,MCBM (low g),44,2,20.193303417328266,20.193303417328266
cub12-mcbm-005,cub12,MCBM (low g),44,3,18.93337935795651,18.93337935795651
cub12-mcbm-005,cub12,MCBM (low g),44,4,16.793234380393514,16.793234380393514
cub12-mcbm-005,cub12,MCBM (low g),44,5,14.118053158439764,14.118053158439764
cub12-mcbm-005,cub12,MCBM (low g),44,6,12.185018985157058,12.185018985157058
cub12-mcbm-005,cub12,MCBM (low g),44,7,11.684501208146358,11.684501208146358
cub12-mcbm-005,cub12,MCBM (low g),44,8,10.59716948567484,10.59716948567484
cub12-mcbm-005,cub12,MCBM (low g),44,9,10.75250258888505,10.75250258888505
cub12-mcbm-005,cub12,MCBM (low g),44,10,10.614428719364867,10.614428719364867
cub12-mcbm-005,cub12,MCBM (low g),44,11,12.029685881946847,12.029685881946847
cub12-mcbm-005,cub12,MCBM (low g),44,12,15.464273386261652,15.464273386261652
cub12-mcbm-01,cub12,MCBM (medium g),42,0,22.713151536071805,22.713151536071805
cub12-mcbm-01,cub12,MCBM (medium g),42,1,22.454263030721435,22.454263030721435
cub12-mcbm-01,cub12,MCBM (medium g),42,2,20.987228167069375,20.987228167069375
cub12-mcbm-01,cub12,MCBM (medium g),42,3,18.01863997238523,18.01863997238523
cub12-mcbm-01,cub12,MCBM (medium g),42,4,16.292716603382814,16.292716603382814
cub12-mcbm-01,cub12,MCBM (medium g),42,5,14.394200897480147,14.394200897480147
cub12-mcbm-01,cub12,MCBM (medium g),42,6,11.96064894718674,11.96064894718674
cub12-mcbm-01,cub12,MCBM (medium g),42,7,11.701760441836385,11.701760441836385
cub12-mcbm-01,cub12,MCBM (medium g),42,8,13.51397997928892,13.51397997928892
cub12-mcbm-01,cub12,MCBM (medium g),42,9,13.16879530548843,13.16879530548843
cub12-mcbm-01,cub12,MCBM (medium g),42,10,14.083534691059711,14.083534691059711
cub12-mcbm-01,cub12,MCBM (medium g),42,11,14.152571625819817,14.152571625819817
cub12-mcbm-01,cub12,MCBM (medium g),42,12,14.27338626164999,14.27338626164999
cub12-mcbm-01,cub12,MCBM (medium g),43,0,22.868484639282016,22.868484639282016
cub12-mcbm-01,cub12,MCBM (medium g),43,1,21.43596824301001,21.43596824301001
cub12-mcbm-01,cub12,MCBM (medium g),43,2,20.003451846738002,20.003451846738002
cub12-mcbm-01,cub12,MCBM (medium g),43,3,17.828788401794966,17.828788401794966
cub12-mcbm-01,cub12,MCBM (medium g),43,4,16.154642733862616,16.154642733862616
cub12-mcbm-01,cub12,MCBM (medium g),43,5,13.997238522609592,13.997238522609592
cub12-mcbm-01,cub12,MCBM (medium g),43,6,13.652053848809118,13.652053848809118
cub12-mcbm-01,cub12,MCBM (medium g),43,7,12.374870555747322,12.374870555747322
cub12-mcbm-01,cub12,MCBM (medium g),43,8,9.440800828443216,9.440800828443216
cub12-mcbm-01,cub12,MCBM (medium g),43,9,9.147393855712806,9.147393855712806
cub12-mcbm-01,cub12,MCBM (medium g),43,10,10.907835692095276,10.907835692095276
cub12-mcbm-01,cub12,MCBM (medium g),43,11,10.959613393165341,10.959613393165341
cub12-mcbm-01,cub12,MCBM (medium g),43,12,11.54642733862616,11.54642733862616
cub12-mcbm-01,cub12,MCBM (medium g),44,0,23.662409389023125,23.662409389023125
cub12-mcbm-01,cub12,MCBM (medium g),44,1,22.074559889540907,22.074559889540907
cub12-mcbm-01,cub12,MCBM (medium g),44,2,19.58923023817742,19.58923023817742
cub12-mcbm-01,cub12,MCBM (medium g),44,3,16.68967897825337,16.68967897825337
cub12-mcbm-01,cub12,MCBM (medium g),44,4,15.4297549188816,15.4297549188816
cub12-mcbm-01,cub12,MCBM (medium g),44,5,13.306869175008629,13.306869175008629
cub12-mcbm-01,cub12,MCBM (medium g),44,6,11.322057300655857,11.322057300655857
cub12-mcbm-01,cub12,MCBM (medium g),44,7,10.856057991025196,10.856057991025196
cub12-mcbm-01,cub12,MCBM (medium g),44,8,11.04590956161546,11.04590956161546
cub12-mcbm-01,cub12,MCBM (medium g),44,9,10.33828098032447,10.33828098032447
cub12-mcbm-01,cub12,MCBM (medium g),44,10,10.372799447704523,10.372799447704523
cub12-mcbm-01,cub12,MCBM (medium g),44,11,11.30479806696583,11.30479806696583
cub12-mcbm-01,cub12,MCBM (medium g),44,12,14.566793234380398,14.566793234380398
cub12-mcbm-03,cub12,MCBM (high g),42,0,23.85226095961339,23.85226095961339
cub12-mcbm-03,cub12,MCBM (high g),42,1,23.075595443562307,23.075595443562307
cub12-mcbm-03,cub12,MCBM (high g),42,2,22.6441146013117,22.6441146013117
cub12-mcbm-03,cub12,MCBM (high g),42,3,20.1415257162582,20.1415257162582
cub12-mcbm-03,cub12,MCBM (high g),42,4,16.931308249913698,16.931308249913698
cub12-mcbm-03,cub12,MCBM (high g),42,5,14.031756989989645,14.031756989989645
cub12-mcbm-03,cub12,MCBM (high g),42,6,12.443907490507428,12.443907490507428
cub12-mcbm-03,cub12,MCBM (high g),42,7,14.290645495340002,14.290645495340002
cub12-mcbm-03,cub12,MCBM (high g),42,8,13.72109078356921,13.72109078356921
cub12-mcbm-03,cub12,MCBM (high g),42,9,13.237832240248537,13.237832240248537
cub12-mcbm-03,cub12,MCBM (high g),42,10,14.066275457369699,14.066275457369699
cub12-mcbm-03,cub12,MCBM (high g),42,11,14.083534691059711,14.083534691059711
cub12-mcbm-03,cub12,MCBM (high g),42,12,14.187090093199856,14.187090093199856
cub12-mcbm-03,cub12,MCBM (high g),43,0,25.043148084225066,25.043148084225066
cub12-mcbm-03,cub12,MCBM (high g),43,1,23.55885398688298,23.55885398688298
cub12-mcbm-03,cub12,MCBM (high g),43,2,21.98826372109079,21.98826372109079
cub12-mcbm-03,cub12,MCBM (high g),43,3,19.692785640317567,19.692785640317567
cub12-mcbm-03,cub12,MCBM (high g),43,4,18.795305488436313,18.795305488436313
cub12-mcbm-03,cub12,MCBM (high g),43,5,16.68967897825337,16.68967897825337
cub12-mcbm-03,cub12,MCBM (high g),43,6,15.119088712461163,15.119088712461163
cub12-mcbm-03,cub12,MCBM (high g),43,7,12.167759751467031,12.167759751467031
cub12-mcbm-03,cub12,MCBM (high g),43,8,10.579910251984813,10.579910251984813
cub12-mcbm-03,cub12,MCBM (high g),43,9,11.442871936486014,11.442871936486014
cub12-mcbm-03,cub12,MCBM (high g),43,10,11.270279599585777,11.270279599585777
cub12-mcbm-03,cub12,MCBM (high g),43,11,11.30479806696583,11.30479806696583
cub12-mcbm-03,cub12,MCBM (high g),43,12,11.719019675526411,11.719019675526411
cub12-mcbm-03,cub12,MCBM (high g),44,0,25.612702795995858,25.612702795995858
cub12-mcbm-03,cub12,MCBM (high g),44,1,23.714187090093205,23.714187090093205
cub12-mcbm-03,cub12,MCBM (high g),44,2,20.969968933379363,20.969968933379363
cub12-mcbm-03,cub12,MCBM (high g),44,3,19.502934069727303,19.502934069727303
cub12-mcbm-03,cub12,MCBM (high g),44,4,17.500862961684504,17.500862961684504
cub12-mcbm-03,cub12,MCBM (high g),44,5,14.4287193648602,14.4287193648602
cub12-mcbm-03,cub12,MCBM (high g),44,6,12.288574387297203,12.288574387297203
cub12-mcbm-03,cub12,MCBM (high g),44,7,11.425612702796002,11.425612702796002
cub12-mcbm-03,cub12,MCBM (high g),44,8,11.580945806006213,11.580945806006213
cub12-mcbm-03,cub12,MCBM (high g),44,9,10.925094925785288,10.925094925785288
cub12-mcbm-03,cub12,MCBM (high g),44,10,10.700724887814985,10.700724887814985
cub12-mcbm-03,cub12,MCBM (high g),44,11,11.114946496375566,11.114946496375566
cub12-mcbm-03,cub12,MCBM (high g),44,12,14.566793234380398,14.566793234380398
cub12-shcbm,cub12,SCBM,42,0,26.665516051087337,26.665516051087337
cub12-shcbm,cub12,SCBM,42,1,24.97411114946496,24.97411114946496
cub12-shcbm,cub12,SCBM,42,2,25.02588885053504,25.02588885053504
cub12-shcbm,cub12,SCBM,42,3,22.799447704521924,22.799447704521924
cub12-shcbm,cub12,SCBM,42,4,22.333448394891263,22.333448394891263
cub12-shcbm,cub12,SCBM,42,5,20.6420434932689,20.6420434932689
cub12-shcbm,cub12,SCBM,42,6,17.984121505005177,17.984121505005177
cub12-shcbm,cub12,SCBM,42,7,15.257162581981362,15.257162581981362
cub12-shcbm,cub12,SCBM,42,8,14.9292371418709,14.9292371418709
cub12-shcbm,cub12,SCBM,42,9,13.910942354159474,13.910942354159474
cub12-shcbm,cub12,SCBM,42,10,13.790127718329302,13.790127718329302
cub12-shcbm,cub12,SCBM,42,11,13.893683120469447,13.893683120469447
cub12-shcbm,cub12,SCBM,42,12,13.634794615119091,13.634794615119091
cub12-shcbm,cub12,SCBM,43,0,28.529513289609937,28.529513289609937
cub12-shcbm,cub12,SCBM,43,1,26.02692440455644,26.02692440455644
cub12-shcbm,cub12,SCBM,43,2,24.335519502934076,24.335519502934076
cub12-shcbm,cub12,SCBM,43,3,21.608560579910247,21.608560579910247
cub12-shcbm,cub12,SCBM,43,4,19.84811874352779,19.84811874352779
cub12-shcbm,cub12,SCBM,43,5,18.122195374525376,18.122195374525376
cub12-shcbm,cub12,SCBM,43,6,17.707973765964795,17.707973765964795
cub12-shcbm,cub12,SCBM,43,7,17.000345184673805,17.000345184673805
cub12-shcbm,cub12,SCBM,43,8,16.68967897825337,16.68967897825337
cub12-shcbm,cub12,SCBM,43,9,13.255091473938563,13.255091473938563
cub12-shcbm,cub12,SCBM,43,10,11.649982740766305,11.649982740766305
cub12-shcbm,cub12,SCBM,43,11,11.54642733862616,11.54642733862616
cub12-shcbm,cub12,SCBM,43,12,10.80428028995513,10.80428028995513
cub12-shcbm,cub12,SCBM,44,0,28.51225405591991,28.51225405591991
cub12-shcbm,cub12,SCBM,44,1,28.425957887469792,28.425957887469792
cub12-shcbm,cub12,SCBM,44,2,26.924404556437693,26.924404556437697
cub12-shcbm,cub12,SCBM,44,3,25.56092509492578,25.56092509492578
cub12-shcbm,cub12,SCBM,44,4,23.282706247842597,23.282706247842597
cub12-shcbm,cub12,SCBM,44,5,21.6430790472903,21.6430790472903
cub12-shcbm,cub12,SCBM,44,6,19.88263721090783,19.88263721090783
cub12-shcbm,cub12,SCBM,44,7,17.984121505005177,17.984121505005177
cub12-shcbm,cub12,SCBM,44,8,15.654124956851916,15.654124956851916
cub12-shcbm,cub12,SCBM,44,9,13.859164653089408,13.859164653089408
cub12-shcbm,cub12,SCBM,44,10,13.030721435968246,13.030721435968246
cub12-shcbm,cub12,SCBM,44,11,12.392129789437348,12.392129789437348
cub12-shcbm,cub12,SCBM,44,12,13.082499137038312,13.082499137038312
mpi3d-arhcbm,mpi3d,ARCBM,42,0,76.24074074074073,76.24074074074073
mpi3d-arhcbm,mpi3d,ARCBM,42,1,76.24074074074073,76.24074074074073
mpi3d-arhcbm,mpi3d,ARCBM,42,2,76.24305555555556,76.24305555555556
mpi3d-arhcbm,mpi3d,ARCBM,42,3,76.24305555555556,76.24305555555556
mpi3d-arhcbm,mpi3d,ARCBM,42,4,76.24305555555556,76.24305555555556
mpi3d-arhcbm,mpi3d,ARCBM,42,5,76.24305555555556,76.24305555555556
mpi3d-arhcbm,mpi3d,ARCBM,42,6,76.24305555555556,76.24305555555556
mpi3d-arhcbm,mpi3d,ARCBM,42,7,76.24305555555556,76.24305555555556
mpi3d-arhcbm,mpi3d,ARCBM,42,8,76.24305555555556,76.24305555555556
mpi3d-arhcbm,mpi3d,ARCBM,42,9,76.24305555555556,76.24305555555556
mpi3d-arhcbm,mpi3d,ARCBM,42,10,76.24305555555556,76.24305555555556
mpi3d-arhcbm,mpi3d,ARCBM,42,11,76.24305555555556,76.24305555555556
mpi3d-arhcbm,mpi3d,ARCBM,42,12,76.24305555555556,76.24305555555556
mpi3d-arhcbm,mpi3d,ARCBM,42,13,76.24305555555556,76.24305555555556
mpi3d-arhcbm,mpi3d,ARCBM,42,14,76.24305555555556,76.24305555555556
mpi3d-arhcbm,mpi3d,ARCBM,43,0,75.4837962962963,75.4837962962963
mpi3d-arhcbm,mpi3d,ARCBM,43,1,75.4837962962963,75.4837962962963
mpi3d-arhcbm,mpi3d,ARCBM,43,2,75.4837962962963,75.4837962962963
mpi3d-arhcbm,mpi3d,ARCBM,43,3,75.4837962962963,75.4837962962963
mpi3d-arhcbm,mpi3d,ARCBM,43,4,75.4837962962963,75.4837962962963
mpi3d-arhcbm,mpi3d,ARCBM,43,5,75.4837962962963,75.4837962962963
mpi3d-arhcbm,mpi3d,ARCBM,43,6,75.4837962962963,75.4837962962963
mpi3d-arhcbm,mpi3d,ARCBM,43,7,75.4837962962963,75.4837962962963
mpi3d-arhcbm,mpi3d,ARCBM,43,8,75.4837962962963,75.4837962962963
mpi3d-arhcbm,mpi3d,ARCBM,43,9,75.4837962962963,75.4837962962963
mpi3d-arhcbm,mpi3d,ARCBM,43,10,75.4837962962963,75.4837962962963
mpi3d-arhcbm,mpi3d,ARCBM,43,11,75.4837962962963,75.4837962962963
mpi3d-arhcbm,mpi3d,ARCBM,43,12,75.4837962962963,75.4837962962963
mpi3d-arhcbm,mpi3d,ARCBM,43,13,75.4837962962963,75.4837962962963
mpi3d-arhcbm,mpi3d,ARCBM,43,14,75.4837962962963,75.4837962962963
mpi3d-arhcbm,mpi3d,ARCBM,44,0,75.70138888888889,75.70138888888889
mpi3d-arhcbm,mpi3d,ARCBM,44,1,75.69907407407408,75.69907407407408
mpi3d-arhcbm,mpi3d,ARCBM,44,2,75.69907407407408,75.69907407407408
mpi3d-arhcbm,mpi3d,ARCBM,44,3,75.69907407407408,75.69907407407408
mpi3d-arhcbm,mpi3d,ARCBM,44,4,75.69907407407408,75.69907407407408
mpi3d-arhcbm,mpi3d,ARCBM,44,5,75.69907407407408,75.69907407407408
mpi3d-arhcbm,mpi3d,ARCBM,44,6,75.69907407407408,75.69907407407408
mpi3d-arhcbm,mpi3d,ARCBM,44,7,75.69907407407408,75.69907407407408
mpi3d-arhcbm,mpi3d,ARCBM,44,8,75.69907407407408,75.69907407407408
mpi3d-arhcbm,mpi3d,ARCBM,44,9,75.69907407407408,75.69907407407408
mpi3d-arhcbm,mpi3d,ARCBM,44,10,75.69907407407408,75.69907407407408
mpi3d-arhcbm,mpi3d,ARCBM,44,11,75.69907407407408,75.69907407407408
mpi3d-arhcbm,mpi3d,ARCBM,44,12,75.69907407407408,75.69907407407408
mpi3d-arhcbm,mpi3d,ARCBM,44,13,75.69907407407408,75.69907407407408
mpi3d-arhcbm,mpi3d,ARCBM,44,14,75.69907407407408,75.69907407407408
mpi3d-cbm,mpi3d,CBM,42,0,0.04629629629629051,0.04629629629629051
mpi3d-cbm,mpi3d,CBM,42,1,0.3449074074074048,0.3449074074074048
mpi3d-cbm,mpi3d,CBM,42,2,4.9027777777777715,4.9027777777777715
mpi3d-cbm,mpi3d,CBM,42,3,29.62268518518519,29.62268518518519
mpi3d-cbm,mpi3d,CBM,42,4,40.875,40.875
mpi3d-cbm,mpi3d,CBM,42,5,49.479166666666664,49.479166666666664
mpi3d-cbm,mpi3d,CBM,42,6,49.99305555555556,49.99305555555556
mpi3d-cbm,mpi3d,CBM,42,7,50.469907407407405,50.469907407407405
mpi3d-cbm,mpi3d,CBM,42,8,52.34722222222222,52.347222222222214
mpi3d-cbm,mpi3d,CBM,42,9,52.96296296296296,52.962962962962955
mpi3d-cbm,mpi3d,CBM,42,10,54.458333333333336,54.458333333333336
mpi3d-cbm,mpi3d,CBM,42,11,66.62731481481481,66.62731481481481
mpi3d-cbm,mpi3d,CBM,42,12,73.22453703703704,73.22453703703704
mpi3d-cbm,mpi3d,CBM,42,13,81.78472222222223,81.78472222222223
mpi3d-cbm,mpi3d,CBM,42,14,82.61342592592592,82.61342592592592
mpi3d-cbm,mpi3d,CBM,43,0,0.043981481481480955,0.043981481481480955
mpi3d-cbm,mpi3d,CBM,43,1,0.21064814814815236,0.21064814814815236
mpi3d-cbm,mpi3d,CBM,43,2,3.9236111111111143,3.9236111111111143
mpi3d-cbm,mpi3d,CBM,43,3,26.379629629629633,26.37962962962963
mpi3d-cbm,mpi3d,CBM,43,4,26.42129629629629,26.421296296296294
mpi3d-cbm,mpi3d,CBM,43,5,44.08101851851852,44.08101851851852
mpi3d-cbm,mpi3d,CBM,43,6,44.129629629629626,44.129629629629626
mpi3d-cbm,mpi3d,CBM,43,7,44.138888888888886,44.138888888888886
mpi3d-cbm,mpi3d,CBM,43,8,44.69675925925926,44.69675925925926
mpi3d-cbm,mpi3d,CBM,43,9,61.386574074074076,61.386574074074076
mpi3d-cbm,mpi3d,CBM,43,10,61.604166666666664,61.604166666666664
mpi3d-cbm,mpi3d,CBM,43,11,74.69212962962963,74.69212962962963
mpi3d-cbm,mpi3d,CBM,43,12,80.3125,80.3125
mpi3d-cbm,mpi3d,CBM,43,13,80.41666666666667,80.41666666666667
mpi3d-cbm,mpi3d,CBM,43,14,82.30555555555556,82.30555555555556
mpi3d-cbm,mpi3d,CBM,44,0,0.02546296296296191,0.02546296296296191
mpi3d-cbm,mpi3d,CBM,44,1,0.4907407407407476,0.4907407407407476
mpi3d-cbm,mpi3d,CBM,44,2,14.736111111111114,14.736111111111114
mpi3d-cbm,mpi3d,CBM,44,3,15.645833333333329,15.645833333333329
mpi3d-cbm,mpi3d,CBM,44,4,25.66666666666667,25.666666666666675
mpi3d-cbm,mpi3d,CBM,44,5,42.74305555555556,42.74305555555556
mpi3d-cbm,mpi3d,CBM,44,6,43.655092592592595,43.655092592592595
mpi3d-cbm,mpi3d,CBM,44,7,60.300925925925924,60.300925925925924
mpi3d-cbm,mpi3d,CBM,44,8,68.28935185185185,68.28935185185185
mpi3d-cbm,mpi3d,CBM,44,9,77.7962962962963,77.7962962962963
mpi3d-cbm,mpi3d,CBM,44,10,78.0,78.0
mpi3d-cbm,mpi3d,CBM,44,11,78.71527777777777,78.71527777777777
mpi3d-cbm,mpi3d,CBM,44,12,78.74537037037037,78.74537037037037
mpi3d-cbm,mpi3d,CBM,44,13,83.08333333333333,83.08333333333333
mpi3d-cbm,mpi3d,CBM,44,14,84.01388888888889,84.01388888888889
mpi3d-mcbm-1,mpi3d,MCBM (low g),42,0,30.199074074074076,30.199074074074076
mpi3d-mcbm-1,mpi3d,MCBM (low g),42,1,30.800925925925924,30.800925925925924
mpi3d-mcbm-1,mpi3d,MCBM (low g),42,2,30.93518518518519,30.93518518518519
mpi3d-mcbm-1,mpi3d,MCBM (low g),42,3,31.89120370370371,31.891203703703706
mpi3d-mcbm-1,mpi3d,MCBM (low g),42,4,32.37962962962963,32.37962962962963
mpi3d-mcbm-1,mpi3d,MCBM (low g),42,5,33.64583333333333,33.64583333333333
mpi3d-mcbm-1,mpi3d,MCBM (low g),42,6,35.25462962962963,35.25462962962963
mpi3d-mcbm-1,mpi3d,MCBM (low g),42,7,47.6875,47.6875
mpi3d-mcbm-1,mpi3d,MCBM (low g),42,8,67.34953703703704,67.34953703703704
mpi3d-mcbm-1,mpi3d,MCBM (low g),42,9,70.47453703703704,70.47453703703704
mpi3d-mcbm-1,mpi3d,MCBM (low g),42,10,71.70138888888889,71.70138888888889
mpi3d-mcbm-1,mpi3d,MCBM (low g),42,11,72.86805555555556,72.86805555555556
mpi3d-mcbm-1,mpi3d,MCBM (low g),42,12,76.75231481481481,76.75231481481481
mpi3d-mcbm-1,mpi3d,MCBM (low g),42,13,77.36574074074073,77.36574074074073
mpi3d-mcbm-1,mpi3d,MCBM (low g),42,14,77.94444444444444,77.94444444444444
mpi3d-mcbm-1,mpi3d,MCBM (low g),43,0,38.5162037037037,38.5162037037037
mpi3d-mcbm-1,mpi3d,MCBM (low g),43,1,45.57175925925926,45.57175925925926
mpi3d-mcbm-1,mpi3d,MCBM (low g),43,2,45.986111111111114,45.986111111111114
mpi3d-mcbm-1,mpi3d,MCBM (low g),43,3,47.04398148148148,47.04398148148148
mpi3d-mcbm-1,mpi3d,MCBM (low g),43,4,60.574074074074076,60.574074074074076
mpi3d-mcbm-1,mpi3d,MCBM (low g),43,5,61.50694444444444,61.50694444444444
mpi3d-mcbm-1,mpi3d,MCBM (low g),43,6,62.7037037037037,62.70370370370371
mpi3d-mcbm-1,mpi3d,MCBM (low g),43,7,64.06018518518519,64.06018518518519
mpi3d-mcbm-1,mpi3d,MCBM (low g),43,8,65.02546296296296,65.02546296296296
mpi3d-mcbm-1,mpi3d,MCBM (low g),43,9,67.0162037037037,67.0162037037037
mpi3d-mcbm-1,mpi3d,MCBM (low g),43,10,70.25,70.25
mpi3d-mcbm-1,mpi3d,MCBM (low g),43,11,72.77777777777777,72.77777777777777
mpi3d-mcbm-1,mpi3d,MCBM (low g),43,12,73.96527777777777,73.96527777777777
mpi3d-mcbm-1,mpi3d,MCBM (low g),43,13,75.23611111111111,75.23611111111111
mpi3d-mcbm-1,mpi3d,MCBM (low g),43,14,76.82175925925927,76.82175925925927
mpi3d-mcbm-1,mpi3d,MCBM (low g),44,0,35.96527777777777,35.96527777777777
mpi3d-mcbm-1,mpi3d,MCBM (low g),44,1,36.960648148148145,36.960648148148145
mpi3d-mcbm-1,mpi3d,MCBM (low g),44,2,37.7337962962963,37.7337962962963
mpi3d-mcbm-1,mpi3d,MCBM (low g),44,3,37.97453703703704,37.97453703703704
mpi3d-mcbm-1,mpi3d,MCBM (low g),44,4,38.31018518518518,38.31018518518518
mpi3d-mcbm-1,mpi3d,MCBM (low g),44,5,39.50925925925926,39.50925925925926
mpi3d-mcbm-1,mpi3d,MCBM (low g),44,6,45.24074074074074,45.24074074074074
mpi3d-mcbm-1,mpi3d,MCBM (low g),44,7,61.56018518518518,61.56018518518518
mpi3d-mcbm-1,mpi3d,MCBM (low g),44,8,62.166666666666664,62.166666666666664
mpi3d-mcbm-1,mpi3d,MCBM (low g),44,9,62.99305555555556,62.99305555555556
mpi3d-mcbm-1,mpi3d,MCBM (low g),44,10,67.8912037037037,67.8912037037037
mpi3d-mcbm-1,mpi3d,MCBM (low g),44,11,73.45138888888889,73.45138888888889
mpi3d-mcbm-1,mpi3d,MCBM (low g),44,12,74.42592592592592,74.42592592592592
mpi3d-mcbm-1,mpi3d,MCBM (low g),44,13,75.56481481481481,75.56481481481481
mpi3d-mcbm-1,mpi3d,MCBM (low g),44,14,76.56712962962963,76.56712962962963
mpi3d-mcbm-3,mpi3d,MCBM (medium g),42,0,76.02314814814815,76.02314814814815
mpi3d-mcbm-3,mpi3d,MCBM (medium g),42,1,76.01388888888889,76.01388888888889
mpi3d-mcbm-3,mpi3d,MCBM (medium g),42,2,76.01388888888889,76.01388888888889
mpi3d-mcbm-3,mpi3d,MCBM (medium g),42,3,75.97685185185185,75.97685185185185
mpi3d-mcbm-3,mpi3d,MCBM (medium g),42,4,76.0462962962963,76.0462962962963
mpi3d-mcbm-3,mpi3d,MCBM (medium g),42,5,76.05787037037037,76.05787037037037
mpi3d-mcbm-3,mpi3d,MCBM (medium g),42,6,76.05324074074073,76.05324074074073
mpi3d-mcbm-3,mpi3d,MCBM (medium g),42,7,76.04861111111111,76.04861111111111
mpi3d-mcbm-3,mpi3d,MCBM (medium g),42,8,76.06944444444444,76.06944444444444
mpi3d-mcbm-3,mpi3d,MCBM (medium g),42,9,76.0925925925926,76.0925925925926
mpi3d-mcbm-3,mpi3d,MCBM (medium g),42,10,76.05787037037037,76.05787037037037
mpi3d-mcbm-3,mpi3d,MCBM (medium g),42,11,76.06481481481481,76.06481481481481
mpi3d-mcbm-3,mpi3d,MCBM (medium g),42,12,76.07407407407408,76.07407407407408
mpi3d-mcbm-3,mpi3d,MCBM (medium g),42,13,76.1712962962963,76.1712962962963
mpi3d-mcbm-3,mpi3d,MCBM (medium g),42,14,76.09722222222223,76.09722222222223
mpi3d-mcbm-3,mpi3d,MCBM (medium g),43,0,74.74768518518519,74.74768518518519
mpi3d-mcbm-3,mpi3d,MCBM (medium g),43,1,74.73842592592592,74.73842592592592
mpi3d-mcbm-3,mpi3d,MCBM (medium g),43,2,74.80787037037037,74.80787037037037
mpi3d-mcbm-3,mpi3d,MCBM (medium g),43,3,74.83564814814815,74.83564814814815
mpi3d-mcbm-3,mpi3d,MCBM (medium g),43,4,74.86574074074073,74.86574074074073
mpi3d-mcbm-3,mpi3d,MCBM (medium g),43,5,74.88657407407408,74.88657407407408
mpi3d-mcbm-3,mpi3d,MCBM (medium g),43,6,74.81944444444444,74.81944444444444
mpi3d-mcbm-3,mpi3d,MCBM (medium g),43,7,74.82407407407408,74.82407407407408
mpi3d-mcbm-3,mpi3d,MCBM (medium g),43,8,74.7962962962963,74.7962962962963
mpi3d-mcbm-3,mpi3d,MCBM (medium g),43,9,74.86342592592592,74.86342592592592
mpi3d-mcbm-3,mpi3d,MCBM (medium g),43,10,74.8287037037037,74.8287037037037
mpi3d-mcbm-3,mpi3d,MCBM (medium g),43,11,74.88657407407408,74.88657407407408
mpi3d-mcbm-3,mpi3d,MCBM (medium g),43,12,74.90277777777777,74.90277777777777
mpi3d-mcbm-3,mpi3d,MCBM (medium g),43,13,74.9074074074074,74.9074074074074
mpi3d-mcbm-3,mpi3d,MCBM (medium g),43,14,74.9074074074074,74.9074074074074
mpi3d-mcbm-3,mpi3d,MCBM (medium g),44,0,75.10185185185185,75.10185185185185
mpi3d-mcbm-3,mpi3d,MCBM (medium g),44,1,75.11805555555556,75.11805555555556
mpi3d-mcbm-3,mpi3d,MCBM (medium g),44,2,75.12268518518519,75.12268518518519
mpi3d-mcbm-3,mpi3d,MCBM (medium g),44,3,75.13888888888889,75.13888888888889
mpi3d-mcbm-3,mpi3d,MCBM (medium g),44,4,75.16898148148148,75.16898148148148
mpi3d-mcbm-3,mpi3d,MCBM (medium g),44,5,75.19444444444444,75.19444444444444
mpi3d-mcbm-3,mpi3d,MCBM (medium g),44,6,75.21064814814815,75.21064814814815
mpi3d-mcbm-3,mpi3d,MCBM (medium g),44,7,75.24537037037037,75.24537037037037
mpi3d-mcbm-3,mpi3d,MCBM (medium g),44,8,75.2175925925926,75.2175925925926
mpi3d-mcbm-3,mpi3d,MCBM (medium g),44,9,75.1875,75.1875
mpi3d-mcbm-3,mpi3d,MCBM (medium g),44,10,75.22916666666667,75.22916666666667
mpi3d-mcbm-3,mpi3d,MCBM (medium g),44,11,75.24768518518519,75.24768518518519
mpi3d-mcbm-3,mpi3d,MCBM (medium g),44,12,75.24074074074073,75.24074074074073
mpi3d-mcbm-3,mpi3d,MCBM (medium g),44,13,75.23611111111111,75.23611111111111
mpi3d-mcbm-3,mpi3d,MCBM (medium g),44,14,75.23842592592592,75.23842592592592
mpi3d-mcbm-5,mpi3d,MCBM (high g),42,0,75.72222222222223,75.72222222222223
mpi3d-mcbm-5,mpi3d,MCBM (high g),42,1,75.80324074074073,75.80324074074073
mpi3d-mcbm-5,mpi3d,MCBM (high g),42,2,75.7962962962963,75.7962962962963
mpi3d-mcbm-5,mpi3d,MCBM (high g),42,3,75.81481481481481,75.81481481481481
mpi3d-mcbm-5,mpi3d,MCBM (high g),42,4,75.8449074074074,75.8449074074074
mpi3d-mcbm-5,mpi3d,MCBM (high g),42,5,75.85416666666667,75.85416666666667
mpi3d-mcbm-5,mpi3d,MCBM (high g),42,6,75.83101851851852,75.83101851851852
mpi3d-mcbm-5,mpi3d,MCBM (high g),42,7,75.82175925925927,75.82175925925927
mpi3d-mcbm-5,mpi3d,MCBM (high g),42,8,75.94444444444444,75.94444444444444
mpi3d-mcbm-5,mpi3d,MCBM (high g),42,9,75.9837962962963,75.9837962962963
mpi3d-mcbm-5,mpi3d,MCBM (high g),42,10,75.99768518518519,75.99768518518519
mpi3d-mcbm-5,mpi3d,MCBM (high g),42,11,76.00925925925927,76.00925925925927
mpi3d-mcbm-5,mpi3d,MCBM (high g),42,12,76.01157407407408,76.01157407407408
mpi3d-mcbm-5,mpi3d,MCBM (high g),42,13,76.02546296296296,76.02546296296296
mpi3d-mcbm-5,mpi3d,MCBM (high g),42,14,76.02083333333333,76.02083333333333
mpi3d-mcbm-5,mpi3d,MCBM (high g),43,0,75.0,75.0
mpi3d-mcbm-5,mpi3d,MCBM (high g),43,1,75.05324074074073,75.05324074074073
mpi3d-mcbm-5,mpi3d,MCBM (high g),43,2,75.0625,75.0625
mpi3d-mcbm-5,mpi3d,MCBM (high g),43,3,75.05555555555556,75.05555555555556
mpi3d-mcbm-5,mpi3d,MCBM (high g),43,4,75.0925925925926,75.0925925925926
mpi3d-mcbm-5,mpi3d,MCBM (high g),43,5,75.08796296296296,75.08796296296296
mpi3d-mcbm-5,mpi3d,MCBM (high g),43,6,75.1550925925926,75.1550925925926
mpi3d-mcbm-5,mpi3d,MCBM (high g),43,7,75.15277777777777,75.15277777777777
mpi3d-mcbm-5,mpi3d,MCBM (high g),43,8,75.1412037037037,75.1412037037037
mpi3d-mcbm-5,mpi3d,MCBM (high g),43,9,75.11111111111111,75.11111111111111
mpi3d-mcbm-5,mpi3d,MCBM (high g),43,10,75.12268518518519,75.12268518518519
mpi3d-mcbm-5,mpi3d,MCBM (high g),43,11,75.14583333333333,75.14583333333333
mpi3d-mcbm-5,mpi3d,MCBM (high g),43,12,75.14351851851852,75.14351851851852
mpi3d-mcbm-5,mpi3d,MCBM (high g),43,13,75.14583333333333,75.14583333333333
mpi3d-mcbm-5,mpi3d,MCBM (high g),43,14,75.14814814814815,75.14814814814815
mpi3d-mcbm-5,mpi3d,MCBM (high g),44,0,75.10185185185185,75.10185185185185
mpi3d-mcbm-5,mpi3d,MCBM (high g),44,1,75.10416666666667,75.10416666666667
mpi3d-mcbm-5,mpi3d,MCBM (high g),44,2,75.0925925925926,75.0925925925926
mpi3d-mcbm-5,mpi3d,MCBM (high g),44,3,75.11111111111111,75.11111111111111
mpi3d-mcbm-5,mpi3d,MCBM (high g),44,4,75.13888888888889,75.13888888888889
mpi3d-mcbm-5,mpi3d,MCBM (high g),44,5,75.13657407407408,75.13657407407408
mpi3d-mcbm-5,mpi3d,MCBM (high g),44,6,75.13657407407408,75.13657407407408
mpi3d-mcbm-5,mpi3d,MCBM (high g),44,7,75.13657407407408,75.13657407407408
mpi3d-mcbm-5,mpi3d,MCBM (high g),44,8,75.15277777777777,75.15277777777777
mpi3d-mcbm-5,mpi3d,MCBM (high g),44,9,75.16203703703704,75.16203703703704
mpi3d-mcbm-5,mpi3d,MCBM (high g),44,10,75.15972222222223,75.15972222222223
mpi3d-mcbm-5,mpi3d,MCBM (high g),44,11,75.17824074074073,75.17824074074073
mpi3d-mcbm-5,mpi3d,MCBM (high g),44,12,75.18055555555556,75.18055555555556
mpi3d-mcbm-5,mpi3d,MCBM (high g),44,13,75.1875,75.1875
mpi3d-mcbm-5,mpi3d,MCBM (high g),44,14,75.17824074074073,75.17824074074073
mpi3d-shcbm,mpi3d,SCBM,42,0,76.47222222222223,76.47222222222223
mpi3d-shcbm,mpi3d,SCBM,42,1,76.47222222222223,76.47222222222223
mpi3d-shcbm,mpi3d,SCBM,42,2,76.47222222222223,76.47222222222223
mpi3d-shcbm,mpi3d,SCBM,42,3,76.47222222222223,76.47222222222223
mpi3d-shcbm,mpi3d,SCBM,42,4,76.47222222222223,76.47222222222223
mpi3d-shcbm,mpi3d,SCBM,42,5,76.47222222222223,76.47222222222223
mpi3d-shcbm,mpi3d,SCBM,42,6,76.47222222222223,76.47222222222223
mpi3d-shcbm,mpi3d,SCBM,42,7,76.47222222222223,76.47222222222223
mpi3d-shcbm,mpi3d,SCBM,42,8,76.47222222222223,76.47222222222223
mpi3d-shcbm,mpi3d,SCBM,42,9,76.47222222222223,76.47222222222223
mpi3d-shcbm,mpi3d,SCBM,42,10,76.47222222222223,76.47222222222223
mpi3d-shcbm,mpi3d,SCBM,42,11,76.47222222222223,76.47222222222223
mpi3d-shcbm,mpi3d,SCBM,42,12,76.47222222222223,76.47222222222223
mpi3d-shcbm,mpi3d,SCBM,42,13,76.47222222222223,76.47222222222223
mpi3d-shcbm,mpi3d,SCBM,42,14,76.47222222222223,76.47222222222223
mpi3d-shcbm,mpi3d,SCBM,43,0,75.40046296296296,75.40046296296296
mpi3d-shcbm,mpi3d,SCBM,43,1,75.39583333333333,75.39583333333333
mpi3d-shcbm,mpi3d,SCBM,43,2,75.39583333333333,75.39583333333333
mpi3d-shcbm,mpi3d,SCBM,43,3,75.39583333333333,75.39583333333333
mpi3d-shcbm,mpi3d,SCBM,43,4,75.39583333333333,75.39583333333333
mpi3d-shcbm,mpi3d,SCBM,43,5,75.39583333333333,75.39583333333333
mpi3d-shcbm,mpi3d,SCBM,43,6,75.39583333333333,75.39583333333333
mpi3d-shcbm,mpi3d,SCBM,43,7,75.39583333333333,75.39583333333333
mpi3d-shcbm,mpi3d,SCBM,43,8,75.39583333333333,75.39583333333333
mpi3d-shcbm,mpi3d,SCBM,43,9,75.39583333333333,75.39583333333333
mpi3d-shcbm,mpi3d,SCBM,43,10,75.39583333333333,75.39583333333333
mpi3d-shcbm,mpi3d,SCBM,43,11,75.39583333333333,75.39583333333333
mpi3d-shcbm,mpi3d,SCBM,43,12,75.39583333333333,75.39583333333333
mpi3d-shcbm,mpi3d,SCBM,43,13,75.39583333333333,75.39583333333333
mpi3d-shcbm,mpi3d,SCBM,43,14,75.39583333333333,75.39583333333333
mpi3d-shcbm,mpi3d,SCBM,44,0,75.98148148148148,75.98148148148148
mpi3d-shcbm,mpi3d,SCBM,44,1,75.98148148148148,75.98148148148148
mpi3d-shcbm,mpi3d,SCBM,44,2,75.98148148148148,75.98148148148148
mpi3d-shcbm,mpi3d,SCBM,44,3,75.98148148148148,75.98148148148148
mpi3d-shcbm,mpi3d,SCBM,44,4,75.98148148148148,75.98148148148148
mpi3d-shcbm,mpi3d,SCBM,44,5,75.98148148148148,75.98148148148148
mpi3d-shcbm,mpi3d,SCBM,44,6,75.98148148148148,75.98148148148148
mpi3d-shcbm,mpi3d,SCBM,44,7,75.98148148148148,75.98148148148148
mpi3d-shcbm,mpi3d,SCBM,44,8,75.98148148148148,75.98148148148148
mpi3d-shcbm,mpi3d,SCBM,44,9,75.98148148148148,75.98148148148148
mpi3d-shcbm,mpi3d,SCBM,44,10,75.98148148148148,75.98148148148148
mpi3d-shcbm,mpi3d,SCBM,44,11,75.98148148148148,75.98148148148148
mpi3d-shcbm,mpi3d,SCBM,44,12,75.98148148148148,75.98148148148148
mpi3d-shcbm,mpi3d,SCBM,44,13,75.98148148148148,75.98148148148148
mpi3d-shcbm,mpi3d,SCBM,44,14,75.98148148148148,75.98148148148148
shapes3d-arhcbm,shapes3d,ARCBM,42,0,69.94333333333333,69.94333333333333
shapes3d-arhcbm,shapes3d,ARCBM,42,1,69.94333333333333,69.94333333333333
shapes3d-arhcbm,shapes3d,ARCBM,42,2,69.94333333333333,69.94333333333333
shapes3d-arhcbm,shapes3d,ARCBM,42,3,69.94333333333333,69.94333333333333
shapes3d-arhcbm,shapes3d,ARCBM,42,4,69.94333333333333,69.94333333333333
shapes3d-arhcbm,shapes3d,ARCBM,42,5,69.94333333333333,69.94333333333333
shapes3d-arhcbm,shapes3d,ARCBM,42,6,69.94333333333333,69.94333333333333
shapes3d-arhcbm,shapes3d,ARCBM,42,7,69.94333333333333,69.94333333333333
shapes3d-arhcbm,shapes3d,ARCBM,42,8,69.94333333333333,69.94333333333333
shapes3d-arhcbm,shapes3d,ARCBM,42,9,69.94333333333333,69.94333333333333
shapes3d-arhcbm,shapes3d,ARCBM,42,10,69.94333333333333,69.94333333333333
shapes3d-arhcbm,shapes3d,ARCBM,42,11,69.94333333333333,69.94333333333333
shapes3d-arhcbm,shapes3d,ARCBM,42,12,69.94333333333333,69.94333333333333
shapes3d-arhcbm,shapes3d,ARCBM,42,13,69.94333333333333,69.94333333333333
shapes3d-arhcbm,shapes3d,ARCBM,42,14,69.94333333333333,69.94333333333333
shapes3d-arhcbm,shapes3d,ARCBM,42,15,69.94333333333333,69.94333333333333
shapes3d-arhcbm,shapes3d,ARCBM,42,16,69.94333333333333,69.94333333333333
shapes3d-arhcbm,shapes3d,ARCBM,42,17,69.94333333333333,69.94333333333333
shapes3d-arhcbm,shapes3d,ARCBM,42,18,69.94333333333333,69.94333333333333
shapes3d-arhcbm,shapes3d,ARCBM,43,0,70.3,70.3
shapes3d-arhcbm,shapes3d,ARCBM,43,1,70.3,70.3
shapes3d-arhcbm,shapes3d,ARCBM,43,2,70.3,70.3
shapes3d-arhcbm,shapes3d,ARCBM,43,3,70.3,70.3
shapes3d-arhcbm,shapes3d,ARCBM,43,4,70.3,70.3
shapes3d-arhcbm,shapes3d,ARCBM,43,5,70.3,70.3
shapes3d-arhcbm,shapes3d,ARCBM,43,6,70.3,70.3
shapes3d-arhcbm,shapes3d,ARCBM,43,7,70.3,70.3
shapes3d-arhcbm,shapes3d,ARCBM,43,8,70.3,70.3
shapes3d-arhcbm,shapes3d,ARCBM,43,9,70.3,70.3
shapes3d-arhcbm,shapes3d,ARCBM,43,10,70.3,70.3
shapes3d-arhcbm,shapes3d,ARCBM,43,11,70.3,70.3
shapes3d-arhcbm,shapes3d,ARCBM,43,12,70.3,70.3
shapes3d-arhcbm,shapes3d,ARCBM,43,13,70.3,70.3
shapes3d-arhcbm,shapes3d,ARCBM,43,14,70.3,70.3
shapes3d-arhcbm,shapes3d,ARCBM,43,15,70.3,70.3
shapes3d-arhcbm,shapes3d,ARCBM,43,16,70.3,70.3
shapes3d-arhcbm,shapes3d,ARCBM,43,17,70.3,70.3
shapes3d-arhcbm,shapes3d,ARCBM,43,18,70.3,70.3
shapes3d-arhcbm,shapes3d,ARCBM,44,0,70.89666666666668,70.89666666666668
shapes3d-arhcbm,shapes3d,ARCBM,44,1,70.89666666666668,70.89666666666668
shapes3d-arhcbm,shapes3d,ARCBM,44,2,70.89666666666668,70.89666666666668
shapes3d-arhcbm,shapes3d,ARCBM,44,3,70.89666666666668,70.89666666666668
shapes3d-arhcbm,shapes3d,ARCBM,44,4,70.89666666666668,70.89666666666668
shapes3d-arhcbm,shapes3d,ARCBM,44,5,70.89666666666668,70.89666666666668
shapes3d-arhcbm,shapes3d,ARCBM,44,6,70.89666666666668,70.89666666666668
shapes3d-arhcbm,shapes3d,ARCBM,44,7,70.89666666666668,70.89666666666668
shapes3d-arhcbm,shapes3d,ARCBM,44,8,70.89666666666668,70.89666666666668
shapes3d-arhcbm,shapes3d,ARCBM,44,9,70.89666666666668,70.89666666666668
shapes3d-arhcbm,shapes3d,ARCBM,44,10,70.89666666666668,70.89666666666668
shapes3d-arhcbm,shapes3d,ARCBM,44,11,70.89666666666668,70.89666666666668
shapes3d-arhcbm,shapes3d,ARCBM,44,12,70.89666666666668,70.89666666666668
shapes3d-arhcbm,shapes3d,ARCBM,44,13,70.89666666666668,70.89666666666668
shapes3d-arhcbm,shapes3d,ARCBM,44,14,70.89666666666668,70.89666666666668
shapes3d-arhcbm,shapes3d,ARCBM,44,15,70.89666666666668,70.89666666666668
shapes3d-arhcbm,shapes3d,ARCBM,44,16,70.89666666666668,70.89666666666668
shapes3d-arhcbm,shapes3d,ARCBM,44,17,70.89666666666668,70.89666666666668
shapes3d-arhcbm,shapes3d,ARCBM,44,18,70.89666666666668,70.89666666666668
shapes3d-cbm,shapes3d,CBM,42,0,0.0,0.0
shapes3d-cbm,shapes3d,CBM,42,1,0.0,0.0
shapes3d-cbm,shapes3d,CBM,42,2,0.0,0.0
shapes3d-cbm,shapes3d,CBM,42,3,0.0,0.0
shapes3d-cbm,shapes3d,CBM,42,4,0.0,0.0
shapes3d-cbm,shapes3d,CBM,42,5,1.2000000000000028,1.2000000000000028
shapes3d-cbm,shapes3d,CBM,42,6,3.489999999999995,3.489999999999995
shapes3d-cbm,shapes3d,CBM,42,7,6.040000000000006,6.040000000000006
shapes3d-cbm,shapes3d,CBM,42,8,6.983333333333334,6.983333333333334
shapes3d-cbm,shapes3d,CBM,42,9,7.556666666666672,7.556666666666672
shapes3d-cbm,shapes3d,CBM,42,10,10.013333333333335,10.013333333333335
shapes3d-cbm,shapes3d,CBM,42,11,13.796666666666667,13.796666666666667
shapes3d-cbm,shapes3d,CBM,42,12,17.39,17.39
shapes3d-cbm,shapes3d,CBM,42,13,17.89,17.89
shapes3d-cbm,shapes3d,CBM,42,14,55.04,55.04
shapes3d-cbm,shapes3d,CBM,42,15,57.86333333333334,57.86333333333333
shapes3d-cbm,shapes3d,CBM,42,16,74.56666666666666,74.56666666666666
shapes3d-cbm,shapes3d,CBM,42,17,75.11666666666667,75.11666666666667
shapes3d-cbm,shapes3d,CBM,42,18,75.23,75.23
shapes3d-cbm,shapes3d,CBM,43,0,0.0,0.0
shapes3d-cbm,shapes3d,CBM,43,1,0.0,0.0
shapes3d-cbm,shapes3d,CBM,43,2,0.013333333333335418,0.013333333333335418
shapes3d-cbm,shapes3d,CBM,43,3,0.18000000000000682,0.18000000000000682
shapes3d-cbm,shapes3d,CBM,43,4,1.0400000000000063,1.0400000000000063
shapes3d-cbm,shapes3d,CBM,43,5,8.010000000000005,8.010000000000005
shapes3d-cbm,shapes3d,CBM,43,6,12.266666666666666,12.266666666666666
shapes3d-cbm,shapes3d,CBM,43,7,24.14666666666666,24.14666666666666
shapes3d-cbm,shapes3d,CBM,43,8,28.326666666666668,28.326666666666664
shapes3d-cbm,shapes3d,CBM,43,9,29.959999999999994,29.95999999999999
shapes3d-cbm,shapes3d,CBM,43,10,32.08333333333333,32.08333333333333
shapes3d-cbm,shapes3d,CBM,43,11,35.42,35.42
shapes3d-cbm,shapes3d,CBM,43,12,37.623333333333335,37.623333333333335
shapes3d-cbm,shapes3d,CBM,43,13,46.376666666666665,46.376666666666665
shapes3d-cbm,shapes3d,CBM,43,14,45.306666666666665,45.306666666666665
shapes3d-cbm,shapes3d,CBM,43,15,66.68333333333334,66.68333333333334
shapes3d-cbm,shapes3d,CBM,43,16,66.40666666666667,66.40666666666667
shapes3d-cbm,shapes3d,CBM,43,17,74.68333333333334,74.68333333333334
shapes3d-cbm,shapes3d,CBM,43,18,74.68333333333334,74.68333333333334
shapes3d-cbm,shapes3d,CBM,44,0,0.0,0.0
shapes3d-cbm,shapes3d,CBM,44,1,0.0,0.0
shapes3d-cbm,shapes3d,CBM,44,2,0.0,0.0
shapes3d-cbm,shapes3d,CBM,44,3,0.006666666666660603,0.006666666666660603
shapes3d-cbm,shapes3d,CBM,44,4,0.6366666666666703,0.6366666666666703
shapes3d-cbm,shapes3d,CBM,44,5,5.63333333333334,5.63333333333334
shapes3d-cbm,shapes3d,CBM,44,6,6.773333333333326,6.773333333333326
shapes3d-cbm,shapes3d,CBM,44,7,8.469999999999999,8.469999999999999
shapes3d-cbm,shapes3d,CBM,44,8,7.8033333333333275,7.8033333333333275
shapes3d-cbm,shapes3d,CBM,44,9,19.936666666666667,19.936666666666667
shapes3d-cbm,shapes3d,CBM,44,10,33.81333333333333,33.81333333333333
shapes3d-cbm,shapes3d,CBM,44,11,34.010000000000005,34.010000000000005
shapes3d-cbm,shapes3d,CBM,44,12,34.91333333333333,34.91333333333333
shapes3d-cbm,shapes3d,CBM,44,13,35.24333333333334,35.24333333333334
shapes3d-cbm,shapes3d,CBM,44,14,43.8,43.8
shapes3d-cbm,shapes3d,CBM,44,15,48.38333333333333,48.38333333333333
shapes3d-cbm,shapes3d,CBM,44,16,53.77333333333333,53.77333333333333
shapes3d-cbm,shapes3d,CBM,44,17,54.733333333333334,54.733333333333334
shapes3d-cbm,shapes3d,CBM,44,18,74.52,74.52
shapes3d-mcbm-1,shapes3d,MCBM (low g),42,0,21.88333333333334,21.88333333333334
shapes3d-mcbm-1,shapes3d,MCBM (low g),42,1,21.91666666666667,21.91666666666667
shapes3d-mcbm-1,shapes3d,MCBM (low g),42,2,21.913333333333327,21.913333333333327
shapes3d-mcbm-1,shapes3d,MCBM (low g),42,3,22.090000000000003,22.090000000000003
shapes3d-mcbm-1,shapes3d,MCBM (low g),42,4,22.340000000000003,22.340000000000003
shapes3d-mcbm-1,shapes3d,MCBM (low g),42,5,22.923333333333332,22.923333333333332
shapes3d-mcbm-1,shapes3d,MCBM (low g),42,6,22.676666666666662,22.676666666666662
shapes3d-mcbm-1,shapes3d,MCBM (low g),42,7,22.78666666666666,22.78666666666666
shapes3d-mcbm-1,shapes3d,MCBM (low g),42,8,33.120000000000005,33.120000000000005
shapes3d-mcbm-1,shapes3d,MCBM (low g),42,9,47.446666666666665,47.446666666666665
shapes3d-mcbm-1,shapes3d,MCBM (low g),42,10,49.766666666666666,49.766666666666666
shapes3d-mcbm-1,shapes3d,MCBM (low g),42,11,49.96666666666667,49.96666666666667
shapes3d-mcbm-1,shapes3d,MCBM (low g),42,12,50.06666666666667,50.06666666666667
shapes3d-mcbm-1,shapes3d,MCBM (low g),42,13,56.36666666666667,56.36666666666666
shapes3d-mcbm-1,shapes3d,MCBM (low g),42,14,59.04,59.04
shapes3d-mcbm-1,shapes3d,MCBM (low g),42,15,63.733333333333334,63.733333333333334
shapes3d-mcbm-1,shapes3d,MCBM (low g),42,16,64.03,64.03
shapes3d-mcbm-1,shapes3d,MCBM (low g),42,17,69.45666666666666,69.45666666666666
shapes3d-mcbm-1,shapes3d,MCBM (low g),42,18,70.43666666666667,70.43666666666667
shapes3d-mcbm-1,shapes3d,MCBM (low g),43,0,22.173333333333332,22.173333333333332
shapes3d-mcbm-1,shapes3d,MCBM (low g),43,1,23.336666666666673,23.336666666666673
shapes3d-mcbm-1,shapes3d,MCBM (low g),43,2,23.486666666666665,23.486666666666665
shapes3d-mcbm-1,shapes3d,MCBM (low g),43,3,23.819999999999993,23.819999999999993
shapes3d-mcbm-1,shapes3d,MCBM (low g),43,4,24.11333333333333,24.11333333333333
shapes3d-mcbm-1,shapes3d,MCBM (low g),43,5,31.21333333333334,31.21333333333334
shapes3d-mcbm-1,shapes3d,MCBM (low g),43,6,48.35666666666667,48.35666666666667
shapes3d-mcbm-1,shapes3d,MCBM (low g),43,7,51.763333333333335,51.763333333333335
shapes3d-mcbm-1,shapes3d,MCBM (low g),43,8,54.21666666666667,54.216666666666676
shapes3d-mcbm-1,shapes3d,MCBM (low g),43,9,56.08,56.08
shapes3d-mcbm-1,shapes3d,MCBM (low g),43,10,57.89666666666667,57.89666666666667
shapes3d-mcbm-1,shapes3d,MCBM (low g),43,11,60.25,60.25
shapes3d-mcbm-1,shapes3d,MCBM (low g),43,12,62.6,62.6
shapes3d-mcbm-1,shapes3d,MCBM (low g),43,13,63.39666666666667,63.39666666666667
shapes3d-mcbm-1,shapes3d,MCBM (low g),43,14,63.33,63.33
shapes3d-mcbm-1,shapes3d,MCBM (low g),43,15,66.87,66.87
shapes3d-mcbm-1,shapes3d,MCBM (low g),43,16,68.98,68.98
shapes3d-mcbm-1,shapes3d,MCBM (low g),43,17,70.58,70.58
shapes3d-mcbm-1,shapes3d,MCBM (low g),43,18,71.68333333333334,71.68333333333334
shapes3d-mcbm-1,shapes3d,MCBM (low g),44,0,32.156666666666666,32.156666666666666
shapes3d-mcbm-1,shapes3d,MCBM (low g),44,1,33.67,33.67
shapes3d-mcbm-1,shapes3d,MCBM (low g),44,2,34.06333333333333,34.06333333333333
shapes3d-mcbm-1,shapes3d,MCBM (low g),44,3,35.120000000000005,35.120000000000005
shapes3d-mcbm-1,shapes3d,MCBM (low g),44,4,35.69,35.69
shapes3d-mcbm-1,shapes3d,MCBM (low g),44,5,51.93333333333333,51.93333333333332
shapes3d-mcbm-1,shapes3d,MCBM (low g),44,6,53.376666666666665,53.376666666666665
shapes3d-mcbm-1,shapes3d,MCBM (low g),44,7,55.07666666666667,55.07666666666667
shapes3d-mcbm-1,shapes3d,MCBM (low g),44,8,56.873333333333335,56.873333333333335
shapes3d-mcbm-1,shapes3d,MCBM (low g),44,9,57.86,57.86
shapes3d-mcbm-1,shapes3d,MCBM (low g),44,10,58.61333333333334,58.61333333333333
shapes3d-mcbm-1,shapes3d,MCBM (low g),44,11,62.17333333333333,62.17333333333333
shapes3d-mcbm-1,shapes3d,MCBM (low g),44,12,65.10666666666667,65.10666666666667
shapes3d-mcbm-1,shapes3d,MCBM (low g),44,13,66.36333333333334,66.36333333333334
shapes3d-mcbm-1,shapes3d,MCBM (low g),44,14,66.65666666666667,66.65666666666667
shapes3d-mcbm-1,shapes3d,MCBM (low g),44,15,68.10666666666667,68.10666666666667
shapes3d-mcbm-1,shapes3d,MCBM (low g),44,16,68.16333333333333,68.16333333333333
shapes3d-mcbm-1,shapes3d,MCBM (low g),44,17,68.05,68.05
shapes3d-mcbm-1,shapes3d,MCBM (low g),44,18,71.46000000000001,71.46000000000001
shapes3d-mcbm-3,shapes3d,MCBM (medium g),42,0,69.25,69.25
shapes3d-mcbm-3,shapes3d,MCBM (medium g),42,1,69.40666666666667,69.40666666666667
shapes3d-mcbm-3,shapes3d,MCBM (medium g),42,2,69.44333333333333,69.44333333333333
shapes3d-mcbm-3,shapes3d,MCBM (medium g),42,3,69.47333333333333,69.47333333333333
shapes3d-mcbm-3,shapes3d,MCBM (medium g),42,4,69.75333333333333,69.75333333333333
shapes3d-mcbm-3,shapes3d,MCBM (medium g),42,5,69.83333333333333,69.83333333333333
shapes3d-mcbm-3,shapes3d,MCBM (medium g),42,6,69.68,69.68
shapes3d-mcbm-3,shapes3d,MCBM (medium g),42,7,69.6,69.6
shapes3d-mcbm-3,shapes3d,MCBM (medium g),42,8,69.67333333333333,69.67333333333333
shapes3d-mcbm-3,shapes3d,MCBM (medium g),42,9,69.73666666666666,69.73666666666666
shapes3d-mcbm-3,shapes3d,MCBM (medium g),42,10,69.82333333333334,69.82333333333334
shapes3d-mcbm-3,shapes3d,MCBM (medium g),42,11,69.82333333333334,69.82333333333334
shapes3d-mcbm-3,shapes3d,MCBM (medium g),42,12,69.93666666666667,69.93666666666667
shapes3d-mcbm-3,shapes3d,MCBM (medium g),42,13,69.97666666666666,69.97666666666666
shapes3d-mcbm-3,shapes3d,MCBM (medium g),42,14,69.98666666666666,69.98666666666666
shapes3d-mcbm-3,shapes3d,MCBM (medium g),42,15,70.02666666666667,70.02666666666667
shapes3d-mcbm-3,shapes3d,MCBM (medium g),42,16,69.90666666666667,69.90666666666667
shapes3d-mcbm-3,shapes3d,MCBM (medium g),42,17,69.95,69.95
shapes3d-mcbm-3,shapes3d,MCBM (medium g),42,18,70.05333333333334,70.05333333333334
shapes3d-mcbm-3,shapes3d,MCBM (medium g),43,0,69.51333333333334,69.51333333333334
shapes3d-mcbm-3,shapes3d,MCBM (medium g),43,1,69.58666666666667,69.58666666666667
shapes3d-mcbm-3,shapes3d,MCBM (medium g),43,2,69.59333333333333,69.59333333333333
shapes3d-mcbm-3,shapes3d,MCBM (medium g),43,3,69.69,69.69
shapes3d-mcbm-3,shapes3d,MCBM (medium g),43,4,69.84666666666666,69.84666666666666
shapes3d-mcbm-3,shapes3d,MCBM (medium g),43,5,69.83333333333333,69.83333333333333
shapes3d-mcbm-3,shapes3d,MCBM (medium g),43,6,69.87,69.87
shapes3d-mcbm-3,shapes3d,MCBM (medium g),43,7,69.93333333333334,69.93333333333334
shapes3d-mcbm-3,shapes3d,MCBM (medium g),43,8,69.95,69.95
shapes3d-mcbm-3,shapes3d,MCBM (medium g),43,9,70.09666666666666,70.09666666666666
shapes3d-mcbm-3,shapes3d,MCBM (medium g),43,10,70.10666666666667,70.10666666666667
shapes3d-mcbm-3,shapes3d,MCBM (medium g),43,11,70.03333333333333,70.03333333333333
shapes3d-mcbm-3,shapes3d,MCBM (medium g),43,12,70.10666666666667,70.10666666666667
shapes3d-mcbm-3,shapes3d,MCBM (medium g),43,13,70.27,70.27
shapes3d-mcbm-3,shapes3d,MCBM (medium g),43,14,70.32333333333334,70.32333333333334
shapes3d-mcbm-3,shapes3d,MCBM (medium g),43,15,70.37666666666667,70.37666666666667
shapes3d-mcbm-3,shapes3d,MCBM (medium g),43,16,70.27666666666667,70.27666666666667
shapes3d-mcbm-3,shapes3d,MCBM (medium g),43,17,70.14333333333333,70.14333333333333
shapes3d-mcbm-3,shapes3d,MCBM (medium g),43,18,70.23333333333333,70.23333333333333
shapes3d-mcbm-3,shapes3d,MCBM (medium g),44,0,70.03999999999999,70.03999999999999
shapes3d-mcbm-3,shapes3d,MCBM (medium g),44,1,70.06333333333333,70.06333333333333
shapes3d-mcbm-3,shapes3d,MCBM (medium g),44,2,70.23666666666666,70.23666666666666
shapes3d-mcbm-3,shapes3d,MCBM (medium g),44,3,70.27666666666667,70.27666666666667
shapes3d-mcbm-3,shapes3d,MCBM (medium g),44,4,70.32666666666667,70.32666666666667
shapes3d-mcbm-3,shapes3d,MCBM (medium g),44,5,70.33,70.33
shapes3d-mcbm-3,shapes3d,MCBM (medium g),44,6,70.45666666666666,70.45666666666666
shapes3d-mcbm-3,shapes3d,MCBM (medium g),44,7,70.35666666666667,70.35666666666667
shapes3d-mcbm-3,shapes3d,MCBM (medium g),44,8,70.35333333333332,70.35333333333332
shapes3d-mcbm-3,shapes3d,MCBM (medium g),44,9,70.35,70.35
shapes3d-mcbm-3,shapes3d,MCBM (medium g),44,10,70.37,70.37
shapes3d-mcbm-3,shapes3d,MCBM (medium g),44,11,70.29666666666667,70.29666666666667
shapes3d-mcbm-3,shapes3d,MCBM (medium g),44,12,70.38666666666667,70.38666666666667
shapes3d-mcbm-3,shapes3d,MCBM (medium g),44,13,70.63,70.63
shapes3d-mcbm-3,shapes3d,MCBM (medium g),44,14,70.60333333333332,70.60333333333332
shapes3d-mcbm-3,shapes3d,MCBM (medium g),44,15,70.57,70.57
shapes3d-mcbm-3,shapes3d,MCBM (medium g),44,16,70.47666666666666,70.47666666666666
shapes3d-mcbm-3,shapes3d,MCBM (medium g),44,17,70.46333333333334,70.46333333333334
shapes3d-mcbm-3,shapes3d,MCBM (medium g),44,18,70.62,70.62
shapes3d-mcbm-5,shapes3d,MCBM (high g),42,0,69.92,69.92
shapes3d-mcbm-5,shapes3d,MCBM (high g),42,1,69.92333333333333,69.92333333333333
shapes3d-mcbm-5,shapes3d,MCBM (high g),42,2,69.93666666666667,69.93666666666667
shapes3d-mcbm-5,shapes3d,MCBM (high g),42,3,69.93,69.93
shapes3d-mcbm-5,shapes3d,MCBM (high g),42,4,69.93,69.93
shapes3d-mcbm-5,shapes3d,MCBM (high g),42,5,69.94666666666666,69.94666666666666
shapes3d-mcbm-5,shapes3d,MCBM (high g),42,6,69.92,69.92
shapes3d-mcbm-5,shapes3d,MCBM (high g),42,7,69.91,69.91
shapes3d-mcbm-5,shapes3d,MCBM (high g),42,8,69.92,69.92
shapes3d-mcbm-5,shapes3d,MCBM (high g),42,9,69.93666666666667,69.93666666666667
shapes3d-mcbm-5,shapes3d,MCBM (high g),42,10,69.95333333333333,69.95333333333333
shapes3d-mcbm-5,shapes3d,MCBM (high g),42,11,69.95333333333333,69.95333333333333
shapes3d-mcbm-5,shapes3d,MCBM (high g),42,12,69.95333333333333,69.95333333333333
shapes3d-mcbm-5,shapes3d,MCBM (high g),42,13,69.95333333333333,69.95333333333333
shapes3d-mcbm-5,shapes3d,MCBM (high g),42,14,69.95666666666666,69.95666666666666
shapes3d-mcbm-5,shapes3d,MCBM (high g),42,15,69.95333333333333,69.95333333333333
shapes3d-mcbm-5,shapes3d,MCBM (high g),42,16,69.95333333333333,69.95333333333333
shapes3d-mcbm-5,shapes3d,MCBM (high g),42,17,69.95333333333333,69.95333333333333
shapes3d-mcbm-5,shapes3d,MCBM (high g),42,18,69.95333333333333,69.95333333333333
shapes3d-mcbm-5,shapes3d,MCBM (high g),43,0,69.83666666666667,69.83666666666667
shapes3d-mcbm-5,shapes3d,MCBM (high g),43,1,69.84,69.84
shapes3d-mcbm-5,shapes3d,MCBM (high g),43,2,69.83666666666667,69.83666666666667
shapes3d-mcbm-5,shapes3d,MCBM (high g),43,3,69.87,69.87
shapes3d-mcbm-5,shapes3d,MCBM (high g),43,4,69.88666666666667,69.88666666666667
shapes3d-mcbm-5,shapes3d,MCBM (high g),43,5,69.89,69.89
shapes3d-mcbm-5,shapes3d,MCBM (high g),43,6,69.88,69.88
shapes3d-mcbm-5,shapes3d,MCBM (high g),43,7,69.87666666666667,69.87666666666667
shapes3d-mcbm-5,shapes3d,MCBM (high g),43,8,69.87333333333333,69.87333333333333
shapes3d-mcbm-5,shapes3d,MCBM (high g),43,9,69.85,69.85
shapes3d-mcbm-5,shapes3d,MCBM (high g),43,10,69.85333333333332,69.85333333333332
shapes3d-mcbm-5,shapes3d,MCBM (high g),43,11,69.86666666666667,69.86666666666667
shapes3d-mcbm-5,shapes3d,MCBM (high g),43,12,69.94333333333333,69.94333333333333
shapes3d-mcbm-5,shapes3d,MCBM (high g),43,13,69.92666666666666,69.92666666666666
shapes3d-mcbm-5,shapes3d,MCBM (high g),43,14,69.91666666666667,69.91666666666667
shapes3d-mcbm-5,shapes3d,MCBM (high g),43,15,69.92666666666666,69.92666666666666
shapes3d-mcbm-5,shapes3d,MCBM (high g),43,16,69.92333333333333,69.92333333333333
shapes3d-mcbm-5,shapes3d,MCBM (high g),43,17,70.06333333333333,70.06333333333333
shapes3d-mcbm-5,shapes3d,MCBM (high g),43,18,70.06333333333333,70.06333333333333
shapes3d-mcbm-5,shapes3d,MCBM (high g),44,0,70.48666666666666,70.48666666666666
shapes3d-mcbm-5,shapes3d,MCBM (high g),44,1,70.49666666666667,70.49666666666667
shapes3d-mcbm-5,shapes3d,MCBM (high g),44,2,70.45,70.45
shapes3d-mcbm-5,shapes3d,MCBM (high g),44,3,70.45,70.45
shapes3d-mcbm-5,shapes3d,MCBM (high g),44,4,70.43333333333334,70.43333333333334
shapes3d-mcbm-5,shapes3d,MCBM (high g),44,5,70.42666666666666,70.42666666666666
shapes3d-mcbm-5,shapes3d,MCBM (high g),44,6,70.43,70.43
shapes3d-mcbm-5,shapes3d,MCBM (high g),44,7,70.46000000000001,70.46000000000001
shapes3d-mcbm-5,shapes3d,MCBM (high g),44,8,70.45,70.45
shapes3d-mcbm-5,shapes3d,MCBM (high g),44,9,70.57,70.57
shapes3d-mcbm-5,shapes3d,MCBM (high g),44,10,70.57666666666667,70.57666666666667
shapes3d-mcbm-5,shapes3d,MCBM (high g),44,11,70.57333333333334,70.57333333333334
shapes3d-mcbm-5,shapes3d,MCBM (high g),44,12,70.59,70.59
shapes3d-mcbm-5,shapes3d,MCBM (high g),44,13,70.59333333333333,70.59333333333333
shapes3d-mcbm-5,shapes3d,MCBM (high g),44,14,70.6,70.6
shapes3d-mcbm-5,shapes3d,MCBM (high g),44,15,70.59666666666666,70.59666666666666
shapes3d-mcbm-5,shapes3d,MCBM (high g),44,16,70.6,70.6
shapes3d-mcbm-5,shapes3d,MCBM (high g),44,17,70.6,70.6
shapes3d-mcbm-5,shapes3d,MCBM (high g),44,18,70.60333333333332,70.60333333333332
shapes3d-shcbm,shapes3d,SCBM,42,0,70.07,70.07
shapes3d-shcbm,shapes3d,SCBM,42,1,70.07,70.07
shapes3d-shcbm,shapes3d,SCBM,42,2,70.07,70.07
shapes3d-shcbm,shapes3d,SCBM,42,3,70.07,70.07
shapes3d-shcbm,shapes3d,SCBM,42,4,70.07,70.07
shapes3d-shcbm,shapes3d,SCBM,42,5,70.07,70.07
shapes3d-shcbm,shapes3d,SCBM,42,6,70.07,70.07
shapes3d-shcbm,shapes3d,SCBM,42,7,70.07,70.07
shapes3d-shcbm,shapes3d,SCBM,42,8,70.07,70.07
shapes3d-shcbm,shapes3d,SCBM,42,9,70.07,70.07
shapes3d-shcbm,shapes3d,SCBM,42,10,70.07,70.07
shapes3d-shcbm,shapes3d,SCBM,42,11,70.07,70.07
shapes3d-shcbm,shapes3d,SCBM,42,12,70.07,70.07
shapes3d-shcbm,shapes3d,SCBM,42,13,70.07,70.07
shapes3d-shcbm,shapes3d,SCBM,42,14,70.07,70.07
shapes3d-shcbm,shapes3d,SCBM,42,15,70.07,70.07
shapes3d-shcbm,shapes3d,SCBM,42,16,70.07,70.07
shapes3d-shcbm,shapes3d,SCBM,42,17,70.07,70.07
shapes3d-shcbm,shapes3d,SCBM,42,18,70.07,70.07
shapes3d-shcbm,shapes3d,SCBM,43,0,70.13666666666667,70.13666666666667
shapes3d-shcbm,shapes3d,SCBM,43,1,70.13666666666667,70.13666666666667
shapes3d-shcbm,shapes3d,SCBM,43,2,70.13666666666667,70.13666666666667
shapes3d-shcbm,shapes3d,SCBM,43,3,70.13666666666667,70.13666666666667
shapes3d-shcbm,shapes3d,SCBM,43,4,70.13666666666667,70.13666666666667
shapes3d-shcbm,shapes3d,SCBM,43,5,70.13666666666667,70.13666666666667
shapes3d-shcbm,shapes3d,SCBM,43,6,70.13666666666667,70.13666666666667
shapes3d-shcbm,shapes3d,SCBM,43,7,70.13666666666667,70.13666666666667
shapes3d-shcbm,shapes3d,SCBM,43,8,70.13666666666667,70.13666666666667
shapes3d-shcbm,shapes3d,SCBM,43,9,70.13666666666667,70.13666666666667
shapes3d-shcbm,shapes3d,SCBM,43,10,70.13666666666667,70.13666666666667
shapes3d-shcbm,shapes3d,SCBM,43,11,70.13666666666667,70.13666666666667
shapes3d-shcbm,shapes3d,SCBM,43,12,70.13666666666667,70.13666666666667
shapes3d-shcbm,shapes3d,SCBM,43,13,70.13666666666667,70.13666666666667
shapes3d-shcbm,shapes3d,SCBM,43,14,70.13666666666667,70.13666666666667
shapes3d-shcbm,shapes3d,SCBM,43,15,70.13666666666667,70.13666666666667
shapes3d-shcbm,shapes3d,SCBM,43,16,70.13666666666667,70.13666666666667
shapes3d-shcbm,shapes3d,SCBM,43,17,70.13666666666667,70.13666666666667
shapes3d-shcbm,shapes3d,SCBM,43,18,70.13666666666667,70.13666666666667
shapes3d-shcbm,shapes3d,SCBM,44,0,70.68666666666667,70.68666666666667
shapes3d-shcbm,shapes3d,SCBM,44,1,70.68666666666667,70.68666666666667
shapes3d-shcbm,shapes3d,SCBM,44,2,70.68666666666667,70.68666666666667
shapes3d-shcbm,shapes3d,SCBM,44,3,70.68666666666667,70.68666666666667
shapes3d-shcbm,shapes3d,SCBM,44,4,70.68666666666667,70.68666666666667
shapes3d-shcbm,shapes3d,SCBM,44,5,70.68666666666667,70.68666666666667
shapes3d-shcbm,shapes3d,SCBM,44,6,70.68666666666667,70.68666666666667
shapes3d-shcbm,shapes3d,SCBM,44,7,70.68666666666667,70.68666666666667
shapes3d-shcbm,shapes3d,SCBM,44,8,70.68666666666667,70.68666666666667
shapes3d-shcbm,shapes3d,SCBM,44,9,70.68666666666667,70.68666666666667
shapes3d-shcbm,shapes3d,SCBM,44,10,70.68666666666667,70.68666666666667
shapes3d-shcbm,shapes3d,SCBM,44,11,70.68666666666667,70.68666666666667
shapes3d-shcbm,shapes3d,SCBM,44,12,70.68666666666667,70.68666666666667
shapes3d-shcbm,shapes3d,SCBM,44,13,70.68666666666667,70.68666666666667
shapes3d-shcbm,shapes3d,SCBM,44,14,70.68666666666667,70.68666666666667
shapes3d-shcbm,shapes3d,SCBM,44,15,70.68666666666667,70.68666666666667
shapes3d-shcbm,shapes3d,SCBM,44,16,70.68666666666667,70.68666666666667
shapes3d-shcbm,shapes3d,SCBM,44,17,70.68666666666667,70.68666666666667
shapes3d-shcbm,shapes3d,SCBM,44,18,70.68666666666667,70.68666666666667
