
===== launch 2026-07-26 21:48:03.221350 gpu5 =====
wandb: Using wandb-core as the SDK backend.  Please refer to https://wandb.me/wandb-core for more information.
wandb: Tracking run with wandb version 0.19.0
wandb: W&B syncing is set to `offline` in this directory.  
wandb: Run `wandb online` or set WANDB_MODE=online to enable cloud syncing.
/research/hal-afsharim/miniconda3/envs/mcbm/lib/python3.10/site-packages/torchvision/models/_utils.py:208: UserWarning: The parameter 'pretrained' is deprecated since 0.13 and will be removed in 0.15, please use 'weights' instead.
  warnings.warn(
/research/hal-afsharim/miniconda3/envs/mcbm/lib/python3.10/site-packages/torchvision/models/_utils.py:223: UserWarning: Arguments other than a weight enum or `None` for 'weights' are deprecated since 0.13 and will be removed in 0.15. The current behavior is equivalent to passing `weights=ResNet50_Weights.IMAGENET1K_V1`. You can also use `weights=ResNet50_Weights.DEFAULT` to get the most up-to-date weights.
  warnings.warn(msg)
Epoch 1
losses_train/task:	2.150733232498169
losses_train/concepts:	17.683074951171875
losses_train/representations:	10.255356788635254
losses_train/total:	6.99565315246582
losses_test/task:	1.3627203702926636
losses_test/concepts:	12.351470947265625
losses_test/representations:	7.984140396118164
losses_test/total:	4.993109703063965
calibration_test/ece:	0.07607556134462357
calibration_test/brier:	0.5031091570854187
accuracy_test/task:	63.04111194842167
accuracy_test/concepts:	91.3011703491211
map_test/concepts:	0.835812671482563

Epoch 2
losses_train/task:	1.590628743171692
losses_train/concepts:	12.231019973754883
losses_train/representations:	8.160938262939453
losses_train/total:	5.2620134353637695
losses_test/task:	1.4759180545806885
losses_test/concepts:	10.491857528686523
losses_test/representations:	8.700271606445312
losses_test/total:	5.135185241699219
calibration_test/ece:	0.0378752276301384
calibration_test/brier:	0.5195603370666504
accuracy_test/task:	60.194256049568786
accuracy_test/concepts:	92.06230163574219
map_test/concepts:	0.8324300661683083

Epoch 3
losses_train/task:	1.4372496604919434
losses_train/concepts:	10.553866386413574
losses_train/representations:	7.383235931396484
losses_train/total:	4.707608222961426
losses_test/task:	1.0830276012420654
losses_test/concepts:	7.893796443939209
losses_test/representations:	6.047035217285156
losses_test/total:	3.686518430709839
calibration_test/ece:	0.04702841863036156
calibration_test/brier:	0.40476682782173157
accuracy_test/task:	70.68575734740016
accuracy_test/concepts:	94.86895751953125
map_test/concepts:	0.8912227660417557

Epoch 4
losses_train/task:	1.3264316320419312
losses_train/concepts:	9.523262023925781
losses_train/representations:	6.745902061462402
losses_train/total:	4.30252742767334
losses_test/task:	1.0512429475784302
losses_test/concepts:	6.579493045806885
losses_test/representations:	6.35823917388916
losses_test/total:	3.616663932800293
calibration_test/ece:	0.02667504921555519
calibration_test/brier:	0.3840388357639313
accuracy_test/task:	72.05057355773256
accuracy_test/concepts:	94.84718322753906
map_test/concepts:	0.9061892569065094

Epoch 5
losses_train/task:	1.2326669692993164
losses_train/concepts:	8.994751930236816
losses_train/representations:	6.345542907714844
losses_train/total:	4.035806179046631
losses_test/task:	1.1533889770507812
losses_test/concepts:	7.404856204986572
losses_test/representations:	7.0080180168151855
losses_test/total:	3.9962801933288574
calibration_test/ece:	0.040583766996860504
calibration_test/brier:	0.4166795015335083
accuracy_test/task:	69.53026877668927
accuracy_test/concepts:	93.86921691894531
map_test/concepts:	0.8745277509093284

Epoch 6
losses_train/task:	1.1648619174957275
losses_train/concepts:	8.442956924438477
losses_train/representations:	5.886514186859131
losses_train/total:	3.7751128673553467
losses_test/task:	0.9644654393196106
losses_test/concepts:	6.1719279289245605
losses_test/representations:	6.0036702156066895
losses_test/total:	3.3827595710754395
calibration_test/ece:	0.06124115735292435
calibration_test/brier:	0.36845582723617554
accuracy_test/task:	73.12233107259483
accuracy_test/concepts:	95.5094985961914
map_test/concepts:	0.9043972432613373

Epoch 7
losses_train/task:	1.0984916687011719
losses_train/concepts:	7.936776161193848
losses_train/representations:	5.543307781219482
losses_train/total:	3.555161714553833
losses_test/task:	0.8296902775764465
losses_test/concepts:	5.65745735168457
losses_test/representations:	5.084489822387695
losses_test/total:	2.920783519744873
calibration_test/ece:	0.015891220420598984
calibration_test/brier:	0.304944783449173
accuracy_test/task:	77.8363895168718
accuracy_test/concepts:	95.82392120361328
map_test/concepts:	0.9142139419913292

Epoch 8
losses_train/task:	1.0677554607391357
losses_train/concepts:	7.701473236083984
losses_train/representations:	5.407721042633057
losses_train/total:	3.460219621658325
losses_test/task:	0.8022170066833496
losses_test/concepts:	5.5689897537231445
losses_test/representations:	4.742523670196533
losses_test/total:	2.7818729877471924
calibration_test/ece:	0.03392826020717621
calibration_test/brier:	0.30138099193573
accuracy_test/task:	79.46914510591978
accuracy_test/concepts:	96.06169891357422
map_test/concepts:	0.9115187674760818

Epoch 9
losses_train/task:	1.0087686777114868
losses_train/concepts:	7.452509880065918
losses_train/representations:	5.0985236167907715
losses_train/total:	3.2835776805877686
losses_test/task:	0.6822990775108337
losses_test/concepts:	4.514997482299805
losses_test/representations:	4.504974365234375
losses_test/total:	2.485291004180908
calibration_test/ece:	0.00900003220885992
calibration_test/brier:	0.2606726586818695
accuracy_test/task:	81.90571883111446
accuracy_test/concepts:	96.59005737304688
map_test/concepts:	0.920906101167202

Epoch 10
losses_train/task:	0.9759771823883057
losses_train/concepts:	7.133937835693359
losses_train/representations:	4.961245059967041
losses_train/total:	3.1777431964874268
losses_test/task:	0.9019249081611633
losses_test/concepts:	5.778742790222168
losses_test/representations:	5.202047348022461
losses_test/total:	3.0404133796691895
calibration_test/ece:	0.024870216846466064
calibration_test/brier:	0.33061590790748596
accuracy_test/task:	76.56367746797287
accuracy_test/concepts:	95.74143981933594
map_test/concepts:	0.9019596129655838

Epoch 11
losses_train/task:	0.933989405632019
losses_train/concepts:	6.7558369636535645
losses_train/representations:	4.738124370574951
losses_train/total:	3.0310099124908447
losses_test/task:	0.6011781692504883
losses_test/concepts:	4.001307964324951
losses_test/representations:	3.95378041267395
losses_test/total:	2.187443494796753
calibration_test/ece:	0.01918886974453926
calibration_test/brier:	0.23794730007648468
accuracy_test/task:	83.59708615925646
accuracy_test/concepts:	97.12257385253906
map_test/concepts:	0.9296361908316613

Epoch 12
losses_train/task:	0.9064741730690002
losses_train/concepts:	6.689885139465332
losses_train/representations:	4.591769695281982
losses_train/total:	2.9529926776885986
losses_test/task:	0.6955400705337524
losses_test/concepts:	4.649923324584961
losses_test/representations:	4.416338920593262
losses_test/total:	2.48543381690979
calibration_test/ece:	0.01684163324534893
calibration_test/brier:	0.2575656473636627
accuracy_test/task:	82.21552373775434
accuracy_test/concepts:	96.52182006835938
map_test/concepts:	0.9321282640099525

Epoch 13
losses_train/task:	0.8917297124862671
losses_train/concepts:	6.535635948181152
losses_train/representations:	4.5510382652282715
losses_train/total:	2.910604953765869
losses_test/task:	0.5449582934379578
losses_test/concepts:	3.595075845718384
losses_test/representations:	3.4385435581207275
losses_test/total:	1.9360291957855225
calibration_test/ece:	0.014521017670631409
calibration_test/brier:	0.2164115011692047
accuracy_test/task:	84.89491752490999
accuracy_test/concepts:	97.4420166015625
map_test/concepts:	0.9393987685441971

Epoch 14
losses_train/task:	0.8614939451217651
losses_train/concepts:	6.342957973480225
losses_train/representations:	4.428621768951416
losses_train/total:	2.8243753910064697
losses_test/task:	0.6314325928688049
losses_test/concepts:	4.222612380981445
losses_test/representations:	3.8197367191314697
losses_test/total:	2.199615001678467
calibration_test/ece:	0.020033910870552063
calibration_test/brier:	0.24084240198135376
accuracy_test/task:	83.22866951352256
accuracy_test/concepts:	97.0024185180664
map_test/concepts:	0.9336276784539222

Epoch 15
losses_train/task:	0.8415157198905945
losses_train/concepts:	6.211465358734131
losses_train/representations:	4.261419773101807
losses_train/total:	2.741088628768921
losses_test/task:	0.5990477204322815
losses_test/concepts:	4.307430744171143
losses_test/representations:	3.9696390628814697
losses_test/total:	2.2206833362579346
calibration_test/ece:	0.017223136499524117
calibration_test/brier:	0.2266620546579361
accuracy_test/task:	84.0241145440844
accuracy_test/concepts:	97.07485961914062
map_test/concepts:	0.9300861164927483

Epoch 16
losses_train/task:	0.8202188014984131
losses_train/concepts:	5.869730472564697
losses_train/representations:	4.091818332672119
losses_train/total:	2.6347365379333496
losses_test/task:	0.9913768768310547
losses_test/concepts:	5.827179908752441
losses_test/representations:	5.853610038757324
losses_test/total:	3.33017897605896
calibration_test/ece:	0.06041262298822403
calibration_test/brier:	0.3611455261707306
accuracy_test/task:	74.98116051243406
accuracy_test/concepts:	95.02638244628906
map_test/concepts:	0.8963586047291756

Epoch 17
losses_train/task:	0.8015039563179016
losses_train/concepts:	5.903951168060303
losses_train/representations:	4.088018894195557
losses_train/total:	2.61830472946167
losses_test/task:	0.5866004228591919
losses_test/concepts:	3.7192888259887695
losses_test/representations:	3.731623411178589
losses_test/total:	2.078016519546509
calibration_test/ece:	0.021124806255102158
calibration_test/brier:	0.22590935230255127
accuracy_test/task:	84.19157665578163
accuracy_test/concepts:	97.22389221191406
map_test/concepts:	0.9338836044073104

Epoch 18
losses_train/task:	0.7765660285949707
losses_train/concepts:	5.768224239349365
losses_train/representations:	3.9392974376678467
losses_train/total:	2.535176992416382
losses_test/task:	0.6162794232368469
losses_test/concepts:	4.504950523376465
losses_test/representations:	3.7064507007598877
losses_test/total:	2.1787095069885254
calibration_test/ece:	0.028840187937021255
calibration_test/brier:	0.23655357956886292
accuracy_test/task:	83.42125094197438
accuracy_test/concepts:	97.14812469482422
map_test/concepts:	0.9369215533137322

Epoch 19
losses_train/task:	0.7626111507415771
losses_train/concepts:	5.7763895988464355
losses_train/representations:	3.871021270751953
losses_train/total:	2.501556873321533
losses_test/task:	0.5788897275924683
losses_test/concepts:	3.767242908477783
losses_test/representations:	3.741948127746582
losses_test/total:	2.0781986713409424
calibration_test/ece:	0.01910906657576561
calibration_test/brier:	0.21554318070411682
accuracy_test/task:	85.07075274219208
accuracy_test/concepts:	97.13430786132812
map_test/concepts:	0.9379316434264183

Epoch 20
losses_train/task:	0.7319967150688171
losses_train/concepts:	5.474308490753174
losses_train/representations:	3.697427749633789
losses_train/total:	2.3886566162109375
losses_test/task:	0.5432714819908142
losses_test/concepts:	3.5068485736846924
losses_test/representations:	3.262714147567749
losses_test/total:	1.8727706670761108
calibration_test/ece:	0.019734077155590057
calibration_test/brier:	0.20582450926303864
accuracy_test/task:	85.8243322448296
accuracy_test/concepts:	97.45330810546875
map_test/concepts:	0.9408464148640633

Epoch 21
losses_train/task:	0.7295584678649902
losses_train/concepts:	5.438403606414795
losses_train/representations:	3.6587917804718018
losses_train/total:	2.3710360527038574
losses_test/task:	0.4635784327983856
losses_test/concepts:	3.0591018199920654
losses_test/representations:	3.0104832649230957
losses_test/total:	1.672633171081543
calibration_test/ece:	0.012862118892371655
calibration_test/brier:	0.1807420700788498
accuracy_test/task:	87.48220715063216
accuracy_test/concepts:	97.74261474609375
map_test/concepts:	0.9456538081169128

Epoch 22
losses_train/task:	0.710843026638031
losses_train/concepts:	5.296091556549072
losses_train/representations:	3.5731873512268066
losses_train/total:	2.312408685684204
losses_test/task:	0.693910539150238
losses_test/concepts:	4.318437576293945
losses_test/representations:	3.906994104385376
losses_test/total:	2.2978525161743164
calibration_test/ece:	0.03402223810553551
calibration_test/brier:	0.248114213347435
accuracy_test/task:	82.99422255714644
accuracy_test/concepts:	96.8877182006836
map_test/concepts:	0.9285367369651795

Epoch 23
losses_train/task:	0.6993831396102905
losses_train/concepts:	5.266315460205078
losses_train/representations:	3.5886878967285156
losses_train/total:	2.3026208877563477
losses_test/task:	0.509164035320282
losses_test/concepts:	3.5356905460357666
losses_test/representations:	3.054244041442871
losses_test/total:	1.7790062427520752
calibration_test/ece:	0.018140675500035286
calibration_test/brier:	0.19505710899829865
accuracy_test/task:	86.61140416980658
accuracy_test/concepts:	97.6936264038086
map_test/concepts:	0.9485965982079506

Epoch 24
losses_train/task:	0.690237283706665
losses_train/concepts:	5.22032356262207
losses_train/representations:	3.488332986831665
losses_train/total:	2.2587690353393555
losses_test/task:	0.5472726225852966
losses_test/concepts:	3.5932846069335938
losses_test/representations:	3.3268849849700928
losses_test/total:	1.9046659469604492
calibration_test/ece:	0.020886864513158798
calibration_test/brier:	0.20410539209842682
accuracy_test/task:	86.30159926316671
accuracy_test/concepts:	97.35118103027344
map_test/concepts:	0.9414048090577125

Epoch 25
losses_train/task:	0.6743109226226807
losses_train/concepts:	5.112210273742676
losses_train/representations:	3.4626073837280273
losses_train/total:	2.2243130207061768
losses_test/task:	0.5037633180618286
losses_test/concepts:	3.3165037631988525
losses_test/representations:	3.066274642944336
losses_test/total:	1.7552958726882935
calibration_test/ece:	0.02587088569998741
calibration_test/brier:	0.19074709713459015
accuracy_test/task:	87.22264087750146
accuracy_test/concepts:	97.73171997070312
map_test/concepts:	0.9498787134885788

Epoch 26
losses_train/task:	0.6732164621353149
losses_train/concepts:	5.093615531921387
losses_train/representations:	3.389326572418213
losses_train/total:	2.1993765830993652
losses_test/task:	0.5732734799385071
losses_test/concepts:	3.897305727005005
losses_test/representations:	3.3473360538482666
losses_test/total:	1.967205286026001
calibration_test/ece:	0.01573401317000389
calibration_test/brier:	0.20609845221042633
accuracy_test/task:	85.76572050573557
accuracy_test/concepts:	97.27664184570312
map_test/concepts:	0.9415085718035698

Epoch 27
losses_train/task:	0.6706689596176147
losses_train/concepts:	5.062261581420898
losses_train/representations:	3.3509209156036377
losses_train/total:	2.182170867919922
losses_test/task:	0.49832460284233093
losses_test/concepts:	3.366408109664917
losses_test/representations:	3.0087623596191406
losses_test/total:	1.737594723701477
calibration_test/ece:	0.027873024344444275
calibration_test/brier:	0.18960732221603394
accuracy_test/task:	86.96307460437076
accuracy_test/concepts:	97.72209167480469
map_test/concepts:	0.9476408302783966

Epoch 28
losses_train/task:	0.626217246055603
losses_train/concepts:	4.749708652496338
losses_train/representations:	3.193110942840576
losses_train/total:	2.0591213703155518
losses_test/task:	0.4407312870025635
losses_test/concepts:	2.81894588470459
losses_test/representations:	2.724092483520508
losses_test/total:	1.5398536920547485
calibration_test/ece:	0.02522018551826477
calibration_test/brier:	0.17046023905277252
accuracy_test/task:	88.40324876496693
accuracy_test/concepts:	98.00093078613281
map_test/concepts:	0.9503330901265145

Epoch 29
losses_train/task:	0.6530251502990723
losses_train/concepts:	4.903032302856445
losses_train/representations:	3.272155523300171
losses_train/total:	2.1249756813049316
losses_test/task:	0.550617516040802
losses_test/concepts:	3.5382838249206543
losses_test/representations:	3.1607553958892822
losses_test/total:	1.8526722192764282
calibration_test/ece:	0.03067351132631302
calibration_test/brier:	0.20429635047912598
accuracy_test/task:	86.24298752407267
accuracy_test/concepts:	97.591064453125
map_test/concepts:	0.9397377982735634

Epoch 30
losses_train/task:	0.6033093333244324
losses_train/concepts:	4.588770866394043
losses_train/representations:	3.0533647537231445
losses_train/total:	1.978195309638977
losses_test/task:	0.49034440517425537
losses_test/concepts:	2.9853434562683105
losses_test/representations:	2.913834571838379
losses_test/total:	1.6630289554595947
calibration_test/ece:	0.025301368907094002
calibration_test/brier:	0.18736080825328827
accuracy_test/task:	87.45708783387758
accuracy_test/concepts:	97.7137222290039
map_test/concepts:	0.9422024071216584

Epoch 31
losses_train/task:	0.6190558075904846
losses_train/concepts:	4.663708209991455
losses_train/representations:	3.1422035694122314
losses_train/total:	2.0280890464782715
losses_test/task:	0.4335397481918335
losses_test/concepts:	2.9189491271972656
losses_test/representations:	2.7731659412384033
losses_test/total:	1.5573844909667969
calibration_test/ece:	0.021437443792819977
calibration_test/brier:	0.1641717404127121
accuracy_test/task:	89.14008205643474
accuracy_test/concepts:	97.9875259399414
map_test/concepts:	0.9513861536979675

Epoch 32
losses_train/task:	0.5983266830444336
losses_train/concepts:	4.639064788818359
losses_train/representations:	3.047565460205078
losses_train/total:	1.9765018224716187
losses_test/task:	0.4882931113243103
losses_test/concepts:	3.3418753147125244
losses_test/representations:	2.986269950866699
losses_test/total:	1.7183618545532227
calibration_test/ece:	0.03017016500234604
calibration_test/brier:	0.1843237429857254
accuracy_test/task:	87.49058025621703
accuracy_test/concepts:	97.71121215820312
map_test/concepts:	0.9512320846319199

Epoch 33
losses_train/task:	0.5902251601219177
losses_train/concepts:	4.604146480560303
losses_train/representations:	3.0450925827026367
losses_train/total:	1.964167594909668
losses_test/task:	0.4172023832798004
losses_test/concepts:	2.6382675170898438
losses_test/representations:	2.538015127182007
losses_test/total:	1.4424339532852173
calibration_test/ece:	0.02310565672814846
calibration_test/brier:	0.16165202856063843
accuracy_test/task:	88.96424683915264
accuracy_test/concepts:	98.04237365722656
map_test/concepts:	0.9517796769738197

Epoch 34
losses_train/task:	0.5933200120925903
losses_train/concepts:	4.56270694732666
losses_train/representations:	3.016770124435425
losses_train/total:	1.9546215534210205
losses_test/task:	0.44781258702278137
losses_test/concepts:	3.065777540206909
losses_test/representations:	2.8133716583251953
losses_test/total:	1.5984013080596924
calibration_test/ece:	0.033939555287361145
calibration_test/brier:	0.17366714775562286
accuracy_test/task:	88.277652181194
accuracy_test/concepts:	97.92974853515625
map_test/concepts:	0.9532583713531494

Epoch 35
losses_train/task:	0.5870178937911987
losses_train/concepts:	4.500147342681885
losses_train/representations:	2.9851136207580566
losses_train/total:	1.9325668811798096
losses_test/task:	0.4413154125213623
losses_test/concepts:	3.3852131366729736
losses_test/representations:	2.6297988891601562
losses_test/total:	1.5687763690948486
calibration_test/ece:	0.020845916122198105
calibration_test/brier:	0.16695712506771088
accuracy_test/task:	88.7549191995311
accuracy_test/concepts:	98.01390075683594
map_test/concepts:	0.9495431363582612

Epoch 36
losses_train/task:	0.5736071467399597
losses_train/concepts:	4.491394996643066
losses_train/representations:	2.9270291328430176
losses_train/total:	1.9008554220199585
losses_test/task:	0.5039655566215515
losses_test/concepts:	3.391528367996216
losses_test/representations:	3.06003999710083
losses_test/total:	1.761130928993225
calibration_test/ece:	0.04250415042042732
calibration_test/brier:	0.19424691796302795
accuracy_test/task:	87.15565603282258
accuracy_test/concepts:	97.70826721191406
map_test/concepts:	0.944153507053852

Epoch 37
losses_train/task:	0.5812569260597229
losses_train/concepts:	4.453904628753662
losses_train/representations:	2.917165994644165
losses_train/total:	1.9017977714538574
losses_test/task:	0.44732701778411865
losses_test/concepts:	3.006470203399658
losses_test/representations:	2.776874303817749
losses_test/total:	1.5810363292694092
calibration_test/ece:	0.02787080593407154
calibration_test/brier:	0.16894668340682983
accuracy_test/task:	88.70468056602193
accuracy_test/concepts:	98.06414031982422
map_test/concepts:	0.9500514477491379

Epoch 38
losses_train/task:	0.5653378367424011
losses_train/concepts:	4.333052635192871
losses_train/representations:	2.8701248168945312
losses_train/total:	1.859681248664856
losses_test/task:	0.6244690418243408
losses_test/concepts:	4.50790548324585
losses_test/representations:	3.456665277481079
losses_test/total:	2.112259864807129
calibration_test/ece:	0.032084815204143524
calibration_test/brier:	0.22674758732318878
accuracy_test/task:	84.40927740098803
accuracy_test/concepts:	97.16026306152344
map_test/concepts:	0.9413883820176124

Epoch 39
losses_train/task:	0.5585830211639404
losses_train/concepts:	4.311872482299805
losses_train/representations:	2.8094565868377686
losses_train/total:	1.8326078653335571
losses_test/task:	0.5171170830726624
losses_test/concepts:	3.5020055770874023
losses_test/representations:	3.048252820968628
losses_test/total:	1.7817935943603516
calibration_test/ece:	0.03386246785521507
calibration_test/brier:	0.19204692542552948
accuracy_test/task:	87.10541739931341
accuracy_test/concepts:	97.5805892944336
map_test/concepts:	0.9415065228939057

Epoch 40
losses_train/task:	0.5572324395179749
losses_train/concepts:	4.367731094360352
losses_train/representations:	2.854736328125
losses_train/total:	1.8504269123077393
losses_test/task:	0.4228696823120117
losses_test/concepts:	2.7455668449401855
losses_test/representations:	2.6167843341827393
losses_test/total:	1.482461929321289
calibration_test/ece:	0.022090893238782883
calibration_test/brier:	0.15901106595993042
accuracy_test/task:	89.39127522398057
accuracy_test/concepts:	98.10138702392578
map_test/concepts:	0.9578381657600403

Epoch 41
losses_train/task:	0.5473575592041016
losses_train/concepts:	4.2568464279174805
losses_train/representations:	2.792083740234375
losses_train/total:	1.8106666803359985
losses_test/task:	0.42477700114250183
losses_test/concepts:	2.919544219970703
losses_test/representations:	2.71952748298645
losses_test/total:	1.5325899124145508
calibration_test/ece:	0.02567119337618351
calibration_test/brier:	0.16045445203781128
accuracy_test/task:	89.17357447877417
accuracy_test/concepts:	98.08381652832031
map_test/concepts:	0.9576256424188614

Epoch 42
losses_train/task:	0.5283842086791992
losses_train/concepts:	4.123051643371582
losses_train/representations:	2.6847870349884033
losses_train/total:	1.7461259365081787
losses_test/task:	0.4002203345298767
losses_test/concepts:	2.7374370098114014
losses_test/representations:	2.4529261589050293
losses_test/total:	1.409841775894165
calibration_test/ece:	0.030550949275493622
calibration_test/brier:	0.15105260908603668
accuracy_test/task:	90.13648162103324
accuracy_test/concepts:	98.24415588378906
map_test/concepts:	0.9618466168642044

Epoch 43
losses_train/task:	0.5414347648620605
losses_train/concepts:	4.235105037689209
losses_train/representations:	2.7265408039093018
losses_train/total:	1.782908320426941
losses_test/task:	0.409728467464447
losses_test/concepts:	2.7183659076690674
losses_test/representations:	2.452200412750244
losses_test/total:	1.4172251224517822
calibration_test/ece:	0.024902747943997383
calibration_test/brier:	0.1536305844783783
accuracy_test/task:	89.89366155907226
accuracy_test/concepts:	98.19351196289062
map_test/concepts:	0.9568570047616959

Epoch 44
losses_train/task:	0.5296361446380615
losses_train/concepts:	4.125731468200684
losses_train/representations:	2.6512563228607178
losses_train/total:	1.7375866174697876
losses_test/task:	0.4006362855434418
losses_test/concepts:	2.894597053527832
losses_test/representations:	2.36919903755188
losses_test/total:	1.4008557796478271
calibration_test/ece:	0.02226109430193901
calibration_test/brier:	0.1499999463558197
accuracy_test/task:	89.80993050322364
accuracy_test/concepts:	98.20690155029297
map_test/concepts:	0.9575493216514588

Epoch 45
losses_train/task:	0.4996267855167389
losses_train/concepts:	3.954223871231079
losses_train/representations:	2.5336012840270996
losses_train/total:	1.655129075050354
losses_test/task:	0.3968028426170349
losses_test/concepts:	2.7251389026641846
losses_test/representations:	2.3484015464782715
losses_test/total:	1.3738374710083008
calibration_test/ece:	0.024589266628026962
calibration_test/brier:	0.14969263970851898
accuracy_test/task:	90.08624298752407
accuracy_test/concepts:	98.2487564086914
map_test/concepts:	0.9560998409986496

Epoch 46
losses_train/task:	0.5042688846588135
losses_train/concepts:	3.985318660736084
losses_train/representations:	2.5656967163085938
losses_train/total:	1.6725099086761475
losses_test/task:	0.48835116624832153
losses_test/concepts:	3.354436159133911
losses_test/representations:	2.645390748977661
losses_test/total:	1.6174119710922241
calibration_test/ece:	0.032648708671331406
calibration_test/brier:	0.17639388144016266
accuracy_test/task:	88.11856317508163
accuracy_test/concepts:	97.8949966430664
map_test/concepts:	0.9501353740692139

Epoch 47
losses_train/task:	0.5225130319595337
losses_train/concepts:	3.9560461044311523
losses_train/representations:	2.597165107727051
losses_train/total:	1.6972676515579224
losses_test/task:	0.460784912109375
losses_test/concepts:	3.249178409576416
losses_test/representations:	2.6601626873016357
losses_test/total:	1.58375084400177
calibration_test/ece:	0.028562163934111595
calibration_test/brier:	0.16932284832000732
accuracy_test/task:	88.99773926149209
accuracy_test/concepts:	97.96617126464844
map_test/concepts:	0.9506655022501945

Epoch 48
losses_train/task:	0.5226148366928101
losses_train/concepts:	4.091820240020752
losses_train/representations:	2.6016933917999268
losses_train/total:	1.7123044729232788
losses_test/task:	0.3736334443092346
losses_test/concepts:	2.4161152839660645
losses_test/representations:	2.3241450786590576
losses_test/total:	1.3124889135360718
calibration_test/ece:	0.026994921267032623
calibration_test/brier:	0.1459885686635971
accuracy_test/task:	90.16160093778782
accuracy_test/concepts:	98.25127410888672
map_test/concepts:	0.955598583817482

Epoch 49
losses_train/task:	0.5152295231819153
losses_train/concepts:	4.110321998596191
losses_train/representations:	2.6094846725463867
losses_train/total:	1.709107518196106
losses_test/task:	0.41801688075065613
losses_test/concepts:	2.96665620803833
losses_test/representations:	2.559196949005127
losses_test/total:	1.482441782951355
calibration_test/ece:	0.020199470221996307
calibration_test/brier:	0.16014963388442993
accuracy_test/task:	89.03123168383154
accuracy_test/concepts:	97.99757385253906
map_test/concepts:	0.9521417558193207

Epoch 50
losses_train/task:	0.4924105107784271
losses_train/concepts:	3.9557244777679443
losses_train/representations:	2.515697956085205
losses_train/total:	1.6426923274993896
losses_test/task:	0.39194345474243164
losses_test/concepts:	2.884972333908081
losses_test/representations:	2.2485244274139404
losses_test/total:	1.3549981117248535
calibration_test/ece:	0.03203749656677246
calibration_test/brier:	0.14962421357631683
accuracy_test/task:	90.04437745959977
accuracy_test/concepts:	98.29230499267578
map_test/concepts:	0.9540082722902298

Epoch 51
losses_train/task:	0.41039273142814636
losses_train/concepts:	3.342607021331787
losses_train/representations:	2.047121524810791
losses_train/total:	1.358790397644043
losses_test/task:	0.2801271378993988
losses_test/concepts:	1.9980137348175049
losses_test/representations:	1.737427830696106
losses_test/total:	1.0011568069458008
calibration_test/ece:	0.02234375849366188
calibration_test/brier:	0.11195750534534454
accuracy_test/task:	92.5311898183036
accuracy_test/concepts:	98.69966888427734
map_test/concepts:	0.9615029856562615

Epoch 52
losses_train/task:	0.3715791702270508
losses_train/concepts:	3.0725769996643066
losses_train/representations:	1.8503060340881348
losses_train/total:	1.2339290380477905
losses_test/task:	0.2788447439670563
losses_test/concepts:	1.9950155019760132
losses_test/representations:	1.6683417558670044
losses_test/total:	0.9788487553596497
calibration_test/ece:	0.02516680210828781
calibration_test/brier:	0.10998949408531189
accuracy_test/task:	92.87448714728292
accuracy_test/concepts:	98.7369155883789
map_test/concepts:	0.9639163494110108

Epoch 53
losses_train/task:	0.356212854385376
losses_train/concepts:	2.988701105117798
losses_train/representations:	1.780585527420044
losses_train/total:	1.1892584562301636
losses_test/task:	0.2765023708343506
losses_test/concepts:	1.9338098764419556
losses_test/representations:	1.6767266988754272
losses_test/total:	0.9729013442993164
calibration_test/ece:	0.02302049659192562
calibration_test/brier:	0.1079845055937767
accuracy_test/task:	92.93309888637695
accuracy_test/concepts:	98.73900604248047
map_test/concepts:	0.9644944995641709

Epoch 54
losses_train/task:	0.3362233340740204
losses_train/concepts:	2.8028645515441895
losses_train/representations:	1.6989325284957886
losses_train/total:	1.1261894702911377
losses_test/task:	0.2723500728607178
losses_test/concepts:	1.9649858474731445
losses_test/representations:	1.6157923936843872
losses_test/total:	0.9535864591598511
calibration_test/ece:	0.02562999352812767
calibration_test/brier:	0.10560277104377747
accuracy_test/task:	93.06706857573474
accuracy_test/concepts:	98.79259490966797
map_test/concepts:	0.9661035001277923

Epoch 55
losses_train/task:	0.3351307809352875
losses_train/concepts:	2.877772569656372
losses_train/representations:	1.681845784187317
losses_train/total:	1.1274620294570923
losses_test/task:	0.26827332377433777
losses_test/concepts:	1.920751929283142
losses_test/representations:	1.5885971784591675
losses_test/total:	0.9369276762008667
calibration_test/ece:	0.023878207430243492
calibration_test/brier:	0.10530497878789902
accuracy_test/task:	93.10893410365905
accuracy_test/concepts:	98.80766296386719
map_test/concepts:	0.9671358615159988

Epoch 56
losses_train/task:	0.3280545771121979
losses_train/concepts:	2.8085129261016846
losses_train/representations:	1.6370301246643066
losses_train/total:	1.100014567375183
losses_test/task:	0.27407798171043396
losses_test/concepts:	2.009397506713867
losses_test/representations:	1.592820644378662
losses_test/total:	0.9528639316558838
calibration_test/ece:	0.025234561413526535
calibration_test/brier:	0.1056307926774025
accuracy_test/task:	92.98333751988612
accuracy_test/concepts:	98.81144714355469
map_test/concepts:	0.9683150291442871

Epoch 57
losses_train/task:	0.31877219676971436
losses_train/concepts:	2.676961660385132
losses_train/representations:	1.576664924621582
losses_train/total:	1.0594680309295654
losses_test/task:	0.26917198300361633
losses_test/concepts:	1.9909723997116089
losses_test/representations:	1.5671945810317993
losses_test/total:	0.9384273290634155
calibration_test/ece:	0.02235693857073784
calibration_test/brier:	0.10296764969825745
accuracy_test/task:	93.35175416562002
accuracy_test/concepts:	98.8265151977539
map_test/concepts:	0.9662958949804306

Epoch 58
losses_train/task:	0.3158573806285858
losses_train/concepts:	2.721018075942993
losses_train/representations:	1.5920606851577759
losses_train/total:	1.0655769109725952
losses_test/task:	0.2721172273159027
losses_test/concepts:	2.0947611331939697
losses_test/representations:	1.551305890083313
losses_test/total:	0.9469853639602661
calibration_test/ece:	0.026806160807609558
calibration_test/brier:	0.10487616062164307
accuracy_test/task:	93.30151553211086
accuracy_test/concepts:	98.84618377685547
map_test/concepts:	0.968420821428299

Epoch 59
losses_train/task:	0.30714690685272217
losses_train/concepts:	2.6785926818847656
losses_train/representations:	1.548659324645996
losses_train/total:	1.0396045446395874
losses_test/task:	0.26688623428344727
losses_test/concepts:	1.866241455078125
losses_test/representations:	1.5804458856582642
losses_test/total:	0.9276442527770996
calibration_test/ece:	0.02452661469578743
calibration_test/brier:	0.10274042934179306
accuracy_test/task:	93.38524658795947
accuracy_test/concepts:	98.83949279785156
map_test/concepts:	0.9697576075792312

Epoch 60
losses_train/task:	0.3084923028945923
losses_train/concepts:	2.643498182296753
losses_train/representations:	1.5827480554580688
losses_train/total:	1.0476665496826172
losses_test/task:	0.2708229124546051
losses_test/concepts:	2.1157584190368652
losses_test/representations:	1.5401612520217896
losses_test/total:	0.9444472789764404
calibration_train/ece:	0.005905179772526026
calibration_train/brier:	0.07902758568525314
accuracy_train/task:	94.38920454545455
calibration_test/ece:	0.02779228612780571
calibration_test/brier:	0.10435117036104202
accuracy_test/task:	93.21778447626225
accuracy_train/concepts:	98.979248046875
map_train/concepts:	0.9824577331542969
accuracy_test/concepts:	98.87883758544922
map_test/concepts:	0.9687062472105026
accuracy_test/nuisances_task:	1.4071977138519287
accuracy_test/nuisances_nontask:	0.0
mutual_inf_test/nuisances_task:	0.06453419004631007
mutual_inf_test/nuisances_nontask:	0.0

Traceback (most recent call last):
  File "/research/hal-afsharim/minimal_cbm/bin/train.py", line 31, in <module>
    train.run()
  File "/research/hal-afsharim/minimal_cbm/src/experiments/train.py", line 262, in run
    losses_train = self.train_epoch(epoch)
  File "/research/hal-afsharim/minimal_cbm/src/experiments/train.py", line 79, in train_epoch
    losses_step = self._step(x, y, c, backprop=True)
  File "/research/hal-afsharim/minimal_cbm/src/experiments/train.py", line 62, in _step
    outputs = self.model(x=x, c=c, sampling=True)
  File "/research/hal-afsharim/miniconda3/envs/mcbm/lib/python3.10/site-packages/torch/nn/modules/module.py", line 1130, in _call_impl
    return forward_call(*input, **kwargs)
  File "/research/hal-afsharim/miniconda3/envs/mcbm/lib/python3.10/site-packages/torch/nn/parallel/data_parallel.py", line 166, in forward
    return self.module(*inputs[0], **kwargs[0])
  File "/research/hal-afsharim/miniconda3/envs/mcbm/lib/python3.10/site-packages/torch/nn/modules/module.py", line 1130, in _call_impl
    return forward_call(*input, **kwargs)
  File "/research/hal-afsharim/minimal_cbm/src/models/mcbm.py", line 94, in forward
    z = self.p_z_x(x)
  File "/research/hal-afsharim/minimal_cbm/src/models/vanilla.py", line 66, in p_z_x
    return self.encoder(x)
  File "/research/hal-afsharim/miniconda3/envs/mcbm/lib/python3.10/site-packages/torch/nn/modules/module.py", line 1130, in _call_impl
    return forward_call(*input, **kwargs)
  File "/research/hal-afsharim/miniconda3/envs/mcbm/lib/python3.10/site-packages/torch/nn/modules/container.py", line 139, in forward
    input = module(input)
  File "/research/hal-afsharim/miniconda3/envs/mcbm/lib/python3.10/site-packages/torch/nn/modules/module.py", line 1130, in _call_impl
    return forward_call(*input, **kwargs)
  File "/research/hal-afsharim/miniconda3/envs/mcbm/lib/python3.10/site-packages/torchvision/models/resnet.py", line 285, in forward
    return self._forward_impl(x)
  File "/research/hal-afsharim/miniconda3/envs/mcbm/lib/python3.10/site-packages/torchvision/models/resnet.py", line 274, in _forward_impl
    x = self.layer2(x)
  File "/research/hal-afsharim/miniconda3/envs/mcbm/lib/python3.10/site-packages/torch/nn/modules/module.py", line 1130, in _call_impl
    return forward_call(*input, **kwargs)
  File "/research/hal-afsharim/miniconda3/envs/mcbm/lib/python3.10/site-packages/torch/nn/modules/container.py", line 139, in forward
    input = module(input)
  File "/research/hal-afsharim/miniconda3/envs/mcbm/lib/python3.10/site-packages/torch/nn/modules/module.py", line 1130, in _call_impl
    return forward_call(*input, **kwargs)
  File "/research/hal-afsharim/miniconda3/envs/mcbm/lib/python3.10/site-packages/torchvision/models/resnet.py", line 146, in forward
    out = self.conv1(x)
  File "/research/hal-afsharim/miniconda3/envs/mcbm/lib/python3.10/site-packages/torch/nn/modules/module.py", line 1130, in _call_impl
    return forward_call(*input, **kwargs)
  File "/research/hal-afsharim/miniconda3/envs/mcbm/lib/python3.10/site-packages/torch/nn/modules/conv.py", line 457, in forward
    return self._conv_forward(input, self.weight, self.bias)
  File "/research/hal-afsharim/miniconda3/envs/mcbm/lib/python3.10/site-packages/torch/nn/modules/conv.py", line 453, in _conv_forward
    return F.conv2d(input, weight, bias, self.stride,
RuntimeError: CUDA out of memory. Tried to allocate 98.00 MiB (GPU 0; 10.75 GiB total capacity; 2.94 GiB already allocated; 55.62 MiB free; 3.11 GiB reserved in total by PyTorch) If reserved memory is >> allocated memory try setting max_split_size_mb to avoid fragmentation.  See documentation for Memory Management and PYTORCH_CUDA_ALLOC_CONF
[1;34mwandb[0m:
[1;34mwandb[0m: You can sync this run to the cloud by running:
[1;34mwandb[0m: [1mwandb sync /research/hal-afsharim/minimal_cbm/results/awa2-mcbm-03/42/wandb/offline-run-20260726_214807-gzycfc5m[0m
[1;34mwandb[0m: Find logs at: [1;35mresults/awa2-mcbm-03/42/wandb/offline-run-20260726_214807-gzycfc5m/logs[0m

===== launch 2026-07-30 11:52:11.858222 gpu1 =====
wandb: Using wandb-core as the SDK backend.  Please refer to https://wandb.me/wandb-core for more information.
wandb: Tracking run with wandb version 0.19.0
wandb: W&B syncing is set to `offline` in this directory.  
wandb: Run `wandb online` or set WANDB_MODE=online to enable cloud syncing.
/research/hal-afsharim/miniconda3/envs/mcbm/lib/python3.10/site-packages/torchvision/models/_utils.py:208: UserWarning: The parameter 'pretrained' is deprecated since 0.13 and will be removed in 0.15, please use 'weights' instead.
  warnings.warn(
/research/hal-afsharim/miniconda3/envs/mcbm/lib/python3.10/site-packages/torchvision/models/_utils.py:223: UserWarning: Arguments other than a weight enum or `None` for 'weights' are deprecated since 0.13 and will be removed in 0.15. The current behavior is equivalent to passing `weights=ResNet50_Weights.IMAGENET1K_V1`. You can also use `weights=ResNet50_Weights.DEFAULT` to get the most up-to-date weights.
  warnings.warn(msg)
Epoch 1
losses_train/task:	2.150733232498169
losses_train/concepts:	17.683074951171875
losses_train/representations:	10.255356788635254
losses_train/total:	6.99565315246582
losses_test/task:	1.3627203702926636
losses_test/concepts:	12.351470947265625
losses_test/representations:	7.984140396118164
losses_test/total:	4.993109703063965
calibration_test/ece:	0.07607556134462357
calibration_test/brier:	0.5031091570854187
accuracy_test/task:	63.04111194842167
accuracy_test/concepts:	91.3011703491211
map_test/concepts:	0.835812671482563

Epoch 2
losses_train/task:	1.590628743171692
losses_train/concepts:	12.231019973754883
losses_train/representations:	8.160938262939453
losses_train/total:	5.2620134353637695
losses_test/task:	1.4759180545806885
losses_test/concepts:	10.491857528686523
losses_test/representations:	8.700271606445312
losses_test/total:	5.135185241699219
calibration_test/ece:	0.0378752276301384
calibration_test/brier:	0.5195603370666504
accuracy_test/task:	60.194256049568786
accuracy_test/concepts:	92.06230163574219
map_test/concepts:	0.8324300661683083

Epoch 3
losses_train/task:	1.4372496604919434
losses_train/concepts:	10.553866386413574
losses_train/representations:	7.383235931396484
losses_train/total:	4.707608222961426
losses_test/task:	1.0830276012420654
losses_test/concepts:	7.893796443939209
losses_test/representations:	6.047035217285156
losses_test/total:	3.686518430709839
calibration_test/ece:	0.04702841863036156
calibration_test/brier:	0.40476682782173157
accuracy_test/task:	70.68575734740016
accuracy_test/concepts:	94.86895751953125
map_test/concepts:	0.8912227660417557

Epoch 4
losses_train/task:	1.3264316320419312
losses_train/concepts:	9.523262023925781
losses_train/representations:	6.745902061462402
losses_train/total:	4.30252742767334
losses_test/task:	1.0512429475784302
losses_test/concepts:	6.579493045806885
losses_test/representations:	6.35823917388916
losses_test/total:	3.616663932800293
calibration_test/ece:	0.02667504921555519
calibration_test/brier:	0.3840388357639313
accuracy_test/task:	72.05057355773256
accuracy_test/concepts:	94.84718322753906
map_test/concepts:	0.9061892569065094

Epoch 5
losses_train/task:	1.2326669692993164
losses_train/concepts:	8.994751930236816
losses_train/representations:	6.345542907714844
losses_train/total:	4.035806179046631
losses_test/task:	1.1533889770507812
losses_test/concepts:	7.404856204986572
losses_test/representations:	7.0080180168151855
losses_test/total:	3.9962801933288574
calibration_test/ece:	0.040583766996860504
calibration_test/brier:	0.4166795015335083
accuracy_test/task:	69.53026877668927
accuracy_test/concepts:	93.86921691894531
map_test/concepts:	0.8745277509093284

Epoch 6
losses_train/task:	1.1648619174957275
losses_train/concepts:	8.442956924438477
losses_train/representations:	5.886514186859131
losses_train/total:	3.7751128673553467
losses_test/task:	0.9644654393196106
losses_test/concepts:	6.1719279289245605
losses_test/representations:	6.0036702156066895
losses_test/total:	3.3827595710754395
calibration_test/ece:	0.06124115735292435
calibration_test/brier:	0.36845582723617554
accuracy_test/task:	73.12233107259483
accuracy_test/concepts:	95.5094985961914
map_test/concepts:	0.9043972432613373

Epoch 7
losses_train/task:	1.0984916687011719
losses_train/concepts:	7.936776161193848
losses_train/representations:	5.543307781219482
losses_train/total:	3.555161714553833
losses_test/task:	0.8296902775764465
losses_test/concepts:	5.65745735168457
losses_test/representations:	5.084489822387695
losses_test/total:	2.920783519744873
calibration_test/ece:	0.015891220420598984
calibration_test/brier:	0.304944783449173
accuracy_test/task:	77.8363895168718
accuracy_test/concepts:	95.82392120361328
map_test/concepts:	0.9142139419913292

Epoch 8
losses_train/task:	1.0677554607391357
losses_train/concepts:	7.701473236083984
losses_train/representations:	5.407721042633057
losses_train/total:	3.460219621658325
losses_test/task:	0.8022170066833496
losses_test/concepts:	5.5689897537231445
losses_test/representations:	4.742523670196533
losses_test/total:	2.7818729877471924
calibration_test/ece:	0.03392826020717621
calibration_test/brier:	0.30138099193573
accuracy_test/task:	79.46914510591978
accuracy_test/concepts:	96.06169891357422
map_test/concepts:	0.9115187674760818

Epoch 9
losses_train/task:	1.0087686777114868
losses_train/concepts:	7.452509880065918
losses_train/representations:	5.0985236167907715
losses_train/total:	3.2835776805877686
losses_test/task:	0.6822990775108337
losses_test/concepts:	4.514997482299805
losses_test/representations:	4.504974365234375
losses_test/total:	2.485291004180908
calibration_test/ece:	0.00900003220885992
calibration_test/brier:	0.2606726586818695
accuracy_test/task:	81.90571883111446
accuracy_test/concepts:	96.59005737304688
map_test/concepts:	0.920906101167202

Epoch 10
losses_train/task:	0.9759771823883057
losses_train/concepts:	7.133937835693359
losses_train/representations:	4.961245059967041
losses_train/total:	3.1777431964874268
losses_test/task:	0.9019249081611633
losses_test/concepts:	5.778742790222168
losses_test/representations:	5.202047348022461
losses_test/total:	3.0404133796691895
calibration_test/ece:	0.024870216846466064
calibration_test/brier:	0.33061590790748596
accuracy_test/task:	76.56367746797287
accuracy_test/concepts:	95.74143981933594
map_test/concepts:	0.9019596129655838

Epoch 11
losses_train/task:	0.933989405632019
losses_train/concepts:	6.7558369636535645
losses_train/representations:	4.738124370574951
losses_train/total:	3.0310099124908447
losses_test/task:	0.6011781692504883
losses_test/concepts:	4.001307964324951
losses_test/representations:	3.95378041267395
losses_test/total:	2.187443494796753
calibration_test/ece:	0.01918886974453926
calibration_test/brier:	0.23794730007648468
accuracy_test/task:	83.59708615925646
accuracy_test/concepts:	97.12257385253906
map_test/concepts:	0.9296361908316613

Epoch 12
losses_train/task:	0.9064741730690002
losses_train/concepts:	6.689885139465332
losses_train/representations:	4.591769695281982
losses_train/total:	2.9529926776885986
losses_test/task:	0.6955400705337524
losses_test/concepts:	4.649923324584961
losses_test/representations:	4.416338920593262
losses_test/total:	2.48543381690979
calibration_test/ece:	0.01684163324534893
calibration_test/brier:	0.2575656473636627
accuracy_test/task:	82.21552373775434
accuracy_test/concepts:	96.52182006835938
map_test/concepts:	0.9321282640099525

Epoch 13
losses_train/task:	0.8917297124862671
losses_train/concepts:	6.535635948181152
losses_train/representations:	4.5510382652282715
losses_train/total:	2.910604953765869
losses_test/task:	0.5449582934379578
losses_test/concepts:	3.595075845718384
losses_test/representations:	3.4385435581207275
losses_test/total:	1.9360291957855225
calibration_test/ece:	0.014521017670631409
calibration_test/brier:	0.2164115011692047
accuracy_test/task:	84.89491752490999
accuracy_test/concepts:	97.4420166015625
map_test/concepts:	0.9393987685441971

Epoch 14
losses_train/task:	0.8614939451217651
losses_train/concepts:	6.342957973480225
losses_train/representations:	4.428621768951416
losses_train/total:	2.8243753910064697
losses_test/task:	0.6314325928688049
losses_test/concepts:	4.222612380981445
losses_test/representations:	3.8197367191314697
losses_test/total:	2.199615001678467
calibration_test/ece:	0.020033910870552063
calibration_test/brier:	0.24084240198135376
accuracy_test/task:	83.22866951352256
accuracy_test/concepts:	97.0024185180664
map_test/concepts:	0.9336276784539222

Epoch 15
losses_train/task:	0.8415157198905945
losses_train/concepts:	6.211465358734131
losses_train/representations:	4.261419773101807
losses_train/total:	2.741088628768921
losses_test/task:	0.5990477204322815
losses_test/concepts:	4.307430744171143
losses_test/representations:	3.9696390628814697
losses_test/total:	2.2206833362579346
calibration_test/ece:	0.017223136499524117
calibration_test/brier:	0.2266620546579361
accuracy_test/task:	84.0241145440844
accuracy_test/concepts:	97.07485961914062
map_test/concepts:	0.9300861164927483

Epoch 16
losses_train/task:	0.8202188014984131
losses_train/concepts:	5.869730472564697
losses_train/representations:	4.091818332672119
losses_train/total:	2.6347365379333496
losses_test/task:	0.9913768768310547
losses_test/concepts:	5.827179908752441
losses_test/representations:	5.853610038757324
losses_test/total:	3.33017897605896
calibration_test/ece:	0.06041262298822403
calibration_test/brier:	0.3611455261707306
accuracy_test/task:	74.98116051243406
accuracy_test/concepts:	95.02638244628906
map_test/concepts:	0.8963586047291756

Epoch 17
losses_train/task:	0.8015039563179016
losses_train/concepts:	5.903951168060303
losses_train/representations:	4.088018894195557
losses_train/total:	2.61830472946167
losses_test/task:	0.5866004228591919
losses_test/concepts:	3.7192888259887695
losses_test/representations:	3.731623411178589
losses_test/total:	2.078016519546509
calibration_test/ece:	0.021124806255102158
calibration_test/brier:	0.22590935230255127
accuracy_test/task:	84.19157665578163
accuracy_test/concepts:	97.22389221191406
map_test/concepts:	0.9338836044073104

Epoch 18
losses_train/task:	0.7765660285949707
losses_train/concepts:	5.768224239349365
losses_train/representations:	3.9392974376678467
losses_train/total:	2.535176992416382
losses_test/task:	0.6162794232368469
losses_test/concepts:	4.504950523376465
losses_test/representations:	3.7064507007598877
losses_test/total:	2.1787095069885254
calibration_test/ece:	0.028840187937021255
calibration_test/brier:	0.23655357956886292
accuracy_test/task:	83.42125094197438
accuracy_test/concepts:	97.14812469482422
map_test/concepts:	0.9369215533137322

Epoch 19
losses_train/task:	0.7626111507415771
losses_train/concepts:	5.7763895988464355
losses_train/representations:	3.871021270751953
losses_train/total:	2.501556873321533
losses_test/task:	0.5788897275924683
losses_test/concepts:	3.767242908477783
losses_test/representations:	3.741948127746582
losses_test/total:	2.0781986713409424
calibration_test/ece:	0.01910906657576561
calibration_test/brier:	0.21554318070411682
accuracy_test/task:	85.07075274219208
accuracy_test/concepts:	97.13430786132812
map_test/concepts:	0.9379316434264183

Epoch 20
losses_train/task:	0.7319967150688171
losses_train/concepts:	5.474308490753174
losses_train/representations:	3.697427749633789
losses_train/total:	2.3886566162109375
losses_test/task:	0.5432714819908142
losses_test/concepts:	3.5068485736846924
losses_test/representations:	3.262714147567749
losses_test/total:	1.8727706670761108
calibration_test/ece:	0.019734077155590057
calibration_test/brier:	0.20582450926303864
accuracy_test/task:	85.8243322448296
accuracy_test/concepts:	97.45330810546875
map_test/concepts:	0.9408464148640633

Epoch 21
losses_train/task:	0.7295584678649902
losses_train/concepts:	5.438403606414795
losses_train/representations:	3.6587917804718018
losses_train/total:	2.3710360527038574
losses_test/task:	0.4635784327983856
losses_test/concepts:	3.0591018199920654
losses_test/representations:	3.0104832649230957
losses_test/total:	1.672633171081543
calibration_test/ece:	0.012862118892371655
calibration_test/brier:	0.1807420700788498
accuracy_test/task:	87.48220715063216
accuracy_test/concepts:	97.74261474609375
map_test/concepts:	0.9456538081169128

Epoch 22
losses_train/task:	0.710843026638031
losses_train/concepts:	5.296091556549072
losses_train/representations:	3.5731873512268066
losses_train/total:	2.312408685684204
losses_test/task:	0.693910539150238
losses_test/concepts:	4.318437576293945
losses_test/representations:	3.906994104385376
losses_test/total:	2.2978525161743164
calibration_test/ece:	0.03402223810553551
calibration_test/brier:	0.248114213347435
accuracy_test/task:	82.99422255714644
accuracy_test/concepts:	96.8877182006836
map_test/concepts:	0.9285367369651795

Epoch 23
losses_train/task:	0.6993831396102905
losses_train/concepts:	5.266315460205078
losses_train/representations:	3.5886878967285156
losses_train/total:	2.3026208877563477
losses_test/task:	0.509164035320282
losses_test/concepts:	3.5356905460357666
losses_test/representations:	3.054244041442871
losses_test/total:	1.7790062427520752
calibration_test/ece:	0.018140675500035286
calibration_test/brier:	0.19505710899829865
accuracy_test/task:	86.61140416980658
accuracy_test/concepts:	97.6936264038086
map_test/concepts:	0.9485965982079506

Epoch 24
losses_train/task:	0.690237283706665
losses_train/concepts:	5.22032356262207
losses_train/representations:	3.488332986831665
losses_train/total:	2.2587690353393555
losses_test/task:	0.5472726225852966
losses_test/concepts:	3.5932846069335938
losses_test/representations:	3.3268849849700928
losses_test/total:	1.9046659469604492
calibration_test/ece:	0.020886864513158798
calibration_test/brier:	0.20410539209842682
accuracy_test/task:	86.30159926316671
accuracy_test/concepts:	97.35118103027344
map_test/concepts:	0.9414048090577125

Epoch 25
losses_train/task:	0.6743109226226807
losses_train/concepts:	5.112210273742676
losses_train/representations:	3.4626073837280273
losses_train/total:	2.2243130207061768
losses_test/task:	0.5037633180618286
losses_test/concepts:	3.3165037631988525
losses_test/representations:	3.066274642944336
losses_test/total:	1.7552958726882935
calibration_test/ece:	0.02587088569998741
calibration_test/brier:	0.19074709713459015
accuracy_test/task:	87.22264087750146
accuracy_test/concepts:	97.73171997070312
map_test/concepts:	0.9498787134885788

Epoch 26
losses_train/task:	0.6732164621353149
losses_train/concepts:	5.093615531921387
losses_train/representations:	3.389326572418213
losses_train/total:	2.1993765830993652
losses_test/task:	0.5732734799385071
losses_test/concepts:	3.897305727005005
losses_test/representations:	3.3473360538482666
losses_test/total:	1.967205286026001
calibration_test/ece:	0.01573401317000389
calibration_test/brier:	0.20609845221042633
accuracy_test/task:	85.76572050573557
accuracy_test/concepts:	97.27664184570312
map_test/concepts:	0.9415085718035698

Epoch 27
losses_train/task:	0.6706689596176147
losses_train/concepts:	5.062261581420898
losses_train/representations:	3.3509209156036377
losses_train/total:	2.182170867919922
losses_test/task:	0.49832460284233093
losses_test/concepts:	3.366408109664917
losses_test/representations:	3.0087623596191406
losses_test/total:	1.737594723701477
calibration_test/ece:	0.027873024344444275
calibration_test/brier:	0.18960732221603394
accuracy_test/task:	86.96307460437076
accuracy_test/concepts:	97.72209167480469
map_test/concepts:	0.9476408302783966

Epoch 28
losses_train/task:	0.626217246055603
losses_train/concepts:	4.749708652496338
losses_train/representations:	3.193110942840576
losses_train/total:	2.0591213703155518
losses_test/task:	0.4407312870025635
losses_test/concepts:	2.81894588470459
losses_test/representations:	2.724092483520508
losses_test/total:	1.5398536920547485
calibration_test/ece:	0.02522018551826477
calibration_test/brier:	0.17046023905277252
accuracy_test/task:	88.40324876496693
accuracy_test/concepts:	98.00093078613281
map_test/concepts:	0.9503330901265145

Epoch 29
losses_train/task:	0.6530251502990723
losses_train/concepts:	4.903032302856445
losses_train/representations:	3.272155523300171
losses_train/total:	2.1249756813049316
losses_test/task:	0.550617516040802
losses_test/concepts:	3.5382838249206543
losses_test/representations:	3.1607553958892822
losses_test/total:	1.8526722192764282
calibration_test/ece:	0.03067351132631302
calibration_test/brier:	0.20429635047912598
accuracy_test/task:	86.24298752407267
accuracy_test/concepts:	97.591064453125
map_test/concepts:	0.9397377982735634

Epoch 30
losses_train/task:	0.6033093333244324
losses_train/concepts:	4.588770866394043
losses_train/representations:	3.0533647537231445
losses_train/total:	1.978195309638977
losses_test/task:	0.49034440517425537
losses_test/concepts:	2.9853434562683105
losses_test/representations:	2.913834571838379
losses_test/total:	1.6630289554595947
calibration_test/ece:	0.025301368907094002
calibration_test/brier:	0.18736080825328827
accuracy_test/task:	87.45708783387758
accuracy_test/concepts:	97.7137222290039
map_test/concepts:	0.9422024071216584

Epoch 31
losses_train/task:	0.6190558075904846
losses_train/concepts:	4.663708209991455
losses_train/representations:	3.1422035694122314
losses_train/total:	2.0280890464782715
losses_test/task:	0.4335397481918335
losses_test/concepts:	2.9189491271972656
losses_test/representations:	2.7731659412384033
losses_test/total:	1.5573844909667969
calibration_test/ece:	0.021437443792819977
calibration_test/brier:	0.1641717404127121
accuracy_test/task:	89.14008205643474
accuracy_test/concepts:	97.9875259399414
map_test/concepts:	0.9513861536979675

Epoch 32
losses_train/task:	0.5983266830444336
losses_train/concepts:	4.639064788818359
losses_train/representations:	3.047565460205078
losses_train/total:	1.9765018224716187
losses_test/task:	0.4882931113243103
losses_test/concepts:	3.3418753147125244
losses_test/representations:	2.986269950866699
losses_test/total:	1.7183618545532227
calibration_test/ece:	0.03017016500234604
calibration_test/brier:	0.1843237429857254
accuracy_test/task:	87.49058025621703
accuracy_test/concepts:	97.71121215820312
map_test/concepts:	0.9512320846319199

Epoch 33
losses_train/task:	0.5902251601219177
losses_train/concepts:	4.604146480560303
losses_train/representations:	3.0450925827026367
losses_train/total:	1.964167594909668
losses_test/task:	0.4172023832798004
losses_test/concepts:	2.6382675170898438
losses_test/representations:	2.538015127182007
losses_test/total:	1.4424339532852173
calibration_test/ece:	0.02310565672814846
calibration_test/brier:	0.16165202856063843
accuracy_test/task:	88.96424683915264
accuracy_test/concepts:	98.04237365722656
map_test/concepts:	0.9517796769738197

Epoch 34
losses_train/task:	0.5933200120925903
losses_train/concepts:	4.56270694732666
losses_train/representations:	3.016770124435425
losses_train/total:	1.9546215534210205
losses_test/task:	0.44781258702278137
losses_test/concepts:	3.065777540206909
losses_test/representations:	2.8133716583251953
losses_test/total:	1.5984013080596924
calibration_test/ece:	0.033939555287361145
calibration_test/brier:	0.17366714775562286
accuracy_test/task:	88.277652181194
accuracy_test/concepts:	97.92974853515625
map_test/concepts:	0.9532583713531494

Epoch 35
losses_train/task:	0.5870178937911987
losses_train/concepts:	4.500147342681885
losses_train/representations:	2.9851136207580566
losses_train/total:	1.9325668811798096
losses_test/task:	0.4413154125213623
losses_test/concepts:	3.3852131366729736
losses_test/representations:	2.6297988891601562
losses_test/total:	1.5687763690948486
calibration_test/ece:	0.020845916122198105
calibration_test/brier:	0.16695712506771088
accuracy_test/task:	88.7549191995311
accuracy_test/concepts:	98.01390075683594
map_test/concepts:	0.9495431363582612

Epoch 36
losses_train/task:	0.5736071467399597
losses_train/concepts:	4.491394996643066
losses_train/representations:	2.9270291328430176
losses_train/total:	1.9008554220199585
losses_test/task:	0.5039655566215515
losses_test/concepts:	3.391528367996216
losses_test/representations:	3.06003999710083
losses_test/total:	1.761130928993225
calibration_test/ece:	0.04250415042042732
calibration_test/brier:	0.19424691796302795
accuracy_test/task:	87.15565603282258
accuracy_test/concepts:	97.70826721191406
map_test/concepts:	0.944153507053852

Epoch 37
losses_train/task:	0.5812569260597229
losses_train/concepts:	4.453904628753662
losses_train/representations:	2.917165994644165
losses_train/total:	1.9017977714538574
losses_test/task:	0.44732701778411865
losses_test/concepts:	3.006470203399658
losses_test/representations:	2.776874303817749
losses_test/total:	1.5810363292694092
calibration_test/ece:	0.02787080593407154
calibration_test/brier:	0.16894668340682983
accuracy_test/task:	88.70468056602193
accuracy_test/concepts:	98.06414031982422
map_test/concepts:	0.9500514477491379

Epoch 38
losses_train/task:	0.5653378367424011
losses_train/concepts:	4.333052635192871
losses_train/representations:	2.8701248168945312
losses_train/total:	1.859681248664856
losses_test/task:	0.6244690418243408
losses_test/concepts:	4.50790548324585
losses_test/representations:	3.456665277481079
losses_test/total:	2.112259864807129
calibration_test/ece:	0.032084815204143524
calibration_test/brier:	0.22674758732318878
accuracy_test/task:	84.40927740098803
accuracy_test/concepts:	97.16026306152344
map_test/concepts:	0.9413883820176124

Epoch 39
losses_train/task:	0.5585830211639404
losses_train/concepts:	4.311872482299805
losses_train/representations:	2.8094565868377686
losses_train/total:	1.8326078653335571
losses_test/task:	0.5171170830726624
losses_test/concepts:	3.5020055770874023
losses_test/representations:	3.048252820968628
losses_test/total:	1.7817935943603516
calibration_test/ece:	0.03386246785521507
calibration_test/brier:	0.19204692542552948
accuracy_test/task:	87.10541739931341
accuracy_test/concepts:	97.5805892944336
map_test/concepts:	0.9415065228939057

Epoch 40
losses_train/task:	0.5572324395179749
losses_train/concepts:	4.367731094360352
losses_train/representations:	2.854736328125
losses_train/total:	1.8504269123077393
losses_test/task:	0.4228696823120117
losses_test/concepts:	2.7455668449401855
losses_test/representations:	2.6167843341827393
losses_test/total:	1.482461929321289
calibration_test/ece:	0.022090893238782883
calibration_test/brier:	0.15901106595993042
accuracy_test/task:	89.39127522398057
accuracy_test/concepts:	98.10138702392578
map_test/concepts:	0.9578381657600403

Epoch 41
losses_train/task:	0.5473575592041016
losses_train/concepts:	4.2568464279174805
losses_train/representations:	2.792083740234375
losses_train/total:	1.8106666803359985
losses_test/task:	0.42477700114250183
losses_test/concepts:	2.919544219970703
losses_test/representations:	2.71952748298645
losses_test/total:	1.5325899124145508
calibration_test/ece:	0.02567119337618351
calibration_test/brier:	0.16045445203781128
accuracy_test/task:	89.17357447877417
accuracy_test/concepts:	98.08381652832031
map_test/concepts:	0.9576256424188614

Epoch 42
losses_train/task:	0.5283842086791992
losses_train/concepts:	4.123051643371582
losses_train/representations:	2.6847870349884033
losses_train/total:	1.7461259365081787
losses_test/task:	0.4002203345298767
losses_test/concepts:	2.7374370098114014
losses_test/representations:	2.4529261589050293
losses_test/total:	1.409841775894165
calibration_test/ece:	0.030550949275493622
calibration_test/brier:	0.15105260908603668
accuracy_test/task:	90.13648162103324
accuracy_test/concepts:	98.24415588378906
map_test/concepts:	0.9618466168642044

Epoch 43
losses_train/task:	0.5414347648620605
losses_train/concepts:	4.235105037689209
losses_train/representations:	2.7265408039093018
losses_train/total:	1.782908320426941
losses_test/task:	0.409728467464447
losses_test/concepts:	2.7183659076690674
losses_test/representations:	2.452200412750244
losses_test/total:	1.4172251224517822
calibration_test/ece:	0.024902747943997383
calibration_test/brier:	0.1536305844783783
accuracy_test/task:	89.89366155907226
accuracy_test/concepts:	98.19351196289062
map_test/concepts:	0.9568570047616959

Epoch 44
losses_train/task:	0.5296361446380615
losses_train/concepts:	4.125731468200684
losses_train/representations:	2.6512563228607178
losses_train/total:	1.7375866174697876
losses_test/task:	0.4006362855434418
losses_test/concepts:	2.894597053527832
losses_test/representations:	2.36919903755188
losses_test/total:	1.4008557796478271
calibration_test/ece:	0.02226109430193901
calibration_test/brier:	0.1499999463558197
accuracy_test/task:	89.80993050322364
accuracy_test/concepts:	98.20690155029297
map_test/concepts:	0.9575493216514588

Epoch 45
losses_train/task:	0.4996267855167389
losses_train/concepts:	3.954223871231079
losses_train/representations:	2.5336012840270996
losses_train/total:	1.655129075050354
losses_test/task:	0.3968028426170349
losses_test/concepts:	2.7251389026641846
losses_test/representations:	2.3484015464782715
losses_test/total:	1.3738374710083008
calibration_test/ece:	0.024589266628026962
calibration_test/brier:	0.14969263970851898
accuracy_test/task:	90.08624298752407
accuracy_test/concepts:	98.2487564086914
map_test/concepts:	0.9560998409986496

Epoch 46
losses_train/task:	0.5042688846588135
losses_train/concepts:	3.985318660736084
losses_train/representations:	2.5656967163085938
losses_train/total:	1.6725099086761475
losses_test/task:	0.48835116624832153
losses_test/concepts:	3.354436159133911
losses_test/representations:	2.645390748977661
losses_test/total:	1.6174119710922241
calibration_test/ece:	0.032648708671331406
calibration_test/brier:	0.17639388144016266
accuracy_test/task:	88.11856317508163
accuracy_test/concepts:	97.8949966430664
map_test/concepts:	0.9501353740692139

Epoch 47
losses_train/task:	0.5225130319595337
losses_train/concepts:	3.9560461044311523
losses_train/representations:	2.597165107727051
losses_train/total:	1.6972676515579224
losses_test/task:	0.460784912109375
losses_test/concepts:	3.249178409576416
losses_test/representations:	2.6601626873016357
losses_test/total:	1.58375084400177
calibration_test/ece:	0.028562163934111595
calibration_test/brier:	0.16932284832000732
accuracy_test/task:	88.99773926149209
accuracy_test/concepts:	97.96617126464844
map_test/concepts:	0.9506655022501945

Epoch 48
losses_train/task:	0.5226148366928101
losses_train/concepts:	4.091820240020752
losses_train/representations:	2.6016933917999268
losses_train/total:	1.7123044729232788
losses_test/task:	0.3736334443092346
losses_test/concepts:	2.4161152839660645
losses_test/representations:	2.3241450786590576
losses_test/total:	1.3124889135360718
calibration_test/ece:	0.026994921267032623
calibration_test/brier:	0.1459885686635971
accuracy_test/task:	90.16160093778782
accuracy_test/concepts:	98.25127410888672
map_test/concepts:	0.955598583817482

Epoch 49
losses_train/task:	0.5152295231819153
losses_train/concepts:	4.110321998596191
losses_train/representations:	2.6094846725463867
losses_train/total:	1.709107518196106
losses_test/task:	0.41801688075065613
losses_test/concepts:	2.96665620803833
losses_test/representations:	2.559196949005127
losses_test/total:	1.482441782951355
calibration_test/ece:	0.020199470221996307
calibration_test/brier:	0.16014963388442993
accuracy_test/task:	89.03123168383154
accuracy_test/concepts:	97.99757385253906
map_test/concepts:	0.9521417558193207

Epoch 50
losses_train/task:	0.4924105107784271
losses_train/concepts:	3.9557244777679443
losses_train/representations:	2.515697956085205
losses_train/total:	1.6426923274993896
losses_test/task:	0.39194345474243164
losses_test/concepts:	2.884972333908081
losses_test/representations:	2.2485244274139404
losses_test/total:	1.3549981117248535
calibration_test/ece:	0.03203749656677246
calibration_test/brier:	0.14962421357631683
accuracy_test/task:	90.04437745959977
accuracy_test/concepts:	98.29230499267578
map_test/concepts:	0.9540082722902298

Epoch 51
losses_train/task:	0.41039273142814636
losses_train/concepts:	3.342607021331787
losses_train/representations:	2.047121524810791
losses_train/total:	1.358790397644043
losses_test/task:	0.2801271378993988
losses_test/concepts:	1.9980137348175049
losses_test/representations:	1.737427830696106
losses_test/total:	1.0011568069458008
calibration_test/ece:	0.02234375849366188
calibration_test/brier:	0.11195750534534454
accuracy_test/task:	92.5311898183036
accuracy_test/concepts:	98.69966888427734
map_test/concepts:	0.9615029856562615

Epoch 52
losses_train/task:	0.3715791702270508
losses_train/concepts:	3.0725769996643066
losses_train/representations:	1.8503060340881348
losses_train/total:	1.2339290380477905
losses_test/task:	0.2788447439670563
losses_test/concepts:	1.9950155019760132
losses_test/representations:	1.6683417558670044
losses_test/total:	0.9788487553596497
calibration_test/ece:	0.02516680210828781
calibration_test/brier:	0.10998949408531189
accuracy_test/task:	92.87448714728292
accuracy_test/concepts:	98.7369155883789
map_test/concepts:	0.9639163494110108

Epoch 53
losses_train/task:	0.356212854385376
losses_train/concepts:	2.988701105117798
losses_train/representations:	1.780585527420044
losses_train/total:	1.1892584562301636
losses_test/task:	0.2765023708343506
losses_test/concepts:	1.9338098764419556
losses_test/representations:	1.6767266988754272
losses_test/total:	0.9729013442993164
calibration_test/ece:	0.02302049659192562
calibration_test/brier:	0.1079845055937767
accuracy_test/task:	92.93309888637695
accuracy_test/concepts:	98.73900604248047
map_test/concepts:	0.9644944995641709

Epoch 54
losses_train/task:	0.3362233340740204
losses_train/concepts:	2.8028645515441895
losses_train/representations:	1.6989325284957886
losses_train/total:	1.1261894702911377
losses_test/task:	0.2723500728607178
losses_test/concepts:	1.9649858474731445
losses_test/representations:	1.6157923936843872
losses_test/total:	0.9535864591598511
calibration_test/ece:	0.02562999352812767
calibration_test/brier:	0.10560277104377747
accuracy_test/task:	93.06706857573474
accuracy_test/concepts:	98.79259490966797
map_test/concepts:	0.9661035001277923

Epoch 55
losses_train/task:	0.3351307809352875
losses_train/concepts:	2.877772569656372
losses_train/representations:	1.681845784187317
losses_train/total:	1.1274620294570923
losses_test/task:	0.26827332377433777
losses_test/concepts:	1.920751929283142
losses_test/representations:	1.5885971784591675
losses_test/total:	0.9369276762008667
calibration_test/ece:	0.023878207430243492
calibration_test/brier:	0.10530497878789902
accuracy_test/task:	93.10893410365905
accuracy_test/concepts:	98.80766296386719
map_test/concepts:	0.9671358615159988

Epoch 56
losses_train/task:	0.3280545771121979
losses_train/concepts:	2.8085129261016846
losses_train/representations:	1.6370301246643066
losses_train/total:	1.100014567375183
losses_test/task:	0.27407798171043396
losses_test/concepts:	2.009397506713867
losses_test/representations:	1.592820644378662
losses_test/total:	0.9528639316558838
calibration_test/ece:	0.025234561413526535
calibration_test/brier:	0.1056307926774025
accuracy_test/task:	92.98333751988612
accuracy_test/concepts:	98.81144714355469
map_test/concepts:	0.9683150291442871

Epoch 57
losses_train/task:	0.31877219676971436
losses_train/concepts:	2.676961660385132
losses_train/representations:	1.576664924621582
losses_train/total:	1.0594680309295654
losses_test/task:	0.26917198300361633
losses_test/concepts:	1.9909723997116089
losses_test/representations:	1.5671945810317993
losses_test/total:	0.9384273290634155
calibration_test/ece:	0.02235693857073784
calibration_test/brier:	0.10296764969825745
accuracy_test/task:	93.35175416562002
accuracy_test/concepts:	98.8265151977539
map_test/concepts:	0.9662958949804306

Epoch 58
losses_train/task:	0.3158573806285858
losses_train/concepts:	2.721018075942993
losses_train/representations:	1.5920606851577759
losses_train/total:	1.0655769109725952
losses_test/task:	0.2721172273159027
losses_test/concepts:	2.0947611331939697
losses_test/representations:	1.551305890083313
losses_test/total:	0.9469853639602661
calibration_test/ece:	0.026806160807609558
calibration_test/brier:	0.10487616062164307
accuracy_test/task:	93.30151553211086
accuracy_test/concepts:	98.84618377685547
map_test/concepts:	0.968420821428299

Epoch 59
losses_train/task:	0.30714690685272217
losses_train/concepts:	2.6785926818847656
losses_train/representations:	1.548659324645996
losses_train/total:	1.0396045446395874
losses_test/task:	0.26688623428344727
losses_test/concepts:	1.866241455078125
losses_test/representations:	1.5804458856582642
losses_test/total:	0.9276442527770996
calibration_test/ece:	0.02452661469578743
calibration_test/brier:	0.10274042934179306
accuracy_test/task:	93.38524658795947
accuracy_test/concepts:	98.83949279785156
map_test/concepts:	0.9697576075792312

Epoch 60
losses_train/task:	0.3084923028945923
losses_train/concepts:	2.643498182296753
losses_train/representations:	1.5827480554580688
losses_train/total:	1.0476665496826172
losses_test/task:	0.2708229124546051
losses_test/concepts:	2.1157584190368652
losses_test/representations:	1.5401612520217896
losses_test/total:	0.9444472789764404
calibration_train/ece:	0.005905179772526026
calibration_train/brier:	0.07902758568525314
accuracy_train/task:	94.38920454545455
calibration_test/ece:	0.02779228612780571
calibration_test/brier:	0.10435117036104202
accuracy_test/task:	93.21778447626225
accuracy_train/concepts:	98.979248046875
map_train/concepts:	0.9824577331542969
accuracy_test/concepts:	98.87883758544922
map_test/concepts:	0.9687062472105026
accuracy_test/nuisances_task:	1.4071977138519287
accuracy_test/nuisances_nontask:	0.0
mutual_inf_test/nuisances_task:	0.06453419004631007
mutual_inf_test/nuisances_nontask:	0.0

Epoch 61
losses_train/task:	0.3042657673358917
losses_train/concepts:	2.6261987686157227
losses_train/representations:	1.5381301641464233
losses_train/total:	1.0283247232437134
losses_test/task:	0.26767250895500183
losses_test/concepts:	1.902956485748291
losses_test/representations:	1.5536326169967651
losses_test/total:	0.9240581393241882
calibration_test/ece:	0.026943709701299667
calibration_test/brier:	0.1028141900897026
accuracy_test/task:	93.25965000418655
accuracy_test/concepts:	98.85749816894531
map_test/concepts:	0.9698025822639466

Epoch 62
losses_train/task:	0.29935359954833984
losses_train/concepts:	2.619459629058838
losses_train/representations:	1.5413930416107178
losses_train/total:	1.0237172842025757
losses_test/task:	0.2678418457508087
losses_test/concepts:	1.9411778450012207
losses_test/representations:	1.5423619747161865
losses_test/total:	0.9246683120727539
calibration_test/ece:	0.02641914412379265
calibration_test/brier:	0.10222708433866501
accuracy_test/task:	93.34338106003517
accuracy_test/concepts:	98.85623931884766
map_test/concepts:	0.968247526884079

Epoch 63
losses_train/task:	0.2973119616508484
losses_train/concepts:	2.5307421684265137
losses_train/representations:	1.4919582605361938
losses_train/total:	0.9979735612869263
losses_test/task:	0.26805993914604187
losses_test/concepts:	2.040245532989502
losses_test/representations:	1.5275629758834839
losses_test/total:	0.9303535223007202
calibration_test/ece:	0.02655695006251335
calibration_test/brier:	0.10192255675792694
accuracy_test/task:	93.39361969354434
accuracy_test/concepts:	98.87257385253906
map_test/concepts:	0.9683562487363815

Epoch 64
losses_train/task:	0.2950038015842438
losses_train/concepts:	2.5451340675354004
losses_train/representations:	1.4842922687530518
losses_train/total:	0.994805097579956
losses_test/task:	0.26941144466400146
losses_test/concepts:	1.9820082187652588
losses_test/representations:	1.5372624397277832
losses_test/total:	0.9287911653518677
calibration_test/ece:	0.02628261223435402
calibration_test/brier:	0.10253090411424637
accuracy_test/task:	93.34338106003517
accuracy_test/concepts:	98.87882995605469
map_test/concepts:	0.9691687166690827

Epoch 65
losses_train/task:	0.2867628037929535
losses_train/concepts:	2.448859691619873
losses_train/representations:	1.4396824836730957
losses_train/total:	0.963553786277771
losses_test/task:	0.26173943281173706
losses_test/concepts:	1.961878776550293
losses_test/representations:	1.5011638402938843
losses_test/total:	0.9082762002944946
calibration_test/ece:	0.02594335749745369
calibration_test/brier:	0.10048341751098633
accuracy_test/task:	93.49409696056267
accuracy_test/concepts:	98.88679504394531
map_test/concepts:	0.9706609666347503

Epoch 66
losses_train/task:	0.29558441042900085
losses_train/concepts:	2.587463140487671
losses_train/representations:	1.487117052078247
losses_train/total:	1.0004658699035645
losses_test/task:	0.2644166350364685
losses_test/concepts:	2.011702060699463
losses_test/representations:	1.5163953304290771
losses_test/total:	0.9205055236816406
calibration_test/ece:	0.02861887402832508
calibration_test/brier:	0.10134925693273544
accuracy_test/task:	93.45223143263837
accuracy_test/concepts:	98.89349365234375
map_test/concepts:	0.9701746702194214

Epoch 67
losses_train/task:	0.28791162371635437
losses_train/concepts:	2.536017894744873
losses_train/representations:	1.4622071981430054
losses_train/total:	0.9801753759384155
losses_test/task:	0.2676251232624054
losses_test/concepts:	2.087970495223999
losses_test/representations:	1.5112217664718628
losses_test/total:	0.9297887086868286
calibration_test/ece:	0.02794397808611393
calibration_test/brier:	0.10164054483175278
accuracy_test/task:	93.58620112199615
accuracy_test/concepts:	98.90648651123047
map_test/concepts:	0.970932126045227

Epoch 68
losses_train/task:	0.292982280254364
losses_train/concepts:	2.4719386100769043
losses_train/representations:	1.464934229850769
losses_train/total:	0.9796563386917114
losses_test/task:	0.2662850022315979
losses_test/concepts:	2.2565579414367676
losses_test/representations:	1.48707115650177
losses_test/total:	0.9380624890327454
calibration_test/ece:	0.027734089642763138
calibration_test/brier:	0.10161818563938141
accuracy_test/task:	93.53596248848697
accuracy_test/concepts:	98.89810180664062
map_test/concepts:	0.9697094440460206

Epoch 69
losses_train/task:	0.291446328163147
losses_train/concepts:	2.5405423641204834
losses_train/representations:	1.4666165113449097
losses_train/total:	0.9854857325553894
losses_test/task:	0.26989078521728516
losses_test/concepts:	2.1799936294555664
losses_test/representations:	1.5132725238800049
losses_test/total:	0.9418717622756958
calibration_test/ece:	0.027695760130882263
calibration_test/brier:	0.10251311212778091
accuracy_test/task:	93.35175416562002
accuracy_test/concepts:	98.8888931274414
map_test/concepts:	0.9703139960765839

Epoch 70
losses_train/task:	0.28224873542785645
losses_train/concepts:	2.413712739944458
losses_train/representations:	1.4401565790176392
losses_train/total:	0.9556671380996704
losses_test/task:	0.2644428014755249
losses_test/concepts:	2.219994068145752
losses_test/representations:	1.4939563274383545
losses_test/total:	0.9346289038658142
calibration_test/ece:	0.025805450975894928
calibration_test/brier:	0.10045624524354935
accuracy_test/task:	93.68667838901449
accuracy_test/concepts:	98.91065979003906
map_test/concepts:	0.9705397129058838

Epoch 71
losses_train/task:	0.28484630584716797
losses_train/concepts:	2.476487159729004
losses_train/representations:	1.446562647819519
losses_train/total:	0.9664637446403503
losses_test/task:	0.26259756088256836
losses_test/concepts:	2.083866596221924
losses_test/representations:	1.4776225090026855
losses_test/total:	0.9142710566520691
calibration_test/ece:	0.026971152052283287
calibration_test/brier:	0.10017695277929306
accuracy_test/task:	93.60294733316587
accuracy_test/concepts:	98.92991638183594
map_test/concepts:	0.9710719585418701

Epoch 72
losses_train/task:	0.2807861268520355
losses_train/concepts:	2.4305765628814697
losses_train/representations:	1.4231988191604614
losses_train/total:	0.950802743434906
losses_test/task:	0.27002620697021484
losses_test/concepts:	2.229705572128296
losses_test/representations:	1.5010461807250977
losses_test/total:	0.943310558795929
calibration_test/ece:	0.030904795974493027
calibration_test/brier:	0.10340026021003723
accuracy_test/task:	93.41873901029892
accuracy_test/concepts:	98.9056396484375
map_test/concepts:	0.9710587590932847

Epoch 73
losses_train/task:	0.27895668148994446
losses_train/concepts:	2.3664886951446533
losses_train/representations:	1.386879801750183
losses_train/total:	0.9316693544387817
losses_test/task:	0.2665848433971405
losses_test/concepts:	1.9180433750152588
losses_test/representations:	1.4997003078460693
losses_test/total:	0.9082992672920227
calibration_test/ece:	0.02835981175303459
calibration_test/brier:	0.10217409580945969
accuracy_test/task:	93.51084317173239
accuracy_test/concepts:	98.9094009399414
map_test/concepts:	0.9699319839477539

Epoch 74
losses_train/task:	0.2831666171550751
losses_train/concepts:	2.4983296394348145
losses_train/representations:	1.4308271408081055
losses_train/total:	0.9622478485107422
losses_test/task:	0.26687225699424744
losses_test/concepts:	1.860996127128601
losses_test/representations:	1.5227861404418945
losses_test/total:	0.9098078608512878
calibration_test/ece:	0.0298457108438015
calibration_test/brier:	0.10367975383996964
accuracy_test/task:	93.38524658795947
accuracy_test/concepts:	98.89559173583984
map_test/concepts:	0.9646375864744187

Epoch 75
losses_train/task:	0.27473747730255127
losses_train/concepts:	2.3722434043884277
losses_train/representations:	1.3896721601486206
losses_train/total:	0.9288635849952698
losses_test/task:	0.26360562443733215
losses_test/concepts:	1.9003149271011353
losses_test/representations:	1.5031781196594238
losses_test/total:	0.9045906066894531
calibration_test/ece:	0.028482314199209213
calibration_test/brier:	0.10133493691682816
accuracy_test/task:	93.4857238549778
accuracy_test/concepts:	98.8888931274414
map_test/concepts:	0.9692930191755295

Epoch 76
losses_train/task:	0.2773870825767517
losses_train/concepts:	2.4806737899780273
losses_train/representations:	1.4097858667373657
losses_train/total:	0.9483897089958191
losses_test/task:	0.26190435886383057
losses_test/concepts:	1.8132753372192383
losses_test/representations:	1.5085139274597168
losses_test/total:	0.895785927772522
calibration_test/ece:	0.02830536663532257
calibration_test/brier:	0.10019328445196152
accuracy_test/task:	93.594574227581
accuracy_test/concepts:	98.9035415649414
map_test/concepts:	0.9666817992925644

Epoch 77
losses_train/task:	0.2771556079387665
losses_train/concepts:	2.3957607746124268
losses_train/representations:	1.3968021869659424
losses_train/total:	0.9357723593711853
losses_test/task:	0.2649991810321808
losses_test/concepts:	2.436110019683838
losses_test/representations:	1.4776211977005005
losses_test/total:	0.951896607875824
calibration_test/ece:	0.027854274958372116
calibration_test/brier:	0.10067208111286163
accuracy_test/task:	93.62806664992046
accuracy_test/concepts:	98.93033599853516
map_test/concepts:	0.9680974096059799

Epoch 78
losses_train/task:	0.2771896719932556
losses_train/concepts:	2.351386070251465
losses_train/representations:	1.4013115167617798
losses_train/total:	0.9327218532562256
losses_test/task:	0.2620798945426941
losses_test/concepts:	2.4031951427459717
losses_test/representations:	1.4754887819290161
losses_test/total:	0.9450463056564331
calibration_test/ece:	0.02800934575498104
calibration_test/brier:	0.09932538121938705
accuracy_test/task:	93.6615590722599
accuracy_test/concepts:	98.93745422363281
map_test/concepts:	0.9688039183616638

Epoch 79
losses_train/task:	0.28061336278915405
losses_train/concepts:	2.4509177207946777
losses_train/representations:	1.410840630531311
losses_train/total:	0.9489572048187256
losses_test/task:	0.26148080825805664
losses_test/concepts:	2.207646369934082
losses_test/representations:	1.4705219268798828
losses_test/total:	0.9234023094177246
calibration_test/ece:	0.027469757944345474
calibration_test/brier:	0.09987884014844894
accuracy_test/task:	93.63643975550532
accuracy_test/concepts:	98.93242645263672
map_test/concepts:	0.9702553570270538

Epoch 80
losses_train/task:	0.2810223400592804
losses_train/concepts:	2.4766757488250732
losses_train/representations:	1.4317494630813599
losses_train/total:	0.9582149386405945
losses_test/task:	0.2639295756816864
losses_test/concepts:	2.1550064086914062
losses_test/representations:	1.4797605276107788
losses_test/total:	0.9233582615852356
calibration_test/ece:	0.029281223192811012
calibration_test/brier:	0.10019545257091522
accuracy_test/task:	93.64481286109017
accuracy_test/concepts:	98.92698669433594
map_test/concepts:	0.9700017422437668

Epoch 81
losses_train/task:	0.2714794874191284
losses_train/concepts:	2.3508214950561523
losses_train/representations:	1.3601104021072388
losses_train/total:	0.9145948886871338
losses_test/task:	0.26513633131980896
losses_test/concepts:	2.378052234649658
losses_test/representations:	1.4687401056289673
losses_test/total:	0.9435638189315796
calibration_test/ece:	0.0295200627297163
calibration_test/brier:	0.10077472776174545
accuracy_test/task:	93.56108180524157
accuracy_test/concepts:	98.94080352783203
map_test/concepts:	0.970214569568634

Epoch 82
losses_train/task:	0.27148202061653137
losses_train/concepts:	2.37532901763916
losses_train/representations:	1.3798236846923828
losses_train/total:	0.9229620099067688
losses_test/task:	0.2654607594013214
losses_test/concepts:	2.31487774848938
losses_test/representations:	1.4644094705581665
losses_test/total:	0.9362713098526001
calibration_test/ece:	0.029079267755150795
calibration_test/brier:	0.1006585881114006
accuracy_test/task:	93.63643975550532
accuracy_test/concepts:	98.92405700683594
map_test/concepts:	0.9704949855804443

Epoch 83
losses_train/task:	0.27214860916137695
losses_train/concepts:	2.324723720550537
losses_train/representations:	1.3687317371368408
losses_train/total:	0.9152404069900513
losses_test/task:	0.26354217529296875
losses_test/concepts:	1.958356261253357
losses_test/representations:	1.4850025177001953
losses_test/total:	0.9048784375190735
calibration_test/ece:	0.0273472610861063
calibration_test/brier:	0.10028871893882751
accuracy_test/task:	93.594574227581
accuracy_test/concepts:	98.91107940673828
map_test/concepts:	0.9697360426187516

Epoch 84
losses_train/task:	0.2717578113079071
losses_train/concepts:	2.3385519981384277
losses_train/representations:	1.3668009042739868
losses_train/total:	0.9156529307365417
losses_test/task:	0.2655959129333496
losses_test/concepts:	2.1037373542785645
losses_test/representations:	1.493665337562561
losses_test/total:	0.9240694046020508
calibration_test/ece:	0.029318619519472122
calibration_test/brier:	0.1010439470410347
accuracy_test/task:	93.54433559407184
accuracy_test/concepts:	98.93202209472656
map_test/concepts:	0.969217962026596

Epoch 85
losses_train/task:	0.26841503381729126
losses_train/concepts:	2.2604126930236816
losses_train/representations:	1.3511359691619873
losses_train/total:	0.8997970223426819
losses_test/task:	0.26839733123779297
losses_test/concepts:	2.6404311656951904
losses_test/representations:	1.473624348640442
losses_test/total:	0.9745281934738159
calibration_test/ece:	0.028350241482257843
calibration_test/brier:	0.09987615793943405
accuracy_test/task:	93.79552876161769
accuracy_test/concepts:	98.93787384033203
map_test/concepts:	0.9696586221456528

Epoch 86
losses_train/task:	0.2602502107620239
losses_train/concepts:	2.256783962249756
losses_train/representations:	1.321533203125
losses_train/total:	0.8823885917663574
losses_test/task:	0.2707735598087311
losses_test/concepts:	2.9561312198638916
losses_test/representations:	1.4535939693450928
losses_test/total:	1.0024646520614624
calibration_test/ece:	0.03028934635221958
calibration_test/brier:	0.10090667754411697
accuracy_test/task:	93.6615590722599
accuracy_test/concepts:	98.94206237792969
map_test/concepts:	0.9702599912881851

Epoch 87
losses_train/task:	0.2650381326675415
losses_train/concepts:	2.2384135723114014
losses_train/representations:	1.318350076675415
losses_train/total:	0.8843839764595032
losses_test/task:	0.27128055691719055
losses_test/concepts:	2.2475709915161133
losses_test/representations:	1.4886775016784668
losses_test/total:	0.9426409006118774
calibration_test/ece:	0.02890767529606819
calibration_test/brier:	0.10113499313592911
accuracy_test/task:	93.63643975550532
accuracy_test/concepts:	98.91316986083984
map_test/concepts:	0.970349583029747

Epoch 88
losses_train/task:	0.2625461220741272
losses_train/concepts:	2.336122751235962
losses_train/representations:	1.3569388389587402
losses_train/total:	0.9032402634620667
losses_test/task:	0.2722783386707306
losses_test/concepts:	2.5118494033813477
losses_test/representations:	1.476367712020874
losses_test/total:	0.9663736820220947
calibration_test/ece:	0.02958516962826252
calibration_test/brier:	0.10231011360883713
accuracy_test/task:	93.61132043875074
accuracy_test/concepts:	98.90480041503906
map_test/concepts:	0.9682955831289292

Epoch 89
losses_train/task:	0.2604370415210724
losses_train/concepts:	2.2710561752319336
losses_train/representations:	1.3152769804000854
losses_train/total:	0.8821262121200562
losses_test/task:	0.2731993794441223
losses_test/concepts:	2.3255691528320312
losses_test/representations:	1.500367283821106
losses_test/total:	0.9558665156364441
calibration_test/ece:	0.030475707724690437
calibration_test/brier:	0.10164853930473328
accuracy_test/task:	93.47735074939295
accuracy_test/concepts:	98.92030334472656
map_test/concepts:	0.9670863807201385

Epoch 90
losses_train/task:	0.2650347948074341
losses_train/concepts:	2.2805960178375244
losses_train/representations:	1.359581708908081
losses_train/total:	0.900968611240387
losses_test/task:	0.2655579745769501
losses_test/concepts:	2.224691390991211
losses_test/representations:	1.4696067571640015
losses_test/total:	0.9289091229438782
calibration_test/ece:	0.02833429165184498
calibration_test/brier:	0.09947235882282257
accuracy_test/task:	93.80390186720254
accuracy_test/concepts:	98.93704986572266
map_test/concepts:	0.9693479776382447

Epoch 91
losses_train/task:	0.2594786286354065
losses_train/concepts:	2.20981764793396
losses_train/representations:	1.3159946203231812
losses_train/total:	0.8752592206001282
losses_test/task:	0.2664446532726288
losses_test/concepts:	2.1731128692626953
losses_test/representations:	1.4774802923202515
losses_test/total:	0.9269998073577881
calibration_test/ece:	0.02888420969247818
calibration_test/brier:	0.09955035895109177
accuracy_test/task:	93.72854391693879
accuracy_test/concepts:	98.9261474609375
map_test/concepts:	0.9692950814962387

Epoch 92
losses_train/task:	0.2556741237640381
losses_train/concepts:	2.2262001037597656
losses_train/representations:	1.311131477355957
losses_train/total:	0.8716335892677307
losses_test/task:	0.2701359987258911
losses_test/concepts:	2.3289787769317627
losses_test/representations:	1.4710384607315063
losses_test/total:	0.9443452954292297
calibration_test/ece:	0.02965625189244747
calibration_test/brier:	0.10092655569314957
accuracy_test/task:	93.66993217784476
accuracy_test/concepts:	98.92656707763672
map_test/concepts:	0.9673423558473587

Epoch 93
losses_train/task:	0.2685803174972534
losses_train/concepts:	2.258661985397339
losses_train/representations:	1.3362109661102295
losses_train/total:	0.8953099846839905
losses_test/task:	0.26678067445755005
losses_test/concepts:	2.4682302474975586
losses_test/representations:	1.4634562730789185
losses_test/total:	0.9526404142379761
calibration_test/ece:	0.028460010886192322
calibration_test/brier:	0.09890138357877731
accuracy_test/task:	93.75366323369337
accuracy_test/concepts:	98.9282455444336
map_test/concepts:	0.967900550365448

Epoch 94
losses_train/task:	0.265689879655838
losses_train/concepts:	2.232936143875122
losses_train/representations:	1.3377364873886108
losses_train/total:	0.8903047442436218
losses_test/task:	0.26924148201942444
losses_test/concepts:	2.729299306869507
losses_test/representations:	1.464808464050293
losses_test/total:	0.981614351272583
calibration_test/ece:	0.030194267630577087
calibration_test/brier:	0.10055144131183624
accuracy_test/task:	93.72017081135394
accuracy_test/concepts:	98.92447662353516
map_test/concepts:	0.9663419723510742

Epoch 95
losses_train/task:	0.264634370803833
losses_train/concepts:	2.2992656230926514
losses_train/representations:	1.3299280405044556
losses_train/total:	0.8935396671295166
losses_test/task:	0.2733648121356964
losses_test/concepts:	2.4445738792419434
losses_test/representations:	1.473089337348938
losses_test/total:	0.9597489833831787
calibration_test/ece:	0.030353419482707977
calibration_test/brier:	0.1026250422000885
accuracy_test/task:	93.51921627731726
accuracy_test/concepts:	98.91107940673828
map_test/concepts:	0.9638491183519363

Epoch 96
losses_train/task:	0.2589486241340637
losses_train/concepts:	2.2520592212677
losses_train/representations:	1.3154881000518799
losses_train/total:	0.8788009881973267
losses_test/task:	0.27600979804992676
losses_test/concepts:	2.472350835800171
losses_test/representations:	1.4890533685684204
losses_test/total:	0.9699608683586121
calibration_test/ece:	0.030286379158496857
calibration_test/brier:	0.10324424505233765
accuracy_test/task:	93.54433559407184
accuracy_test/concepts:	98.90437316894531
map_test/concepts:	0.9638442248106003

Epoch 97
losses_train/task:	0.261838436126709
losses_train/concepts:	2.1710455417633057
losses_train/representations:	1.2864058017730713
losses_train/total:	0.864865243434906
losses_test/task:	0.2790329158306122
losses_test/concepts:	2.81390643119812
losses_test/representations:	1.4781804084777832
losses_test/total:	1.003877878189087
calibration_test/ece:	0.03056507557630539
calibration_test/brier:	0.10260887444019318
accuracy_test/task:	93.62806664992046
accuracy_test/concepts:	98.90605163574219
map_test/concepts:	0.9667080014944076

Epoch 98
losses_train/task:	0.2516361176967621
losses_train/concepts:	2.193676710128784
losses_train/representations:	1.2728911638259888
losses_train/total:	0.8528710007667542
losses_test/task:	0.2706950604915619
losses_test/concepts:	2.937328577041626
losses_test/representations:	1.4542667865753174
losses_test/total:	1.0007082223892212
calibration_test/ece:	0.031122617423534393
calibration_test/brier:	0.10070589184761047
accuracy_test/task:	93.79552876161769
accuracy_test/concepts:	98.92029571533203
map_test/concepts:	0.9661937713623047

Epoch 99
losses_train/task:	0.25563570857048035
losses_train/concepts:	2.1822428703308105
losses_train/representations:	1.2699241638183594
losses_train/total:	0.85483717918396
losses_test/task:	0.27110832929611206
losses_test/concepts:	2.7635116577148438
losses_test/representations:	1.4480080604553223
losses_test/total:	0.9818620681762695
calibration_test/ece:	0.029464293271303177
calibration_test/brier:	0.10061480104923248
accuracy_test/task:	93.72854391693879
accuracy_test/concepts:	98.93534851074219
map_test/concepts:	0.9672428995370865

Epoch 100
losses_train/task:	0.24803951382637024
losses_train/concepts:	2.1199634075164795
losses_train/representations:	1.2532037496566772
losses_train/total:	0.8359970450401306
losses_test/task:	0.2711687386035919
losses_test/concepts:	2.74652361869812
losses_test/representations:	1.4552483558654785
losses_test/total:	0.9823952913284302
calibration_test/ece:	0.030733738094568253
calibration_test/brier:	0.10072905570268631
accuracy_test/task:	93.64481286109017
accuracy_test/concepts:	98.92739868164062
map_test/concepts:	0.9654426783323288

Epoch 101
losses_train/task:	0.2514857053756714
losses_train/concepts:	2.189667224884033
losses_train/representations:	1.2702758312225342
losses_train/total:	0.851534903049469
losses_test/task:	0.26825377345085144
losses_test/concepts:	2.475731611251831
losses_test/representations:	1.4533236026763916
losses_test/total:	0.9518241286277771
calibration_test/ece:	0.029744932428002357
calibration_test/brier:	0.09998790174722672
accuracy_test/task:	93.7034246001842
accuracy_test/concepts:	98.93367767333984
map_test/concepts:	0.9668825060129166

Epoch 102
losses_train/task:	0.24706338346004486
losses_train/concepts:	2.0891335010528564
losses_train/representations:	1.254380464553833
losses_train/total:	0.8322911858558655
losses_test/task:	0.2673124074935913
losses_test/concepts:	2.5959956645965576
losses_test/representations:	1.4440518617630005
losses_test/total:	0.960127592086792
calibration_test/ece:	0.029805077239871025
calibration_test/brier:	0.09974004328250885
accuracy_test/task:	93.75366323369337
accuracy_test/concepts:	98.93242645263672
map_test/concepts:	0.9670337617397309

Epoch 103
losses_train/task:	0.25018227100372314
losses_train/concepts:	2.1126251220703125
losses_train/representations:	1.2522952556610107
losses_train/total:	0.837133526802063
losses_test/task:	0.26619789004325867
losses_test/concepts:	2.511920213699341
losses_test/representations:	1.4377583265304565
losses_test/total:	0.9487175345420837
calibration_test/ece:	0.030409885570406914
calibration_test/brier:	0.09947523474693298
accuracy_test/task:	93.71179770576907
accuracy_test/concepts:	98.93284606933594
map_test/concepts:	0.9671367436647416

Epoch 104
losses_train/task:	0.23258134722709656
losses_train/concepts:	2.0739715099334717
losses_train/representations:	1.2154102325439453
losses_train/total:	0.8046014904975891
losses_test/task:	0.2625909745693207
losses_test/concepts:	2.664930582046509
losses_test/representations:	1.4235904216766357
losses_test/total:	0.9561609029769897
calibration_test/ece:	0.02924051694571972
calibration_test/brier:	0.09842506796121597
accuracy_test/task:	93.90437913422089
accuracy_test/concepts:	98.95796203613281
map_test/concepts:	0.9661840915679931

Epoch 105
losses_train/task:	0.255779504776001
losses_train/concepts:	2.3018736839294434
losses_train/representations:	1.2750788927078247
losses_train/total:	0.8684903383255005
losses_test/task:	0.26331081986427307
losses_test/concepts:	2.369932174682617
losses_test/representations:	1.446655511856079
losses_test/total:	0.9343008995056152
calibration_test/ece:	0.028833329677581787
calibration_test/brier:	0.09900081157684326
accuracy_test/task:	93.83739428954199
accuracy_test/concepts:	98.9357681274414
map_test/concepts:	0.9674150198698044

Epoch 106
losses_train/task:	0.2428727149963379
losses_train/concepts:	2.1250765323638916
losses_train/representations:	1.2400398254394531
losses_train/total:	0.827392578125
losses_test/task:	0.26279300451278687
losses_test/concepts:	2.4147298336029053
losses_test/representations:	1.4370869398117065
losses_test/total:	0.9353923201560974
calibration_test/ece:	0.02932352013885975
calibration_test/brier:	0.09847985208034515
accuracy_test/task:	93.87088671188144
accuracy_test/concepts:	98.94960021972656
map_test/concepts:	0.9671999961137772

Epoch 107
losses_train/task:	0.2445444017648697
losses_train/concepts:	2.193648338317871
losses_train/representations:	1.2595657110214233
losses_train/total:	0.8417790532112122
losses_test/task:	0.2608015835285187
losses_test/concepts:	2.423759698867798
losses_test/representations:	1.4211450815200806
losses_test/total:	0.9295211434364319
calibration_test/ece:	0.028767887502908707
calibration_test/brier:	0.09789854288101196
accuracy_test/task:	93.87925981746629
accuracy_test/concepts:	98.96299743652344
map_test/concepts:	0.9681619942188263

Epoch 108
losses_train/task:	0.2525983154773712
losses_train/concepts:	2.1575026512145996
losses_train/representations:	1.2785893678665161
losses_train/total:	0.8519251942634583
losses_test/task:	0.2638021409511566
losses_test/concepts:	2.535936117172241
losses_test/representations:	1.4321502447128296
losses_test/total:	0.9470410346984863
calibration_test/ece:	0.02995464764535427
calibration_test/brier:	0.09879171848297119
accuracy_test/task:	93.88763292305116
accuracy_test/concepts:	98.95419311523438
map_test/concepts:	0.9674913674592972

Epoch 109
losses_train/task:	0.24605154991149902
losses_train/concepts:	2.14809250831604
losses_train/representations:	1.2416480779647827
losses_train/total:	0.8333553671836853
losses_test/task:	0.2626808285713196
losses_test/concepts:	2.4755859375
losses_test/representations:	1.4278520345687866
losses_test/total:	0.9385950565338135
calibration_test/ece:	0.029132112860679626
calibration_test/brier:	0.09855128079652786
accuracy_test/task:	93.91275223980574
accuracy_test/concepts:	98.95211029052734
map_test/concepts:	0.9679660141468048

Epoch 110
losses_train/task:	0.23457923531532288
losses_train/concepts:	1.9726436138153076
losses_train/representations:	1.180647850036621
losses_train/total:	0.7860381007194519
losses_test/task:	0.2642460763454437
losses_test/concepts:	2.519819974899292
losses_test/representations:	1.4216203689575195
losses_test/total:	0.9427143931388855
calibration_test/ece:	0.029284441843628883
calibration_test/brier:	0.0989101380109787
accuracy_test/task:	93.87088671188144
accuracy_test/concepts:	98.9571304321289
map_test/concepts:	0.9675619423389434

Epoch 111
losses_train/task:	0.2468016892671585
losses_train/concepts:	2.1394474506378174
losses_train/representations:	1.2465567588806152
losses_train/total:	0.8347136974334717
losses_test/task:	0.2629470229148865
losses_test/concepts:	2.6275975704193115
losses_test/representations:	1.4132024049758911
losses_test/total:	0.9496676325798035
calibration_test/ece:	0.028953544795513153
calibration_test/brier:	0.09881845861673355
accuracy_test/task:	93.78715565603282
accuracy_test/concepts:	98.95043182373047
map_test/concepts:	0.9680730372667312

Epoch 112
losses_train/task:	0.24618680775165558
losses_train/concepts:	2.1679723262786865
losses_train/representations:	1.2292871475219727
losses_train/total:	0.8317701816558838
losses_test/task:	0.2631244659423828
losses_test/concepts:	2.4749596118927
losses_test/representations:	1.429081678390503
losses_test/total:	0.9393450021743774
calibration_test/ece:	0.02970854751765728
calibration_test/brier:	0.09854520112276077
accuracy_test/task:	93.82902118395712
accuracy_test/concepts:	98.95964813232422
map_test/concepts:	0.9682529449462891

Epoch 113
losses_train/task:	0.2434099167585373
losses_train/concepts:	2.071852445602417
losses_train/representations:	1.2448605298995972
losses_train/total:	0.8240537643432617
losses_test/task:	0.26376873254776
losses_test/concepts:	2.6432251930236816
losses_test/representations:	1.4257123470306396
losses_test/total:	0.9558054208755493
calibration_test/ece:	0.030178193002939224
calibration_test/brier:	0.09818249195814133
accuracy_test/task:	93.83739428954199
accuracy_test/concepts:	98.95502471923828
map_test/concepts:	0.9679771423339844

Epoch 114
losses_train/task:	0.2432955801486969
losses_train/concepts:	2.103126287460327
losses_train/representations:	1.2337347269058228
losses_train/total:	0.8237285614013672
losses_test/task:	0.26247039437294006
losses_test/concepts:	2.4381296634674072
losses_test/representations:	1.424019455909729
losses_test/total:	0.9334892630577087
calibration_test/ece:	0.03028111718595028
calibration_test/brier:	0.09850186109542847
accuracy_test/task:	93.88763292305116
accuracy_test/concepts:	98.95210266113281
map_test/concepts:	0.9679390013217926

Epoch 115
losses_train/task:	0.24029263854026794
losses_train/concepts:	2.1131045818328857
losses_train/representations:	1.2249267101287842
losses_train/total:	0.8190815448760986
losses_test/task:	0.2621733844280243
losses_test/concepts:	2.5234975814819336
losses_test/representations:	1.4241050481796265
losses_test/total:	0.9417545795440674
calibration_test/ece:	0.02923056297004223
calibration_test/brier:	0.09784424304962158
accuracy_test/task:	93.88763292305116
accuracy_test/concepts:	98.96549987792969
map_test/concepts:	0.968937611579895

Epoch 116
losses_train/task:	0.23804262280464172
losses_train/concepts:	2.078655481338501
losses_train/representations:	1.2071987390518188
losses_train/total:	0.8080675005912781
losses_test/task:	0.26318633556365967
losses_test/concepts:	2.5221633911132812
losses_test/representations:	1.4275261163711548
losses_test/total:	0.9436601996421814
calibration_test/ece:	0.029856421053409576
calibration_test/brier:	0.09841430932283401
accuracy_test/task:	93.82902118395712
accuracy_test/concepts:	98.95042419433594
map_test/concepts:	0.9676352083683014

Epoch 117
losses_train/task:	0.2450377196073532
losses_train/concepts:	2.1371865272521973
losses_train/representations:	1.2369080781936646
losses_train/total:	0.8298287987709045
losses_test/task:	0.2601695954799652
losses_test/concepts:	2.414891004562378
losses_test/representations:	1.4218119382858276
losses_test/total:	0.9282023310661316
calibration_test/ece:	0.02904447540640831
calibration_test/brier:	0.0976562425494194
accuracy_test/task:	93.85414050071171
accuracy_test/concepts:	98.96843719482422
map_test/concepts:	0.9694639533758164

Epoch 118
losses_train/task:	0.2392774075269699
losses_train/concepts:	2.073862075805664
losses_train/representations:	1.2139415740966797
losses_train/total:	0.810846209526062
losses_test/task:	0.2618913948535919
losses_test/concepts:	2.5335311889648438
losses_test/representations:	1.4165713787078857
losses_test/total:	0.9402163624763489
calibration_test/ece:	0.029655054211616516
calibration_test/brier:	0.098092220723629
accuracy_test/task:	93.87925981746629
accuracy_test/concepts:	98.96173858642578
map_test/concepts:	0.9690112501382828

Epoch 119
losses_train/task:	0.2422759085893631
losses_train/concepts:	2.12766170501709
losses_train/representations:	1.2321760654449463
losses_train/total:	0.8246949315071106
losses_test/task:	0.2595048248767853
losses_test/concepts:	2.524371385574341
losses_test/representations:	1.40908944606781
losses_test/total:	0.9346686601638794
calibration_test/ece:	0.028878314420580864
calibration_test/brier:	0.0968354269862175
accuracy_test/task:	93.94624466214519
accuracy_test/concepts:	98.97764587402344
map_test/concepts:	0.9691826462745666

Epoch 120
losses_train/task:	0.24455346167087555
losses_train/concepts:	2.162954807281494
losses_train/representations:	1.2550562620162964
losses_train/total:	0.8373658657073975
losses_test/task:	0.26121190190315247
losses_test/concepts:	2.5504913330078125
losses_test/representations:	1.4168550968170166
losses_test/total:	0.941317617893219
calibration_train/ece:	0.005324122495949268
calibration_train/brier:	0.0586836114525795
accuracy_train/task:	95.86489898989899
calibration_test/ece:	0.02925160713493824
calibration_test/brier:	0.0976545512676239
accuracy_test/task:	93.93787155656032
accuracy_train/concepts:	99.24497985839844
map_train/concepts:	0.9901690006256103
accuracy_test/concepts:	98.96758270263672
map_test/concepts:	0.9685393631458282
accuracy_test/nuisances_task:	1.4117060257838323
accuracy_test/nuisances_nontask:	0.0
mutual_inf_test/nuisances_task:	0.06550554371777143
mutual_inf_test/nuisances_nontask:	0.0

epoch_120.pt
groups=0 err_lowconf=6.062 err_random=6.062
groups=1 err_lowconf=5.953 err_random=5.953
groups=2 err_lowconf=5.660 err_random=5.660
groups=3 err_lowconf=5.242 err_random=5.242
groups=4 err_lowconf=4.488 err_random=4.488
groups=5 err_lowconf=3.651 err_random=3.651
groups=6 err_lowconf=3.676 err_random=3.676
groups=7 err_lowconf=3.224 err_random=3.224
groups=8 err_lowconf=3.475 err_random=3.475
groups=9 err_lowconf=3.366 err_random=3.366
groups=10 err_lowconf=3.575 err_random=3.575
groups=11 err_lowconf=6.029 err_random=6.029
groups=12 err_lowconf=6.523 err_random=6.523
groups=13 err_lowconf=6.322 err_random=6.322
groups=14 err_lowconf=7.142 err_random=7.142
groups=15 err_lowconf=7.427 err_random=7.427
groups=16 err_lowconf=7.410 err_random=7.410
groups=17 err_lowconf=7.410 err_random=7.410
groups=18 err_lowconf=7.427 err_random=7.427
groups=19 err_lowconf=9.311 err_random=9.311
groups=20 err_lowconf=9.286 err_random=9.286
[1;34mwandb[0m:
[1;34mwandb[0m: You can sync this run to the cloud by running:
[1;34mwandb[0m: [1mwandb sync /research/hal-afsharim/minimal_cbm/results/awa2-mcbm-03/42/wandb/offline-run-20260730_115215-r6kox25t[0m
[1;34mwandb[0m: Find logs at: [1;35mresults/awa2-mcbm-03/42/wandb/offline-run-20260730_115215-r6kox25t/logs[0m
