
===== launch 2026-07-28 15:55:50.215156 gpu1 =====
wandb: Using wandb-core as the SDK backend.  Please refer to https://wandb.me/wandb-core for more information.
wandb: Tracking run with wandb version 0.19.0
wandb: W&B syncing is set to `offline` in this directory.  
wandb: Run `wandb online` or set WANDB_MODE=online to enable cloud syncing.

===== launch 2026-07-29 08:07:35.367707 gpu1 =====
wandb: Using wandb-core as the SDK backend.  Please refer to https://wandb.me/wandb-core for more information.
wandb: Tracking run with wandb version 0.19.0
wandb: W&B syncing is set to `offline` in this directory.  
wandb: Run `wandb online` or set WANDB_MODE=online to enable cloud syncing.
Epoch 1
losses_train/task:	2.2156198024749756
losses_train/concepts:	26.58051872253418
losses_train/precision:	0.0038127892185002565
losses_train/total:	4.874051570892334
losses_test/task:	2.007377862930298
losses_test/concepts:	23.542179107666016
losses_test/precision:	0.004711807705461979
losses_test/total:	4.362066268920898
calibration_test/ece:	0.09405194222927094
calibration_test/brier:	0.8358728289604187
accuracy_test/task:	26.89
accuracy_test/concepts:	82.46077728271484
map_test/concepts:	0.7692538828850957

Epoch 2
losses_train/task:	1.9059933423995972
losses_train/concepts:	24.76421356201172
losses_train/precision:	0.004835477564483881
losses_train/total:	4.382899761199951
losses_test/task:	1.754023551940918
losses_test/concepts:	22.8519344329834
losses_test/precision:	0.004872284829616547
losses_test/total:	4.0397047996521
calibration_test/ece:	0.13582271337509155
calibration_test/brier:	0.7683957815170288
accuracy_test/task:	38.9
accuracy_test/concepts:	83.0765609741211
map_test/concepts:	0.7850939871568698

Epoch 3
losses_train/task:	1.7348222732543945
losses_train/concepts:	24.064058303833008
losses_train/precision:	0.005132094956934452
losses_train/total:	4.141740322113037
losses_test/task:	1.6136866807937622
losses_test/concepts:	22.508220672607422
losses_test/precision:	0.004910072311758995
losses_test/total:	3.864999532699585
calibration_test/ece:	0.11650700122117996
calibration_test/brier:	0.7193739414215088
accuracy_test/task:	43.68
accuracy_test/concepts:	83.37483978271484
map_test/concepts:	0.792578148888424

Epoch 4
losses_train/task:	1.6376497745513916
losses_train/concepts:	23.600440979003906
losses_train/precision:	0.005204076413065195
losses_train/total:	3.998211622238159
losses_test/task:	1.5366406440734863
losses_test/concepts:	22.249614715576172
losses_test/precision:	0.0054077827371656895
losses_test/total:	3.7621428966522217
calibration_test/ece:	0.1007324680685997
calibration_test/brier:	0.687182605266571
accuracy_test/task:	46.64
accuracy_test/concepts:	83.58577728271484
map_test/concepts:	0.798262182448525

Epoch 5
losses_train/task:	1.5732835531234741
losses_train/concepts:	23.233970642089844
losses_train/precision:	0.005474988371133804
losses_train/total:	3.897226095199585
losses_test/task:	1.4722824096679688
losses_test/concepts:	22.117734909057617
losses_test/precision:	0.005445571616292
losses_test/total:	3.684600830078125
calibration_test/ece:	0.07621156424283981
calibration_test/brier:	0.6618145704269409
accuracy_test/task:	48.38
accuracy_test/concepts:	83.7757797241211
map_test/concepts:	0.8013047745916992

Epoch 6
losses_train/task:	1.515417218208313
losses_train/concepts:	22.949926376342773
losses_train/precision:	0.0054510850459337234
losses_train/total:	3.8109538555145264
losses_test/task:	1.4257086515426636
losses_test/concepts:	21.968395233154297
losses_test/precision:	0.005350255407392979
losses_test/total:	3.6230828762054443
calibration_test/ece:	0.0652778372168541
calibration_test/brier:	0.6419893503189087
accuracy_test/task:	49.74
accuracy_test/concepts:	83.88843536376953
map_test/concepts:	0.804208608053159

Epoch 7
losses_train/task:	1.472994327545166
losses_train/concepts:	22.649900436401367
losses_train/precision:	0.005585918668657541
losses_train/total:	3.738539218902588
losses_test/task:	1.382553219795227
losses_test/concepts:	21.856473922729492
losses_test/precision:	0.00607719412073493
losses_test/total:	3.5688087940216064
calibration_test/ece:	0.05299064517021179
calibration_test/brier:	0.6254260540008545
accuracy_test/task:	51.1
accuracy_test/concepts:	83.97110748291016
map_test/concepts:	0.8063027107855305

Epoch 8
losses_train/task:	1.4408531188964844
losses_train/concepts:	22.402671813964844
losses_train/precision:	0.0059448652900755405
losses_train/total:	3.6817140579223633
losses_test/task:	1.3705323934555054
losses_test/concepts:	21.777877807617188
losses_test/precision:	0.006176536902785301
losses_test/total:	3.548938751220703
calibration_test/ece:	0.0421246737241745
calibration_test/brier:	0.6182757616043091
accuracy_test/task:	51.65
accuracy_test/concepts:	84.02046966552734
map_test/concepts:	0.807900041108951

Epoch 9
losses_train/task:	1.410359263420105
losses_train/concepts:	22.198888778686523
losses_train/precision:	0.005759832914918661
losses_train/total:	3.6308248043060303
losses_test/task:	1.3393081426620483
losses_test/concepts:	21.6881046295166
losses_test/precision:	0.005389360710978508
losses_test/total:	3.5086586475372314
calibration_test/ece:	0.029556579887866974
calibration_test/brier:	0.6067151427268982
accuracy_test/task:	52.84
accuracy_test/concepts:	84.10609436035156
map_test/concepts:	0.8096691960818134

Epoch 10
losses_train/task:	1.3861876726150513
losses_train/concepts:	21.999126434326172
losses_train/precision:	0.005537131801247597
losses_train/total:	3.5866549015045166
losses_test/task:	1.3289575576782227
losses_test/concepts:	21.640188217163086
losses_test/precision:	0.005664228927344084
losses_test/total:	3.4935431480407715
calibration_test/ece:	0.03196379542350769
calibration_test/brier:	0.5997350811958313
accuracy_test/task:	53.71
accuracy_test/concepts:	84.15953063964844
map_test/concepts:	0.8105258185532875

Epoch 11
losses_train/task:	1.3612655401229858
losses_train/concepts:	21.81777000427246
losses_train/precision:	0.0056821429170668125
losses_train/total:	3.543609857559204
losses_test/task:	1.3114519119262695
losses_test/concepts:	21.580671310424805
losses_test/precision:	0.006027074530720711
losses_test/total:	3.470121383666992
calibration_test/ece:	0.023155145347118378
calibration_test/brier:	0.5915820598602295
accuracy_test/task:	53.86
accuracy_test/concepts:	84.20952606201172
map_test/concepts:	0.8117313164402731

Epoch 12
losses_train/task:	1.3418776988983154
losses_train/concepts:	21.625404357910156
losses_train/precision:	0.005752037279307842
losses_train/total:	3.504995584487915
losses_test/task:	1.298856496810913
losses_test/concepts:	21.533796310424805
losses_test/precision:	0.00559147959575057
losses_test/total:	3.452796697616577
calibration_test/ece:	0.020141607150435448
calibration_test/brier:	0.5870015621185303
accuracy_test/task:	54.51
accuracy_test/concepts:	84.2417221069336
map_test/concepts:	0.8124472180497833

Epoch 13
losses_train/task:	1.3242887258529663
losses_train/concepts:	21.465435028076172
losses_train/precision:	0.005531581584364176
losses_train/total:	3.471384286880493
losses_test/task:	1.2838398218154907
losses_test/concepts:	21.53966522216797
losses_test/precision:	0.005289965309202671
losses_test/total:	3.438335657119751
calibration_test/ece:	0.01918131113052368
calibration_test/brier:	0.5804110765457153
accuracy_test/task:	54.89
accuracy_test/concepts:	84.24281311035156
map_test/concepts:	0.8127031046897173

Epoch 14
losses_train/task:	1.3075873851776123
losses_train/concepts:	21.29862403869629
losses_train/precision:	0.005653339438140392
losses_train/total:	3.4380149841308594
losses_test/task:	1.2775461673736572
losses_test/concepts:	21.487945556640625
losses_test/precision:	0.005660207010805607
losses_test/total:	3.4269063472747803
calibration_test/ece:	0.01933339238166809
calibration_test/brier:	0.577553391456604
accuracy_test/task:	55.41
accuracy_test/concepts:	84.27497863769531
map_test/concepts:	0.8136018145596609

Epoch 15
losses_train/task:	1.2970348596572876
losses_train/concepts:	21.153413772583008
losses_train/precision:	0.005584290251135826
losses_train/total:	3.412932872772217
losses_test/task:	1.270036220550537
losses_test/concepts:	21.46144676208496
losses_test/precision:	0.005673585459589958
losses_test/total:	3.4167490005493164
calibration_test/ece:	0.020511897280812263
calibration_test/brier:	0.5735874772071838
accuracy_test/task:	55.78
accuracy_test/concepts:	84.28296661376953
map_test/concepts:	0.8143642300274223

Epoch 16
losses_train/task:	1.2815308570861816
losses_train/concepts:	21.0111141204834
losses_train/precision:	0.00550423888489604
losses_train/total:	3.3831942081451416
losses_test/task:	1.2638314962387085
losses_test/concepts:	21.41541862487793
losses_test/precision:	0.005344897974282503
losses_test/total:	3.4059078693389893
calibration_test/ece:	0.02255001664161682
calibration_test/brier:	0.5688344836235046
accuracy_test/task:	55.99
accuracy_test/concepts:	84.32562255859375
map_test/concepts:	0.8148129754699767

Epoch 17
losses_train/task:	1.2632123231887817
losses_train/concepts:	20.844812393188477
losses_train/precision:	0.005637007765471935
losses_train/total:	3.3482556343078613
losses_test/task:	1.2480111122131348
losses_test/concepts:	21.427675247192383
losses_test/precision:	0.005636394955217838
losses_test/total:	3.3913421630859375
calibration_test/ece:	0.017580637708306313
calibration_test/brier:	0.5641941428184509
accuracy_test/task:	56.47
accuracy_test/concepts:	84.37296295166016
map_test/concepts:	0.8152472332585603

Epoch 18
losses_train/task:	1.2528043985366821
losses_train/concepts:	20.70256233215332
losses_train/precision:	0.005436836276203394
losses_train/total:	3.3236052989959717
losses_test/task:	1.231192946434021
losses_test/concepts:	21.37565040588379
losses_test/precision:	0.005342924036085606
losses_test/total:	3.3692920207977295
calibration_test/ece:	0.016616567969322205
calibration_test/brier:	0.5569169521331787
accuracy_test/task:	57.23
accuracy_test/concepts:	84.41187286376953
map_test/concepts:	0.816265431814827

Epoch 19
losses_train/task:	1.2430756092071533
losses_train/concepts:	20.563344955444336
losses_train/precision:	0.005438102874904871
losses_train/total:	3.2999534606933594
losses_test/task:	1.2240992784500122
losses_test/concepts:	21.369325637817383
losses_test/precision:	0.005461483728140593
losses_test/total:	3.3615784645080566
calibration_test/ece:	0.017380505800247192
calibration_test/brier:	0.5511192679405212
accuracy_test/task:	57.92
accuracy_test/concepts:	84.396728515625
map_test/concepts:	0.8157820445485413

Epoch 20
losses_train/task:	1.2329713106155396
losses_train/concepts:	20.430452346801758
losses_train/precision:	0.005368757527321577
losses_train/total:	3.2765538692474365
losses_test/task:	1.2323098182678223
losses_test/concepts:	21.3941707611084
losses_test/precision:	0.005258260294795036
losses_test/total:	3.3722522258758545
calibration_test/ece:	0.00943022407591343
calibration_test/brier:	0.5552535057067871
accuracy_test/task:	57.49
accuracy_test/concepts:	84.3845443725586
map_test/concepts:	0.8160662329755723

Epoch 21
losses_train/task:	1.2216472625732422
losses_train/concepts:	20.322368621826172
losses_train/precision:	0.005330933723598719
losses_train/total:	3.2544188499450684
losses_test/task:	1.2260191440582275
losses_test/concepts:	21.336233139038086
losses_test/precision:	0.0051213414408266544
losses_test/total:	3.360153913497925
calibration_test/ece:	0.012283031828701496
calibration_test/brier:	0.5530353784561157
accuracy_test/task:	57.54
accuracy_test/concepts:	84.42015075683594
map_test/concepts:	0.8166909630526789

Epoch 22
losses_train/task:	1.2106455564498901
losses_train/concepts:	20.197765350341797
losses_train/precision:	0.005232939496636391
losses_train/total:	3.230942726135254
losses_test/task:	1.215694546699524
losses_test/concepts:	21.356826782226562
losses_test/precision:	0.005342997144907713
losses_test/total:	3.351912260055542
calibration_test/ece:	0.018199408426880836
calibration_test/brier:	0.5488261580467224
accuracy_test/task:	57.85
accuracy_test/concepts:	84.43296813964844
map_test/concepts:	0.8166129593737423

Epoch 23
losses_train/task:	1.2005542516708374
losses_train/concepts:	20.055999755859375
losses_train/precision:	0.005224206019192934
losses_train/total:	3.2066774368286133
losses_test/task:	1.213866949081421
losses_test/concepts:	21.352991104125977
losses_test/precision:	0.005188561975955963
losses_test/total:	3.3496851921081543
calibration_test/ece:	0.018108658492565155
calibration_test/brier:	0.5495609641075134
accuracy_test/task:	57.5
accuracy_test/concepts:	84.4186019897461
map_test/concepts:	0.8169689883943647

Epoch 24
losses_train/task:	1.1997838020324707
losses_train/concepts:	19.939184188842773
losses_train/precision:	0.0051726666279137135
losses_train/total:	3.194221258163452
losses_test/task:	1.2159737348556519
losses_test/concepts:	21.393104553222656
losses_test/precision:	0.005057274829596281
losses_test/total:	3.355790138244629
calibration_test/ece:	0.018183086067438126
calibration_test/brier:	0.548184335231781
accuracy_test/task:	57.9
accuracy_test/concepts:	84.4117202758789
map_test/concepts:	0.8169355315621942

Epoch 25
losses_train/task:	1.1882551908493042
losses_train/concepts:	19.81208038330078
losses_train/precision:	0.005077268462628126
losses_train/total:	3.1699705123901367
losses_test/task:	1.2087701559066772
losses_test/concepts:	21.419803619384766
losses_test/precision:	0.005096696317195892
losses_test/total:	3.351260185241699
calibration_test/ece:	0.013959411531686783
calibration_test/brier:	0.5472530722618103
accuracy_test/task:	58.22
accuracy_test/concepts:	84.40203857421875
map_test/concepts:	0.8169986269203946

Epoch 26
losses_train/task:	1.1848561763763428
losses_train/concepts:	19.697298049926758
losses_train/precision:	0.005123411770910025
losses_train/total:	3.1550991535186768
losses_test/task:	1.1990702152252197
losses_test/concepts:	21.36636734008789
losses_test/precision:	0.005196921993046999
losses_test/total:	3.3362269401550293
calibration_test/ece:	0.01780608668923378
calibration_test/brier:	0.5408592820167542
accuracy_test/task:	58.65
accuracy_test/concepts:	84.42234802246094
map_test/concepts:	0.8171527097001672

Epoch 27
losses_train/task:	1.1793932914733887
losses_train/concepts:	19.577177047729492
losses_train/precision:	0.00505770044401288
losses_train/total:	3.1376161575317383
losses_test/task:	1.1888803243637085
losses_test/concepts:	21.441314697265625
losses_test/precision:	0.004926351830363274
losses_test/total:	3.3335046768188477
calibration_test/ece:	0.014172350987792015
calibration_test/brier:	0.5381648540496826
accuracy_test/task:	59.03
accuracy_test/concepts:	84.419677734375
map_test/concepts:	0.8169780457392335

Epoch 28
losses_train/task:	1.172153115272522
losses_train/concepts:	19.467660903930664
losses_train/precision:	0.005052458960562944
losses_train/total:	3.119424819946289
losses_test/task:	1.197603464126587
losses_test/concepts:	21.430410385131836
losses_test/precision:	0.005100580397993326
losses_test/total:	3.3411548137664795
calibration_test/ece:	0.015526100993156433
calibration_test/brier:	0.5384548902511597
accuracy_test/task:	58.84
accuracy_test/concepts:	84.42735290527344
map_test/concepts:	0.8166615644586273

Epoch 29
losses_train/task:	1.1652413606643677
losses_train/concepts:	19.336591720581055
losses_train/precision:	0.0050786458887159824
losses_train/total:	3.099407911300659
losses_test/task:	1.2069412469863892
losses_test/concepts:	21.456388473510742
losses_test/precision:	0.0050042495131492615
losses_test/total:	3.3530807495117188
calibration_test/ece:	0.0158685352653265
calibration_test/brier:	0.5442394614219666
accuracy_test/task:	58.56
accuracy_test/concepts:	84.4207992553711
map_test/concepts:	0.8168962016934529

Epoch 30
losses_train/task:	1.1565496921539307
losses_train/concepts:	19.19698143005371
losses_train/precision:	0.005073071923106909
losses_train/total:	3.0767548084259033
losses_test/task:	1.1883455514907837
losses_test/concepts:	21.50985336303711
losses_test/precision:	0.005359136499464512
losses_test/total:	3.3398678302764893
calibration_test/ece:	0.013816919177770615
calibration_test/brier:	0.5363160371780396
accuracy_test/task:	59.25
accuracy_test/concepts:	84.35671997070312
map_test/concepts:	0.816655361209996

Epoch 31
losses_train/task:	1.1545555591583252
losses_train/concepts:	19.110231399536133
losses_train/precision:	0.005194684490561485
losses_train/total:	3.0660974979400635
losses_test/task:	1.1926767826080322
losses_test/concepts:	21.509286880493164
losses_test/precision:	0.005435643717646599
losses_test/total:	3.344149112701416
calibration_test/ece:	0.017297884449362755
calibration_test/brier:	0.5374221801757812
accuracy_test/task:	59.05
accuracy_test/concepts:	84.38188171386719
map_test/concepts:	0.8169122391263954

Epoch 32
losses_train/task:	1.1524689197540283
losses_train/concepts:	19.000099182128906
losses_train/precision:	0.005280453246086836
losses_train/total:	3.053009510040283
losses_test/task:	1.1978702545166016
losses_test/concepts:	21.548309326171875
losses_test/precision:	0.005238028708845377
losses_test/total:	3.353224515914917
calibration_test/ece:	0.019763387739658356
calibration_test/brier:	0.5385676026344299
accuracy_test/task:	58.74
accuracy_test/concepts:	84.3564224243164
map_test/concepts:	0.8171283266274258

Epoch 33
losses_train/task:	1.140552043914795
losses_train/concepts:	18.863157272338867
losses_train/precision:	0.005358187481760979
losses_train/total:	3.0274057388305664
losses_test/task:	1.2037956714630127
losses_test/concepts:	21.620969772338867
losses_test/precision:	0.005490837153047323
losses_test/total:	3.366440773010254
calibration_test/ece:	0.014806604944169521
calibration_test/brier:	0.5416725873947144
accuracy_test/task:	58.83
accuracy_test/concepts:	84.28250885009766
map_test/concepts:	0.8155793104087934

Epoch 34
losses_train/task:	1.1385716199874878
losses_train/concepts:	18.767337799072266
losses_train/precision:	0.005536692216992378
losses_train/total:	3.015859842300415
losses_test/task:	1.2003483772277832
losses_test/concepts:	21.632484436035156
losses_test/precision:	0.005749471951276064
losses_test/total:	3.3641724586486816
calibration_test/ece:	0.012960158288478851
calibration_test/brier:	0.5403021574020386
accuracy_test/task:	58.96
accuracy_test/concepts:	84.34999084472656
map_test/concepts:	0.8164172153919935

Epoch 35
losses_train/task:	1.1379379034042358
losses_train/concepts:	18.646930694580078
losses_train/precision:	0.005708429962396622
losses_train/total:	3.003201723098755
losses_test/task:	1.1921281814575195
losses_test/concepts:	21.67945098876953
losses_test/precision:	0.005765252746641636
losses_test/total:	3.360649824142456
calibration_test/ece:	0.015524572692811489
calibration_test/brier:	0.5372799634933472
accuracy_test/task:	59.0
accuracy_test/concepts:	84.30298614501953
map_test/concepts:	0.8160444627283141

Epoch 36
losses_train/task:	1.1331322193145752
losses_train/concepts:	18.571941375732422
losses_train/precision:	0.0059129479341208935
losses_train/total:	2.990917205810547
losses_test/task:	1.1950565576553345
losses_test/concepts:	21.678699493408203
losses_test/precision:	0.006004393566399813
losses_test/total:	3.3635270595550537
calibration_test/ece:	0.01984475366771221
calibration_test/brier:	0.5381677150726318
accuracy_test/task:	59.01
accuracy_test/concepts:	84.28437805175781
map_test/concepts:	0.8161269765114412

Epoch 37
losses_train/task:	1.1208807229995728
losses_train/concepts:	18.453025817871094
losses_train/precision:	0.006078655365854502
losses_train/total:	2.966792583465576
losses_test/task:	1.1874459981918335
losses_test/concepts:	21.708986282348633
losses_test/precision:	0.006215959787368774
losses_test/total:	3.35896635055542
calibration_test/ece:	0.01452314481139183
calibration_test/brier:	0.5359266400337219
accuracy_test/task:	59.27
accuracy_test/concepts:	84.34124755859375
map_test/concepts:	0.8162621398223564

Epoch 38
losses_train/task:	1.1246718168258667
losses_train/concepts:	18.35533332824707
losses_train/precision:	0.00629427470266819
losses_train/total:	2.9608354568481445
losses_test/task:	1.182680368423462
losses_test/concepts:	21.746917724609375
losses_test/precision:	0.0066165323369205
losses_test/total:	3.358032703399658
calibration_test/ece:	0.013520418666303158
calibration_test/brier:	0.5337927341461182
accuracy_test/task:	59.72
accuracy_test/concepts:	84.30467987060547
map_test/concepts:	0.8162736697122455

Epoch 39
losses_train/task:	1.1223419904708862
losses_train/concepts:	18.262786865234375
losses_train/precision:	0.0065592085011303425
losses_train/total:	2.949275493621826
losses_test/task:	1.202354073524475
losses_test/concepts:	21.835020065307617
losses_test/precision:	0.006618799641728401
losses_test/total:	3.3865175247192383
calibration_test/ece:	0.01991359516978264
calibration_test/brier:	0.5390912890434265
accuracy_test/task:	58.87
accuracy_test/concepts:	84.23999786376953
map_test/concepts:	0.8157444386743009

Epoch 40
losses_train/task:	1.1209464073181152
losses_train/concepts:	18.177011489868164
losses_train/precision:	0.006785460747778416
losses_train/total:	2.9393255710601807
losses_test/task:	1.1896806955337524
losses_test/concepts:	21.81997299194336
losses_test/precision:	0.006761583499610424
losses_test/total:	3.372354745864868
calibration_test/ece:	0.022376880049705505
calibration_test/brier:	0.5340102910995483
accuracy_test/task:	59.3
accuracy_test/concepts:	84.23435974121094
map_test/concepts:	0.8152907935436815

Epoch 41
losses_train/task:	1.1127270460128784
losses_train/concepts:	18.078256607055664
losses_train/precision:	0.007029012311249971
losses_train/total:	2.921255588531494
losses_test/task:	1.201518177986145
losses_test/concepts:	21.89525604248047
losses_test/precision:	0.0071013919077813625
losses_test/total:	3.391753911972046
calibration_test/ece:	0.0219597015529871
calibration_test/brier:	0.5392041206359863
accuracy_test/task:	59.1
accuracy_test/concepts:	84.19890594482422
map_test/concepts:	0.8149170555989258

Epoch 42
losses_train/task:	1.1161201000213623
losses_train/concepts:	17.989757537841797
losses_train/precision:	0.007280328776687384
losses_train/total:	2.915825128555298
losses_test/task:	1.1906261444091797
losses_test/concepts:	21.93744659423828
losses_test/precision:	0.0071891299448907375
losses_test/total:	3.385089159011841
calibration_test/ece:	0.02085716836154461
calibration_test/brier:	0.5361271500587463
accuracy_test/task:	59.24
accuracy_test/concepts:	84.16765594482422
map_test/concepts:	0.8150582421803847

Epoch 43
losses_train/task:	1.1080595254898071
losses_train/concepts:	17.870256423950195
losses_train/precision:	0.0075708734802901745
losses_train/total:	2.8958425521850586
losses_test/task:	1.1916147470474243
losses_test/concepts:	22.010910034179688
losses_test/precision:	0.007767083123326302
losses_test/total:	3.393481731414795
calibration_test/ece:	0.02301224321126938
calibration_test/brier:	0.5340285897254944
accuracy_test/task:	59.27
accuracy_test/concepts:	84.18952178955078
map_test/concepts:	0.8144665084546432

Epoch 44
losses_train/task:	1.1069718599319458
losses_train/concepts:	17.794437408447266
losses_train/precision:	0.007864798419177532
losses_train/total:	2.887202739715576
losses_test/task:	1.2016799449920654
losses_test/concepts:	22.01146125793457
losses_test/precision:	0.007994646206498146
losses_test/total:	3.4036247730255127
calibration_test/ece:	0.026639893651008606
calibration_test/brier:	0.5398575663566589
accuracy_test/task:	58.78
accuracy_test/concepts:	84.12968444824219
map_test/concepts:	0.814496312988922

Epoch 45
losses_train/task:	1.104326605796814
losses_train/concepts:	17.70842742919922
losses_train/precision:	0.0080881891772151
losses_train/total:	2.8759765625
losses_test/task:	1.1965347528457642
losses_test/concepts:	22.058731079101562
losses_test/precision:	0.008004266768693924
losses_test/total:	3.4032087326049805
calibration_test/ece:	0.025344746187329292
calibration_test/brier:	0.5360569357872009
accuracy_test/task:	59.35
accuracy_test/concepts:	84.09843444824219
map_test/concepts:	0.8142379400669597

Epoch 46
losses_train/task:	1.1068090200424194
losses_train/concepts:	17.648622512817383
losses_train/precision:	0.008450535126030445
losses_train/total:	2.8725180625915527
losses_test/task:	1.1923589706420898
losses_test/concepts:	22.08283042907715
losses_test/precision:	0.00850955955684185
losses_test/total:	3.4014933109283447
calibration_test/ece:	0.01863810047507286
calibration_test/brier:	0.5340380668640137
accuracy_test/task:	59.75
accuracy_test/concepts:	84.10860443115234
map_test/concepts:	0.8138681022683159

Epoch 47
losses_train/task:	1.0996423959732056
losses_train/concepts:	17.533571243286133
losses_train/precision:	0.008626492694020271
losses_train/total:	2.8538637161254883
losses_test/task:	1.1900399923324585
losses_test/concepts:	22.08938980102539
losses_test/precision:	0.008813897147774696
losses_test/total:	3.3998610973358154
calibration_test/ece:	0.029152046889066696
calibration_test/brier:	0.5346053838729858
accuracy_test/task:	59.36
accuracy_test/concepts:	84.1301498413086
map_test/concepts:	0.8142057830700651

Epoch 48
losses_train/task:	1.0994458198547363
losses_train/concepts:	17.4688777923584
losses_train/precision:	0.008840424008667469
losses_train/total:	2.847219467163086
losses_test/task:	1.2033976316452026
losses_test/concepts:	22.197050094604492
losses_test/precision:	0.008668801747262478
losses_test/total:	3.423969268798828
calibration_test/ece:	0.030871810391545296
calibration_test/brier:	0.5380188822746277
accuracy_test/task:	58.9
accuracy_test/concepts:	84.0670394897461
map_test/concepts:	0.8134945498313755

Epoch 49
losses_train/task:	1.0959210395812988
losses_train/concepts:	17.398221969604492
losses_train/precision:	0.009101266972720623
losses_train/total:	2.8366525173187256
losses_test/task:	1.188503623008728
losses_test/concepts:	22.219284057617188
losses_test/precision:	0.008872986771166325
losses_test/total:	3.411318778991699
calibration_test/ece:	0.030511213466525078
calibration_test/brier:	0.5327543616294861
accuracy_test/task:	59.22
accuracy_test/concepts:	84.04670715332031
map_test/concepts:	0.8139625909971073

Epoch 50
losses_train/task:	1.098463773727417
losses_train/concepts:	17.310890197753906
losses_train/precision:	0.009320462122559547
losses_train/total:	2.8304853439331055
losses_test/task:	1.175680160522461
losses_test/concepts:	22.309316635131836
losses_test/precision:	0.009233633056282997
losses_test/total:	3.407534599304199
calibration_test/ece:	0.02782803401350975
calibration_test/brier:	0.5277354717254639
accuracy_test/task:	60.09
accuracy_test/concepts:	83.96514892578125
map_test/concepts:	0.8140213929582387

Epoch 51
losses_train/task:	1.0924577713012695
losses_train/concepts:	17.254953384399414
losses_train/precision:	0.00950669590383768
losses_train/total:	2.818904399871826
losses_test/task:	1.1807339191436768
losses_test/concepts:	22.285755157470703
losses_test/precision:	0.009458084590733051
losses_test/total:	3.410254955291748
calibration_test/ece:	0.029417604207992554
calibration_test/brier:	0.531210720539093
accuracy_test/task:	59.3
accuracy_test/concepts:	84.01435852050781
map_test/concepts:	0.8136090377811342

Epoch 52
losses_train/task:	1.0891940593719482
losses_train/concepts:	17.169551849365234
losses_train/precision:	0.009807679802179337
losses_train/total:	2.80713152885437
losses_test/task:	1.173220157623291
losses_test/concepts:	22.325345993041992
losses_test/precision:	0.010088607668876648
losses_test/total:	3.406763792037964
calibration_test/ece:	0.025941023603081703
calibration_test/brier:	0.5274814367294312
accuracy_test/task:	60.19
accuracy_test/concepts:	84.01360321044922
map_test/concepts:	0.8129964687395841

Epoch 53
losses_train/task:	1.0901024341583252
losses_train/concepts:	17.131256103515625
losses_train/precision:	0.009993758983910084
losses_train/total:	2.804227590560913
losses_test/task:	1.1899384260177612
losses_test/concepts:	22.395030975341797
losses_test/precision:	0.01013753842562437
losses_test/total:	3.4304559230804443
calibration_test/ece:	0.03002006560564041
calibration_test/brier:	0.5325610637664795
accuracy_test/task:	59.66
accuracy_test/concepts:	83.9537353515625
map_test/concepts:	0.8125357669196092

Epoch 54
losses_train/task:	1.0894955396652222
losses_train/concepts:	17.043014526367188
losses_train/precision:	0.010062608867883682
losses_train/total:	2.794802665710449
losses_test/task:	1.1743310689926147
losses_test/concepts:	22.443675994873047
losses_test/precision:	0.009838883765041828
losses_test/total:	3.419682741165161
calibration_test/ece:	0.026725733652710915
calibration_test/brier:	0.527060866355896
accuracy_test/task:	60.01
accuracy_test/concepts:	83.9493637084961
map_test/concepts:	0.8128298085648566

Epoch 55
losses_train/task:	1.0803189277648926
losses_train/concepts:	16.97748374938965
losses_train/precision:	0.010317354463040829
losses_train/total:	2.779099225997925
losses_test/task:	1.186124563217163
losses_test/concepts:	22.64935874938965
losses_test/precision:	0.010310708545148373
losses_test/total:	3.452091693878174
calibration_test/ece:	0.03649607673287392
calibration_test/brier:	0.5303515195846558
accuracy_test/task:	59.94
accuracy_test/concepts:	83.73015594482422
map_test/concepts:	0.8119530394906178

Epoch 56
losses_train/task:	1.0825968980789185
losses_train/concepts:	16.912269592285156
losses_train/precision:	0.010424022562801838
losses_train/total:	2.774867057800293
losses_test/task:	1.1753928661346436
losses_test/concepts:	22.580476760864258
losses_test/precision:	0.010797781869769096
losses_test/total:	3.4345202445983887
calibration_test/ece:	0.030946731567382812
calibration_test/brier:	0.5264929533004761
accuracy_test/task:	60.26
accuracy_test/concepts:	83.87922668457031
map_test/concepts:	0.812799206469208

Epoch 57
losses_train/task:	1.0813853740692139
losses_train/concepts:	16.87089729309082
losses_train/precision:	0.010588823817670345
losses_train/total:	2.76953387260437
losses_test/task:	1.168364405632019
losses_test/concepts:	22.523876190185547
losses_test/precision:	0.0109519362449646
losses_test/total:	3.4218475818634033
calibration_test/ece:	0.02911999449133873
calibration_test/brier:	0.5243681073188782
accuracy_test/task:	60.45
accuracy_test/concepts:	83.88186645507812
map_test/concepts:	0.8119404631434008

Epoch 58
losses_train/task:	1.079374074935913
losses_train/concepts:	16.798675537109375
losses_train/precision:	0.010678570717573166
losses_train/total:	2.7603096961975098
losses_test/task:	1.1712062358856201
losses_test/concepts:	22.58727264404297
losses_test/precision:	0.010084792971611023
losses_test/total:	3.430941581726074
calibration_test/ece:	0.034921083599328995
calibration_test/brier:	0.5255625247955322
accuracy_test/task:	60.06
accuracy_test/concepts:	83.85748291015625
map_test/concepts:	0.8126588619779795

Epoch 59
losses_train/task:	1.0782380104064941
losses_train/concepts:	16.736494064331055
losses_train/precision:	0.010814574547111988
losses_train/total:	2.752969264984131
losses_test/task:	1.1666687726974487
losses_test/concepts:	22.752422332763672
losses_test/precision:	0.011142011731863022
losses_test/total:	3.4430253505706787
calibration_test/ece:	0.03238868713378906
calibration_test/brier:	0.521904706954956
accuracy_test/task:	60.88
accuracy_test/concepts:	83.63497924804688
map_test/concepts:	0.8129278896376491

Epoch 60
losses_train/task:	1.0738502740859985
losses_train/concepts:	16.67255210876465
losses_train/precision:	0.010895883664488792
losses_train/total:	2.742197036743164
losses_test/task:	1.1711511611938477
losses_test/concepts:	22.795055389404297
losses_test/precision:	0.010805292055010796
losses_test/total:	3.4517364501953125
calibration_test/ece:	0.03774307668209076
calibration_test/brier:	0.5233862400054932
accuracy_test/task:	60.49
accuracy_test/concepts:	83.68092346191406
map_test/concepts:	0.8126788060180843

Epoch 61
losses_train/task:	1.077412486076355
losses_train/concepts:	16.62041664123535
losses_train/precision:	0.010980104096233845
losses_train/total:	2.7405505180358887
losses_test/task:	1.1664146184921265
losses_test/concepts:	22.74405860900879
losses_test/precision:	0.011124922893941402
losses_test/total:	3.4419331550598145
calibration_test/ece:	0.030007878318428993
calibration_test/brier:	0.5248367190361023
accuracy_test/task:	60.17
accuracy_test/concepts:	83.89922332763672
map_test/concepts:	0.8124932465143502

Epoch 62
losses_train/task:	1.0720136165618896
losses_train/concepts:	16.56793975830078
losses_train/precision:	0.011026683263480663
losses_train/total:	2.729910135269165
losses_test/task:	1.1650866270065308
losses_test/concepts:	22.91016960144043
losses_test/precision:	0.01090258453041315
losses_test/total:	3.4571924209594727
calibration_test/ece:	0.037811316549777985
calibration_test/brier:	0.523307204246521
accuracy_test/task:	60.46
accuracy_test/concepts:	83.6812515258789
map_test/concepts:	0.8128121581394225

Epoch 63
losses_train/task:	1.0657209157943726
losses_train/concepts:	16.512149810791016
losses_train/precision:	0.011023910716176033
losses_train/total:	2.7180376052856445
losses_test/task:	1.166347622871399
losses_test/concepts:	22.91002082824707
losses_test/precision:	0.010950611904263496
losses_test/total:	3.458444833755493
calibration_test/ece:	0.03515154868364334
calibration_test/brier:	0.5210604071617126
accuracy_test/task:	60.8
accuracy_test/concepts:	83.64249420166016
map_test/concepts:	0.8119851934025064

Epoch 64
losses_train/task:	1.0663529634475708
losses_train/concepts:	16.493268966674805
losses_train/precision:	0.011007965542376041
losses_train/total:	2.716780424118042
losses_test/task:	1.1754324436187744
losses_test/concepts:	22.843263626098633
losses_test/precision:	0.011031079106032848
losses_test/total:	3.4608614444732666
calibration_test/ece:	0.030399521812796593
calibration_test/brier:	0.5267283916473389
accuracy_test/task:	60.09
accuracy_test/concepts:	83.82186889648438
map_test/concepts:	0.8122507428051904

Epoch 65
losses_train/task:	1.074264645576477
losses_train/concepts:	16.42422103881836
losses_train/precision:	0.011184156872332096
losses_train/total:	2.717804431915283
losses_test/task:	1.1565674543380737
losses_test/concepts:	22.83865737915039
losses_test/precision:	0.011301083490252495
losses_test/total:	3.441563844680786
calibration_test/ece:	0.025323588401079178
calibration_test/brier:	0.5196093916893005
accuracy_test/task:	61.09
accuracy_test/concepts:	83.8426284790039
map_test/concepts:	0.8125695288181305

Epoch 66
losses_train/task:	1.0653001070022583
losses_train/concepts:	16.341405868530273
losses_train/precision:	0.011278465390205383
losses_train/total:	2.700568914413452
losses_test/task:	1.171090841293335
losses_test/concepts:	22.979385375976562
losses_test/precision:	0.011506212875247002
losses_test/total:	3.4701802730560303
calibration_test/ece:	0.034442637115716934
calibration_test/brier:	0.5259459018707275
accuracy_test/task:	60.43
accuracy_test/concepts:	83.79499053955078
map_test/concepts:	0.8123203213326633

Epoch 67
losses_train/task:	1.0639644861221313
losses_train/concepts:	16.327035903930664
losses_train/precision:	0.01136449072510004
losses_train/total:	2.697805404663086
losses_test/task:	1.1725585460662842
losses_test/concepts:	22.94557762145996
losses_test/precision:	0.011526690796017647
losses_test/total:	3.4682679176330566
calibration_test/ece:	0.03355065733194351
calibration_test/brier:	0.5244690775871277
accuracy_test/task:	60.46
accuracy_test/concepts:	83.79780578613281
map_test/concepts:	0.8123794867424294

Epoch 68
losses_train/task:	1.05864679813385
losses_train/concepts:	16.290348052978516
losses_train/precision:	0.011333605274558067
losses_train/total:	2.6888153553009033
losses_test/task:	1.1645026206970215
losses_test/concepts:	22.95187759399414
losses_test/precision:	0.011171682737767696
losses_test/total:	3.4608078002929688
calibration_test/ece:	0.03063993528485298
calibration_test/brier:	0.5225871205329895
accuracy_test/task:	60.57
accuracy_test/concepts:	83.83186340332031
map_test/concepts:	0.812578076729551

Epoch 69
losses_train/task:	1.0638355016708374
losses_train/concepts:	16.252050399780273
losses_train/precision:	0.011498712934553623
losses_train/total:	2.690190315246582
losses_test/task:	1.1641368865966797
losses_test/concepts:	23.004947662353516
losses_test/precision:	0.011347340419888496
losses_test/total:	3.465765953063965
calibration_test/ece:	0.03487778082489967
calibration_test/brier:	0.5219658613204956
accuracy_test/task:	60.52
accuracy_test/concepts:	83.74718475341797
map_test/concepts:	0.8122365938033909

Epoch 70
losses_train/task:	1.0640815496444702
losses_train/concepts:	16.183528900146484
losses_train/precision:	0.011466634459793568
losses_train/total:	2.683581590652466
losses_test/task:	1.1741081476211548
losses_test/concepts:	23.076351165771484
losses_test/precision:	0.011732264421880245
losses_test/total:	3.482916831970215
calibration_test/ece:	0.03682814911007881
calibration_test/brier:	0.5229586362838745
accuracy_test/task:	60.84
accuracy_test/concepts:	83.64248657226562
map_test/concepts:	0.8120068177813664

Epoch 71
losses_train/task:	1.0571022033691406
losses_train/concepts:	16.150022506713867
losses_train/precision:	0.011438013054430485
losses_train/total:	2.673248291015625
losses_test/task:	1.1795790195465088
losses_test/concepts:	23.104211807250977
losses_test/precision:	0.011520985513925552
losses_test/total:	3.491151809692383
calibration_test/ece:	0.0390017144382
calibration_test/brier:	0.5275375247001648
accuracy_test/task:	60.17
accuracy_test/concepts:	83.71530151367188
map_test/concepts:	0.8108907948480919

Epoch 72
losses_train/task:	1.058262586593628
losses_train/concepts:	16.134136199951172
losses_train/precision:	0.01136982161551714
losses_train/total:	2.6728129386901855
losses_test/task:	1.1781741380691528
losses_test/concepts:	23.03409767150879
losses_test/precision:	0.011317002587020397
losses_test/total:	3.4827158451080322
calibration_test/ece:	0.03622438386082649
calibration_test/brier:	0.5247341990470886
accuracy_test/task:	60.35
accuracy_test/concepts:	83.6987533569336
map_test/concepts:	0.8119670900050551

Epoch 73
losses_train/task:	1.0565438270568848
losses_train/concepts:	16.088773727416992
losses_train/precision:	0.011387784034013748
losses_train/total:	2.6665608882904053
losses_test/task:	1.1785008907318115
losses_test/concepts:	23.119953155517578
losses_test/precision:	0.011154714971780777
losses_test/total:	3.491612434387207
calibration_test/ece:	0.043670736253261566
calibration_test/brier:	0.5288552045822144
accuracy_test/task:	60.06
accuracy_test/concepts:	83.67499542236328
map_test/concepts:	0.8114726253552362

Epoch 74
losses_train/task:	1.0514121055603027
losses_train/concepts:	16.042980194091797
losses_train/precision:	0.011430541053414345
losses_train/total:	2.656853437423706
losses_test/task:	1.174007534980774
losses_test/concepts:	23.178314208984375
losses_test/precision:	0.011452320963144302
losses_test/total:	3.4929845333099365
calibration_test/ece:	0.03977491334080696
calibration_test/brier:	0.5252842307090759
accuracy_test/task:	60.63
accuracy_test/concepts:	83.65077209472656
map_test/concepts:	0.8111630451167002

Epoch 75
losses_train/task:	1.04909086227417
losses_train/concepts:	15.972091674804688
losses_train/precision:	0.011491188779473305
losses_train/total:	2.6474483013153076
losses_test/task:	1.1821720600128174
losses_test/concepts:	23.28761863708496
losses_test/precision:	0.01151657197624445
losses_test/total:	3.5120849609375
calibration_test/ece:	0.0401083305478096
calibration_test/brier:	0.528139591217041
accuracy_test/task:	60.34
accuracy_test/concepts:	83.56343841552734
map_test/concepts:	0.811537591391243

Epoch 76
losses_train/task:	1.055633783340454
losses_train/concepts:	15.968661308288574
losses_train/precision:	0.011494752019643784
losses_train/total:	2.65364933013916
losses_test/task:	1.1789367198944092
losses_test/concepts:	23.239850997924805
losses_test/precision:	0.011444510892033577
losses_test/total:	3.504066228866577
calibration_test/ece:	0.04099173843860626
calibration_test/brier:	0.5267662405967712
accuracy_test/task:	60.44
accuracy_test/concepts:	83.62625885009766
map_test/concepts:	0.8110429730731994

Epoch 77
losses_train/task:	1.0518791675567627
losses_train/concepts:	15.927836418151855
losses_train/precision:	0.011469420976936817
losses_train/total:	2.645811080932617
losses_test/task:	1.172526240348816
losses_test/concepts:	23.306474685668945
losses_test/precision:	0.011580582708120346
losses_test/total:	3.5043325424194336
calibration_test/ece:	0.04839722067117691
calibration_test/brier:	0.5254573225975037
accuracy_test/task:	60.3
accuracy_test/concepts:	83.5771713256836
map_test/concepts:	0.810984248179011

Epoch 78
losses_train/task:	1.0486116409301758
losses_train/concepts:	15.899773597717285
losses_train/precision:	0.011460358276963234
losses_train/total:	2.6397364139556885
losses_test/task:	1.1852837800979614
losses_test/concepts:	23.37009048461914
losses_test/precision:	0.011483983136713505
losses_test/total:	3.5234410762786865
calibration_test/ece:	0.04246590659022331
calibration_test/brier:	0.526583731174469
accuracy_test/task:	60.46
accuracy_test/concepts:	83.5668716430664
map_test/concepts:	0.8110822052694857

Epoch 79
losses_train/task:	1.044268012046814
losses_train/concepts:	15.839308738708496
losses_train/precision:	0.011604031547904015
losses_train/total:	2.629359483718872
losses_test/task:	1.1675007343292236
losses_test/concepts:	23.37183380126953
losses_test/precision:	0.011187481693923473
losses_test/total:	3.505803108215332
calibration_test/ece:	0.03892715647816658
calibration_test/brier:	0.5214108228683472
accuracy_test/task:	61.36
accuracy_test/concepts:	83.47545623779297
map_test/concepts:	0.8112428513122723

Epoch 80
losses_train/task:	1.0489126443862915
losses_train/concepts:	15.837854385375977
losses_train/precision:	0.011599108576774597
losses_train/total:	2.6338586807250977
losses_test/task:	1.1818633079528809
losses_test/concepts:	23.460359573364258
losses_test/precision:	0.011036219075322151
losses_test/total:	3.529003381729126
calibration_test/ece:	0.047048419713974
calibration_test/brier:	0.5280808210372925
accuracy_test/task:	60.18
accuracy_test/concepts:	83.49952697753906
map_test/concepts:	0.8104216728825122

Epoch 81
losses_train/task:	1.0274029970169067
losses_train/concepts:	15.66966724395752
losses_train/precision:	0.0014064830029383302
losses_train/total:	2.5945112705230713
losses_test/task:	1.178780198097229
losses_test/concepts:	23.238069534301758
losses_test/precision:	0.0011385971447452903
losses_test/total:	3.5027010440826416
calibration_test/ece:	0.028502747416496277
calibration_test/brier:	0.5256565809249878
accuracy_test/task:	60.39
accuracy_test/concepts:	84.01327514648438
map_test/concepts:	0.8128817392280325

Epoch 82
losses_train/task:	1.0220805406570435
losses_train/concepts:	15.576921463012695
losses_train/precision:	0.0011572582880035043
losses_train/total:	2.579887866973877
losses_test/task:	1.178104043006897
losses_test/concepts:	23.237558364868164
losses_test/precision:	0.0011299991747364402
losses_test/total:	3.5019733905792236
calibration_test/ece:	0.031133975833654404
calibration_test/brier:	0.52541184425354
accuracy_test/task:	60.24
accuracy_test/concepts:	84.01249694824219
map_test/concepts:	0.8131443801685236

Epoch 83
losses_train/task:	1.019693374633789
losses_train/concepts:	15.535575866699219
losses_train/precision:	0.0011645269114524126
losses_train/total:	2.57336688041687
losses_test/task:	1.1855839490890503
losses_test/concepts:	23.29184913635254
losses_test/precision:	0.001168085029348731
losses_test/total:	3.5148863792419434
calibration_test/ece:	0.02929535135626793
calibration_test/brier:	0.5269926190376282
accuracy_test/task:	60.42
accuracy_test/concepts:	84.02731323242188
map_test/concepts:	0.8131172055145726

Epoch 84
losses_train/task:	1.0209943056106567
losses_train/concepts:	15.528501510620117
losses_train/precision:	0.0011632887180894613
losses_train/total:	2.5739614963531494
losses_test/task:	1.1871780157089233
losses_test/concepts:	23.272254943847656
losses_test/precision:	0.0011682062176987529
losses_test/total:	3.5145211219787598
calibration_test/ece:	0.03013540804386139
calibration_test/brier:	0.5271283388137817
accuracy_test/task:	60.23
accuracy_test/concepts:	84.01701354980469
map_test/concepts:	0.8130182840395719

Epoch 85
losses_train/task:	1.0193582773208618
losses_train/concepts:	15.458329200744629
losses_train/precision:	0.0011759495828300714
losses_train/total:	2.5653085708618164
losses_test/task:	1.1810054779052734
losses_test/concepts:	23.237791061401367
losses_test/precision:	0.0011833439348265529
losses_test/total:	3.5049033164978027
calibration_test/ece:	0.032651644200086594
calibration_test/brier:	0.5245741009712219
accuracy_test/task:	60.31
accuracy_test/concepts:	84.03890228271484
map_test/concepts:	0.8133722391794436

Epoch 86
losses_train/task:	1.02268385887146
losses_train/concepts:	15.46731948852539
losses_train/precision:	0.0011749367695301771
losses_train/total:	2.5695340633392334
losses_test/task:	1.183571457862854
losses_test/concepts:	23.25298309326172
losses_test/precision:	0.0011987237958237529
losses_test/total:	3.50899076461792
calibration_test/ece:	0.03418269753456116
calibration_test/brier:	0.5250896215438843
accuracy_test/task:	60.14
accuracy_test/concepts:	84.02437591552734
map_test/concepts:	0.8131864448077977

Epoch 87
losses_train/task:	1.0178101062774658
losses_train/concepts:	15.428398132324219
losses_train/precision:	0.001175559009425342
losses_train/total:	2.56076717376709
losses_test/task:	1.179960012435913
losses_test/concepts:	23.322832107543945
losses_test/precision:	0.001212164992466569
losses_test/total:	3.512364625930786
calibration_test/ece:	0.03125279024243355
calibration_test/brier:	0.525019109249115
accuracy_test/task:	60.27
accuracy_test/concepts:	84.04217529296875
map_test/concepts:	0.8132160378154367

Epoch 88
losses_train/task:	1.0214335918426514
losses_train/concepts:	15.432031631469727
losses_train/precision:	0.001175716519355774
losses_train/total:	2.5647552013397217
losses_test/task:	1.1854668855667114
losses_test/concepts:	23.274730682373047
losses_test/precision:	0.0011999956332147121
losses_test/total:	3.513059616088867
calibration_test/ece:	0.03419385477900505
calibration_test/brier:	0.5253132581710815
accuracy_test/task:	60.15
accuracy_test/concepts:	84.02281951904297
map_test/concepts:	0.8132127907010727

Epoch 89
losses_train/task:	1.0238096714019775
losses_train/concepts:	15.408970832824707
losses_train/precision:	0.0011761869536712766
losses_train/total:	2.564823865890503
losses_test/task:	1.1792385578155518
losses_test/concepts:	23.25705909729004
losses_test/precision:	0.00119769515004009
losses_test/total:	3.5050649642944336
calibration_test/ece:	0.03130035474896431
calibration_test/brier:	0.5243204832077026
accuracy_test/task:	60.45
accuracy_test/concepts:	84.02985382080078
map_test/concepts:	0.8133540224516764

Epoch 90
losses_train/task:	1.010300874710083
losses_train/concepts:	15.382086753845215
losses_train/precision:	0.0011782408691942692
losses_train/total:	2.5486268997192383
losses_test/task:	1.1786807775497437
losses_test/concepts:	23.25808334350586
losses_test/precision:	0.0011997523251920938
losses_test/total:	3.504610061645508
calibration_test/ece:	0.03012658655643463
calibration_test/brier:	0.5236158967018127
accuracy_test/task:	60.65
accuracy_test/concepts:	84.0206298828125
map_test/concepts:	0.8133446586434729

Epoch 91
losses_train/task:	1.0153913497924805
losses_train/concepts:	15.365067481994629
losses_train/precision:	0.0011848418507725
losses_train/total:	2.552016019821167
losses_test/task:	1.1791034936904907
losses_test/concepts:	23.32498550415039
losses_test/precision:	0.0011683261254802346
losses_test/total:	3.51171875
calibration_test/ece:	0.033062662929296494
calibration_test/brier:	0.5248422026634216
accuracy_test/task:	60.2
accuracy_test/concepts:	84.02263641357422
map_test/concepts:	0.8131503668264486

Epoch 92
losses_train/task:	1.021535038948059
losses_train/concepts:	15.379133224487305
losses_train/precision:	0.0011850488372147083
losses_train/total:	2.559566020965576
losses_test/task:	1.183906078338623
losses_test/concepts:	23.262134552001953
losses_test/precision:	0.001172384130768478
losses_test/total:	3.5102365016937256
calibration_test/ece:	0.03725737705826759
calibration_test/brier:	0.5264367461204529
accuracy_test/task:	60.05
accuracy_test/concepts:	84.01515197753906
map_test/concepts:	0.8131433181697503

Epoch 93
losses_train/task:	1.018373727798462
losses_train/concepts:	15.347630500793457
losses_train/precision:	0.0011902338592335582
losses_train/total:	2.553256034851074
losses_test/task:	1.1805814504623413
losses_test/concepts:	23.29949378967285
losses_test/precision:	0.0011986637255176902
losses_test/total:	3.510651111602783
calibration_test/ece:	0.034735240042209625
calibration_test/brier:	0.5254325866699219
accuracy_test/task:	60.24
accuracy_test/concepts:	84.0140609741211
map_test/concepts:	0.8131530467653647

Epoch 94
losses_train/task:	1.0201886892318726
losses_train/concepts:	15.350787162780762
losses_train/precision:	0.0011799157364293933
losses_train/total:	2.5553858280181885
losses_test/task:	1.1789958477020264
losses_test/concepts:	23.314117431640625
losses_test/precision:	0.0011845534900203347
losses_test/total:	3.510526418685913
calibration_test/ece:	0.030955107882618904
calibration_test/brier:	0.5232627987861633
accuracy_test/task:	60.67
accuracy_test/concepts:	84.00625610351562
map_test/concepts:	0.8130551900831051

Epoch 95
losses_train/task:	1.0183008909225464
losses_train/concepts:	15.297188758850098
losses_train/precision:	0.0011911123292520642
losses_train/total:	2.5481371879577637
losses_test/task:	1.181259036064148
losses_test/concepts:	23.349193572998047
losses_test/precision:	0.0012246989645063877
losses_test/total:	3.516301155090332
calibration_test/ece:	0.03343654051423073
calibration_test/brier:	0.5249272584915161
accuracy_test/task:	60.34
accuracy_test/concepts:	84.00859832763672
map_test/concepts:	0.8130519937258214

Epoch 96
losses_train/task:	1.0123382806777954
losses_train/concepts:	15.305026054382324
losses_train/precision:	0.0011868891306221485
losses_train/total:	2.542959690093994
losses_test/task:	1.182308316230774
losses_test/concepts:	23.349689483642578
losses_test/precision:	0.00119006575550884
losses_test/total:	3.5173959732055664
calibration_test/ece:	0.03250427544116974
calibration_test/brier:	0.525003969669342
accuracy_test/task:	60.48
accuracy_test/concepts:	83.99405670166016
map_test/concepts:	0.8131174247828312

Epoch 97
losses_train/task:	1.0196443796157837
losses_train/concepts:	15.3034086227417
losses_train/precision:	0.0011955323861911893
losses_train/total:	2.5501046180725098
losses_test/task:	1.181832194328308
losses_test/concepts:	23.365982055664062
losses_test/precision:	0.001196846249513328
losses_test/total:	3.518550157546997
calibration_test/ece:	0.03177906572818756
calibration_test/brier:	0.525046706199646
accuracy_test/task:	60.31
accuracy_test/concepts:	84.00516510009766
map_test/concepts:	0.8128669372526929

Epoch 98
losses_train/task:	1.0211985111236572
losses_train/concepts:	15.290364265441895
losses_train/precision:	0.0012017996050417423
losses_train/total:	2.5503556728363037
losses_test/task:	1.1812647581100464
losses_test/concepts:	23.313243865966797
losses_test/precision:	0.001154460245743394
losses_test/total:	3.5127053260803223
calibration_test/ece:	0.032645612955093384
calibration_test/brier:	0.5251710414886475
accuracy_test/task:	60.49
accuracy_test/concepts:	84.00813293457031
map_test/concepts:	0.8127960265264846

Epoch 99
losses_train/task:	1.007308006286621
losses_train/concepts:	15.249116897583008
losses_train/precision:	0.0011889716843143106
losses_train/total:	2.532337188720703
losses_test/task:	1.1822313070297241
losses_test/concepts:	23.330612182617188
losses_test/precision:	0.001195393386296928
losses_test/total:	3.515411853790283
calibration_test/ece:	0.034762561321258545
calibration_test/brier:	0.5253220796585083
accuracy_test/task:	60.4
accuracy_test/concepts:	84.00642395019531
map_test/concepts:	0.8129852281417698

Epoch 100
losses_train/task:	1.014340877532959
losses_train/concepts:	15.250856399536133
losses_train/precision:	0.0012028871569782495
losses_train/total:	2.539546251296997
losses_test/task:	1.1803420782089233
losses_test/concepts:	23.345840454101562
losses_test/precision:	0.0012056254781782627
losses_test/total:	3.515047073364258
calibration_test/ece:	0.035613954067230225
calibration_test/brier:	0.5251893401145935
accuracy_test/task:	60.32
accuracy_test/concepts:	84.0167236328125
map_test/concepts:	0.813000860856846

Epoch 101
losses_train/task:	1.0210782289505005
losses_train/concepts:	15.241146087646484
losses_train/precision:	0.001204116502776742
losses_train/total:	2.545314311981201
losses_test/task:	1.1837021112442017
losses_test/concepts:	23.405719757080078
losses_test/precision:	0.0011943647405132651
losses_test/total:	3.5243935585021973
calibration_test/ece:	0.030708879232406616
calibration_test/brier:	0.52583909034729
accuracy_test/task:	60.4
accuracy_test/concepts:	83.99280548095703
map_test/concepts:	0.8129251023055986

Epoch 102
losses_train/task:	1.0120899677276611
losses_train/concepts:	15.240091323852539
losses_train/precision:	0.0012115191202610731
losses_train/total:	2.5362205505371094
losses_test/task:	1.1777496337890625
losses_test/concepts:	23.350427627563477
losses_test/precision:	0.0012217927724123001
losses_test/total:	3.512913703918457
calibration_test/ece:	0.03461682051420212
calibration_test/brier:	0.5231310129165649
accuracy_test/task:	60.34
accuracy_test/concepts:	83.99514770507812
map_test/concepts:	0.8129680926795118

Epoch 103
losses_train/task:	1.0196350812911987
losses_train/concepts:	15.21769905090332
losses_train/precision:	0.0012066287454217672
losses_train/total:	2.5415265560150146
losses_test/task:	1.1772847175598145
losses_test/concepts:	23.399139404296875
losses_test/precision:	0.0011917594820261002
losses_test/total:	3.5173182487487793
calibration_test/ece:	0.03160529211163521
calibration_test/brier:	0.5239665508270264
accuracy_test/task:	60.67
accuracy_test/concepts:	83.98641204833984
map_test/concepts:	0.8128158494946547

Epoch 104
losses_train/task:	1.0067150592803955
losses_train/concepts:	15.209798812866211
losses_train/precision:	0.0012039151042699814
losses_train/total:	2.5278160572052
losses_test/task:	1.182152509689331
losses_test/concepts:	23.373424530029297
losses_test/precision:	0.001149617019109428
losses_test/total:	3.5196101665496826
calibration_test/ece:	0.03472132608294487
calibration_test/brier:	0.5249037742614746
accuracy_test/task:	60.43
accuracy_test/concepts:	84.01406860351562
map_test/concepts:	0.8130585198523477

Epoch 105
losses_train/task:	1.0107046365737915
losses_train/concepts:	15.177674293518066
losses_train/precision:	0.0012065001064911485
losses_train/total:	2.5285918712615967
losses_test/task:	1.1783075332641602
losses_test/concepts:	23.417701721191406
losses_test/precision:	0.001216404139995575
losses_test/total:	3.5201992988586426
calibration_test/ece:	0.03399244323372841
calibration_test/brier:	0.523861825466156
accuracy_test/task:	60.41
accuracy_test/concepts:	83.9987564086914
map_test/concepts:	0.8130212043179199

Epoch 106
losses_train/task:	1.0163569450378418
losses_train/concepts:	15.181670188903809
losses_train/precision:	0.0012170200934633613
losses_train/total:	2.5346453189849854
losses_test/task:	1.1822752952575684
losses_test/concepts:	23.391571044921875
losses_test/precision:	0.001193031552247703
losses_test/total:	3.5215532779693604
calibration_test/ece:	0.03522253409028053
calibration_test/brier:	0.5244247317314148
accuracy_test/task:	60.44
accuracy_test/concepts:	83.98531341552734
map_test/concepts:	0.812842633924447

Epoch 107
losses_train/task:	1.017507553100586
losses_train/concepts:	15.191481590270996
losses_train/precision:	0.0012154512805864215
losses_train/total:	2.5367772579193115
losses_test/task:	1.1804618835449219
losses_test/concepts:	23.399690628051758
losses_test/precision:	0.00121319480240345
losses_test/total:	3.5205535888671875
calibration_test/ece:	0.032974470406770706
calibration_test/brier:	0.5233808159828186
accuracy_test/task:	60.48
accuracy_test/concepts:	83.97579193115234
map_test/concepts:	0.8128877743147314

Epoch 108
losses_train/task:	1.011475682258606
losses_train/concepts:	15.168722152709961
losses_train/precision:	0.0012117079459130764
losses_train/total:	2.528470039367676
losses_test/task:	1.1850804090499878
losses_test/concepts:	23.372079849243164
losses_test/precision:	0.0011715964647009969
losses_test/total:	3.5224058628082275
calibration_test/ece:	0.03773488104343414
calibration_test/brier:	0.5265849232673645
accuracy_test/task:	60.12
accuracy_test/concepts:	83.99125671386719
map_test/concepts:	0.8128040040610358

Epoch 109
losses_train/task:	1.0188348293304443
losses_train/concepts:	15.183552742004395
losses_train/precision:	0.0012212790315970778
losses_train/total:	2.5373129844665527
losses_test/task:	1.1809028387069702
losses_test/concepts:	23.40358543395996
losses_test/precision:	0.0012435315875336528
losses_test/total:	3.521385908126831
calibration_test/ece:	0.033583562821149826
calibration_test/brier:	0.5244333148002625
accuracy_test/task:	60.37
accuracy_test/concepts:	83.98922729492188
map_test/concepts:	0.8126761924941093

Epoch 110
losses_train/task:	1.011353611946106
losses_train/concepts:	15.146710395812988
losses_train/precision:	0.0012206826359033585
losses_train/total:	2.526146411895752
losses_test/task:	1.1796752214431763
losses_test/concepts:	23.413930892944336
losses_test/precision:	0.0011683261254802346
losses_test/total:	3.521185874938965
calibration_test/ece:	0.03151171654462814
calibration_test/brier:	0.5228910446166992
accuracy_test/task:	60.79
accuracy_test/concepts:	83.98719787597656
map_test/concepts:	0.8127726754173636

Epoch 111
losses_train/task:	1.0143487453460693
losses_train/concepts:	15.13424301147461
losses_train/precision:	0.0012309800367802382
losses_train/total:	2.5278964042663574
losses_test/task:	1.178324580192566
losses_test/concepts:	23.403200149536133
losses_test/precision:	0.0011452579637989402
losses_test/total:	3.5187599658966064
calibration_test/ece:	0.03536195307970047
calibration_test/brier:	0.5232818126678467
accuracy_test/task:	60.44
accuracy_test/concepts:	83.98516845703125
map_test/concepts:	0.8128261648816988

Epoch 112
losses_train/task:	1.0094799995422363
losses_train/concepts:	15.109729766845703
losses_train/precision:	0.0012262441450729966
losses_train/total:	2.5205750465393066
losses_test/task:	1.1791353225708008
losses_test/concepts:	23.484642028808594
losses_test/precision:	0.0012095625279471278
losses_test/total:	3.527719736099243
calibration_test/ece:	0.03568771108984947
calibration_test/brier:	0.5253472328186035
accuracy_test/task:	60.37
accuracy_test/concepts:	83.98079681396484
map_test/concepts:	0.8128164697554894

Epoch 113
losses_train/task:	1.0109660625457764
losses_train/concepts:	15.113992691040039
losses_train/precision:	0.001234585652127862
losses_train/total:	2.522488594055176
losses_test/task:	1.179452896118164
losses_test/concepts:	23.468544006347656
losses_test/precision:	0.0012534615816548467
losses_test/total:	3.5264317989349365
calibration_test/ece:	0.03516509383916855
calibration_test/brier:	0.5245240330696106
accuracy_test/task:	60.53
accuracy_test/concepts:	83.96781158447266
map_test/concepts:	0.8127885712310672

Epoch 114
losses_train/task:	1.008908748626709
losses_train/concepts:	15.102880477905273
losses_train/precision:	0.001225847750902176
losses_train/total:	2.5193207263946533
losses_test/task:	1.1788731813430786
losses_test/concepts:	23.474878311157227
losses_test/precision:	0.0012599397450685501
losses_test/total:	3.52648663520813
calibration_test/ece:	0.0343187116086483
calibration_test/brier:	0.5242648720741272
accuracy_test/task:	60.44
accuracy_test/concepts:	83.99031829833984
map_test/concepts:	0.81286030204501

Epoch 115
losses_train/task:	1.0075924396514893
losses_train/concepts:	15.101459503173828
losses_train/precision:	0.0012265837285667658
losses_train/total:	2.5178613662719727
losses_test/task:	1.1836001873016357
losses_test/concepts:	23.4449462890625
losses_test/precision:	0.0012037480482831597
losses_test/total:	3.5282156467437744
calibration_test/ece:	0.036800287663936615
calibration_test/brier:	0.526541531085968
accuracy_test/task:	60.11
accuracy_test/concepts:	83.96564483642578
map_test/concepts:	0.8127591012162156

Epoch 116
losses_train/task:	1.0123504400253296
losses_train/concepts:	15.109245300292969
losses_train/precision:	0.0012372726341709495
losses_train/total:	2.523399591445923
losses_test/task:	1.1845076084136963
losses_test/concepts:	23.4261531829834
losses_test/precision:	0.0012715663760900497
losses_test/total:	3.527250289916992
calibration_test/ece:	0.03438911586999893
calibration_test/brier:	0.5262359976768494
accuracy_test/task:	60.46
accuracy_test/concepts:	83.9798583984375
map_test/concepts:	0.8128891463275068

Epoch 117
losses_train/task:	1.0106617212295532
losses_train/concepts:	15.111069679260254
losses_train/precision:	0.001239257981069386
losses_train/total:	2.521892786026001
losses_test/task:	1.182831048965454
losses_test/concepts:	23.469579696655273
losses_test/precision:	0.0011988437036052346
losses_test/total:	3.5299084186553955
calibration_test/ece:	0.03311634436249733
calibration_test/brier:	0.5256521105766296
accuracy_test/task:	60.54
accuracy_test/concepts:	83.96392059326172
map_test/concepts:	0.8128834028029814

Epoch 118
losses_train/task:	1.014602541923523
losses_train/concepts:	15.082101821899414
losses_train/precision:	0.001231096452102065
losses_train/total:	2.5229358673095703
losses_test/task:	1.1805311441421509
losses_test/concepts:	23.450748443603516
losses_test/precision:	0.0012608474353328347
losses_test/total:	3.525731325149536
calibration_test/ece:	0.0338231660425663
calibration_test/brier:	0.5239269733428955
accuracy_test/task:	60.49
accuracy_test/concepts:	83.97454071044922
map_test/concepts:	0.8127569219795987

Epoch 119
losses_train/task:	1.0143464803695679
losses_train/concepts:	15.069339752197266
losses_train/precision:	0.0012459615245461464
losses_train/total:	2.5214052200317383
losses_test/task:	1.1822096109390259
losses_test/concepts:	23.438302993774414
losses_test/precision:	0.0012563684722408652
losses_test/total:	3.5261645317077637
calibration_test/ece:	0.035350799560546875
calibration_test/brier:	0.5244930386543274
accuracy_test/task:	60.54
accuracy_test/concepts:	83.95468139648438
map_test/concepts:	0.8128252355381846

Epoch 120
losses_train/task:	1.0106343030929565
losses_train/concepts:	15.080917358398438
losses_train/precision:	0.001245825202204287
losses_train/total:	2.518850326538086
losses_test/task:	1.1754364967346191
losses_test/concepts:	23.47469711303711
losses_test/precision:	0.0011943037388846278
losses_test/total:	3.5230255126953125
calibration_test/ece:	0.03276947885751724
calibration_test/brier:	0.5223506689071655
accuracy_test/task:	60.7
accuracy_test/concepts:	83.97407531738281
map_test/concepts:	0.8127989693894051

Epoch 121
losses_train/task:	1.0115594863891602
losses_train/concepts:	15.040132522583008
losses_train/precision:	0.00124544242862612
losses_train/total:	2.515699625015259
losses_test/task:	1.1780809164047241
losses_test/concepts:	23.532310485839844
losses_test/precision:	0.001245044288225472
losses_test/total:	3.5314371585845947
calibration_test/ece:	0.032669562846422195
calibration_test/brier:	0.5233135223388672
accuracy_test/task:	60.88
accuracy_test/concepts:	83.97250366210938
map_test/concepts:	0.8128121299669147

Epoch 122
losses_train/task:	1.0048760175704956
losses_train/concepts:	15.056262016296387
losses_train/precision:	0.0012451977236196399
losses_train/total:	2.5106263160705566
losses_test/task:	1.1809096336364746
losses_test/concepts:	23.482515335083008
losses_test/precision:	0.001258669188246131
losses_test/total:	3.5292861461639404
calibration_test/ece:	0.034020207822322845
calibration_test/brier:	0.5239896774291992
accuracy_test/task:	60.73
accuracy_test/concepts:	83.96202850341797
map_test/concepts:	0.8127976509276778

Epoch 123
losses_train/task:	1.003475308418274
losses_train/concepts:	15.030802726745605
losses_train/precision:	0.001245434395968914
losses_train/total:	2.5066797733306885
losses_test/task:	1.1852848529815674
losses_test/concepts:	23.485946655273438
losses_test/precision:	0.0012173728318884969
losses_test/total:	3.5340020656585693
calibration_test/ece:	0.03259466588497162
calibration_test/brier:	0.5252274870872498
accuracy_test/task:	60.78
accuracy_test/concepts:	83.96876525878906
map_test/concepts:	0.8126797305303626

Epoch 124
losses_train/task:	1.0059726238250732
losses_train/concepts:	15.027310371398926
losses_train/precision:	0.0012537032598629594
losses_train/total:	2.508828639984131
losses_test/task:	1.1790452003479004
losses_test/concepts:	23.519466400146484
losses_test/precision:	0.0012584856012836099
losses_test/total:	3.5311179161071777
calibration_test/ece:	0.02982567809522152
calibration_test/brier:	0.5228580832481384
accuracy_test/task:	60.97
accuracy_test/concepts:	83.97453308105469
map_test/concepts:	0.8126065292162821

Epoch 125
losses_train/task:	1.0047420263290405
losses_train/concepts:	15.03372573852539
losses_train/precision:	0.0012523062760010362
losses_train/total:	2.5082406997680664
losses_test/task:	1.183744192123413
losses_test/concepts:	23.50506019592285
losses_test/precision:	0.001208290341310203
losses_test/total:	3.5343708992004395
calibration_test/ece:	0.03245944902300835
calibration_test/brier:	0.524541974067688
accuracy_test/task:	60.71
accuracy_test/concepts:	83.96531677246094
map_test/concepts:	0.8127727064420469

Epoch 126
losses_train/task:	1.0073050260543823
losses_train/concepts:	15.00398063659668
losses_train/precision:	0.0012448029592633247
losses_train/total:	2.507826805114746
losses_test/task:	1.1765220165252686
losses_test/concepts:	23.513275146484375
losses_test/precision:	0.001273381058126688
losses_test/total:	3.527977705001831
calibration_test/ece:	0.029011642560362816
calibration_test/brier:	0.5217375755310059
accuracy_test/task:	61.07
accuracy_test/concepts:	83.98079681396484
map_test/concepts:	0.8127883164561354

Epoch 127
losses_train/task:	1.0078283548355103
losses_train/concepts:	15.010335922241211
losses_train/precision:	0.0012554597342386842
losses_train/total:	2.5089871883392334
losses_test/task:	1.1801263093948364
losses_test/concepts:	23.519428253173828
losses_test/precision:	0.001278892275877297
losses_test/total:	3.5321977138519287
calibration_test/ece:	0.03281446173787117
calibration_test/brier:	0.5225610733032227
accuracy_test/task:	60.86
accuracy_test/concepts:	83.95236206054688
map_test/concepts:	0.812698740104679

Epoch 128
losses_train/task:	1.0031970739364624
losses_train/concepts:	14.994855880737305
losses_train/precision:	0.0012523644836619496
losses_train/total:	2.5028092861175537
losses_test/task:	1.18418550491333
losses_test/concepts:	23.50635528564453
losses_test/precision:	0.0012123460182920098
losses_test/total:	3.534942626953125
calibration_test/ece:	0.03708584979176521
calibration_test/brier:	0.5254896283149719
accuracy_test/task:	60.38
accuracy_test/concepts:	83.97484588623047
map_test/concepts:	0.8126215804950334

Epoch 129
losses_train/task:	1.007612943649292
losses_train/concepts:	14.992757797241211
losses_train/precision:	0.0012584624346345663
losses_train/total:	2.507014274597168
losses_test/task:	1.1834255456924438
losses_test/concepts:	23.547826766967773
losses_test/precision:	0.0012580013135448098
losses_test/total:	3.5383336544036865
calibration_test/ece:	0.03677985072135925
calibration_test/brier:	0.5250847935676575
accuracy_test/task:	60.38
accuracy_test/concepts:	83.9490737915039
map_test/concepts:	0.8124343566596508

Epoch 130
losses_train/task:	1.0039786100387573
losses_train/concepts:	14.982501029968262
losses_train/precision:	0.0012629328994080424
losses_train/total:	2.5023562908172607
losses_test/task:	1.1844449043273926
losses_test/concepts:	23.56785774230957
losses_test/precision:	0.0012592145940288901
losses_test/total:	3.5413572788238525
calibration_test/ece:	0.03275216370820999
calibration_test/brier:	0.5253976583480835
accuracy_test/task:	60.53
accuracy_test/concepts:	83.97265625
map_test/concepts:	0.8126550512970425

Epoch 131
losses_train/task:	1.0088168382644653
losses_train/concepts:	14.990079879760742
losses_train/precision:	0.001260387827642262
losses_train/total:	2.5079498291015625
losses_test/task:	1.1867822408676147
losses_test/concepts:	23.50174903869629
losses_test/precision:	0.001226395252160728
losses_test/total:	3.537079334259033
calibration_test/ece:	0.03541906923055649
calibration_test/brier:	0.5256251692771912
accuracy_test/task:	60.48
accuracy_test/concepts:	83.97859954833984
map_test/concepts:	0.8125434977118857

Epoch 132
losses_train/task:	1.0102674961090088
losses_train/concepts:	14.972844123840332
losses_train/precision:	0.001269500469788909
losses_train/total:	2.507678985595703
losses_test/task:	1.183957576751709
losses_test/concepts:	23.554386138916016
losses_test/precision:	0.001245287712663412
losses_test/total:	3.539520740509033
calibration_test/ece:	0.0359993539750576
calibration_test/brier:	0.5241443514823914
accuracy_test/task:	60.67
accuracy_test/concepts:	83.97110748291016
map_test/concepts:	0.8126718259882182

Epoch 133
losses_train/task:	1.0053781270980835
losses_train/concepts:	14.952001571655273
losses_train/precision:	0.001257385010831058
losses_train/total:	2.5007057189941406
losses_test/task:	1.1809805631637573
losses_test/concepts:	23.511390686035156
losses_test/precision:	0.001295059802941978
losses_test/total:	3.5322489738464355
calibration_test/ece:	0.036398619413375854
calibration_test/brier:	0.5233952403068542
accuracy_test/task:	60.7
accuracy_test/concepts:	83.94798278808594
map_test/concepts:	0.8123669878114015

Epoch 134
losses_train/task:	1.0025551319122314
losses_train/concepts:	14.971121788024902
losses_train/precision:	0.0012740216916427016
losses_train/total:	2.499795436859131
losses_test/task:	1.1806282997131348
losses_test/concepts:	23.550949096679688
losses_test/precision:	0.001323880860581994
losses_test/total:	3.535856246948242
calibration_test/ece:	0.03549142926931381
calibration_test/brier:	0.5236495733261108
accuracy_test/task:	60.73
accuracy_test/concepts:	83.96517181396484
map_test/concepts:	0.8126173503696918

Epoch 135
losses_train/task:	1.0080857276916504
losses_train/concepts:	14.961298942565918
losses_train/precision:	0.001270025852136314
losses_train/total:	2.504342794418335
losses_test/task:	1.184103012084961
losses_test/concepts:	23.5675048828125
losses_test/precision:	0.0012213084846735
losses_test/total:	3.5409748554229736
calibration_test/ece:	0.034905556589365005
calibration_test/brier:	0.5246780514717102
accuracy_test/task:	60.53
accuracy_test/concepts:	83.95703887939453
map_test/concepts:	0.8124713472207077

Epoch 136
losses_train/task:	1.0045795440673828
losses_train/concepts:	14.935404777526855
losses_train/precision:	0.001273060915991664
losses_train/total:	2.4982473850250244
losses_test/task:	1.1818599700927734
losses_test/concepts:	23.59214973449707
losses_test/precision:	0.0013155265478417277
losses_test/total:	3.541206121444702
calibration_test/ece:	0.03406771644949913
calibration_test/brier:	0.524112343788147
accuracy_test/task:	60.65
accuracy_test/concepts:	83.96611785888672
map_test/concepts:	0.8126947298296727

Epoch 137
losses_train/task:	1.0087218284606934
losses_train/concepts:	14.933247566223145
losses_train/precision:	0.0012675203615799546
losses_train/total:	2.5021724700927734
losses_test/task:	1.1817270517349243
losses_test/concepts:	23.557323455810547
losses_test/precision:	0.0012607874814420938
losses_test/total:	3.537585735321045
calibration_test/ece:	0.0364474318921566
calibration_test/brier:	0.5233769416809082
accuracy_test/task:	60.59
accuracy_test/concepts:	83.95968627929688
map_test/concepts:	0.8125348563771695

Epoch 138
losses_train/task:	1.0079176425933838
losses_train/concepts:	14.9296293258667
losses_train/precision:	0.0012655809987336397
losses_train/total:	2.501006603240967
losses_test/task:	1.1799674034118652
losses_test/concepts:	23.569311141967773
losses_test/precision:	0.0012531580869108438
losses_test/total:	3.537024974822998
calibration_test/ece:	0.0348731093108654
calibration_test/brier:	0.5234425067901611
accuracy_test/task:	60.56
accuracy_test/concepts:	83.95187377929688
map_test/concepts:	0.8124688901589252

Epoch 139
losses_train/task:	1.0074374675750732
losses_train/concepts:	14.92072582244873
losses_train/precision:	0.0012738535879179835
losses_train/total:	2.4996373653411865
losses_test/task:	1.185080885887146
losses_test/concepts:	23.571956634521484
losses_test/precision:	0.0012928791111335158
losses_test/total:	3.5424060821533203
calibration_test/ece:	0.03782394155859947
calibration_test/brier:	0.5247858166694641
accuracy_test/task:	60.34
accuracy_test/concepts:	83.95423889160156
map_test/concepts:	0.8125406439066865

Epoch 140
losses_train/task:	1.0084171295166016
losses_train/concepts:	14.923121452331543
losses_train/precision:	0.0012770163593813777
losses_train/total:	2.50085711479187
losses_test/task:	1.1838812828063965
losses_test/concepts:	23.593130111694336
losses_test/precision:	0.0012474660761654377
losses_test/total:	3.543318510055542
calibration_test/ece:	0.035468682646751404
calibration_test/brier:	0.5255569219589233
accuracy_test/task:	60.5
accuracy_test/concepts:	83.9850082397461
map_test/concepts:	0.8126919761416502

Epoch 141
losses_train/task:	1.000859022140503
losses_train/concepts:	14.90953540802002
losses_train/precision:	0.001280976110137999
losses_train/total:	2.491940975189209
losses_test/task:	1.1845136880874634
losses_test/concepts:	23.587459564208984
losses_test/precision:	0.0012328126467764378
losses_test/total:	3.5433828830718994
calibration_test/ece:	0.034193236380815506
calibration_test/brier:	0.524763286113739
accuracy_test/task:	60.57
accuracy_test/concepts:	83.94422912597656
map_test/concepts:	0.8124256803421304

Epoch 142
losses_train/task:	1.0024492740631104
losses_train/concepts:	14.907418251037598
losses_train/precision:	0.0012868396006524563
losses_train/total:	2.493319034576416
losses_test/task:	1.1868290901184082
losses_test/concepts:	23.611238479614258
losses_test/precision:	0.00127398909535259
losses_test/total:	3.5480806827545166
calibration_test/ece:	0.037459928542375565
calibration_test/brier:	0.5255755186080933
accuracy_test/task:	60.33
accuracy_test/concepts:	83.96312713623047
map_test/concepts:	0.8123714189277962

Epoch 143
losses_train/task:	1.0036273002624512
losses_train/concepts:	14.913416862487793
losses_train/precision:	0.0012790844775736332
losses_train/total:	2.4950966835021973
losses_test/task:	1.18631112575531
losses_test/concepts:	23.606916427612305
losses_test/precision:	0.001296028378419578
losses_test/total:	3.5471322536468506
calibration_test/ece:	0.035416312515735626
calibration_test/brier:	0.5261391401290894
accuracy_test/task:	60.52
accuracy_test/concepts:	83.94515991210938
map_test/concepts:	0.8122619941132143

Epoch 144
losses_train/task:	1.0023798942565918
losses_train/concepts:	14.882781982421875
losses_train/precision:	0.0012779169483110309
losses_train/total:	2.49078369140625
losses_test/task:	1.1786153316497803
losses_test/concepts:	23.582509994506836
losses_test/precision:	0.0013144367840141058
losses_test/total:	3.5369973182678223
calibration_test/ece:	0.035484518855810165
calibration_test/brier:	0.5223662257194519
accuracy_test/task:	60.8
accuracy_test/concepts:	83.96299743652344
map_test/concepts:	0.8124221971374936

Epoch 145
losses_train/task:	1.0051665306091309
losses_train/concepts:	14.89682674407959
losses_train/precision:	0.0012779985554516315
losses_train/total:	2.494976758956909
losses_test/task:	1.1861276626586914
losses_test/concepts:	23.648752212524414
losses_test/precision:	0.0012813737848773599
losses_test/total:	3.551131010055542
calibration_test/ece:	0.035349633544683456
calibration_test/brier:	0.5251149535179138
accuracy_test/task:	60.67
accuracy_test/concepts:	83.96311950683594
map_test/concepts:	0.8124077574466355

Epoch 146
losses_train/task:	0.9963904023170471
losses_train/concepts:	14.881678581237793
losses_train/precision:	0.001283168327063322
losses_train/total:	2.484687089920044
losses_test/task:	1.1829159259796143
losses_test/concepts:	23.623512268066406
losses_test/precision:	0.0013292112853378057
losses_test/total:	3.5454001426696777
calibration_test/ece:	0.03547142073512077
calibration_test/brier:	0.5237870216369629
accuracy_test/task:	60.68
accuracy_test/concepts:	83.97407531738281
map_test/concepts:	0.8123002598877065

Epoch 147
losses_train/task:	1.0067617893218994
losses_train/concepts:	14.847502708435059
losses_train/precision:	0.001281512202695012
losses_train/total:	2.491638422012329
losses_test/task:	1.1866189241409302
losses_test/concepts:	23.661415100097656
losses_test/precision:	0.0013615434290841222
losses_test/total:	3.552896022796631
calibration_test/ece:	0.038973525166511536
calibration_test/brier:	0.5263361930847168
accuracy_test/task:	60.11
accuracy_test/concepts:	83.97955322265625
map_test/concepts:	0.8124019828392193

Epoch 148
losses_train/task:	1.0052605867385864
losses_train/concepts:	14.879640579223633
losses_train/precision:	0.001288117840886116
losses_train/total:	2.493354082107544
losses_test/task:	1.1836144924163818
losses_test/concepts:	23.628854751586914
losses_test/precision:	0.001286218292079866
losses_test/total:	3.5466277599334717
calibration_test/ece:	0.03628738597035408
calibration_test/brier:	0.5240299105644226
accuracy_test/task:	60.6
accuracy_test/concepts:	83.96784210205078
map_test/concepts:	0.8125383477308787

Epoch 149
losses_train/task:	1.004974126815796
losses_train/concepts:	14.849115371704102
losses_train/precision:	0.0012836969690397382
losses_train/total:	2.490013599395752
losses_test/task:	1.184922695159912
losses_test/concepts:	23.621166229248047
losses_test/precision:	0.0013237600214779377
losses_test/total:	3.5471720695495605
calibration_test/ece:	0.03606683015823364
calibration_test/brier:	0.524246871471405
accuracy_test/task:	60.53
accuracy_test/concepts:	83.96000671386719
map_test/concepts:	0.812518963823095

Epoch 150
losses_train/task:	0.9977599382400513
losses_train/concepts:	14.839982986450195
losses_train/precision:	0.0012938287109136581
losses_train/total:	2.481888771057129
losses_test/task:	1.187575101852417
losses_test/concepts:	23.62020492553711
losses_test/precision:	0.0012535224668681622
losses_test/total:	3.5497212409973145
calibration_test/ece:	0.035307083278894424
calibration_test/brier:	0.5244783163070679
accuracy_test/task:	60.72
accuracy_test/concepts:	83.96063995361328
map_test/concepts:	0.8123841523192823

Epoch 151
losses_train/task:	1.0022245645523071
losses_train/concepts:	14.84660530090332
losses_train/precision:	0.0012908312492072582
losses_train/total:	2.4870145320892334
losses_test/task:	1.1841764450073242
losses_test/concepts:	23.636079788208008
losses_test/precision:	0.0012682968517765403
losses_test/total:	3.547910690307617
calibration_test/ece:	0.03363845497369766
calibration_test/brier:	0.5234508514404297
accuracy_test/task:	60.86
accuracy_test/concepts:	83.95408630371094
map_test/concepts:	0.8123755496926606

Epoch 152
losses_train/task:	0.9990071058273315
losses_train/concepts:	14.87875747680664
losses_train/precision:	0.0013027546228840947
losses_train/total:	2.4870128631591797
losses_test/task:	1.1933679580688477
losses_test/concepts:	23.68514633178711
losses_test/precision:	0.001308137783780694
losses_test/total:	3.5620126724243164
calibration_test/ece:	0.038893215358257294
calibration_test/brier:	0.5281527638435364
accuracy_test/task:	60.14
accuracy_test/concepts:	83.97844696044922
map_test/concepts:	0.8123598514357582

Epoch 153
losses_train/task:	0.9949322938919067
losses_train/concepts:	14.832893371582031
losses_train/precision:	0.0012927005300298333
losses_train/total:	2.4783506393432617
losses_test/task:	1.1946254968643188
losses_test/concepts:	23.62359619140625
losses_test/precision:	0.0013300571590662003
losses_test/total:	3.5571188926696777
calibration_test/ece:	0.03840665519237518
calibration_test/brier:	0.5277658700942993
accuracy_test/task:	60.22
accuracy_test/concepts:	83.9568862915039
map_test/concepts:	0.8122420799336396

Epoch 154
losses_train/task:	1.0027027130126953
losses_train/concepts:	14.81442642211914
losses_train/precision:	0.001296509406529367
losses_train/total:	2.484276056289673
losses_test/task:	1.1843194961547852
losses_test/concepts:	23.609872817993164
losses_test/precision:	0.0012718072393909097
losses_test/total:	3.545433521270752
calibration_test/ece:	0.03615020960569382
calibration_test/brier:	0.5242870450019836
accuracy_test/task:	60.76
accuracy_test/concepts:	83.96406555175781
map_test/concepts:	0.8124907491146587

Epoch 155
losses_train/task:	0.998903214931488
losses_train/concepts:	14.811941146850586
losses_train/precision:	0.0012918724678456783
losses_train/total:	2.480226993560791
losses_test/task:	1.1868733167648315
losses_test/concepts:	23.680234909057617
losses_test/precision:	0.0012704752152785659
losses_test/total:	3.555023193359375
calibration_test/ece:	0.03644811362028122
calibration_test/brier:	0.5253326892852783
accuracy_test/task:	60.53
accuracy_test/concepts:	83.95844268798828
map_test/concepts:	0.8123145270510577

Epoch 156
losses_train/task:	0.9994393587112427
losses_train/concepts:	14.824368476867676
losses_train/precision:	0.00129482033662498
losses_train/total:	2.4820053577423096
losses_test/task:	1.185611605644226
losses_test/concepts:	23.677038192749023
losses_test/precision:	0.0013236402301117778
losses_test/total:	3.5534474849700928
calibration_test/ece:	0.03713403642177582
calibration_test/brier:	0.5246620178222656
accuracy_test/task:	60.67
accuracy_test/concepts:	83.9486083984375
map_test/concepts:	0.8124075689120218

Epoch 157
losses_train/task:	0.9931656718254089
losses_train/concepts:	14.80158519744873
losses_train/precision:	0.0013051938731223345
losses_train/total:	2.4734554290771484
losses_test/task:	1.1888911724090576
losses_test/concepts:	23.674583435058594
losses_test/precision:	0.0013037776807323098
losses_test/total:	3.556480884552002
calibration_test/ece:	0.04029535502195358
calibration_test/brier:	0.5267783403396606
accuracy_test/task:	60.17
accuracy_test/concepts:	83.93468475341797
map_test/concepts:	0.8121300467755646

Epoch 158
losses_train/task:	1.0045578479766846
losses_train/concepts:	14.804494857788086
losses_train/precision:	0.0013009499525651336
losses_train/total:	2.485136032104492
losses_test/task:	1.1869218349456787
losses_test/concepts:	23.690542221069336
losses_test/precision:	0.001347253331914544
losses_test/total:	3.5561118125915527
calibration_test/ece:	0.03605199232697487
calibration_test/brier:	0.5253006815910339
accuracy_test/task:	60.58
accuracy_test/concepts:	83.96015167236328
map_test/concepts:	0.8122449698275886

Epoch 159
losses_train/task:	0.9998811483383179
losses_train/concepts:	14.792706489562988
losses_train/precision:	0.001302939373999834
losses_train/total:	2.479282855987549
losses_test/task:	1.1878516674041748
losses_test/concepts:	23.692617416381836
losses_test/precision:	0.0012818592367693782
losses_test/total:	3.557241439819336
calibration_test/ece:	0.03781907260417938
calibration_test/brier:	0.5254353284835815
accuracy_test/task:	60.61
accuracy_test/concepts:	83.95046997070312
map_test/concepts:	0.8122614359599538

Epoch 160
losses_train/task:	1.001546025276184
losses_train/concepts:	14.791186332702637
losses_train/precision:	0.0013093757443130016
losses_train/total:	2.4807941913604736
losses_test/task:	1.187252402305603
losses_test/concepts:	23.693450927734375
losses_test/precision:	0.0013376865535974503
losses_test/total:	3.556730270385742
calibration_test/ece:	0.036492642015218735
calibration_test/brier:	0.5249208211898804
accuracy_test/task:	60.61
accuracy_test/concepts:	83.93502807617188
map_test/concepts:	0.8122901654569432

Epoch 161
losses_train/task:	0.9958504438400269
losses_train/concepts:	14.836800575256348
losses_train/precision:	0.00015990242536645383
losses_train/total:	2.4795467853546143
losses_test/task:	1.186427116394043
losses_test/concepts:	23.61347770690918
losses_test/precision:	0.00013151613529771566
losses_test/total:	3.5477874279022217
calibration_test/ece:	0.03848443552851677
calibration_test/brier:	0.5243023633956909
accuracy_test/task:	60.64
accuracy_test/concepts:	83.94859313964844
map_test/concepts:	0.8122784421429969

Epoch 162
losses_train/task:	0.9994285702705383
losses_train/concepts:	14.811104774475098
losses_train/precision:	0.00012974097626283765
losses_train/total:	2.4805524349212646
losses_test/task:	1.1852538585662842
losses_test/concepts:	23.611270904541016
losses_test/precision:	0.00012957862054463476
losses_test/total:	3.546393871307373
calibration_test/ece:	0.03719724342226982
calibration_test/brier:	0.5241791009902954
accuracy_test/task:	60.69
accuracy_test/concepts:	83.95796966552734
map_test/concepts:	0.8122815187671222

Epoch 163
losses_train/task:	0.9978124499320984
losses_train/concepts:	14.793399810791016
losses_train/precision:	0.00013019450125284493
losses_train/total:	2.4771647453308105
losses_test/task:	1.1865959167480469
losses_test/concepts:	23.62203025817871
losses_test/precision:	0.00013321170990820974
losses_test/total:	3.5488123893737793
calibration_test/ece:	0.0369020476937294
calibration_test/brier:	0.5242856740951538
accuracy_test/task:	60.66
accuracy_test/concepts:	83.96766662597656
map_test/concepts:	0.8123095873743296

Epoch 164
losses_train/task:	1.0000499486923218
losses_train/concepts:	14.80493450164795
losses_train/precision:	0.00012993851851206273
losses_train/total:	2.4805572032928467
losses_test/task:	1.1858452558517456
losses_test/concepts:	23.614904403686523
losses_test/precision:	0.0001290942745981738
losses_test/total:	3.547348737716675
calibration_test/ece:	0.037228718400001526
calibration_test/brier:	0.5247377157211304
accuracy_test/task:	60.69
accuracy_test/concepts:	83.96139526367188
map_test/concepts:	0.8122886275523342

Epoch 165
losses_train/task:	0.9997060298919678
losses_train/concepts:	14.784335136413574
losses_train/precision:	0.0001300855801673606
losses_train/total:	2.478151798248291
losses_test/task:	1.1882284879684448
losses_test/concepts:	23.62981414794922
losses_test/precision:	0.00012860979768447578
losses_test/total:	3.551222562789917
calibration_test/ece:	0.03851384297013283
calibration_test/brier:	0.5254116058349609
accuracy_test/task:	60.44
accuracy_test/concepts:	83.96267700195312
map_test/concepts:	0.812351472210139

Epoch 166
losses_train/task:	0.9974957704544067
losses_train/concepts:	14.81468391418457
losses_train/precision:	0.00012987508671358228
losses_train/total:	2.478978157043457
losses_test/task:	1.188012957572937
losses_test/concepts:	23.62588119506836
losses_test/precision:	0.00012764091661665589
losses_test/total:	3.550614356994629
calibration_test/ece:	0.039310961961746216
calibration_test/brier:	0.5255569219589233
accuracy_test/task:	60.42
accuracy_test/concepts:	83.96234893798828
map_test/concepts:	0.8123049058485776

Epoch 167
losses_train/task:	0.998828649520874
losses_train/concepts:	14.81380844116211
losses_train/precision:	0.0001296630216529593
losses_train/total:	2.4802231788635254
losses_test/task:	1.18727445602417
losses_test/concepts:	23.614673614501953
losses_test/precision:	0.00013248503091745079
losses_test/total:	3.548754930496216
calibration_test/ece:	0.038931574672460556
calibration_test/brier:	0.5250269770622253
accuracy_test/task:	60.5
accuracy_test/concepts:	83.9603042602539
map_test/concepts:	0.8122973358258605

Epoch 168
losses_train/task:	0.994343101978302
losses_train/concepts:	14.782981872558594
losses_train/precision:	0.0001295288820983842
losses_train/total:	2.472653865814209
losses_test/task:	1.187705397605896
losses_test/concepts:	23.62902069091797
losses_test/precision:	0.00012546124344225973
losses_test/total:	3.5506210327148438
calibration_test/ece:	0.0386202409863472
calibration_test/brier:	0.5253991484642029
accuracy_test/task:	60.44
accuracy_test/concepts:	83.96937561035156
map_test/concepts:	0.8123317310237326

Epoch 169
losses_train/task:	0.9973978996276855
losses_train/concepts:	14.78764533996582
losses_train/precision:	0.0001293872483074665
losses_train/total:	2.4761760234832764
losses_test/task:	1.1875579357147217
losses_test/concepts:	23.624631881713867
losses_test/precision:	0.00013260629202704877
losses_test/total:	3.550034284591675
calibration_test/ece:	0.039001673460006714
calibration_test/brier:	0.5254341959953308
accuracy_test/task:	60.45
accuracy_test/concepts:	83.97001647949219
map_test/concepts:	0.8123366251238622

Epoch 170
losses_train/task:	0.9984902739524841
losses_train/concepts:	14.779600143432617
losses_train/precision:	0.00012924194743391126
losses_train/total:	2.476463556289673
losses_test/task:	1.1893366575241089
losses_test/concepts:	23.63156509399414
losses_test/precision:	0.00012933647667523474
losses_test/total:	3.552506923675537
calibration_test/ece:	0.03830040991306305
calibration_test/brier:	0.5257474780082703
accuracy_test/task:	60.52
accuracy_test/concepts:	83.9592056274414
map_test/concepts:	0.8123018410988152

Epoch 171
losses_train/task:	0.9976727962493896
losses_train/concepts:	14.79000186920166
losses_train/precision:	0.0001299595896853134
losses_train/total:	2.476686477661133
losses_test/task:	1.1906410455703735
losses_test/concepts:	23.640722274780273
losses_test/precision:	0.00013042622595094144
losses_test/total:	3.5547266006469727
calibration_test/ece:	0.03704143688082695
calibration_test/brier:	0.5261028409004211
accuracy_test/task:	60.61
accuracy_test/concepts:	83.9587631225586
map_test/concepts:	0.8123144183191471

Epoch 172
losses_train/task:	0.9949957132339478
losses_train/concepts:	14.79296588897705
losses_train/precision:	0.0001304008619626984
losses_train/total:	2.47430419921875
losses_test/task:	1.1891380548477173
losses_test/concepts:	23.640077590942383
losses_test/precision:	0.00013163745461497456
losses_test/total:	3.553159475326538
calibration_test/ece:	0.03712847828865051
calibration_test/brier:	0.5258316397666931
accuracy_test/task:	60.61
accuracy_test/concepts:	83.95579528808594
map_test/concepts:	0.8123071872978471

Epoch 173
losses_train/task:	0.9996494054794312
losses_train/concepts:	14.777073860168457
losses_train/precision:	0.00013026273518335074
losses_train/total:	2.477369546890259
losses_test/task:	1.190468192100525
losses_test/concepts:	23.633499145507812
losses_test/precision:	0.0001290942745981738
losses_test/total:	3.5538320541381836
calibration_test/ece:	0.03705383464694023
calibration_test/brier:	0.5259068608283997
accuracy_test/task:	60.66
accuracy_test/concepts:	83.963134765625
map_test/concepts:	0.8122711683972739

Epoch 174
losses_train/task:	0.9955188035964966
losses_train/concepts:	14.754782676696777
losses_train/precision:	0.0001301220472669229
losses_train/total:	2.4710121154785156
losses_test/task:	1.1883716583251953
losses_test/concepts:	23.647077560424805
losses_test/precision:	0.00012933647667523474
losses_test/total:	3.5530922412872314
calibration_test/ece:	0.03935740888118744
calibration_test/brier:	0.5258253216743469
accuracy_test/task:	60.48
accuracy_test/concepts:	83.96422576904297
map_test/concepts:	0.8123300042934716

Epoch 175
losses_train/task:	1.0001157522201538
losses_train/concepts:	14.788973808288574
losses_train/precision:	0.00013030173431616277
losses_train/total:	2.4790258407592773
losses_test/task:	1.1896659135818481
losses_test/concepts:	23.634483337402344
losses_test/precision:	0.0001263087906409055
losses_test/total:	3.553126573562622
calibration_test/ece:	0.03774816915392876
calibration_test/brier:	0.5261560678482056
accuracy_test/task:	60.53
accuracy_test/concepts:	83.96125793457031
map_test/concepts:	0.8123313331161626

Epoch 176
losses_train/task:	1.0015981197357178
losses_train/concepts:	14.768256187438965
losses_train/precision:	0.0001303997269133106
losses_train/total:	2.47843599319458
losses_test/task:	1.1887555122375488
losses_test/concepts:	23.645540237426758
losses_test/precision:	0.00012848872574977577
losses_test/total:	3.5533223152160645
calibration_test/ece:	0.03767837584018707
calibration_test/brier:	0.5258061289787292
accuracy_test/task:	60.55
accuracy_test/concepts:	83.96642303466797
map_test/concepts:	0.8124020095565356

Epoch 177
losses_train/task:	1.001189112663269
losses_train/concepts:	14.788942337036133
losses_train/precision:	0.0001298537536058575
losses_train/total:	2.4800963401794434
losses_test/task:	1.1910370588302612
losses_test/concepts:	23.64054298400879
losses_test/precision:	0.00012921540474053472
losses_test/total:	3.5551044940948486
calibration_test/ece:	0.038061100989580154
calibration_test/brier:	0.5266817212104797
accuracy_test/task:	60.48
accuracy_test/concepts:	83.96674346923828
map_test/concepts:	0.8123816720326431

Epoch 178
losses_train/task:	0.9927083849906921
losses_train/concepts:	14.779884338378906
losses_train/precision:	0.00013022600614931434
losses_train/total:	2.470709800720215
losses_test/task:	1.1867995262145996
losses_test/concepts:	23.637643814086914
losses_test/precision:	0.00012860979768447578
losses_test/total:	3.550576686859131
calibration_test/ece:	0.036782488226890564
calibration_test/brier:	0.5251004695892334
accuracy_test/task:	60.67
accuracy_test/concepts:	83.97486114501953
map_test/concepts:	0.812387132726144

Epoch 179
losses_train/task:	0.9950805306434631
losses_train/concepts:	14.774224281311035
losses_train/precision:	0.00012997357407584786
losses_train/total:	2.4725143909454346
losses_test/task:	1.1896171569824219
losses_test/concepts:	23.64790916442871
losses_test/precision:	0.00013321170990820974
losses_test/total:	3.554421901702881
calibration_test/ece:	0.03723108023405075
calibration_test/brier:	0.5257378220558167
accuracy_test/task:	60.61
accuracy_test/concepts:	83.98033142089844
map_test/concepts:	0.812342922843527

Epoch 180
losses_train/task:	0.9977510571479797
losses_train/concepts:	14.782487869262695
losses_train/precision:	0.00012992488336749375
losses_train/total:	2.4760117530822754
losses_test/task:	1.1886835098266602
losses_test/concepts:	23.643301010131836
losses_test/precision:	0.0001290942745981738
losses_test/total:	3.553027391433716
calibration_test/ece:	0.0380111038684845
calibration_test/brier:	0.525188684463501
accuracy_test/task:	60.5
accuracy_test/concepts:	83.96627044677734
map_test/concepts:	0.8123508933349513

Epoch 181
losses_train/task:	0.9967093467712402
losses_train/concepts:	14.786726951599121
losses_train/precision:	0.00012998288730159402
losses_train/total:	2.4753947257995605
losses_test/task:	1.1875884532928467
losses_test/concepts:	23.628454208374023
losses_test/precision:	0.0001344225456705317
losses_test/total:	3.5504467487335205
calibration_test/ece:	0.03616815805435181
calibration_test/brier:	0.5256267786026001
accuracy_test/task:	60.68
accuracy_test/concepts:	83.96595001220703
map_test/concepts:	0.8123099202639423

Epoch 182
losses_train/task:	1.002463459968567
losses_train/concepts:	14.796234130859375
losses_train/precision:	0.00013050834240857512
losses_train/total:	2.482099771499634
losses_test/task:	1.1871273517608643
losses_test/concepts:	23.633716583251953
losses_test/precision:	0.00012873104424215853
losses_test/total:	3.5505125522613525
calibration_test/ece:	0.035036589950323105
calibration_test/brier:	0.5246497392654419
accuracy_test/task:	60.83
accuracy_test/concepts:	83.97016143798828
map_test/concepts:	0.8123331737006083

Epoch 183
losses_train/task:	0.9978674650192261
losses_train/concepts:	14.769038200378418
losses_train/precision:	0.00012974442506674677
losses_train/total:	2.4747841358184814
losses_test/task:	1.1875882148742676
losses_test/concepts:	23.644262313842773
losses_test/precision:	0.0001338171132374555
losses_test/total:	3.552027940750122
calibration_test/ece:	0.03577730432152748
calibration_test/brier:	0.5245856046676636
accuracy_test/task:	60.67
accuracy_test/concepts:	83.97015380859375
map_test/concepts:	0.8123410980333574

Epoch 184
losses_train/task:	1.0016988515853882
losses_train/concepts:	14.765339851379395
losses_train/precision:	0.00013060522906016558
losses_train/total:	2.4782464504241943
losses_test/task:	1.189254641532898
losses_test/concepts:	23.641904830932617
losses_test/precision:	0.00013272736396174878
losses_test/total:	3.5534579753875732
calibration_test/ece:	0.035651035606861115
calibration_test/brier:	0.5251277089118958
accuracy_test/task:	60.72
accuracy_test/concepts:	83.95828247070312
map_test/concepts:	0.8123238702537492

Epoch 185
losses_train/task:	0.9955068230628967
losses_train/concepts:	14.776610374450684
losses_train/precision:	0.00012981203326489776
losses_train/total:	2.473181962966919
losses_test/task:	1.1893401145935059
losses_test/concepts:	23.643714904785156
losses_test/precision:	0.00012957862054463476
losses_test/total:	3.553725004196167
calibration_test/ece:	0.03729168325662613
calibration_test/brier:	0.5254982709884644
accuracy_test/task:	60.57
accuracy_test/concepts:	83.95968627929688
map_test/concepts:	0.812322077632416

Epoch 186
losses_train/task:	1.0004656314849854
losses_train/concepts:	14.764790534973145
losses_train/precision:	0.0001302927703363821
losses_train/total:	2.4769577980041504
losses_test/task:	1.1890100240707397
losses_test/concepts:	23.647005081176758
losses_test/precision:	0.00012836763926316053
losses_test/total:	3.553722620010376
calibration_test/ece:	0.036298274993896484
calibration_test/brier:	0.5252941846847534
accuracy_test/task:	60.71
accuracy_test/concepts:	83.95220947265625
map_test/concepts:	0.812291540147271

Epoch 187
losses_train/task:	0.9992354512214661
losses_train/concepts:	14.773295402526855
losses_train/precision:	0.00013066924293525517
losses_train/total:	2.476578950881958
losses_test/task:	1.1892033815383911
losses_test/concepts:	23.649396896362305
losses_test/precision:	0.00012812545173801482
losses_test/total:	3.554156541824341
calibration_test/ece:	0.03590903431177139
calibration_test/brier:	0.5254791975021362
accuracy_test/task:	60.67
accuracy_test/concepts:	83.96158599853516
map_test/concepts:	0.812357117945794

Epoch 188
losses_train/task:	0.9992527961730957
losses_train/concepts:	14.76981258392334
losses_train/precision:	0.00013062194921076298
losses_train/total:	2.476248025894165
losses_test/task:	1.1873714923858643
losses_test/concepts:	23.645217895507812
losses_test/precision:	0.0001328484358964488
losses_test/total:	3.5519073009490967
calibration_test/ece:	0.036313075572252274
calibration_test/brier:	0.5245944261550903
accuracy_test/task:	60.74
accuracy_test/concepts:	83.95954132080078
map_test/concepts:	0.8123270583455451

Epoch 189
losses_train/task:	1.0017297267913818
losses_train/concepts:	14.792648315429688
losses_train/precision:	0.00013064626546110958
losses_train/total:	2.4810070991516113
losses_test/task:	1.1897505521774292
losses_test/concepts:	23.647808074951172
losses_test/precision:	0.0001318796130362898
losses_test/total:	3.5545454025268555
calibration_test/ece:	0.038274381309747696
calibration_test/brier:	0.5255251526832581
accuracy_test/task:	60.49
accuracy_test/concepts:	83.95861053466797
map_test/concepts:	0.8123294568504207

Epoch 190
losses_train/task:	0.9945980310440063
losses_train/concepts:	14.746500015258789
losses_train/precision:	0.00013030492118559778
losses_train/total:	2.4692602157592773
losses_test/task:	1.189378261566162
losses_test/concepts:	23.65287208557129
losses_test/precision:	0.00013200068497098982
losses_test/total:	3.554678201675415
calibration_test/ece:	0.03715108707547188
calibration_test/brier:	0.5256776809692383
accuracy_test/task:	60.62
accuracy_test/concepts:	83.95484161376953
map_test/concepts:	0.812328351137694

Epoch 191
losses_train/task:	0.9983000159263611
losses_train/concepts:	14.780264854431152
losses_train/precision:	0.00013068037515040487
losses_train/total:	2.4763383865356445
losses_test/task:	1.191331148147583
losses_test/concepts:	23.64463996887207
losses_test/precision:	0.00012824652367271483
losses_test/total:	3.555809497833252
calibration_test/ece:	0.0384899266064167
calibration_test/brier:	0.5263349413871765
accuracy_test/task:	60.46
accuracy_test/concepts:	83.96157836914062
map_test/concepts:	0.8123329132213257

Epoch 192
losses_train/task:	0.9956856966018677
losses_train/concepts:	14.748992919921875
losses_train/precision:	0.00012972451804671437
losses_train/total:	2.4705982208251953
losses_test/task:	1.1892549991607666
losses_test/concepts:	23.65155792236328
losses_test/precision:	0.00012788327876478434
losses_test/total:	3.5544238090515137
calibration_test/ece:	0.03735841065645218
calibration_test/brier:	0.5256316661834717
accuracy_test/task:	60.52
accuracy_test/concepts:	83.96593475341797
map_test/concepts:	0.8123118584626354

Epoch 193
losses_train/task:	0.9992719888687134
losses_train/concepts:	14.751073837280273
losses_train/precision:	0.0001305133628193289
losses_train/total:	2.4743926525115967
losses_test/task:	1.1901549100875854
losses_test/concepts:	23.648231506347656
losses_test/precision:	0.0001340593007626012
losses_test/total:	3.5549912452697754
calibration_test/ece:	0.03781619668006897
calibration_test/brier:	0.5261867046356201
accuracy_test/task:	60.53
accuracy_test/concepts:	83.96031188964844
map_test/concepts:	0.8123264765599743

Epoch 194
losses_train/task:	0.9939982295036316
losses_train/concepts:	14.761367797851562
losses_train/precision:	0.00012994323333259672
losses_train/total:	2.4701478481292725
losses_test/task:	1.1908291578292847
losses_test/concepts:	23.64912223815918
losses_test/precision:	0.0001338171132374555
losses_test/total:	3.5557541847229004
calibration_test/ece:	0.037202559411525726
calibration_test/brier:	0.5257012248039246
accuracy_test/task:	60.51
accuracy_test/concepts:	83.96611022949219
map_test/concepts:	0.8123564360430464

Epoch 195
losses_train/task:	0.9945653080940247
losses_train/concepts:	14.77043342590332
losses_train/precision:	0.00013074206071905792
losses_train/total:	2.471621513366699
losses_test/task:	1.1890827417373657
losses_test/concepts:	23.647686004638672
losses_test/precision:	0.0001309107174165547
losses_test/total:	3.5538644790649414
calibration_test/ece:	0.037076935172080994
calibration_test/brier:	0.5252400636672974
accuracy_test/task:	60.57
accuracy_test/concepts:	83.96172332763672
map_test/concepts:	0.8123933483147994

Epoch 196
losses_train/task:	0.998643696308136
losses_train/concepts:	14.772639274597168
losses_train/precision:	0.00013022110215388238
losses_train/total:	2.4759206771850586
losses_test/task:	1.191011905670166
losses_test/concepts:	23.649768829345703
losses_test/precision:	0.0001300629519391805
losses_test/total:	3.556001663208008
calibration_test/ece:	0.036330606788396835
calibration_test/brier:	0.5255431532859802
accuracy_test/task:	60.64
accuracy_test/concepts:	83.95924377441406
map_test/concepts:	0.8123224619193934

Epoch 197
losses_train/task:	0.9988247156143188
losses_train/concepts:	14.761117935180664
losses_train/precision:	0.00013085838872939348
losses_train/total:	2.4749486446380615
losses_test/task:	1.1913673877716064
losses_test/concepts:	23.64464569091797
losses_test/precision:	0.00012848872574977577
losses_test/total:	3.555845260620117
calibration_test/ece:	0.03874921798706055
calibration_test/brier:	0.5265793204307556
accuracy_test/task:	60.45
accuracy_test/concepts:	83.96204376220703
map_test/concepts:	0.8123677154653706

Epoch 198
losses_train/task:	0.9977530241012573
losses_train/concepts:	14.777117729187012
losses_train/precision:	0.00013165817654225975
losses_train/total:	2.4754765033721924
losses_test/task:	1.1898080110549927
losses_test/concepts:	23.645809173583984
losses_test/precision:	0.0001318796130362898
losses_test/total:	3.5544025897979736
calibration_test/ece:	0.03697121888399124
calibration_test/brier:	0.5248267650604248
accuracy_test/task:	60.62
accuracy_test/concepts:	83.96265411376953
map_test/concepts:	0.8123596346122213

Epoch 199
losses_train/task:	0.9893161654472351
losses_train/concepts:	14.799433708190918
losses_train/precision:	0.00012977709411643445
losses_train/total:	2.4692749977111816
losses_test/task:	1.1895713806152344
losses_test/concepts:	23.657485961914062
losses_test/precision:	0.0001338171132374555
losses_test/total:	3.5553338527679443
calibration_test/ece:	0.03668976575136185
calibration_test/brier:	0.5249589085578918
accuracy_test/task:	60.57
accuracy_test/concepts:	83.95938873291016
map_test/concepts:	0.8123345682979561

Epoch 200
losses_train/task:	0.9968523383140564
losses_train/concepts:	14.750433921813965
losses_train/precision:	0.00013134090113453567
losses_train/total:	2.4719088077545166
losses_test/task:	1.1907435655593872
losses_test/concepts:	23.651836395263672
losses_test/precision:	0.0001311529049417004
losses_test/total:	3.5559399127960205
calibration_train/ece:	0.03251337260007858
calibration_train/brier:	0.42276453971862793
accuracy_train/task:	69.0604967948718
calibration_test/ece:	0.035740576684474945
calibration_test/brier:	0.5254099369049072
accuracy_test/task:	60.68
accuracy_train/concepts:	91.11409759521484
map_train/concepts:	0.9309455249458551
accuracy_test/concepts:	83.96548461914062
map_test/concepts:	0.8123609496979043
accuracy_test/nuisances_task:	-0.7450630393209337
accuracy_test/nuisances_nontask:	0.0
mutual_inf_test/nuisances_task:	0.19135608061455084
mutual_inf_test/nuisances_nontask:	0.0

epoch_200.pt
groups=0 err_lowconf=39.320 err_random=39.320
groups=1 err_lowconf=39.380 err_random=39.380
groups=2 err_lowconf=39.450 err_random=39.450
groups=3 err_lowconf=39.110 err_random=39.110
groups=4 err_lowconf=38.740 err_random=38.740
groups=5 err_lowconf=38.170 err_random=38.170
groups=6 err_lowconf=37.190 err_random=37.190
groups=7 err_lowconf=37.310 err_random=37.310
groups=8 err_lowconf=37.470 err_random=37.470
groups=9 err_lowconf=37.640 err_random=37.640
groups=10 err_lowconf=37.000 err_random=37.000
groups=11 err_lowconf=34.560 err_random=34.560
groups=12 err_lowconf=34.700 err_random=34.700
groups=13 err_lowconf=33.330 err_random=33.330
groups=14 err_lowconf=32.750 err_random=32.750
groups=15 err_lowconf=31.980 err_random=31.980
groups=16 err_lowconf=31.470 err_random=31.470
groups=17 err_lowconf=31.140 err_random=31.140
groups=18 err_lowconf=30.370 err_random=30.370
groups=19 err_lowconf=30.190 err_random=30.190
groups=20 err_lowconf=29.570 err_random=29.570
groups=21 err_lowconf=29.010 err_random=29.010
groups=22 err_lowconf=28.250 err_random=28.250
groups=23 err_lowconf=28.180 err_random=28.180
groups=24 err_lowconf=28.000 err_random=28.000
groups=25 err_lowconf=27.790 err_random=27.790
groups=26 err_lowconf=27.980 err_random=27.980
groups=27 err_lowconf=27.070 err_random=27.070
groups=28 err_lowconf=27.070 err_random=27.070
groups=29 err_lowconf=26.530 err_random=26.530
groups=30 err_lowconf=26.420 err_random=26.420
groups=31 err_lowconf=26.380 err_random=26.380
groups=32 err_lowconf=26.200 err_random=26.200
groups=33 err_lowconf=25.830 err_random=25.830
groups=34 err_lowconf=25.570 err_random=25.570
groups=35 err_lowconf=25.690 err_random=25.690
groups=36 err_lowconf=25.410 err_random=25.410
groups=37 err_lowconf=25.400 err_random=25.400
groups=38 err_lowconf=25.320 err_random=25.320
groups=39 err_lowconf=25.300 err_random=25.300
groups=40 err_lowconf=25.120 err_random=25.120
groups=41 err_lowconf=25.130 err_random=25.130
groups=42 err_lowconf=24.830 err_random=24.830
groups=43 err_lowconf=24.410 err_random=24.410
groups=44 err_lowconf=24.320 err_random=24.320
groups=45 err_lowconf=24.300 err_random=24.300
groups=46 err_lowconf=24.110 err_random=24.110
groups=47 err_lowconf=24.050 err_random=24.050
groups=48 err_lowconf=24.050 err_random=24.050
groups=49 err_lowconf=24.040 err_random=24.040
groups=50 err_lowconf=24.050 err_random=24.050
groups=51 err_lowconf=23.900 err_random=23.900
groups=52 err_lowconf=23.900 err_random=23.900
groups=53 err_lowconf=23.900 err_random=23.900
groups=54 err_lowconf=23.890 err_random=23.890
groups=55 err_lowconf=23.880 err_random=23.880
groups=56 err_lowconf=23.900 err_random=23.900
groups=57 err_lowconf=23.910 err_random=23.910
groups=58 err_lowconf=23.910 err_random=23.910
groups=59 err_lowconf=23.910 err_random=23.910
groups=60 err_lowconf=23.910 err_random=23.910
groups=61 err_lowconf=23.910 err_random=23.910
groups=62 err_lowconf=23.910 err_random=23.910
groups=63 err_lowconf=23.910 err_random=23.910
groups=64 err_lowconf=23.910 err_random=23.910
[1;34mwandb[0m:
[1;34mwandb[0m: You can sync this run to the cloud by running:
[1;34mwandb[0m: [1mwandb sync /research/hal-afsharim/minimal_cbm/results/cifar10-shcbm/44/wandb/offline-run-20260729_080739-nd5pkzzv[0m
[1;34mwandb[0m: Find logs at: [1;35mresults/cifar10-shcbm/44/wandb/offline-run-20260729_080739-nd5pkzzv/logs[0m
