
===== launch 2026-07-27 17:13:57.765301 gpu1 =====
wandb: Using wandb-core as the SDK backend.  Please refer to https://wandb.me/wandb-core for more information.
wandb: Tracking run with wandb version 0.19.0
wandb: W&B syncing is set to `offline` in this directory.  
wandb: Run `wandb online` or set WANDB_MODE=online to enable cloud syncing.
Epoch 1
losses_train/task:	1.981271505355835
losses_train/concepts:	43.179603576660156
losses_train/representations:	59.303932189941406
losses_train/total:	12.22962760925293
losses_test/task:	1.5899620056152344
losses_test/concepts:	40.451568603515625
losses_test/representations:	55.202213287353516
losses_test/total:	11.155338287353516
calibration_test/ece:	0.13820646703243256
calibration_test/brier:	0.717045783996582
accuracy_test/task:	45.13
accuracy_test/concepts:	60.12764358520508
map_test/concepts:	0.7361866824503522

Epoch 2
losses_train/task:	1.5638532638549805
losses_train/concepts:	39.02909469604492
losses_train/representations:	54.81526184082031
losses_train/total:	10.948284149169922
losses_test/task:	1.3535511493682861
losses_test/concepts:	36.72971725463867
losses_test/representations:	53.80957794189453
losses_test/total:	10.407480239868164
calibration_test/ece:	0.0834624394774437
calibration_test/brier:	0.6260083913803101
accuracy_test/task:	51.96
accuracy_test/concepts:	66.5754623413086
map_test/concepts:	0.7644886400375981

Epoch 3
losses_train/task:	1.4178929328918457
losses_train/concepts:	35.80983352661133
losses_train/representations:	53.513572692871094
losses_train/total:	10.350231170654297
losses_test/task:	1.2511416673660278
losses_test/concepts:	33.74483871459961
losses_test/representations:	52.72998809814453
losses_test/total:	9.898624420166016
calibration_test/ece:	0.055026084184646606
calibration_test/brier:	0.5838521122932434
accuracy_test/task:	55.02
accuracy_test/concepts:	72.05109405517578
map_test/concepts:	0.781195747316815

Epoch 4
losses_train/task:	1.3347151279449463
losses_train/concepts:	33.1450080871582
losses_train/representations:	52.6297607421875
losses_train/total:	9.912189483642578
losses_test/task:	1.1876276731491089
losses_test/concepts:	31.194644927978516
losses_test/representations:	52.266300201416016
losses_test/total:	9.533721923828125
calibration_test/ece:	0.041478801518678665
calibration_test/brier:	0.5573780536651611
accuracy_test/task:	57.63
accuracy_test/concepts:	78.43265533447266
map_test/concepts:	0.7953302793903276

Epoch 5
losses_train/task:	1.2720831632614136
losses_train/concepts:	30.982385635375977
losses_train/representations:	52.04521560668945
losses_train/total:	9.574843406677246
losses_test/task:	1.1327773332595825
losses_test/concepts:	29.32963752746582
losses_test/representations:	51.4918098449707
losses_test/total:	9.214920043945312
calibration_test/ece:	0.04538697749376297
calibration_test/brier:	0.5336510539054871
accuracy_test/task:	59.6
accuracy_test/concepts:	80.3101577758789
map_test/concepts:	0.8099325321963988

Epoch 6
losses_train/task:	1.223146915435791
losses_train/concepts:	29.330453872680664
losses_train/representations:	51.49844741821289
losses_train/total:	9.306041717529297
losses_test/task:	1.0965558290481567
losses_test/concepts:	27.819595336914062
losses_test/representations:	51.09632110595703
losses_test/total:	8.988149642944336
calibration_test/ece:	0.03848410025238991
calibration_test/brier:	0.5169306397438049
accuracy_test/task:	60.88
accuracy_test/concepts:	81.92890930175781
map_test/concepts:	0.8213558384450153

Epoch 7
losses_train/task:	1.174051284790039
losses_train/concepts:	28.069116592407227
losses_train/representations:	51.033451080322266
losses_train/total:	9.084306716918945
losses_test/task:	1.051730751991272
losses_test/concepts:	26.668386459350586
losses_test/representations:	50.746612548828125
losses_test/total:	8.793231010437012
calibration_test/ece:	0.039960045367479324
calibration_test/brier:	0.49773678183555603
accuracy_test/task:	62.71
accuracy_test/concepts:	83.36406707763672
map_test/concepts:	0.8232306148856878

Epoch 8
losses_train/task:	1.1348657608032227
losses_train/concepts:	27.128726959228516
losses_train/representations:	50.63706588745117
losses_train/total:	8.911442756652832
losses_test/task:	1.0264627933502197
losses_test/concepts:	25.838680267333984
losses_test/representations:	50.68568420410156
losses_test/total:	8.678899765014648
calibration_test/ece:	0.0312020443379879
calibration_test/brier:	0.48638594150543213
accuracy_test/task:	63.51
accuracy_test/concepts:	83.85266876220703
map_test/concepts:	0.8261404381482862

Epoch 9
losses_train/task:	1.1020578145980835
losses_train/concepts:	26.457542419433594
losses_train/representations:	50.27704620361328
losses_train/total:	8.775518417358398
losses_test/task:	1.003666639328003
losses_test/concepts:	25.274499893188477
losses_test/representations:	50.41318893432617
losses_test/total:	8.57243537902832
calibration_test/ece:	0.028339989483356476
calibration_test/brier:	0.4760753810405731
accuracy_test/task:	64.45
accuracy_test/concepts:	83.98955535888672
map_test/concepts:	0.8275925266789272

Epoch 10
losses_train/task:	1.076280951499939
losses_train/concepts:	25.954204559326172
losses_train/representations:	49.93350601196289
losses_train/total:	8.665047645568848
losses_test/task:	0.9901809692382812
losses_test/concepts:	24.861465454101562
losses_test/representations:	50.20066833496094
losses_test/total:	8.496394157409668
calibration_test/ece:	0.024146249517798424
calibration_test/brier:	0.46932363510131836
accuracy_test/task:	64.93
accuracy_test/concepts:	84.06250762939453
map_test/concepts:	0.8285674429498613

Epoch 11
losses_train/task:	1.0400339365005493
losses_train/concepts:	25.56414031982422
losses_train/representations:	49.61290740966797
losses_train/total:	8.557737350463867
losses_test/task:	0.9627968072891235
losses_test/concepts:	24.498262405395508
losses_test/representations:	49.963462829589844
losses_test/total:	8.408968925476074
calibration_test/ece:	0.02927638776600361
calibration_test/brier:	0.4565363824367523
accuracy_test/task:	66.06
accuracy_test/concepts:	84.15595245361328
map_test/concepts:	0.8294785388279706

Epoch 12
losses_train/task:	1.0151537656784058
losses_train/concepts:	25.21894073486328
losses_train/representations:	49.28651428222656
losses_train/total:	8.4656982421875
losses_test/task:	0.9520214796066284
losses_test/concepts:	24.205617904663086
losses_test/representations:	49.83381271362305
losses_test/total:	8.355964660644531
calibration_test/ece:	0.02138511650264263
calibration_test/brier:	0.45141035318374634
accuracy_test/task:	66.2
accuracy_test/concepts:	84.22798919677734
map_test/concepts:	0.8300270261242986

Epoch 13
losses_train/task:	0.9904671907424927
losses_train/concepts:	24.88835906982422
losses_train/representations:	49.05544662475586
losses_train/total:	8.384849548339844
losses_test/task:	0.9271312952041626
losses_test/concepts:	23.886865615844727
losses_test/representations:	49.672481536865234
losses_test/total:	8.283064842224121
calibration_test/ece:	0.020559700205922127
calibration_test/brier:	0.4397653341293335
accuracy_test/task:	67.15
accuracy_test/concepts:	84.35516357421875
map_test/concepts:	0.8341255447012372

Epoch 14
losses_train/task:	0.9712516069412231
losses_train/concepts:	24.61379051208496
losses_train/representations:	48.7496223449707
losses_train/total:	8.307589530944824
losses_test/task:	0.9197823405265808
losses_test/concepts:	23.657596588134766
losses_test/representations:	49.6818733215332
losses_test/total:	8.253727912902832
calibration_test/ece:	0.020511409267783165
calibration_test/brier:	0.4354734718799591
accuracy_test/task:	67.89
accuracy_test/concepts:	84.43155670166016
map_test/concepts:	0.8342765485285781

Epoch 15
losses_train/task:	0.9464884996414185
losses_train/concepts:	24.382658004760742
losses_train/representations:	48.48591232299805
losses_train/total:	8.233346939086914
losses_test/task:	0.9077460765838623
losses_test/concepts:	23.476680755615234
losses_test/representations:	49.539710998535156
losses_test/total:	8.209386825561523
calibration_test/ece:	0.020161619409918785
calibration_test/brier:	0.42924022674560547
accuracy_test/task:	68.15
accuracy_test/concepts:	84.46532440185547
map_test/concepts:	0.8351134167751297

Epoch 16
losses_train/task:	0.9308547377586365
losses_train/concepts:	24.18671226501465
losses_train/representations:	48.276153564453125
losses_train/total:	8.177140235900879
losses_test/task:	0.9026233553886414
losses_test/concepts:	23.31818199157715
losses_test/representations:	49.54816818237305
losses_test/total:	8.189258575439453
calibration_test/ece:	0.014243656769394875
calibration_test/brier:	0.42720916867256165
accuracy_test/task:	68.02
accuracy_test/concepts:	84.50453186035156
map_test/concepts:	0.8356224708259106

Epoch 17
losses_train/task:	0.9128697514533997
losses_train/concepts:	23.986268997192383
losses_train/representations:	48.0445671081543
losses_train/total:	8.115950584411621
losses_test/task:	0.9035219550132751
losses_test/concepts:	23.16357421875
losses_test/representations:	49.605979919433594
losses_test/total:	8.180476188659668
calibration_test/ece:	0.009072462096810341
calibration_test/brier:	0.42639341950416565
accuracy_test/task:	68.37
accuracy_test/concepts:	84.52046966552734
map_test/concepts:	0.8358367157052271

Epoch 18
losses_train/task:	0.8959826827049255
losses_train/concepts:	23.844614028930664
losses_train/representations:	47.875362396240234
losses_train/total:	8.06797981262207
losses_test/task:	0.8948991298675537
losses_test/concepts:	23.006502151489258
losses_test/representations:	49.39103317260742
losses_test/total:	8.134652137756348
calibration_test/ece:	0.010155229829251766
calibration_test/brier:	0.4224454462528229
accuracy_test/task:	68.72
accuracy_test/concepts:	84.60516357421875
map_test/concepts:	0.837117396411486

Epoch 19
losses_train/task:	0.8785682320594788
losses_train/concepts:	23.660032272338867
losses_train/representations:	47.63040542602539
losses_train/total:	8.007612228393555
losses_test/task:	0.8843390941619873
losses_test/concepts:	22.894994735717773
losses_test/representations:	49.3199348449707
losses_test/total:	8.10583209991455
calibration_test/ece:	0.010630220174789429
calibration_test/brier:	0.4171459376811981
accuracy_test/task:	69.2
accuracy_test/concepts:	84.60939025878906
map_test/concepts:	0.8377893689321354

Epoch 20
losses_train/task:	0.8671901822090149
losses_train/concepts:	23.499603271484375
losses_train/representations:	47.42304992675781
losses_train/total:	7.959457874298096
losses_test/task:	0.8813139796257019
losses_test/concepts:	22.770219802856445
losses_test/representations:	49.337928771972656
losses_test/total:	8.092127799987793
calibration_test/ece:	0.0174585971981287
calibration_test/brier:	0.4136458933353424
accuracy_test/task:	69.62
accuracy_test/concepts:	84.62078857421875
map_test/concepts:	0.8382672440493479

Epoch 21
losses_train/task:	0.8525475263595581
losses_train/concepts:	23.360042572021484
losses_train/representations:	47.21516036987305
losses_train/total:	7.910067081451416
losses_test/task:	0.8815515637397766
losses_test/concepts:	22.685380935668945
losses_test/representations:	49.454994201660156
losses_test/total:	8.095588684082031
calibration_test/ece:	0.009645900689065456
calibration_test/brier:	0.413744181394577
accuracy_test/task:	69.46
accuracy_test/concepts:	84.6400146484375
map_test/concepts:	0.8380137380445376

Epoch 22
losses_train/task:	0.8343876004219055
losses_train/concepts:	23.238893508911133
losses_train/representations:	47.04213333129883
losses_train/total:	7.862490177154541
losses_test/task:	0.8714462518692017
losses_test/concepts:	22.558799743652344
losses_test/representations:	49.48963165283203
losses_test/total:	8.076290130615234
calibration_test/ece:	0.015227509662508965
calibration_test/brier:	0.40958842635154724
accuracy_test/task:	70.01
accuracy_test/concepts:	84.70330047607422
map_test/concepts:	0.8381808693520725

Epoch 23
losses_train/task:	0.8160193562507629
losses_train/concepts:	23.09483528137207
losses_train/representations:	46.8519401550293
losses_train/total:	7.810702323913574
losses_test/task:	0.8765144348144531
losses_test/concepts:	22.43870735168457
losses_test/representations:	49.296417236328125
losses_test/total:	8.050027847290039
calibration_test/ece:	0.01013713888823986
calibration_test/brier:	0.4114152789115906
accuracy_test/task:	69.83
accuracy_test/concepts:	84.72547912597656
map_test/concepts:	0.8390192913939245

Epoch 24
losses_train/task:	0.8108819723129272
losses_train/concepts:	22.936824798583984
losses_train/representations:	46.65181350708008
losses_train/total:	7.769744396209717
losses_test/task:	0.8753562569618225
losses_test/concepts:	22.333091735839844
losses_test/representations:	49.4625129699707
losses_test/total:	8.05491828918457
calibration_test/ece:	0.014257678762078285
calibration_test/brier:	0.41052550077438354
accuracy_test/task:	69.59
accuracy_test/concepts:	84.73141479492188
map_test/concepts:	0.8416380980052054

Epoch 25
losses_train/task:	0.7945866584777832
losses_train/concepts:	22.803356170654297
losses_train/representations:	46.49248504638672
losses_train/total:	7.724166393280029
losses_test/task:	0.8710642457008362
losses_test/concepts:	22.25860595703125
losses_test/representations:	49.466529846191406
losses_test/total:	8.043578147888184
calibration_test/ece:	0.015227806754410267
calibration_test/brier:	0.4082011580467224
accuracy_test/task:	69.95
accuracy_test/concepts:	84.78484344482422
map_test/concepts:	0.8420374454581179

Epoch 26
losses_train/task:	0.7811072468757629
losses_train/concepts:	22.677820205688477
losses_train/representations:	46.306602478027344
losses_train/total:	7.679548263549805
losses_test/task:	0.8730272054672241
losses_test/concepts:	22.23953628540039
losses_test/representations:	49.541011810302734
losses_test/total:	8.051079750061035
calibration_test/ece:	0.017529934644699097
calibration_test/brier:	0.40823930501937866
accuracy_test/task:	70.23
accuracy_test/concepts:	84.72938537597656
map_test/concepts:	0.8413797392568085

Epoch 27
losses_train/task:	0.7681639194488525
losses_train/concepts:	22.567277908325195
losses_train/representations:	46.11275863647461
losses_train/total:	7.63616418838501
losses_test/task:	0.856320858001709
losses_test/concepts:	22.08534812927246
losses_test/representations:	49.470882415771484
losses_test/total:	8.011944770812988
calibration_test/ece:	0.01854482665657997
calibration_test/brier:	0.4018717408180237
accuracy_test/task:	70.38
accuracy_test/concepts:	84.84830474853516
map_test/concepts:	0.842695519735571

Epoch 28
losses_train/task:	0.7608702182769775
losses_train/concepts:	22.477746963500977
losses_train/representations:	45.98797607421875
losses_train/total:	7.607440948486328
losses_test/task:	0.853411078453064
losses_test/concepts:	22.05434226989746
losses_test/representations:	49.5804328918457
losses_test/total:	8.016886711120605
calibration_test/ece:	0.01849152147769928
calibration_test/brier:	0.39935049414634705
accuracy_test/task:	70.84
accuracy_test/concepts:	84.82642364501953
map_test/concepts:	0.8422936490969732

Epoch 29
losses_train/task:	0.7398677468299866
losses_train/concepts:	22.35792350769043
losses_train/representations:	45.780094146728516
losses_train/total:	7.553676128387451
losses_test/task:	0.8482164144515991
losses_test/concepts:	21.993684768676758
losses_test/representations:	49.498626708984375
losses_test/total:	7.997448444366455
calibration_test/ece:	0.018241610378026962
calibration_test/brier:	0.39803346991539
accuracy_test/task:	70.88
accuracy_test/concepts:	84.86268615722656
map_test/concepts:	0.8424133487569634

Epoch 30
losses_train/task:	0.7355142831802368
losses_train/concepts:	22.269502639770508
losses_train/representations:	45.61604690551758
losses_train/total:	7.524069309234619
losses_test/task:	0.8557863831520081
losses_test/concepts:	21.946504592895508
losses_test/representations:	49.53204345703125
losses_test/total:	8.003641128540039
calibration_test/ece:	0.02689407952129841
calibration_test/brier:	0.40072938799858093
accuracy_test/task:	70.87
accuracy_test/concepts:	84.84500885009766
map_test/concepts:	0.8432770427316427

Epoch 31
losses_train/task:	0.7186751961708069
losses_train/concepts:	22.165828704833984
losses_train/representations:	45.46687698364258
losses_train/total:	7.481947422027588
losses_test/task:	0.845341682434082
losses_test/concepts:	21.86355972290039
losses_test/representations:	49.360626220703125
losses_test/total:	7.9677605628967285
calibration_test/ece:	0.023163489997386932
calibration_test/brier:	0.39586231112480164
accuracy_test/task:	71.02
accuracy_test/concepts:	84.9167251586914
map_test/concepts:	0.8444909330573864

Epoch 32
losses_train/task:	0.7066442370414734
losses_train/concepts:	22.073137283325195
losses_train/representations:	45.30038070678711
losses_train/total:	7.443996429443359
losses_test/task:	0.8557389974594116
losses_test/concepts:	21.84741973876953
losses_test/representations:	49.6290283203125
losses_test/total:	8.003384590148926
calibration_test/ece:	0.031744565814733505
calibration_test/brier:	0.3998217284679413
accuracy_test/task:	70.67
accuracy_test/concepts:	84.85968780517578
map_test/concepts:	0.8437008672044612

Epoch 33
losses_train/task:	0.7003105282783508
losses_train/concepts:	21.987245559692383
losses_train/representations:	45.14030075073242
losses_train/total:	7.413065433502197
losses_test/task:	0.8512765765190125
losses_test/concepts:	21.796974182128906
losses_test/representations:	49.57455825805664
losses_test/total:	7.988430500030518
calibration_test/ece:	0.028610317036509514
calibration_test/brier:	0.3972186744213104
accuracy_test/task:	71.15
accuracy_test/concepts:	84.90704345703125
map_test/concepts:	0.8439859873033129

Epoch 34
losses_train/task:	0.6945124268531799
losses_train/concepts:	21.91456413269043
losses_train/representations:	44.98993682861328
losses_train/total:	7.384963512420654
losses_test/task:	0.8481153845787048
losses_test/concepts:	21.766735076904297
losses_test/representations:	49.60454177856445
losses_test/total:	7.985243797302246
calibration_test/ece:	0.02974976971745491
calibration_test/brier:	0.3949054181575775
accuracy_test/task:	71.21
accuracy_test/concepts:	84.91361236572266
map_test/concepts:	0.8441133342275862

Epoch 35
losses_train/task:	0.6814885139465332
losses_train/concepts:	21.795665740966797
losses_train/representations:	44.78697204589844
losses_train/total:	7.339751243591309
losses_test/task:	0.8525381088256836
losses_test/concepts:	21.717403411865234
losses_test/representations:	49.66742706298828
losses_test/total:	7.99102258682251
calibration_test/ece:	0.038652438670396805
calibration_test/brier:	0.3979286551475525
accuracy_test/task:	71.1
accuracy_test/concepts:	84.92220306396484
map_test/concepts:	0.8442812572757248

Epoch 36
losses_train/task:	0.6729187965393066
losses_train/concepts:	21.746389389038086
losses_train/representations:	44.65350341796875
losses_train/total:	7.312910079956055
losses_test/task:	0.8510576486587524
losses_test/concepts:	21.686498641967773
losses_test/representations:	49.58148956298828
losses_test/total:	7.977855205535889
calibration_test/ece:	0.033820733428001404
calibration_test/brier:	0.39563751220703125
accuracy_test/task:	71.14
accuracy_test/concepts:	84.93111419677734
map_test/concepts:	0.8444248926534783

Epoch 37
losses_train/task:	0.6600116491317749
losses_train/concepts:	21.661298751831055
losses_train/representations:	44.521602630615234
losses_train/total:	7.278305530548096
losses_test/task:	0.8440510630607605
losses_test/concepts:	21.648391723632812
losses_test/representations:	49.573970794677734
losses_test/total:	7.966285705566406
calibration_test/ece:	0.03709898144006729
calibration_test/brier:	0.3924894332885742
accuracy_test/task:	71.38
accuracy_test/concepts:	84.9401626586914
map_test/concepts:	0.8444456236320548

Epoch 38
losses_train/task:	0.6524158120155334
losses_train/concepts:	21.572141647338867
losses_train/representations:	44.327110290527344
losses_train/total:	7.242339134216309
losses_test/task:	0.8450670838356018
losses_test/concepts:	21.637094497680664
losses_test/representations:	49.626197814941406
losses_test/total:	7.971398830413818
calibration_test/ece:	0.038435425609350204
calibration_test/brier:	0.39398860931396484
accuracy_test/task:	71.27
accuracy_test/concepts:	84.9225082397461
map_test/concepts:	0.8445663113961928

Epoch 39
losses_train/task:	0.6437859535217285
losses_train/concepts:	21.498138427734375
losses_train/representations:	44.17811584472656
losses_train/total:	7.211414337158203
losses_test/task:	0.8430072665214539
losses_test/concepts:	21.57891845703125
losses_test/representations:	49.606483459472656
losses_test/total:	7.961547374725342
calibration_test/ece:	0.04060244560241699
calibration_test/brier:	0.39249569177627563
accuracy_test/task:	71.67
accuracy_test/concepts:	84.97126770019531
map_test/concepts:	0.8448666596377734

Epoch 40
losses_train/task:	0.6291789412498474
losses_train/concepts:	21.4197940826416
losses_train/representations:	44.02962875366211
losses_train/total:	7.174121856689453
losses_test/task:	0.8472373485565186
losses_test/concepts:	21.574007034301758
losses_test/representations:	49.53805160522461
losses_test/total:	7.9584431648254395
calibration_test/ece:	0.03971122205257416
calibration_test/brier:	0.3934324383735657
accuracy_test/task:	71.57
accuracy_test/concepts:	84.97750854492188
map_test/concepts:	0.8447438078874256

Epoch 41
losses_train/task:	0.6191279888153076
losses_train/concepts:	21.361291885375977
losses_train/representations:	43.895225524902344
losses_train/total:	7.144782066345215
losses_test/task:	0.849126398563385
losses_test/concepts:	21.556310653686523
losses_test/representations:	49.681488037109375
losses_test/total:	7.972905158996582
calibration_test/ece:	0.04571108520030975
calibration_test/brier:	0.39299720525741577
accuracy_test/task:	71.37
accuracy_test/concepts:	84.96907043457031
map_test/concepts:	0.8448166695307009

Epoch 42
losses_train/task:	0.6126495003700256
losses_train/concepts:	21.281545639038086
losses_train/representations:	43.726314544677734
losses_train/total:	7.113438129425049
losses_test/task:	0.8508927822113037
losses_test/concepts:	21.534862518310547
losses_test/representations:	49.77568435668945
losses_test/total:	7.981947898864746
calibration_test/ece:	0.047160692512989044
calibration_test/brier:	0.3931396007537842
accuracy_test/task:	71.73
accuracy_test/concepts:	84.97611236572266
map_test/concepts:	0.8446040215785615

Epoch 43
losses_train/task:	0.6055362224578857
losses_train/concepts:	21.195215225219727
losses_train/representations:	43.57093048095703
losses_train/total:	7.082147121429443
losses_test/task:	0.8500266671180725
losses_test/concepts:	21.52909278869629
losses_test/representations:	49.774559020996094
losses_test/total:	7.9803900718688965
calibration_test/ece:	0.04780733585357666
calibration_test/brier:	0.392223596572876
accuracy_test/task:	71.41
accuracy_test/concepts:	84.98001861572266
map_test/concepts:	0.8444754978117999

Epoch 44
losses_train/task:	0.5993224382400513
losses_train/concepts:	21.12540626525879
losses_train/representations:	43.42662811279297
losses_train/total:	7.054523944854736
losses_test/task:	0.8541721701622009
losses_test/concepts:	21.545124053955078
losses_test/representations:	49.897705078125
losses_test/total:	7.9984564781188965
calibration_test/ece:	0.04909255728125572
calibration_test/brier:	0.39326921105384827
accuracy_test/task:	71.52
accuracy_test/concepts:	84.94515991210938
map_test/concepts:	0.8442187330801971

Epoch 45
losses_train/task:	0.593721866607666
losses_train/concepts:	21.060813903808594
losses_train/representations:	43.22942352294922
losses_train/total:	7.022740840911865
losses_test/task:	0.863691508769989
losses_test/concepts:	21.519685745239258
losses_test/representations:	50.06587219238281
losses_test/total:	8.022248268127441
calibration_test/ece:	0.059697069227695465
calibration_test/brier:	0.396444171667099
accuracy_test/task:	71.24
accuracy_test/concepts:	84.94236755371094
map_test/concepts:	0.844229852227727

Epoch 46
losses_train/task:	0.5805302262306213
losses_train/concepts:	21.012451171875
losses_train/representations:	43.203426361083984
losses_train/total:	7.002120494842529
losses_test/task:	0.8579809665679932
losses_test/concepts:	21.5039119720459
losses_test/representations:	49.955631256103516
losses_test/total:	8.003935813903809
calibration_test/ece:	0.055931493639945984
calibration_test/brier:	0.393779456615448
accuracy_test/task:	71.73
accuracy_test/concepts:	84.97453308105469
map_test/concepts:	0.8444511244306341

Epoch 47
losses_train/task:	0.5748703479766846
losses_train/concepts:	20.93490219116211
losses_train/representations:	43.04327392578125
losses_train/total:	6.972689151763916
losses_test/task:	0.8507911562919617
losses_test/concepts:	21.541309356689453
losses_test/representations:	50.009742736816406
losses_test/total:	8.005894660949707
calibration_test/ece:	0.05377896875143051
calibration_test/brier:	0.3926076292991638
accuracy_test/task:	71.52
accuracy_test/concepts:	84.9253158569336
map_test/concepts:	0.8434509803773835

Epoch 48
losses_train/task:	0.5648850798606873
losses_train/concepts:	20.883487701416016
losses_train/representations:	42.93692398071289
losses_train/total:	6.946929454803467
losses_test/task:	0.8594189882278442
losses_test/concepts:	21.50198745727539
losses_test/representations:	49.94801712036133
losses_test/total:	8.004420280456543
calibration_test/ece:	0.05823596566915512
calibration_test/brier:	0.3934442400932312
accuracy_test/task:	71.27
accuracy_test/concepts:	84.97374725341797
map_test/concepts:	0.8437312955793459

Epoch 49
losses_train/task:	0.5625712871551514
losses_train/concepts:	20.789194107055664
losses_train/representations:	42.75917053222656
losses_train/total:	6.917409420013428
losses_test/task:	0.8692456483840942
losses_test/concepts:	21.502342224121094
losses_test/representations:	50.13007354736328
losses_test/total:	8.032486915588379
calibration_test/ece:	0.0632862001657486
calibration_test/brier:	0.3971916139125824
accuracy_test/task:	71.1
accuracy_test/concepts:	84.93047332763672
map_test/concepts:	0.8438306386815384

Epoch 50
losses_train/task:	0.5503837466239929
losses_train/concepts:	20.735639572143555
losses_train/representations:	42.6444206237793
losses_train/total:	6.8883867263793945
losses_test/task:	0.8646887540817261
losses_test/concepts:	21.46112823486328
losses_test/representations:	50.003910064697266
losses_test/total:	8.011194229125977
calibration_test/ece:	0.06184293329715729
calibration_test/brier:	0.39634841680526733
accuracy_test/task:	71.29
accuracy_test/concepts:	84.97173309326172
map_test/concepts:	0.8442564627330285

Epoch 51
losses_train/task:	0.5436637997627258
losses_train/concepts:	20.68796730041504
losses_train/representations:	42.530418395996094
losses_train/total:	6.86550760269165
losses_test/task:	0.8630529642105103
losses_test/concepts:	21.454320907592773
losses_test/representations:	50.20335388183594
losses_test/total:	8.028820037841797
calibration_test/ece:	0.061860471963882446
calibration_test/brier:	0.39259329438209534
accuracy_test/task:	71.87
accuracy_test/concepts:	84.96858978271484
map_test/concepts:	0.8439319896278903

Epoch 52
losses_train/task:	0.5351559519767761
losses_train/concepts:	20.616207122802734
losses_train/representations:	42.39145278930664
losses_train/total:	6.8359246253967285
losses_test/task:	0.869817316532135
losses_test/concepts:	21.462831497192383
losses_test/representations:	50.1582145690918
losses_test/total:	8.031920433044434
calibration_test/ece:	0.061766110360622406
calibration_test/brier:	0.39641496539115906
accuracy_test/task:	71.51
accuracy_test/concepts:	84.93827819824219
map_test/concepts:	0.843362771847751

Epoch 53
losses_train/task:	0.5348744988441467
losses_train/concepts:	20.552295684814453
losses_train/representations:	42.243099212646484
losses_train/total:	6.814406871795654
losses_test/task:	0.875741720199585
losses_test/concepts:	21.483633041381836
losses_test/representations:	50.25202560424805
losses_test/total:	8.049310684204102
calibration_test/ece:	0.06532414257526398
calibration_test/brier:	0.3976421356201172
accuracy_test/task:	71.5
accuracy_test/concepts:	84.92891693115234
map_test/concepts:	0.8432739590643905

Epoch 54
losses_train/task:	0.5251010060310364
losses_train/concepts:	20.51724624633789
losses_train/representations:	42.12199020385742
losses_train/total:	6.789023399353027
losses_test/task:	0.8767346143722534
losses_test/concepts:	21.481956481933594
losses_test/representations:	50.41220474243164
losses_test/total:	8.066149711608887
calibration_test/ece:	0.06745743751525879
calibration_test/brier:	0.39839616417884827
accuracy_test/task:	71.51
accuracy_test/concepts:	84.92562866210938
map_test/concepts:	0.843170271749841

Epoch 55
losses_train/task:	0.518621563911438
losses_train/concepts:	20.478130340576172
losses_train/representations:	42.040374755859375
losses_train/total:	6.770468711853027
losses_test/task:	0.8857523798942566
losses_test/concepts:	21.479188919067383
losses_test/representations:	50.533573150634766
losses_test/total:	8.087029457092285
calibration_test/ece:	0.07525375485420227
calibration_test/brier:	0.4003414213657379
accuracy_test/task:	71.4
accuracy_test/concepts:	84.96797943115234
map_test/concepts:	0.8431706590927206

Epoch 56
losses_train/task:	0.5133484601974487
losses_train/concepts:	20.416223526000977
losses_train/representations:	41.9346809387207
losses_train/total:	6.748438835144043
losses_test/task:	0.8718155026435852
losses_test/concepts:	21.44104766845703
losses_test/representations:	50.303009033203125
losses_test/total:	8.046222686767578
calibration_test/ece:	0.07230183482170105
calibration_test/brier:	0.394883930683136
accuracy_test/task:	71.71
accuracy_test/concepts:	84.9850082397461
map_test/concepts:	0.8435652176849544

Epoch 57
losses_train/task:	0.5088897943496704
losses_train/concepts:	20.35832977294922
losses_train/representations:	41.838844299316406
losses_train/total:	6.728611469268799
losses_test/task:	0.8797950744628906
losses_test/concepts:	21.453466415405273
losses_test/representations:	50.26447677612305
losses_test/total:	8.051589965820312
calibration_test/ece:	0.06827773153781891
calibration_test/brier:	0.3993527591228485
accuracy_test/task:	71.46
accuracy_test/concepts:	84.93718719482422
map_test/concepts:	0.8432652546325698

Epoch 58
losses_train/task:	0.5054734349250793
losses_train/concepts:	20.332456588745117
losses_train/representations:	41.71525955200195
losses_train/total:	6.710251808166504
losses_test/task:	0.8855372071266174
losses_test/concepts:	21.463224411010742
losses_test/representations:	50.441375732421875
losses_test/total:	8.07599925994873
calibration_test/ece:	0.07260658591985703
calibration_test/brier:	0.4003680348396301
accuracy_test/task:	71.32
accuracy_test/concepts:	84.90674591064453
map_test/concepts:	0.8428974697308149

Epoch 59
losses_train/task:	0.4955158829689026
losses_train/concepts:	20.263185501098633
losses_train/representations:	41.58213424682617
losses_train/total:	6.680048942565918
losses_test/task:	0.89845210313797
losses_test/concepts:	21.483806610107422
losses_test/representations:	50.3441047668457
losses_test/total:	8.081242561340332
calibration_test/ece:	0.07728207856416702
calibration_test/brier:	0.40551602840423584
accuracy_test/task:	70.75
accuracy_test/concepts:	84.91626739501953
map_test/concepts:	0.8426268788462039

Epoch 60
losses_train/task:	0.4923175573348999
losses_train/concepts:	20.21553611755371
losses_train/representations:	41.49455261230469
losses_train/total:	6.663327217102051
losses_test/task:	0.9056181311607361
losses_test/concepts:	21.4699764251709
losses_test/representations:	50.496192932128906
losses_test/total:	8.1022367477417
calibration_test/ece:	0.07731805741786957
calibration_test/brier:	0.4054776132106781
accuracy_test/task:	71.16
accuracy_test/concepts:	84.91859436035156
map_test/concepts:	0.842946704098722

Epoch 61
losses_train/task:	0.49174293875694275
losses_train/concepts:	20.210081100463867
losses_train/representations:	41.46100997924805
losses_train/total:	6.658853054046631
losses_test/task:	0.8900062441825867
losses_test/concepts:	21.448444366455078
losses_test/representations:	50.59208679199219
losses_test/total:	8.0940580368042
calibration_test/ece:	0.07652221620082855
calibration_test/brier:	0.40007224678993225
accuracy_test/task:	71.48
accuracy_test/concepts:	84.91876220703125
map_test/concepts:	0.8428587833768688

Epoch 62
losses_train/task:	0.48141470551490784
losses_train/concepts:	20.123044967651367
losses_train/representations:	41.29780578613281
losses_train/total:	6.623497009277344
losses_test/task:	0.8942586183547974
losses_test/concepts:	21.48285675048828
losses_test/representations:	50.670066833496094
losses_test/total:	8.109553337097168
calibration_test/ece:	0.07696513831615448
calibration_test/brier:	0.40290912985801697
accuracy_test/task:	71.3
accuracy_test/concepts:	84.8939208984375
map_test/concepts:	0.8425670522847213

Epoch 63
losses_train/task:	0.4815737307071686
losses_train/concepts:	20.101524353027344
losses_train/representations:	41.243289947509766
losses_train/total:	6.616053581237793
losses_test/task:	0.9036158323287964
losses_test/concepts:	21.49520492553711
losses_test/representations:	50.69455337524414
losses_test/total:	8.122591972351074
calibration_test/ece:	0.08075913786888123
calibration_test/brier:	0.4059041738510132
accuracy_test/task:	71.06
accuracy_test/concepts:	84.88438415527344
map_test/concepts:	0.8425006254110485

Epoch 64
losses_train/task:	0.46970272064208984
losses_train/concepts:	20.060401916503906
losses_train/representations:	41.176692962646484
losses_train/total:	6.593410491943359
losses_test/task:	0.9062426686286926
losses_test/concepts:	21.486719131469727
losses_test/representations:	50.58658981323242
losses_test/total:	8.113574981689453
calibration_test/ece:	0.08384695649147034
calibration_test/brier:	0.4064509868621826
accuracy_test/task:	70.96
accuracy_test/concepts:	84.89063262939453
map_test/concepts:	0.8424000754603185

Epoch 65
losses_train/task:	0.46810847520828247
losses_train/concepts:	20.02860450744629
losses_train/representations:	41.03437423706055
losses_train/total:	6.5744099617004395
losses_test/task:	0.9032495617866516
losses_test/concepts:	21.469053268432617
losses_test/representations:	50.700584411621094
losses_test/total:	8.120213508605957
calibration_test/ece:	0.08325869590044022
calibration_test/brier:	0.4052175283432007
accuracy_test/task:	71.42
accuracy_test/concepts:	84.90047454833984
map_test/concepts:	0.8424797154730186

Epoch 66
losses_train/task:	0.46631157398223877
losses_train/concepts:	19.99135971069336
losses_train/representations:	40.96270751953125
losses_train/total:	6.5617194175720215
losses_test/task:	0.9083137512207031
losses_test/concepts:	21.484941482543945
losses_test/representations:	50.77316665649414
losses_test/total:	8.134123802185059
calibration_test/ece:	0.08394940942525864
calibration_test/brier:	0.4063413441181183
accuracy_test/task:	71.09
accuracy_test/concepts:	84.91532897949219
map_test/concepts:	0.842538637429243

Epoch 67
losses_train/task:	0.457104355096817
losses_train/concepts:	19.941709518432617
losses_train/representations:	40.87110137939453
losses_train/total:	6.538387298583984
losses_test/task:	0.904647171497345
losses_test/concepts:	21.514284133911133
losses_test/representations:	50.62107467651367
losses_test/total:	8.118182182312012
calibration_test/ece:	0.08312465250492096
calibration_test/brier:	0.40349557995796204
accuracy_test/task:	71.31
accuracy_test/concepts:	84.89220428466797
map_test/concepts:	0.8419813271902967

Epoch 68
losses_train/task:	0.4570498466491699
losses_train/concepts:	19.902647018432617
losses_train/representations:	40.80558776855469
losses_train/total:	6.527871608734131
losses_test/task:	0.9066242575645447
losses_test/concepts:	21.480192184448242
losses_test/representations:	50.79985427856445
losses_test/total:	8.13463020324707
calibration_test/ece:	0.08337279409170151
calibration_test/brier:	0.4035656154155731
accuracy_test/task:	71.16
accuracy_test/concepts:	84.93657684326172
map_test/concepts:	0.8421708506066352

Epoch 69
losses_train/task:	0.45419198274612427
losses_train/concepts:	19.87519645690918
losses_train/representations:	40.7280158996582
losses_train/total:	6.514512062072754
losses_test/task:	0.9216585755348206
losses_test/concepts:	21.501848220825195
losses_test/representations:	50.671287536621094
losses_test/total:	8.1389741897583
calibration_test/ece:	0.08967916667461395
calibration_test/brier:	0.40945520997047424
accuracy_test/task:	70.92
accuracy_test/concepts:	84.90860748291016
map_test/concepts:	0.8419391468924005

Epoch 70
losses_train/task:	0.4520157277584076
losses_train/concepts:	19.8452205657959
losses_train/representations:	40.67048645019531
losses_train/total:	6.503587245941162
losses_test/task:	0.9247683882713318
losses_test/concepts:	21.51360511779785
losses_test/representations:	50.68675231933594
losses_test/total:	8.144803047180176
calibration_test/ece:	0.08667654544115067
calibration_test/brier:	0.40939393639564514
accuracy_test/task:	70.99
accuracy_test/concepts:	84.90140533447266
map_test/concepts:	0.8418787428527139

Epoch 71
losses_train/task:	0.4495154917240143
losses_train/concepts:	19.82772445678711
losses_train/representations:	40.60997009277344
losses_train/total:	6.493285655975342
losses_test/task:	0.92113196849823
losses_test/concepts:	21.523534774780273
losses_test/representations:	50.8343391418457
losses_test/total:	8.1569185256958
calibration_test/ece:	0.08894205093383789
calibration_test/brier:	0.4080304205417633
accuracy_test/task:	70.9
accuracy_test/concepts:	84.90563201904297
map_test/concepts:	0.8417636107769795

Epoch 72
losses_train/task:	0.4421526789665222
losses_train/concepts:	19.778501510620117
losses_train/representations:	40.51500701904297
losses_train/total:	6.471503257751465
losses_test/task:	0.9395840167999268
losses_test/concepts:	21.54770851135254
losses_test/representations:	51.00208282470703
losses_test/total:	8.194561004638672
calibration_test/ece:	0.09627562016248703
calibration_test/brier:	0.4141199588775635
accuracy_test/task:	70.67
accuracy_test/concepts:	84.85625457763672
map_test/concepts:	0.8420400702452753

Epoch 73
losses_train/task:	0.4386022090911865
losses_train/concepts:	19.737960815429688
losses_train/representations:	40.393516540527344
losses_train/total:	6.451751708984375
losses_test/task:	0.9173200726509094
losses_test/concepts:	21.53181266784668
losses_test/representations:	50.84738540649414
losses_test/total:	8.155240058898926
calibration_test/ece:	0.08973358571529388
calibration_test/brier:	0.40576010942459106
accuracy_test/task:	71.21
accuracy_test/concepts:	84.88218688964844
map_test/concepts:	0.841665960237151

Epoch 74
losses_train/task:	0.43417051434516907
losses_train/concepts:	19.701616287231445
losses_train/representations:	40.35092544555664
losses_train/total:	6.439424514770508
losses_test/task:	0.9196224212646484
losses_test/concepts:	21.538541793823242
losses_test/representations:	51.009586334228516
losses_test/total:	8.174433708190918
calibration_test/ece:	0.08935088664293289
calibration_test/brier:	0.40586021542549133
accuracy_test/task:	71.56
accuracy_test/concepts:	84.89532470703125
map_test/concepts:	0.8415843158727512

Epoch 75
losses_train/task:	0.4355023503303528
losses_train/concepts:	19.69399642944336
losses_train/representations:	40.29758071899414
losses_train/total:	6.434661865234375
losses_test/task:	0.9322023391723633
losses_test/concepts:	21.549711227416992
losses_test/representations:	51.072479248046875
losses_test/total:	8.194422721862793
calibration_test/ece:	0.0938962772488594
calibration_test/brier:	0.4111555516719818
accuracy_test/task:	71.3
accuracy_test/concepts:	84.88156127929688
map_test/concepts:	0.8415313823497854

Epoch 76
losses_train/task:	0.4247853755950928
losses_train/concepts:	19.621665954589844
losses_train/representations:	40.189971923828125
losses_train/total:	6.405948638916016
losses_test/task:	0.9457403421401978
losses_test/concepts:	21.54888343811035
losses_test/representations:	50.97974395751953
losses_test/total:	8.19860553741455
calibration_test/ece:	0.09556113183498383
calibration_test/brier:	0.4148274064064026
accuracy_test/task:	71.0
accuracy_test/concepts:	84.85313415527344
map_test/concepts:	0.8414357558067422

Epoch 77
losses_train/task:	0.4244845509529114
losses_train/concepts:	19.599037170410156
losses_train/representations:	40.110023498535156
losses_train/total:	6.395391464233398
losses_test/task:	0.9328457117080688
losses_test/concepts:	21.547725677490234
losses_test/representations:	50.84459686279297
losses_test/total:	8.172079086303711
calibration_test/ece:	0.09335910528898239
calibration_test/brier:	0.4108637571334839
accuracy_test/task:	71.18
accuracy_test/concepts:	84.87953186035156
map_test/concepts:	0.8415049841569271

Epoch 78
losses_train/task:	0.42217203974723816
losses_train/concepts:	19.5803165435791
losses_train/representations:	40.047420501708984
losses_train/total:	6.384944438934326
losses_test/task:	0.9704617261886597
losses_test/concepts:	21.635101318359375
losses_test/representations:	51.09754943847656
losses_test/total:	8.243725776672363
calibration_test/ece:	0.10310852527618408
calibration_test/brier:	0.42461562156677246
accuracy_test/task:	70.2
accuracy_test/concepts:	84.80281066894531
map_test/concepts:	0.8409148539940361

Epoch 79
losses_train/task:	0.42192521691322327
losses_train/concepts:	19.568592071533203
losses_train/representations:	40.06509780883789
losses_train/total:	6.38529109954834
losses_test/task:	0.9334222674369812
losses_test/concepts:	21.556476593017578
losses_test/representations:	50.878421783447266
losses_test/total:	8.176911354064941
calibration_test/ece:	0.09537003934383392
calibration_test/brier:	0.41258129477500916
accuracy_test/task:	71.12
accuracy_test/concepts:	84.84111022949219
map_test/concepts:	0.841364789463114

Epoch 80
losses_train/task:	0.4219527840614319
losses_train/concepts:	19.55158233642578
losses_train/representations:	39.99630355834961
losses_train/total:	6.376743793487549
losses_test/task:	0.9509854912757874
losses_test/concepts:	21.648990631103516
losses_test/representations:	51.14756774902344
losses_test/total:	8.230639457702637
calibration_test/ece:	0.0975784882903099
calibration_test/brier:	0.416795015335083
accuracy_test/task:	70.58
accuracy_test/concepts:	84.7704849243164
map_test/concepts:	0.8400834883213975

Epoch 81
losses_train/task:	0.3929455280303955
losses_train/concepts:	19.401479721069336
losses_train/representations:	39.474098205566406
losses_train/total:	6.280501365661621
losses_test/task:	0.906503438949585
losses_test/concepts:	21.525850296020508
losses_test/representations:	50.79534149169922
losses_test/total:	8.138622283935547
calibration_test/ece:	0.08753439784049988
calibration_test/brier:	0.3994220793247223
accuracy_test/task:	72.23
accuracy_test/concepts:	84.92015838623047
map_test/concepts:	0.8420689776830841

Epoch 82
losses_train/task:	0.39056167006492615
losses_train/concepts:	19.304317474365234
losses_train/representations:	39.3287467956543
losses_train/total:	6.253870964050293
losses_test/task:	0.9106530547142029
losses_test/concepts:	21.514324188232422
losses_test/representations:	50.8084716796875
losses_test/total:	8.14293384552002
calibration_test/ece:	0.09010906517505646
calibration_test/brier:	0.3998165726661682
accuracy_test/task:	72.09
accuracy_test/concepts:	84.93408203125
map_test/concepts:	0.8424162445007823

Epoch 83
losses_train/task:	0.38846462965011597
losses_train/concepts:	19.30457878112793
losses_train/representations:	39.28491973876953
losses_train/total:	6.247408390045166
losses_test/task:	0.9077766537666321
losses_test/concepts:	21.524654388427734
losses_test/representations:	50.816566467285156
losses_test/total:	8.141898155212402
calibration_test/ece:	0.0903698056936264
calibration_test/brier:	0.3994310200214386
accuracy_test/task:	72.12
accuracy_test/concepts:	84.93031311035156
map_test/concepts:	0.8420867164968513

Epoch 84
losses_train/task:	0.38462236523628235
losses_train/concepts:	19.266324996948242
losses_train/representations:	39.25053405761719
losses_train/total:	6.236307144165039
losses_test/task:	0.9090325236320496
losses_test/concepts:	21.517620086669922
losses_test/representations:	50.782814025878906
losses_test/total:	8.139073371887207
calibration_test/ece:	0.08975781500339508
calibration_test/brier:	0.39931654930114746
accuracy_test/task:	72.26
accuracy_test/concepts:	84.9303207397461
map_test/concepts:	0.8423146806308068

Epoch 85
losses_train/task:	0.37476471066474915
losses_train/concepts:	19.283199310302734
losses_train/representations:	39.230140686035156
losses_train/total:	6.226099014282227
losses_test/task:	0.9088122248649597
losses_test/concepts:	21.50765037536621
losses_test/representations:	50.73483657836914
losses_test/total:	8.133064270019531
calibration_test/ece:	0.08808401972055435
calibration_test/brier:	0.3994389772415161
accuracy_test/task:	72.44
accuracy_test/concepts:	84.93470001220703
map_test/concepts:	0.8424832777527627

Epoch 86
losses_train/task:	0.37745413184165955
losses_train/concepts:	19.25543975830078
losses_train/representations:	39.186729431152344
losses_train/total:	6.22167444229126
losses_test/task:	0.9082521200180054
losses_test/concepts:	21.511829376220703
losses_test/representations:	50.73136901855469
losses_test/total:	8.132570266723633
calibration_test/ece:	0.08950100839138031
calibration_test/brier:	0.3992047607898712
accuracy_test/task:	72.26
accuracy_test/concepts:	84.94892120361328
map_test/concepts:	0.8424490588076878

Epoch 87
losses_train/task:	0.37487947940826416
losses_train/concepts:	19.24422264099121
losses_train/representations:	39.14949417114258
losses_train/total:	6.2142510414123535
losses_test/task:	0.9131669998168945
losses_test/concepts:	21.52352523803711
losses_test/representations:	50.79240417480469
losses_test/total:	8.144758224487305
calibration_test/ece:	0.09053390473127365
calibration_test/brier:	0.40041521191596985
accuracy_test/task:	72.27
accuracy_test/concepts:	84.9207992553711
map_test/concepts:	0.8425108326191548

Epoch 88
losses_train/task:	0.3711230754852295
losses_train/concepts:	19.234853744506836
losses_train/representations:	39.14311218261719
losses_train/total:	6.2089152336120605
losses_test/task:	0.9165048003196716
losses_test/concepts:	21.53162956237793
losses_test/representations:	50.79846954345703
losses_test/total:	8.149514198303223
calibration_test/ece:	0.09275835007429123
calibration_test/brier:	0.4017687439918518
accuracy_test/task:	72.06
accuracy_test/concepts:	84.9217300415039
map_test/concepts:	0.842438641062472

Epoch 89
losses_train/task:	0.3736770749092102
losses_train/concepts:	19.216392517089844
losses_train/representations:	39.079044342041016
losses_train/total:	6.203221797943115
losses_test/task:	0.9139408469200134
losses_test/concepts:	21.529157638549805
losses_test/representations:	50.792640686035156
losses_test/total:	8.146120071411133
calibration_test/ece:	0.092565156519413
calibration_test/brier:	0.4007004499435425
accuracy_test/task:	72.15
accuracy_test/concepts:	84.91609191894531
map_test/concepts:	0.8425018558918964

Epoch 90
losses_train/task:	0.37040916085243225
losses_train/concepts:	19.231462478637695
losses_train/representations:	39.08601379394531
losses_train/total:	6.202157974243164
losses_test/task:	0.9135448932647705
losses_test/concepts:	21.521404266357422
losses_test/representations:	50.81363296508789
losses_test/total:	8.14704704284668
calibration_test/ece:	0.09242674708366394
calibration_test/brier:	0.40033772587776184
accuracy_test/task:	72.19
accuracy_test/concepts:	84.92984771728516
map_test/concepts:	0.8424282708729152

Epoch 91
losses_train/task:	0.3704826235771179
losses_train/concepts:	19.20003890991211
losses_train/representations:	39.037010192871094
losses_train/total:	6.194188594818115
losses_test/task:	0.9142122864723206
losses_test/concepts:	21.531646728515625
losses_test/representations:	50.78166961669922
losses_test/total:	8.14554214477539
calibration_test/ece:	0.09139978885650635
calibration_test/brier:	0.40014979243278503
accuracy_test/task:	72.26
accuracy_test/concepts:	84.92345428466797
map_test/concepts:	0.8424918880918995

Epoch 92
losses_train/task:	0.3718227744102478
losses_train/concepts:	19.184953689575195
losses_train/representations:	39.011051177978516
losses_train/total:	6.191423416137695
losses_test/task:	0.9139236211776733
losses_test/concepts:	21.539304733276367
losses_test/representations:	50.79755783081055
losses_test/total:	8.14760971069336
calibration_test/ece:	0.0918155089020729
calibration_test/brier:	0.39975860714912415
accuracy_test/task:	72.33
accuracy_test/concepts:	84.91047668457031
map_test/concepts:	0.8423008835234214

Epoch 93
losses_train/task:	0.3700377643108368
losses_train/concepts:	19.181106567382812
losses_train/representations:	38.996131896972656
losses_train/total:	6.1877617835998535
losses_test/task:	0.9170166254043579
losses_test/concepts:	21.53782081604004
losses_test/representations:	50.80942916870117
losses_test/total:	8.151741981506348
calibration_test/ece:	0.09138180315494537
calibration_test/brier:	0.40117570757865906
accuracy_test/task:	72.35
accuracy_test/concepts:	84.90813446044922
map_test/concepts:	0.8422755807114299

Epoch 94
losses_train/task:	0.3680599629878998
losses_train/concepts:	19.174640655517578
losses_train/representations:	38.94676208496094
losses_train/total:	6.180202484130859
losses_test/task:	0.9203698039054871
losses_test/concepts:	21.5413818359375
losses_test/representations:	50.80109405517578
losses_test/total:	8.154617309570312
calibration_test/ece:	0.0933954119682312
calibration_test/brier:	0.4020514488220215
accuracy_test/task:	72.23
accuracy_test/concepts:	84.91954803466797
map_test/concepts:	0.8423393405973911

Epoch 95
losses_train/task:	0.36671334505081177
losses_train/concepts:	19.179662704467773
losses_train/representations:	39.00822830200195
losses_train/total:	6.185503959655762
losses_test/task:	0.9167566895484924
losses_test/concepts:	21.546865463256836
losses_test/representations:	50.80124282836914
losses_test/total:	8.151565551757812
calibration_test/ece:	0.09204643964767456
calibration_test/brier:	0.4005074203014374
accuracy_test/task:	72.31
accuracy_test/concepts:	84.93204498291016
map_test/concepts:	0.8423456346790772

Epoch 96
losses_train/task:	0.3679105341434479
losses_train/concepts:	19.16729736328125
losses_train/representations:	38.92096710205078
losses_train/total:	6.1767377853393555
losses_test/task:	0.9199584126472473
losses_test/concepts:	21.536985397338867
losses_test/representations:	50.81135940551758
losses_test/total:	8.154792785644531
calibration_test/ece:	0.09270339459180832
calibration_test/brier:	0.40177181363105774
accuracy_test/task:	72.24
accuracy_test/concepts:	84.93345642089844
map_test/concepts:	0.8422029910143465

Epoch 97
losses_train/task:	0.35935598611831665
losses_train/concepts:	19.175756454467773
losses_train/representations:	38.936378479003906
losses_train/total:	6.170567989349365
losses_test/task:	0.9207854866981506
losses_test/concepts:	21.527400970458984
losses_test/representations:	50.79703140258789
losses_test/total:	8.153229713439941
calibration_test/ece:	0.09409677982330322
calibration_test/brier:	0.40136492252349854
accuracy_test/task:	72.24
accuracy_test/concepts:	84.93328857421875
map_test/concepts:	0.842454711557366

Epoch 98
losses_train/task:	0.3633861541748047
losses_train/concepts:	19.1219539642334
losses_train/representations:	38.89105224609375
losses_train/total:	6.164683818817139
losses_test/task:	0.9217969179153442
losses_test/concepts:	21.542200088500977
losses_test/representations:	50.85919952392578
losses_test/total:	8.161937713623047
calibration_test/ece:	0.09554998576641083
calibration_test/brier:	0.4013114869594574
accuracy_test/task:	72.18
accuracy_test/concepts:	84.93187713623047
map_test/concepts:	0.8423778391152155

Epoch 99
losses_train/task:	0.36208024621009827
losses_train/concepts:	19.145095825195312
losses_train/representations:	38.88211441040039
losses_train/total:	6.164802551269531
losses_test/task:	0.9221048951148987
losses_test/concepts:	21.5518798828125
losses_test/representations:	50.790245056152344
losses_test/total:	8.156318664550781
calibration_test/ece:	0.09464706480503082
calibration_test/brier:	0.4019000828266144
accuracy_test/task:	72.14
accuracy_test/concepts:	84.90860748291016
map_test/concepts:	0.8419003483722918

Epoch 100
losses_train/task:	0.36200156807899475
losses_train/concepts:	19.131576538085938
losses_train/representations:	38.84403991699219
losses_train/total:	6.159557819366455
losses_test/task:	0.9230581521987915
losses_test/concepts:	21.563976287841797
losses_test/representations:	50.90514373779297
losses_test/total:	8.169968605041504
calibration_test/ece:	0.09649571776390076
calibration_test/brier:	0.4017566442489624
accuracy_test/task:	72.09
accuracy_test/concepts:	84.9122085571289
map_test/concepts:	0.8421740063349716

Epoch 101
losses_train/task:	0.3639107942581177
losses_train/concepts:	19.121910095214844
losses_train/representations:	38.84392547607422
losses_train/total:	6.160489082336426
losses_test/task:	0.9246302843093872
losses_test/concepts:	21.545255661010742
losses_test/representations:	50.77323913574219
losses_test/total:	8.15648078918457
calibration_test/ece:	0.09333562850952148
calibration_test/brier:	0.40274181962013245
accuracy_test/task:	72.41
accuracy_test/concepts:	84.93172454833984
map_test/concepts:	0.8422940833843313

Epoch 102
losses_train/task:	0.3594469130039215
losses_train/concepts:	19.133522033691406
losses_train/representations:	38.84453582763672
losses_train/total:	6.157254219055176
losses_test/task:	0.9302915930747986
losses_test/concepts:	21.554100036621094
losses_test/representations:	50.86698913574219
losses_test/total:	8.172401428222656
calibration_test/ece:	0.0987275093793869
calibration_test/brier:	0.40374577045440674
accuracy_test/task:	72.0
accuracy_test/concepts:	84.9200210571289
map_test/concepts:	0.8423800743184984

Epoch 103
losses_train/task:	0.36007076501846313
losses_train/concepts:	19.118385314941406
losses_train/representations:	38.83310317993164
losses_train/total:	6.155219078063965
losses_test/task:	0.9279586672782898
losses_test/concepts:	21.555957794189453
losses_test/representations:	50.84848403930664
losses_test/total:	8.168401718139648
calibration_test/ece:	0.09883527457714081
calibration_test/brier:	0.40313979983329773
accuracy_test/task:	71.96
accuracy_test/concepts:	84.91375732421875
map_test/concepts:	0.8422360668191686

Epoch 104
losses_train/task:	0.3588514029979706
losses_train/concepts:	19.12022590637207
losses_train/representations:	38.79922103881836
losses_train/total:	6.150796413421631
losses_test/task:	0.9224978089332581
losses_test/concepts:	21.567279815673828
losses_test/representations:	50.859649658203125
losses_test/total:	8.165190696716309
calibration_test/ece:	0.09458644688129425
calibration_test/brier:	0.40161606669425964
accuracy_test/task:	72.27
accuracy_test/concepts:	84.9189224243164
map_test/concepts:	0.8423482480575331

Epoch 105
losses_train/task:	0.3627985417842865
losses_train/concepts:	19.122434616088867
losses_train/representations:	38.8106689453125
losses_train/total:	6.15610933303833
losses_test/task:	0.9254871010780334
losses_test/concepts:	21.55546760559082
losses_test/representations:	50.850337982177734
losses_test/total:	8.166067123413086
calibration_test/ece:	0.09781917929649353
calibration_test/brier:	0.4019496440887451
accuracy_test/task:	72.09
accuracy_test/concepts:	84.92658996582031
map_test/concepts:	0.842315761721693

Epoch 106
losses_train/task:	0.35665252804756165
losses_train/concepts:	19.088146209716797
losses_train/representations:	38.75970458984375
losses_train/total:	6.141439437866211
losses_test/task:	0.9239444136619568
losses_test/concepts:	21.552213668823242
losses_test/representations:	50.839256286621094
losses_test/total:	8.163091659545898
calibration_test/ece:	0.09715580195188522
calibration_test/brier:	0.4009855091571808
accuracy_test/task:	72.11
accuracy_test/concepts:	84.92423248291016
map_test/concepts:	0.8421611642697826

Epoch 107
losses_train/task:	0.35656026005744934
losses_train/concepts:	19.093820571899414
losses_train/representations:	38.769771575927734
losses_train/total:	6.1429219245910645
losses_test/task:	0.9292495846748352
losses_test/concepts:	21.54977035522461
losses_test/representations:	50.827430725097656
losses_test/total:	8.166972160339355
calibration_test/ece:	0.09819053113460541
calibration_test/brier:	0.403592973947525
accuracy_test/task:	72.11
accuracy_test/concepts:	84.91703796386719
map_test/concepts:	0.8422233839228284

Epoch 108
losses_train/task:	0.35304245352745056
losses_train/concepts:	19.088590621948242
losses_train/representations:	38.74742126464844
losses_train/total:	6.13664436340332
losses_test/task:	0.9308424592018127
losses_test/concepts:	21.55917739868164
losses_test/representations:	50.862632751464844
losses_test/total:	8.17302417755127
calibration_test/ece:	0.09941057860851288
calibration_test/brier:	0.4033738970756531
accuracy_test/task:	72.02
accuracy_test/concepts:	84.92391204833984
map_test/concepts:	0.8420309509965591

Epoch 109
losses_train/task:	0.35924428701400757
losses_train/concepts:	19.074443817138672
losses_train/representations:	38.733367919921875
losses_train/total:	6.140024662017822
losses_test/task:	0.9288092851638794
losses_test/concepts:	21.536169052124023
losses_test/representations:	50.84749984741211
losses_test/total:	8.167176246643066
calibration_test/ece:	0.0973181277513504
calibration_test/brier:	0.401917040348053
accuracy_test/task:	72.24
accuracy_test/concepts:	84.93016052246094
map_test/concepts:	0.8423665792215616

Epoch 110
losses_train/task:	0.35561707615852356
losses_train/concepts:	19.094701766967773
losses_train/representations:	38.77433395385742
losses_train/total:	6.142519950866699
losses_test/task:	0.9322032928466797
losses_test/concepts:	21.564342498779297
losses_test/representations:	50.818756103515625
losses_test/total:	8.170511245727539
calibration_test/ece:	0.09842216968536377
calibration_test/brier:	0.4045518934726715
accuracy_test/task:	72.08
accuracy_test/concepts:	84.91407012939453
map_test/concepts:	0.8420533189491834

Epoch 111
losses_train/task:	0.3510180711746216
losses_train/concepts:	19.033817291259766
losses_train/representations:	38.65040588378906
losses_train/total:	6.119443893432617
losses_test/task:	0.9359182119369507
losses_test/concepts:	21.559715270996094
losses_test/representations:	50.93705749511719
losses_test/total:	8.185596466064453
calibration_test/ece:	0.09867271780967712
calibration_test/brier:	0.4037982225418091
accuracy_test/task:	72.24
accuracy_test/concepts:	84.92936706542969
map_test/concepts:	0.8423424383508973

Epoch 112
losses_train/task:	0.35308218002319336
losses_train/concepts:	19.03990364074707
losses_train/representations:	38.6888542175293
losses_train/total:	6.125958442687988
losses_test/task:	0.9292358160018921
losses_test/concepts:	21.574914932250977
losses_test/representations:	50.875526428222656
losses_test/total:	8.174281120300293
calibration_test/ece:	0.09810195118188858
calibration_test/brier:	0.4019327759742737
accuracy_test/task:	72.21
accuracy_test/concepts:	84.9197006225586
map_test/concepts:	0.8420675673114602

Epoch 113
losses_train/task:	0.35614314675331116
losses_train/concepts:	19.05477523803711
losses_train/representations:	38.660335540771484
losses_train/total:	6.1276535987854
losses_test/task:	0.932037353515625
losses_test/concepts:	21.57182502746582
losses_test/representations:	50.902252197265625
losses_test/total:	8.17944622039795
calibration_test/ece:	0.09873074293136597
calibration_test/brier:	0.40265533328056335
accuracy_test/task:	72.23
accuracy_test/concepts:	84.9258041381836
map_test/concepts:	0.8422114228014834

Epoch 114
losses_train/task:	0.3516353368759155
losses_train/concepts:	19.02516746520996
losses_train/representations:	38.6560173034668
losses_train/total:	6.119754314422607
losses_test/task:	0.931649923324585
losses_test/concepts:	21.56458282470703
losses_test/representations:	50.87124252319336
losses_test/total:	8.175232887268066
calibration_test/ece:	0.09829362481832504
calibration_test/brier:	0.4023066759109497
accuracy_test/task:	72.34
accuracy_test/concepts:	84.9253158569336
map_test/concepts:	0.8423091635922901

Epoch 115
losses_train/task:	0.3470427393913269
losses_train/concepts:	19.049776077270508
losses_train/representations:	38.68292999267578
losses_train/total:	6.120310306549072
losses_test/task:	0.9337821006774902
losses_test/concepts:	21.561004638671875
losses_test/representations:	50.913578033447266
losses_test/total:	8.18124008178711
calibration_test/ece:	0.10161840170621872
calibration_test/brier:	0.40302813053131104
accuracy_test/task:	72.0
accuracy_test/concepts:	84.93376159667969
map_test/concepts:	0.84231380186975

Epoch 116
losses_train/task:	0.34496644139289856
losses_train/concepts:	19.009538650512695
losses_train/representations:	38.593284606933594
losses_train/total:	6.105245590209961
losses_test/task:	0.9318152666091919
losses_test/concepts:	21.567129135131836
losses_test/representations:	50.89685821533203
losses_test/total:	8.178214073181152
calibration_test/ece:	0.09868273138999939
calibration_test/brier:	0.40259799361228943
accuracy_test/task:	72.31
accuracy_test/concepts:	84.92266082763672
map_test/concepts:	0.8421639647276606

Epoch 117
losses_train/task:	0.3514295518398285
losses_train/concepts:	19.02199935913086
losses_train/representations:	38.63854217529297
losses_train/total:	6.117482662200928
losses_test/task:	0.9343938827514648
losses_test/concepts:	21.56072235107422
losses_test/representations:	50.8738899230957
losses_test/total:	8.177855491638184
calibration_test/ece:	0.1013927310705185
calibration_test/brier:	0.4034133851528168
accuracy_test/task:	72.05
accuracy_test/concepts:	84.92329406738281
map_test/concepts:	0.8423864560318179

Epoch 118
losses_train/task:	0.3489857316017151
losses_train/concepts:	19.046953201293945
losses_train/representations:	38.64094543457031
losses_train/total:	6.117774963378906
losses_test/task:	0.9374697804450989
losses_test/concepts:	21.586090087890625
losses_test/representations:	50.89112091064453
losses_test/total:	8.185192108154297
calibration_test/ece:	0.09870599955320358
calibration_test/brier:	0.40498292446136475
accuracy_test/task:	72.21
accuracy_test/concepts:	84.9073715209961
map_test/concepts:	0.8420826159708668

Epoch 119
losses_train/task:	0.3464212119579315
losses_train/concepts:	19.03297233581543
losses_train/representations:	38.60288619995117
losses_train/total:	6.110006332397461
losses_test/task:	0.9355395436286926
losses_test/concepts:	21.565183639526367
losses_test/representations:	50.88381576538086
losses_test/total:	8.180438995361328
calibration_test/ece:	0.09982048720121384
calibration_test/brier:	0.4032813012599945
accuracy_test/task:	72.25
accuracy_test/concepts:	84.92031860351562
map_test/concepts:	0.842234356852714

Epoch 120
losses_train/task:	0.35220450162887573
losses_train/concepts:	19.03375244140625
losses_train/representations:	38.60743713378906
losses_train/total:	6.116322040557861
losses_test/task:	0.9399128556251526
losses_test/concepts:	21.558555603027344
losses_test/representations:	50.86714172363281
losses_test/total:	8.182482719421387
calibration_test/ece:	0.10110190510749817
calibration_test/brier:	0.40506118535995483
accuracy_test/task:	72.08
accuracy_test/concepts:	84.93299102783203
map_test/concepts:	0.8422064234327991

Epoch 121
losses_train/task:	0.3437676429748535
losses_train/concepts:	19.007997512817383
losses_train/representations:	38.589786529541016
losses_train/total:	6.103545665740967
losses_test/task:	0.9381782412528992
losses_test/concepts:	21.591997146606445
losses_test/representations:	50.96160125732422
losses_test/total:	8.193540573120117
calibration_test/ece:	0.10071837157011032
calibration_test/brier:	0.4041052460670471
accuracy_test/task:	72.23
accuracy_test/concepts:	84.91609191894531
map_test/concepts:	0.8422873325180262

Epoch 122
losses_train/task:	0.34543079137802124
losses_train/concepts:	18.995988845825195
losses_train/representations:	38.55427169799805
losses_train/total:	6.100457668304443
losses_test/task:	0.9377965331077576
losses_test/concepts:	21.56501579284668
losses_test/representations:	50.905548095703125
losses_test/total:	8.184852600097656
calibration_test/ece:	0.10183828324079514
calibration_test/brier:	0.4051640033721924
accuracy_test/task:	72.04
accuracy_test/concepts:	84.92000579833984
map_test/concepts:	0.842184371635085

Epoch 123
losses_train/task:	0.34711650013923645
losses_train/concepts:	18.998884201049805
losses_train/representations:	38.54168701171875
losses_train/total:	6.101172924041748
losses_test/task:	0.9387394785881042
losses_test/concepts:	21.59073829650879
losses_test/representations:	50.927738189697266
losses_test/total:	8.19058609008789
calibration_test/ece:	0.10268933326005936
calibration_test/brier:	0.4048229157924652
accuracy_test/task:	71.94
accuracy_test/concepts:	84.9167251586914
map_test/concepts:	0.8421185129554942

Epoch 124
losses_train/task:	0.3436994254589081
losses_train/concepts:	19.00782585144043
losses_train/representations:	38.53980255126953
losses_train/total:	6.098463535308838
losses_test/task:	0.9380208253860474
losses_test/concepts:	21.56313133239746
losses_test/representations:	50.90688705444336
losses_test/total:	8.18502426147461
calibration_test/ece:	0.10312311351299286
calibration_test/brier:	0.4041057229042053
accuracy_test/task:	72.03
accuracy_test/concepts:	84.94500732421875
map_test/concepts:	0.8423187082807999

Epoch 125
losses_train/task:	0.3452897071838379
losses_train/concepts:	18.998380661010742
losses_train/representations:	38.54317092895508
losses_train/total:	6.099442958831787
losses_test/task:	0.9400741457939148
losses_test/concepts:	21.582843780517578
losses_test/representations:	50.94057846069336
losses_test/total:	8.192418098449707
calibration_test/ece:	0.1016417145729065
calibration_test/brier:	0.40465083718299866
accuracy_test/task:	72.12
accuracy_test/concepts:	84.92344665527344
map_test/concepts:	0.8420996931381524

Epoch 126
losses_train/task:	0.34242182970046997
losses_train/concepts:	18.987255096435547
losses_train/representations:	38.492122650146484
losses_train/total:	6.090357303619385
losses_test/task:	0.9401056170463562
losses_test/concepts:	21.576602935791016
losses_test/representations:	50.96783447265625
losses_test/total:	8.194548606872559
calibration_test/ece:	0.10223875939846039
calibration_test/brier:	0.40430113673210144
accuracy_test/task:	72.17
accuracy_test/concepts:	84.92345428466797
map_test/concepts:	0.842170502175577

Epoch 127
losses_train/task:	0.3409886062145233
losses_train/concepts:	18.989032745361328
losses_train/representations:	38.52312469482422
losses_train/total:	6.09220027923584
losses_test/task:	0.9419774413108826
losses_test/concepts:	21.569246292114258
losses_test/representations:	50.94453430175781
losses_test/total:	8.193353652954102
calibration_test/ece:	0.10463487356901169
calibration_test/brier:	0.4052225649356842
accuracy_test/task:	71.89
accuracy_test/concepts:	84.94235229492188
map_test/concepts:	0.84233850685996

Epoch 128
losses_train/task:	0.34197211265563965
losses_train/concepts:	18.970134735107422
losses_train/representations:	38.47600555419922
losses_train/total:	6.086586952209473
losses_test/task:	0.9398635625839233
losses_test/concepts:	21.58456802368164
losses_test/representations:	50.921077728271484
losses_test/total:	8.190427780151367
calibration_test/ece:	0.10055237263441086
calibration_test/brier:	0.40411895513534546
accuracy_test/task:	72.26
accuracy_test/concepts:	84.91907501220703
map_test/concepts:	0.8420707212062553

Epoch 129
losses_train/task:	0.3388938903808594
losses_train/concepts:	18.978361129760742
losses_train/representations:	38.487815856933594
losses_train/total:	6.085509300231934
losses_test/task:	0.945479691028595
losses_test/concepts:	21.596202850341797
losses_test/representations:	50.92959213256836
losses_test/total:	8.198060035705566
calibration_test/ece:	0.10336406528949738
calibration_test/brier:	0.40626734495162964
accuracy_test/task:	71.95
accuracy_test/concepts:	84.9101791381836
map_test/concepts:	0.8420134119223803

Epoch 130
losses_train/task:	0.3453262448310852
losses_train/concepts:	18.965364456176758
losses_train/representations:	38.4686279296875
losses_train/total:	6.088726043701172
losses_test/task:	0.9445091485977173
losses_test/concepts:	21.584571838378906
losses_test/representations:	50.93016815185547
losses_test/total:	8.19598388671875
calibration_test/ece:	0.10390012711286545
calibration_test/brier:	0.4054383933544159
accuracy_test/task:	72.07
accuracy_test/concepts:	84.91580200195312
map_test/concepts:	0.8420420030015521

Epoch 131
losses_train/task:	0.341468870639801
losses_train/concepts:	18.95626449584961
losses_train/representations:	38.47315979003906
losses_train/total:	6.084412097930908
losses_test/task:	0.942391037940979
losses_test/concepts:	21.588125228881836
losses_test/representations:	50.927734375
losses_test/total:	8.193976402282715
calibration_test/ece:	0.10235022753477097
calibration_test/brier:	0.4049515724182129
accuracy_test/task:	72.18
accuracy_test/concepts:	84.9096908569336
map_test/concepts:	0.8419124374049716

Epoch 132
losses_train/task:	0.3469832241535187
losses_train/concepts:	18.964290618896484
losses_train/representations:	38.44257736206055
losses_train/total:	6.08767032623291
losses_test/task:	0.9450674057006836
losses_test/concepts:	21.56437873840332
losses_test/representations:	50.94551467895508
losses_test/total:	8.196056365966797
calibration_test/ece:	0.10451860725879669
calibration_test/brier:	0.40588653087615967
accuracy_test/task:	72.02
accuracy_test/concepts:	84.93079376220703
map_test/concepts:	0.8421390691655688

Epoch 133
losses_train/task:	0.341737300157547
losses_train/concepts:	18.946718215942383
losses_train/representations:	38.44770431518555
losses_train/total:	6.081181526184082
losses_test/task:	0.9467325806617737
losses_test/concepts:	21.574323654174805
losses_test/representations:	50.91468048095703
losses_test/total:	8.195632934570312
calibration_test/ece:	0.10323993861675262
calibration_test/brier:	0.4065590798854828
accuracy_test/task:	72.04
accuracy_test/concepts:	84.92782592773438
map_test/concepts:	0.8419927289651241

Epoch 134
losses_train/task:	0.3343396782875061
losses_train/concepts:	18.944568634033203
losses_train/representations:	38.42666244506836
losses_train/total:	6.07145881652832
losses_test/task:	0.9482277035713196
losses_test/concepts:	21.61808204650879
losses_test/representations:	50.9846305847168
losses_test/total:	8.208497047424316
calibration_test/ece:	0.10337769240140915
calibration_test/brier:	0.4067867398262024
accuracy_test/task:	72.06
accuracy_test/concepts:	84.9029769897461
map_test/concepts:	0.8418874684721231

Epoch 135
losses_train/task:	0.33598190546035767
losses_train/concepts:	18.91567039489746
losses_train/representations:	38.373653411865234
losses_train/total:	6.06491231918335
losses_test/task:	0.9499111175537109
losses_test/concepts:	21.597654342651367
losses_test/representations:	50.99897384643555
losses_test/total:	8.209573745727539
calibration_test/ece:	0.10471224784851074
calibration_test/brier:	0.40662920475006104
accuracy_test/task:	72.11
accuracy_test/concepts:	84.91532897949219
map_test/concepts:	0.8419891088269651

Epoch 136
losses_train/task:	0.3405008316040039
losses_train/concepts:	18.948993682861328
losses_train/representations:	38.41441345214844
losses_train/total:	6.076841354370117
losses_test/task:	0.948028564453125
losses_test/concepts:	21.59530258178711
losses_test/representations:	50.973365783691406
losses_test/total:	8.204896926879883
calibration_test/ece:	0.10423837602138519
calibration_test/brier:	0.40629637241363525
accuracy_test/task:	72.16
accuracy_test/concepts:	84.91377258300781
map_test/concepts:	0.842044221033575

Epoch 137
losses_train/task:	0.3420342206954956
losses_train/concepts:	18.93767738342285
losses_train/representations:	38.42893600463867
losses_train/total:	6.0786943435668945
losses_test/task:	0.9529592990875244
losses_test/concepts:	21.599506378173828
losses_test/representations:	51.02470779418945
losses_test/total:	8.215383529663086
calibration_test/ece:	0.10791904479265213
calibration_test/brier:	0.40742284059524536
accuracy_test/task:	71.88
accuracy_test/concepts:	84.9179916381836
map_test/concepts:	0.8418207025970332

Epoch 138
losses_train/task:	0.3364375829696655
losses_train/concepts:	18.924909591674805
losses_train/representations:	38.409339904785156
losses_train/total:	6.069861888885498
losses_test/task:	0.9490939974784851
losses_test/concepts:	21.60091781616211
losses_test/representations:	50.95002365112305
losses_test/total:	8.204187393188477
calibration_test/ece:	0.10588765889406204
calibration_test/brier:	0.40662682056427
accuracy_test/task:	71.91
accuracy_test/concepts:	84.91157531738281
map_test/concepts:	0.8419939956220333

Epoch 139
losses_train/task:	0.33705374598503113
losses_train/concepts:	18.905393600463867
losses_train/representations:	38.3438606262207
losses_train/total:	6.061976432800293
losses_test/task:	0.9546622037887573
losses_test/concepts:	21.58861541748047
losses_test/representations:	50.98790740966797
losses_test/total:	8.212315559387207
calibration_test/ece:	0.10763047635555267
calibration_test/brier:	0.40822407603263855
accuracy_test/task:	71.89
accuracy_test/concepts:	84.92501068115234
map_test/concepts:	0.8418049074534792

Epoch 140
losses_train/task:	0.3347415030002594
losses_train/concepts:	18.919198989868164
losses_train/representations:	38.359458923339844
losses_train/total:	6.062605381011963
losses_test/task:	0.9508770704269409
losses_test/concepts:	21.613279342651367
losses_test/representations:	51.02400588989258
losses_test/total:	8.214605331420898
calibration_test/ece:	0.10636856406927109
calibration_test/brier:	0.40740999579429626
accuracy_test/task:	72.11
accuracy_test/concepts:	84.91390991210938
map_test/concepts:	0.8418871631729417

Epoch 141
losses_train/task:	0.3341391980648041
losses_train/concepts:	18.91416358947754
losses_train/representations:	38.366241455078125
losses_train/total:	6.06218147277832
losses_test/task:	0.9542458653450012
losses_test/concepts:	21.60032844543457
losses_test/representations:	50.97059631347656
losses_test/total:	8.21134090423584
calibration_test/ece:	0.10731852054595947
calibration_test/brier:	0.40894564986228943
accuracy_test/task:	71.83
accuracy_test/concepts:	84.9207992553711
map_test/concepts:	0.8418899390962906

Epoch 142
losses_train/task:	0.34003084897994995
losses_train/concepts:	18.922788619995117
losses_train/representations:	38.374324798583984
losses_train/total:	6.069745063781738
losses_test/task:	0.9522237181663513
losses_test/concepts:	21.59925079345703
losses_test/representations:	50.970706939697266
losses_test/total:	8.209218978881836
calibration_test/ece:	0.10778451710939407
calibration_test/brier:	0.407027006149292
accuracy_test/task:	71.86
accuracy_test/concepts:	84.90908813476562
map_test/concepts:	0.8419940490857698

Epoch 143
losses_train/task:	0.3365616798400879
losses_train/concepts:	18.908903121948242
losses_train/representations:	38.35379409790039
losses_train/total:	6.062827110290527
losses_test/task:	0.9518365263938904
losses_test/concepts:	21.600568771362305
losses_test/representations:	51.01127624511719
losses_test/total:	8.213022232055664
calibration_test/ece:	0.10656586289405823
calibration_test/brier:	0.40640339255332947
accuracy_test/task:	72.01
accuracy_test/concepts:	84.90580749511719
map_test/concepts:	0.8418985763273668

Epoch 144
losses_train/task:	0.33452892303466797
losses_train/concepts:	18.90641212463379
losses_train/representations:	38.343177795410156
losses_train/total:	6.059481143951416
losses_test/task:	0.9516873359680176
losses_test/concepts:	21.6146240234375
losses_test/representations:	50.99116897583008
losses_test/total:	8.212265014648438
calibration_test/ece:	0.10422562807798386
calibration_test/brier:	0.406482458114624
accuracy_test/task:	72.13
accuracy_test/concepts:	84.91141510009766
map_test/concepts:	0.8418484053690918

Epoch 145
losses_train/task:	0.33623209595680237
losses_train/concepts:	18.895172119140625
losses_train/representations:	38.30624771118164
losses_train/total:	6.05637788772583
losses_test/task:	0.9554308652877808
losses_test/concepts:	21.604524612426758
losses_test/representations:	51.01597213745117
losses_test/total:	8.217483520507812
calibration_test/ece:	0.10642014443874359
calibration_test/brier:	0.4078991711139679
accuracy_test/task:	72.15
accuracy_test/concepts:	84.91626739501953
map_test/concepts:	0.842054745531641

Epoch 146
losses_train/task:	0.3337661027908325
losses_train/concepts:	18.913198471069336
losses_train/representations:	38.31617736816406
losses_train/total:	6.056705951690674
losses_test/task:	0.9537830948829651
losses_test/concepts:	21.58012580871582
losses_test/representations:	50.96759033203125
losses_test/total:	8.208552360534668
calibration_test/ece:	0.10602795332670212
calibration_test/brier:	0.40716415643692017
accuracy_test/task:	72.11
accuracy_test/concepts:	84.92439270019531
map_test/concepts:	0.8421631696692202

Epoch 147
losses_train/task:	0.33494412899017334
losses_train/concepts:	18.89690589904785
losses_train/representations:	38.320823669433594
losses_train/total:	6.056715965270996
losses_test/task:	0.9571998715400696
losses_test/concepts:	21.615232467651367
losses_test/representations:	51.04540252685547
losses_test/total:	8.223264694213867
calibration_test/ece:	0.10758533328771591
calibration_test/brier:	0.4077816903591156
accuracy_test/task:	71.93
accuracy_test/concepts:	84.90689086914062
map_test/concepts:	0.8418016456416808

Epoch 148
losses_train/task:	0.3349909484386444
losses_train/concepts:	18.86079216003418
losses_train/representations:	38.254066467285156
losses_train/total:	6.046475410461426
losses_test/task:	0.959921658039093
losses_test/concepts:	21.62458610534668
losses_test/representations:	51.06596755981445
losses_test/total:	8.228976249694824
calibration_test/ece:	0.10881194472312927
calibration_test/brier:	0.40920111536979675
accuracy_test/task:	71.85
accuracy_test/concepts:	84.8990707397461
map_test/concepts:	0.84187140641734

Epoch 149
losses_train/task:	0.333414226770401
losses_train/concepts:	18.885726928710938
losses_train/representations:	38.25846481323242
losses_train/total:	6.04783296585083
losses_test/task:	0.9541317224502563
losses_test/concepts:	21.597915649414062
losses_test/representations:	51.01055145263672
losses_test/total:	8.214977264404297
calibration_test/ece:	0.10643905401229858
calibration_test/brier:	0.4077933132648468
accuracy_test/task:	71.98
accuracy_test/concepts:	84.90641784667969
map_test/concepts:	0.8418532904470339

Epoch 150
losses_train/task:	0.3313841223716736
losses_train/concepts:	18.880094528198242
losses_train/representations:	38.302181243896484
losses_train/total:	6.049612045288086
losses_test/task:	0.958524227142334
losses_test/concepts:	21.602724075317383
losses_test/representations:	51.05929946899414
losses_test/total:	8.224726676940918
calibration_test/ece:	0.10867242515087128
calibration_test/brier:	0.4080880880355835
accuracy_test/task:	72.03
accuracy_test/concepts:	84.91766357421875
map_test/concepts:	0.8421092309581582

Epoch 151
losses_train/task:	0.3331822454929352
losses_train/concepts:	18.891437530517578
losses_train/representations:	38.30228805541992
losses_train/total:	6.052557945251465
losses_test/task:	0.9555537700653076
losses_test/concepts:	21.606121063232422
losses_test/representations:	50.99293518066406
losses_test/total:	8.215458869934082
calibration_test/ece:	0.10641919076442719
calibration_test/brier:	0.4080202877521515
accuracy_test/task:	72.08
accuracy_test/concepts:	84.90406799316406
map_test/concepts:	0.8420275208773091

Epoch 152
losses_train/task:	0.33442097902297974
losses_train/concepts:	18.852445602416992
losses_train/representations:	38.21092987060547
losses_train/total:	6.040754318237305
losses_test/task:	0.9606612920761108
losses_test/concepts:	21.617483139038086
losses_test/representations:	51.01801681518555
losses_test/total:	8.224210739135742
calibration_test/ece:	0.10850958526134491
calibration_test/brier:	0.4093424677848816
accuracy_test/task:	71.92
accuracy_test/concepts:	84.88813018798828
map_test/concepts:	0.841794745210791

Epoch 153
losses_train/task:	0.3332151174545288
losses_train/concepts:	18.882829666137695
losses_train/representations:	38.26277160644531
losses_train/total:	6.047776222229004
losses_test/task:	0.9610937833786011
losses_test/concepts:	21.620145797729492
losses_test/representations:	51.045928955078125
losses_test/total:	8.227701187133789
calibration_test/ece:	0.10934565216302872
calibration_test/brier:	0.40888711810112
accuracy_test/task:	71.92
accuracy_test/concepts:	84.90704345703125
map_test/concepts:	0.841884710767772

Epoch 154
losses_train/task:	0.32783299684524536
losses_train/concepts:	18.86009979248047
losses_train/representations:	38.26496505737305
losses_train/total:	6.040340423583984
losses_test/task:	0.9573785662651062
losses_test/concepts:	21.62407875061035
losses_test/representations:	51.051265716552734
losses_test/total:	8.2249116897583
calibration_test/ece:	0.1078978031873703
calibration_test/brier:	0.40786129236221313
accuracy_test/task:	72.02
accuracy_test/concepts:	84.89955139160156
map_test/concepts:	0.841820451489184

Epoch 155
losses_train/task:	0.32903382182121277
losses_train/concepts:	18.847305297851562
losses_train/representations:	38.19934844970703
losses_train/total:	6.033698558807373
losses_test/task:	0.9580790996551514
losses_test/concepts:	21.630901336669922
losses_test/representations:	51.112953186035156
losses_test/total:	8.232463836669922
calibration_test/ece:	0.10559862852096558
calibration_test/brier:	0.4073280394077301
accuracy_test/task:	72.26
accuracy_test/concepts:	84.90501403808594
map_test/concepts:	0.8417809541278984

Epoch 156
losses_train/task:	0.3353341519832611
losses_train/concepts:	18.884061813354492
losses_train/representations:	38.24230194091797
losses_train/total:	6.0479655265808105
losses_test/task:	0.9613767266273499
losses_test/concepts:	21.6085147857666
losses_test/representations:	51.09891891479492
losses_test/total:	8.232120513916016
calibration_test/ece:	0.10991168022155762
calibration_test/brier:	0.40842658281326294
accuracy_test/task:	71.94
accuracy_test/concepts:	84.92750549316406
map_test/concepts:	0.8420054135785904

Epoch 157
losses_train/task:	0.3287926912307739
losses_train/concepts:	18.871095657348633
losses_train/representations:	38.24090576171875
losses_train/total:	6.039991855621338
losses_test/task:	0.9562572240829468
losses_test/concepts:	21.62347412109375
losses_test/representations:	51.03936004638672
losses_test/total:	8.222540855407715
calibration_test/ece:	0.10648642480373383
calibration_test/brier:	0.4075293242931366
accuracy_test/task:	72.05
accuracy_test/concepts:	84.89110565185547
map_test/concepts:	0.8417913599987514

Epoch 158
losses_train/task:	0.3269641101360321
losses_train/concepts:	18.858909606933594
losses_train/representations:	38.2353401184082
losses_train/total:	6.036391735076904
losses_test/task:	0.9591726064682007
losses_test/concepts:	21.60985565185547
losses_test/representations:	51.045326232910156
losses_test/total:	8.224690437316895
calibration_test/ece:	0.10837661474943161
calibration_test/brier:	0.408168226480484
accuracy_test/task:	72.0
accuracy_test/concepts:	84.90095520019531
map_test/concepts:	0.8418256035656668

Epoch 159
losses_train/task:	0.3258676528930664
losses_train/concepts:	18.840791702270508
losses_train/representations:	38.17976760864258
losses_train/total:	6.0279221534729
losses_test/task:	0.9607462286949158
losses_test/concepts:	21.644378662109375
losses_test/representations:	51.090145111083984
losses_test/total:	8.234201431274414
calibration_test/ece:	0.10807031393051147
calibration_test/brier:	0.4091222584247589
accuracy_test/task:	71.97
accuracy_test/concepts:	84.89360809326172
map_test/concepts:	0.8415892543853261

Epoch 160
losses_train/task:	0.3330335021018982
losses_train/concepts:	18.850322723388672
losses_train/representations:	38.19763946533203
losses_train/total:	6.0378313064575195
losses_test/task:	0.9571924805641174
losses_test/concepts:	21.633819580078125
losses_test/representations:	51.06392288208008
losses_test/total:	8.226964950561523
calibration_test/ece:	0.1068960428237915
calibration_test/brier:	0.4074201285839081
accuracy_test/task:	72.15
accuracy_test/concepts:	84.88800048828125
map_test/concepts:	0.8415966089814901

Epoch 161
losses_train/task:	0.32688698172569275
losses_train/concepts:	18.829090118408203
losses_train/representations:	38.1670036315918
losses_train/total:	6.026495933532715
losses_test/task:	0.9550334215164185
losses_test/concepts:	21.597902297973633
losses_test/representations:	50.96806716918945
losses_test/total:	8.211627960205078
calibration_test/ece:	0.10623475909233093
calibration_test/brier:	0.4071425199508667
accuracy_test/task:	72.13
accuracy_test/concepts:	84.91470336914062
map_test/concepts:	0.8417202348646242

Epoch 162
losses_train/task:	0.32446756958961487
losses_train/concepts:	18.818580627441406
losses_train/representations:	38.118141174316406
losses_train/total:	6.018136024475098
losses_test/task:	0.9545091390609741
losses_test/concepts:	21.59662628173828
losses_test/representations:	50.96614074707031
losses_test/total:	8.210786819458008
calibration_test/ece:	0.10601875185966492
calibration_test/brier:	0.4068630337715149
accuracy_test/task:	72.17
accuracy_test/concepts:	84.90704345703125
map_test/concepts:	0.8419029443757609

Epoch 163
losses_train/task:	0.32449424266815186
losses_train/concepts:	18.820951461791992
losses_train/representations:	38.121910095214844
losses_train/total:	6.018779754638672
losses_test/task:	0.9559776186943054
losses_test/concepts:	21.595083236694336
losses_test/representations:	50.97026824951172
losses_test/total:	8.212512969970703
calibration_test/ece:	0.10616199672222137
calibration_test/brier:	0.40738603472709656
accuracy_test/task:	72.17
accuracy_test/concepts:	84.91673278808594
map_test/concepts:	0.8419557369488757

Epoch 164
losses_train/task:	0.32808390259742737
losses_train/concepts:	18.82303810119629
losses_train/representations:	38.116432189941406
losses_train/total:	6.022030830383301
losses_test/task:	0.9545097351074219
losses_test/concepts:	21.59457015991211
losses_test/representations:	50.955657958984375
losses_test/total:	8.20953369140625
calibration_test/ece:	0.1053619533777237
calibration_test/brier:	0.4068077802658081
accuracy_test/task:	72.24
accuracy_test/concepts:	84.91500854492188
map_test/concepts:	0.8418218762381002

Epoch 165
losses_train/task:	0.32074886560440063
losses_train/concepts:	18.80118179321289
losses_train/representations:	38.10074996948242
losses_train/total:	6.0109453201293945
losses_test/task:	0.9549719095230103
losses_test/concepts:	21.59882164001465
losses_test/representations:	50.9677734375
losses_test/total:	8.211631774902344
calibration_test/ece:	0.10648006200790405
calibration_test/brier:	0.4067875146865845
accuracy_test/task:	72.15
accuracy_test/concepts:	84.91828918457031
map_test/concepts:	0.8418591503868811

Epoch 166
losses_train/task:	0.3239804208278656
losses_train/concepts:	18.825504302978516
losses_train/representations:	38.11076736450195
losses_train/total:	6.017609119415283
losses_test/task:	0.9550796747207642
losses_test/concepts:	21.58993148803711
losses_test/representations:	50.953880310058594
losses_test/total:	8.20945930480957
calibration_test/ece:	0.10654975473880768
calibration_test/brier:	0.40687477588653564
accuracy_test/task:	72.13
accuracy_test/concepts:	84.91548919677734
map_test/concepts:	0.8418538816040382

Epoch 167
losses_train/task:	0.3236386179924011
losses_train/concepts:	18.79923439025879
losses_train/representations:	38.09432601928711
losses_train/total:	6.0129923820495605
losses_test/task:	0.9538761973381042
losses_test/concepts:	21.596847534179688
losses_test/representations:	50.947654724121094
losses_test/total:	8.208328247070312
calibration_test/ece:	0.10586293041706085
calibration_test/brier:	0.4065074622631073
accuracy_test/task:	72.17
accuracy_test/concepts:	84.92047119140625
map_test/concepts:	0.8417926161782816

Epoch 168
losses_train/task:	0.32507818937301636
losses_train/concepts:	18.79396629333496
losses_train/representations:	38.08903884887695
losses_train/total:	6.013381004333496
losses_test/task:	0.9568540453910828
losses_test/concepts:	21.596288681030273
losses_test/representations:	50.959659576416016
losses_test/total:	8.21245002746582
calibration_test/ece:	0.10788750648498535
calibration_test/brier:	0.40755295753479004
accuracy_test/task:	72.0
accuracy_test/concepts:	84.9197006225586
map_test/concepts:	0.8418064930301625

Epoch 169
losses_train/task:	0.3277531862258911
losses_train/concepts:	18.821807861328125
losses_train/representations:	38.116085052490234
losses_train/total:	6.021543502807617
losses_test/task:	0.955689549446106
losses_test/concepts:	21.597251892089844
losses_test/representations:	50.952213287353516
losses_test/total:	8.210637092590332
calibration_test/ece:	0.1066979467868805
calibration_test/brier:	0.4071252644062042
accuracy_test/task:	72.12
accuracy_test/concepts:	84.9139175415039
map_test/concepts:	0.8417758118011989

Epoch 170
losses_train/task:	0.32548508048057556
losses_train/concepts:	18.83247184753418
losses_train/representations:	38.1567268371582
losses_train/total:	6.024405479431152
losses_test/task:	0.9549924731254578
losses_test/concepts:	21.597187042236328
losses_test/representations:	50.952693939208984
losses_test/total:	8.209980010986328
calibration_test/ece:	0.10733180493116379
calibration_test/brier:	0.4069611728191376
accuracy_test/task:	72.04
accuracy_test/concepts:	84.91423797607422
map_test/concepts:	0.8417337362188846

Epoch 171
losses_train/task:	0.32536524534225464
losses_train/concepts:	18.825092315673828
losses_train/representations:	38.12144470214844
losses_train/total:	6.020017623901367
losses_test/task:	0.9549127221107483
losses_test/concepts:	21.59442710876465
losses_test/representations:	50.945499420166016
losses_test/total:	8.208906173706055
calibration_test/ece:	0.10596154630184174
calibration_test/brier:	0.40702441334724426
accuracy_test/task:	72.16
accuracy_test/concepts:	84.91063690185547
map_test/concepts:	0.8418404952390119

Epoch 172
losses_train/task:	0.3233147859573364
losses_train/concepts:	18.8255615234375
losses_train/representations:	38.15919876098633
losses_train/total:	6.021794319152832
losses_test/task:	0.9563859701156616
losses_test/concepts:	21.59885597229004
losses_test/representations:	50.93999481201172
losses_test/total:	8.2102689743042
calibration_test/ece:	0.10671310126781464
calibration_test/brier:	0.40752992033958435
accuracy_test/task:	72.08
accuracy_test/concepts:	84.91578674316406
map_test/concepts:	0.8417872580466792

Epoch 173
losses_train/task:	0.32027363777160645
losses_train/concepts:	18.818206787109375
losses_train/representations:	38.06913757324219
losses_train/total:	6.009008407592773
losses_test/task:	0.9564293026924133
losses_test/concepts:	21.594594955444336
losses_test/representations:	50.9653434753418
losses_test/total:	8.212423324584961
calibration_test/ece:	0.10652592778205872
calibration_test/brier:	0.40723735094070435
accuracy_test/task:	72.15
accuracy_test/concepts:	84.91282653808594
map_test/concepts:	0.8417795686691534

Epoch 174
losses_train/task:	0.32699641585350037
losses_train/concepts:	18.797683715820312
losses_train/representations:	38.10750961303711
losses_train/total:	6.017514228820801
losses_test/task:	0.9563523530960083
losses_test/concepts:	21.598642349243164
losses_test/representations:	50.94727325439453
losses_test/total:	8.210946083068848
calibration_test/ece:	0.10766369849443436
calibration_test/brier:	0.40736791491508484
accuracy_test/task:	72.01
accuracy_test/concepts:	84.91891479492188
map_test/concepts:	0.8417825651413295

Epoch 175
losses_train/task:	0.3237690031528473
losses_train/concepts:	18.812088012695312
losses_train/representations:	38.11116027832031
losses_train/total:	6.016096591949463
losses_test/task:	0.9566094279289246
losses_test/concepts:	21.592390060424805
losses_test/representations:	50.95500564575195
losses_test/total:	8.21135139465332
calibration_test/ece:	0.10674500465393066
calibration_test/brier:	0.40734484791755676
accuracy_test/task:	72.12
accuracy_test/concepts:	84.92564392089844
map_test/concepts:	0.8418489401519764

Epoch 176
losses_train/task:	0.32307395339012146
losses_train/concepts:	18.81899642944336
losses_train/representations:	38.13862228393555
losses_train/total:	6.018831729888916
losses_test/task:	0.9554614424705505
losses_test/concepts:	21.59552574157715
losses_test/representations:	50.94559860229492
losses_test/total:	8.209573745727539
calibration_test/ece:	0.10609215497970581
calibration_test/brier:	0.40709102153778076
accuracy_test/task:	72.18
accuracy_test/concepts:	84.91516876220703
map_test/concepts:	0.841823524562642

Epoch 177
losses_train/task:	0.32455143332481384
losses_train/concepts:	18.825342178344727
losses_train/representations:	38.14989471435547
losses_train/total:	6.022074222564697
losses_test/task:	0.9559288620948792
losses_test/concepts:	21.601369857788086
losses_test/representations:	50.95673370361328
losses_test/total:	8.211738586425781
calibration_test/ece:	0.10664692521095276
calibration_test/brier:	0.4073166847229004
accuracy_test/task:	72.11
accuracy_test/concepts:	84.90953826904297
map_test/concepts:	0.8417388643720187

Epoch 178
losses_train/task:	0.3268129229545593
losses_train/concepts:	18.80257225036621
losses_train/representations:	38.1278190612793
losses_train/total:	6.019852161407471
losses_test/task:	0.9566025733947754
losses_test/concepts:	21.599489212036133
losses_test/representations:	50.95769500732422
losses_test/total:	8.212321281433105
calibration_test/ece:	0.10728061199188232
calibration_test/brier:	0.4074684977531433
accuracy_test/task:	72.07
accuracy_test/concepts:	84.91453552246094
map_test/concepts:	0.8417758076393511

Epoch 179
losses_train/task:	0.3208717703819275
losses_train/concepts:	18.8153133392334
losses_train/representations:	38.097068786621094
losses_train/total:	6.01210880279541
losses_test/task:	0.9556652307510376
losses_test/concepts:	21.59237289428711
losses_test/representations:	50.954002380371094
losses_test/total:	8.210304260253906
calibration_test/ece:	0.10623760521411896
calibration_test/brier:	0.4070645570755005
accuracy_test/task:	72.19
accuracy_test/concepts:	84.91704559326172
map_test/concepts:	0.8418777803890407

Epoch 180
losses_train/task:	0.32666540145874023
losses_train/concepts:	18.836008071899414
losses_train/representations:	38.11819076538086
losses_train/total:	6.022088050842285
losses_test/task:	0.9565963745117188
losses_test/concepts:	21.59477996826172
losses_test/representations:	50.962154388427734
losses_test/total:	8.212291717529297
calibration_test/ece:	0.10649293661117554
calibration_test/brier:	0.40723997354507446
accuracy_test/task:	72.19
accuracy_test/concepts:	84.91735076904297
map_test/concepts:	0.8419691666495055

Epoch 181
losses_train/task:	0.3302529454231262
losses_train/concepts:	18.80129051208496
losses_train/representations:	38.078678131103516
losses_train/total:	6.018253803253174
losses_test/task:	0.955929160118103
losses_test/concepts:	21.594770431518555
losses_test/representations:	50.95851135253906
losses_test/total:	8.211257934570312
calibration_test/ece:	0.107412189245224
calibration_test/brier:	0.40700289607048035
accuracy_test/task:	72.07
accuracy_test/concepts:	84.92610168457031
map_test/concepts:	0.8418048349558376

Epoch 182
losses_train/task:	0.31962403655052185
losses_train/concepts:	18.813138961791992
losses_train/representations:	38.11599349975586
losses_train/total:	6.012537956237793
losses_test/task:	0.9564633965492249
losses_test/concepts:	21.597576141357422
losses_test/representations:	50.967430114746094
losses_test/total:	8.21296215057373
calibration_test/ece:	0.10770174860954285
calibration_test/brier:	0.40719321370124817
accuracy_test/task:	72.05
accuracy_test/concepts:	84.92890930175781
map_test/concepts:	0.8418737183092162

Epoch 183
losses_train/task:	0.3273448050022125
losses_train/concepts:	18.801313400268555
losses_train/representations:	38.07440948486328
losses_train/total:	6.014914512634277
losses_test/task:	0.9575651288032532
losses_test/concepts:	21.598297119140625
losses_test/representations:	50.973026275634766
losses_test/total:	8.214696884155273
calibration_test/ece:	0.1064402312040329
calibration_test/brier:	0.40765640139579773
accuracy_test/task:	72.18
accuracy_test/concepts:	84.91861724853516
map_test/concepts:	0.8419335010403302

Epoch 184
losses_train/task:	0.3262568712234497
losses_train/concepts:	18.79620361328125
losses_train/representations:	38.071041107177734
losses_train/total:	6.012986183166504
losses_test/task:	0.9568537473678589
losses_test/concepts:	21.596261978149414
losses_test/representations:	50.9744758605957
losses_test/total:	8.213926315307617
calibration_test/ece:	0.10665656626224518
calibration_test/brier:	0.4073079228401184
accuracy_test/task:	72.19
accuracy_test/concepts:	84.91972351074219
map_test/concepts:	0.8418339629424736

Epoch 185
losses_train/task:	0.3225177526473999
losses_train/concepts:	18.819887161254883
losses_train/representations:	38.08576965332031
losses_train/total:	6.013083457946777
losses_test/task:	0.9566531777381897
losses_test/concepts:	21.592317581176758
losses_test/representations:	50.96346664428711
losses_test/total:	8.21223258972168
calibration_test/ece:	0.10688824951648712
calibration_test/brier:	0.4073795974254608
accuracy_test/task:	72.14
accuracy_test/concepts:	84.92079162597656
map_test/concepts:	0.8418018519005273

Epoch 186
losses_train/task:	0.3234867751598358
losses_train/concepts:	18.795440673828125
losses_train/representations:	38.11017608642578
losses_train/total:	6.014051914215088
losses_test/task:	0.9580994844436646
losses_test/concepts:	21.592878341674805
losses_test/representations:	50.973751068115234
losses_test/total:	8.214762687683105
calibration_test/ece:	0.10721996426582336
calibration_test/brier:	0.40772950649261475
accuracy_test/task:	72.15
accuracy_test/concepts:	84.92314147949219
map_test/concepts:	0.8418502024142072

Epoch 187
losses_train/task:	0.32555896043777466
losses_train/concepts:	18.80621910095215
losses_train/representations:	38.08823013305664
losses_train/total:	6.01500129699707
losses_test/task:	0.958037793636322
losses_test/concepts:	21.59173011779785
losses_test/representations:	50.96785354614258
losses_test/total:	8.213993072509766
calibration_test/ece:	0.10765333473682404
calibration_test/brier:	0.40763160586357117
accuracy_test/task:	72.09
accuracy_test/concepts:	84.92406463623047
map_test/concepts:	0.8419473716930952

Epoch 188
losses_train/task:	0.3221825361251831
losses_train/concepts:	18.802379608154297
losses_train/representations:	38.09867858886719
losses_train/total:	6.0122904777526855
losses_test/task:	0.9566549062728882
losses_test/concepts:	21.593791961669922
losses_test/representations:	50.95293426513672
losses_test/total:	8.211325645446777
calibration_test/ece:	0.10761076211929321
calibration_test/brier:	0.4074189066886902
accuracy_test/task:	72.04
accuracy_test/concepts:	84.91766357421875
map_test/concepts:	0.84181779625942

Epoch 189
losses_train/task:	0.3189021348953247
losses_train/concepts:	18.81929588317871
losses_train/representations:	38.10563278198242
losses_train/total:	6.011396408081055
losses_test/task:	0.9563760161399841
losses_test/concepts:	21.596332550048828
losses_test/representations:	50.95574951171875
losses_test/total:	8.211583137512207
calibration_test/ece:	0.10692930221557617
calibration_test/brier:	0.40726739168167114
accuracy_test/task:	72.12
accuracy_test/concepts:	84.91797637939453
map_test/concepts:	0.8418935685767792

Epoch 190
losses_train/task:	0.32013291120529175
losses_train/concepts:	18.812599182128906
losses_train/representations:	38.10895538330078
losses_train/total:	6.0122904777526855
losses_test/task:	0.9577560424804688
losses_test/concepts:	21.590272903442383
losses_test/representations:	50.97123718261719
losses_test/total:	8.213910102844238
calibration_test/ece:	0.10695098340511322
calibration_test/brier:	0.4074498414993286
accuracy_test/task:	72.19
accuracy_test/concepts:	84.91250610351562
map_test/concepts:	0.8419988196110353

Epoch 191
losses_train/task:	0.3231070935726166
losses_train/concepts:	18.80583953857422
losses_train/representations:	38.0888671875
losses_train/total:	6.012576580047607
losses_test/task:	0.9566304087638855
losses_test/concepts:	21.596752166748047
losses_test/representations:	50.96152877807617
losses_test/total:	8.212458610534668
calibration_test/ece:	0.10746844112873077
calibration_test/brier:	0.4074237644672394
accuracy_test/task:	72.07
accuracy_test/concepts:	84.91158294677734
map_test/concepts:	0.841822391084861

Epoch 192
losses_train/task:	0.3220798969268799
losses_train/concepts:	18.800718307495117
losses_train/representations:	38.09699249267578
losses_train/total:	6.011852741241455
losses_test/task:	0.9578579664230347
losses_test/concepts:	21.59878158569336
losses_test/representations:	50.96282196044922
losses_test/total:	8.21401596069336
calibration_test/ece:	0.10817533731460571
calibration_test/brier:	0.4077189266681671
accuracy_test/task:	72.01
accuracy_test/concepts:	84.91705322265625
map_test/concepts:	0.8418040452233981

Epoch 193
losses_train/task:	0.31834614276885986
losses_train/concepts:	18.778764724731445
losses_train/representations:	38.03504180908203
losses_train/total:	5.999727249145508
losses_test/task:	0.9563018679618835
losses_test/concepts:	21.591344833374023
losses_test/representations:	50.95569610595703
losses_test/total:	8.211006164550781
calibration_test/ece:	0.10759812593460083
calibration_test/brier:	0.4070958197116852
accuracy_test/task:	72.11
accuracy_test/concepts:	84.9179916381836
map_test/concepts:	0.8418053298082668

Epoch 194
losses_train/task:	0.31830060482025146
losses_train/concepts:	18.80282211303711
losses_train/representations:	38.11398696899414
losses_train/total:	6.009983062744141
losses_test/task:	0.9571674466133118
losses_test/concepts:	21.59722328186035
losses_test/representations:	50.96558380126953
losses_test/total:	8.213447570800781
calibration_test/ece:	0.10699932277202606
calibration_test/brier:	0.4074997901916504
accuracy_test/task:	72.14
accuracy_test/concepts:	84.91220092773438
map_test/concepts:	0.8418694584397599

Epoch 195
losses_train/task:	0.3196828365325928
losses_train/concepts:	18.795124053955078
losses_train/representations:	38.11007308959961
losses_train/total:	6.010204792022705
losses_test/task:	0.9571743011474609
losses_test/concepts:	21.59788703918457
losses_test/representations:	50.96354293823242
losses_test/total:	8.213319778442383
calibration_test/ece:	0.10659735649824142
calibration_test/brier:	0.40750283002853394
accuracy_test/task:	72.18
accuracy_test/concepts:	84.91502380371094
map_test/concepts:	0.8417716413387097

Epoch 196
losses_train/task:	0.3219975233078003
losses_train/concepts:	18.802278518676758
losses_train/representations:	38.081851959228516
losses_train/total:	6.010412693023682
losses_test/task:	0.9570196866989136
losses_test/concepts:	21.5970516204834
losses_test/representations:	50.971256256103516
losses_test/total:	8.213850021362305
calibration_test/ece:	0.10616777837276459
calibration_test/brier:	0.40728577971458435
accuracy_test/task:	72.24
accuracy_test/concepts:	84.91313934326172
map_test/concepts:	0.841839710919885

Epoch 197
losses_train/task:	0.32625070214271545
losses_train/concepts:	18.780763626098633
losses_train/representations:	38.07052230834961
losses_train/total:	6.011380195617676
losses_test/task:	0.9585459232330322
losses_test/concepts:	21.6020450592041
losses_test/representations:	50.98219299316406
losses_test/total:	8.216970443725586
calibration_test/ece:	0.1076330691576004
calibration_test/brier:	0.40786677598953247
accuracy_test/task:	72.11
accuracy_test/concepts:	84.9178237915039
map_test/concepts:	0.8418739712215029

Epoch 198
losses_train/task:	0.3167100250720978
losses_train/concepts:	18.79521369934082
losses_train/representations:	38.09549331665039
losses_train/total:	6.005782604217529
losses_test/task:	0.9569095969200134
losses_test/concepts:	21.597095489501953
losses_test/representations:	50.96632385253906
losses_test/total:	8.21325397491455
calibration_test/ece:	0.10733015835285187
calibration_test/brier:	0.40717118978500366
accuracy_test/task:	72.16
accuracy_test/concepts:	84.91516876220703
map_test/concepts:	0.8418745393573772

Epoch 199
losses_train/task:	0.3223845064640045
losses_train/concepts:	18.814180374145508
losses_train/representations:	38.089385986328125
losses_train/total:	6.012742042541504
losses_test/task:	0.9567131400108337
losses_test/concepts:	21.59638214111328
losses_test/representations:	50.956565856933594
losses_test/total:	8.212004661560059
calibration_test/ece:	0.10758008062839508
calibration_test/brier:	0.4072307348251343
accuracy_test/task:	72.1
accuracy_test/concepts:	84.9195327758789
map_test/concepts:	0.8419200414209627

Epoch 200
losses_train/task:	0.3216509521007538
losses_train/concepts:	18.786975860595703
losses_train/representations:	38.04890823364258
losses_train/total:	6.005242347717285
losses_test/task:	0.958287239074707
losses_test/concepts:	21.601436614990234
losses_test/representations:	50.96550369262695
losses_test/total:	8.214982986450195
calibration_train/ece:	0.048412371426820755
calibration_train/brier:	0.05094659700989723
accuracy_train/task:	97.27764423076923
calibration_test/ece:	0.10735053569078445
calibration_test/brier:	0.40771403908729553
accuracy_test/task:	72.14
accuracy_train/concepts:	89.6123046875
map_train/concepts:	0.9153937159571797
accuracy_test/concepts:	84.9168930053711
map_test/concepts:	0.8418486267328262
accuracy_test/nuisances_task:	-0.8165818980977505
accuracy_test/nuisances_nontask:	0.0
mutual_inf_test/nuisances_task:	0.1718083212007179
mutual_inf_test/nuisances_nontask:	0.0

epoch_200.pt
groups=0 err_lowconf=27.860 err_random=27.860
groups=1 err_lowconf=27.640 err_random=27.640
groups=2 err_lowconf=27.300 err_random=27.300
groups=3 err_lowconf=26.850 err_random=26.850
groups=4 err_lowconf=26.660 err_random=26.660
groups=5 err_lowconf=26.750 err_random=26.750
groups=6 err_lowconf=26.430 err_random=26.430
groups=7 err_lowconf=26.320 err_random=26.320
groups=8 err_lowconf=26.440 err_random=26.440
groups=9 err_lowconf=26.250 err_random=26.250
groups=10 err_lowconf=26.160 err_random=26.160
groups=11 err_lowconf=24.750 err_random=24.750
groups=12 err_lowconf=24.290 err_random=24.290
groups=13 err_lowconf=24.030 err_random=24.030
groups=14 err_lowconf=23.510 err_random=23.510
groups=15 err_lowconf=22.930 err_random=22.930
groups=16 err_lowconf=22.750 err_random=22.750
groups=17 err_lowconf=22.220 err_random=22.220
groups=18 err_lowconf=22.570 err_random=22.570
groups=19 err_lowconf=22.570 err_random=22.570
groups=20 err_lowconf=22.430 err_random=22.430
groups=21 err_lowconf=22.150 err_random=22.150
groups=22 err_lowconf=22.160 err_random=22.160
groups=23 err_lowconf=22.150 err_random=22.150
groups=24 err_lowconf=22.180 err_random=22.180
groups=25 err_lowconf=22.260 err_random=22.260
groups=26 err_lowconf=23.490 err_random=23.490
groups=27 err_lowconf=23.490 err_random=23.490
groups=28 err_lowconf=23.640 err_random=23.640
groups=29 err_lowconf=23.580 err_random=23.580
groups=30 err_lowconf=23.640 err_random=23.640
groups=31 err_lowconf=23.330 err_random=23.330
groups=32 err_lowconf=23.540 err_random=23.540
groups=33 err_lowconf=23.870 err_random=23.870
groups=34 err_lowconf=24.040 err_random=24.040
groups=35 err_lowconf=24.560 err_random=24.560
groups=36 err_lowconf=24.580 err_random=24.580
groups=37 err_lowconf=24.670 err_random=24.670
groups=38 err_lowconf=24.750 err_random=24.750
groups=39 err_lowconf=24.800 err_random=24.800
groups=40 err_lowconf=24.760 err_random=24.760
groups=41 err_lowconf=24.900 err_random=24.900
groups=42 err_lowconf=24.850 err_random=24.850
groups=43 err_lowconf=24.980 err_random=24.980
groups=44 err_lowconf=24.980 err_random=24.980
groups=45 err_lowconf=24.950 err_random=24.950
groups=46 err_lowconf=25.030 err_random=25.030
groups=47 err_lowconf=24.970 err_random=24.970
groups=48 err_lowconf=24.980 err_random=24.980
groups=49 err_lowconf=25.020 err_random=25.020
groups=50 err_lowconf=25.080 err_random=25.080
groups=51 err_lowconf=25.080 err_random=25.080
groups=52 err_lowconf=25.090 err_random=25.090
groups=53 err_lowconf=25.070 err_random=25.070
groups=54 err_lowconf=25.070 err_random=25.070
groups=55 err_lowconf=25.030 err_random=25.030
groups=56 err_lowconf=25.050 err_random=25.050
groups=57 err_lowconf=25.020 err_random=25.020
groups=58 err_lowconf=25.060 err_random=25.060
groups=59 err_lowconf=25.070 err_random=25.070
groups=60 err_lowconf=25.060 err_random=25.060
groups=61 err_lowconf=25.080 err_random=25.080
groups=62 err_lowconf=25.090 err_random=25.090
groups=63 err_lowconf=25.090 err_random=25.090
groups=64 err_lowconf=25.090 err_random=25.090
[1;34mwandb[0m:
[1;34mwandb[0m: You can sync this run to the cloud by running:
[1;34mwandb[0m: [1mwandb sync /research/hal-afsharim/minimal_cbm/results/cifar10-mcbm-01/43/wandb/offline-run-20260727_171402-nnln80ie[0m
[1;34mwandb[0m: Find logs at: [1;35mresults/cifar10-mcbm-01/43/wandb/offline-run-20260727_171402-nnln80ie/logs[0m
