
===== launch 2026-07-26 07:39:32.626237 gpu0 =====
wandb: Using wandb-core as the SDK backend.  Please refer to https://wandb.me/wandb-core for more information.
wandb: Tracking run with wandb version 0.19.0
wandb: W&B syncing is set to `offline` in this directory.  
wandb: Run `wandb online` or set WANDB_MODE=online to enable cloud syncing.
Epoch 1
losses_train/task:	2.1864213943481445
losses_train/concepts:	26.753786087036133
losses_train/precision:	0.0037778234109282494
losses_train/total:	4.862179756164551
losses_test/task:	1.9429713487625122
losses_test/concepts:	23.519655227661133
losses_test/precision:	0.0046363091096282005
losses_test/total:	4.295400142669678
calibration_test/ece:	0.0891108363866806
calibration_test/brier:	0.8248326182365417
accuracy_test/task:	27.22
accuracy_test/concepts:	83.25169372558594
map_test/concepts:	0.8279890565900132

Epoch 2
losses_train/task:	1.8608322143554688
losses_train/concepts:	24.846887588500977
losses_train/precision:	0.004765796009451151
losses_train/total:	4.345996379852295
losses_test/task:	1.7440831661224365
losses_test/concepts:	22.97686004638672
losses_test/precision:	0.004880815278738737
losses_test/total:	4.042256832122803
calibration_test/ece:	0.09616425633430481
calibration_test/brier:	0.7728601694107056
accuracy_test/task:	36.06
accuracy_test/concepts:	83.66326904296875
map_test/concepts:	0.838566050369991

Epoch 3
losses_train/task:	1.7285419702529907
losses_train/concepts:	24.24662208557129
losses_train/precision:	0.005243414547294378
losses_train/total:	4.1537299156188965
losses_test/task:	1.6488394737243652
losses_test/concepts:	22.64413833618164
losses_test/precision:	0.005491941701620817
losses_test/total:	3.913802146911621
calibration_test/ece:	0.08699093759059906
calibration_test/brier:	0.738217830657959
accuracy_test/task:	40.13
accuracy_test/concepts:	83.90625
map_test/concepts:	0.8440590327081736

Epoch 4
losses_train/task:	1.655519962310791
losses_train/concepts:	23.818557739257812
losses_train/precision:	0.005575519520789385
losses_train/total:	4.037932395935059
losses_test/task:	1.5785908699035645
losses_test/concepts:	22.438953399658203
losses_test/precision:	0.005435945466160774
losses_test/total:	3.823029041290283
calibration_test/ece:	0.0727284625172615
calibration_test/brier:	0.71379154920578
accuracy_test/task:	43.01
accuracy_test/concepts:	84.05655670166016
map_test/concepts:	0.8476081104599871

Epoch 5
losses_train/task:	1.6016130447387695
losses_train/concepts:	23.475845336914062
losses_train/precision:	0.005543936509639025
losses_train/total:	3.9497504234313965
losses_test/task:	1.5232927799224854
losses_test/concepts:	22.268064498901367
losses_test/precision:	0.005649796687066555
losses_test/total:	3.7506637573242188
calibration_test/ece:	0.06850842386484146
calibration_test/brier:	0.6906129717826843
accuracy_test/task:	45.8
accuracy_test/concepts:	84.20452880859375
map_test/concepts:	0.8504447400919162

Epoch 6
losses_train/task:	1.556002140045166
losses_train/concepts:	23.171024322509766
losses_train/precision:	0.005490361247211695
losses_train/total:	3.8736560344696045
losses_test/task:	1.4765410423278809
losses_test/concepts:	22.125324249267578
losses_test/precision:	0.00538664823397994
losses_test/total:	3.689612865447998
calibration_test/ece:	0.060954317450523376
calibration_test/brier:	0.6682867407798767
accuracy_test/task:	47.61
accuracy_test/concepts:	84.29592895507812
map_test/concepts:	0.8530427246005274

Epoch 7
losses_train/task:	1.5139485597610474
losses_train/concepts:	22.929439544677734
losses_train/precision:	0.005383297801017761
losses_train/total:	3.8074305057525635
losses_test/task:	1.4306035041809082
losses_test/concepts:	22.010906219482422
losses_test/precision:	0.0053871204145252705
losses_test/total:	3.6322336196899414
calibration_test/ece:	0.05835351347923279
calibration_test/brier:	0.6494300961494446
accuracy_test/task:	49.68
accuracy_test/concepts:	84.40061950683594
map_test/concepts:	0.8548889858066104

Epoch 8
losses_train/task:	1.4807978868484497
losses_train/concepts:	22.704076766967773
losses_train/precision:	0.005676985718309879
losses_train/total:	3.751774549484253
losses_test/task:	1.4127908945083618
losses_test/concepts:	21.919349670410156
losses_test/precision:	0.005855231080204248
losses_test/total:	3.605311155319214
calibration_test/ece:	0.04495382681488991
calibration_test/brier:	0.640173077583313
accuracy_test/task:	50.19
accuracy_test/concepts:	84.44891357421875
map_test/concepts:	0.8564657319802791

Epoch 9
losses_train/task:	1.4476518630981445
losses_train/concepts:	22.48015594482422
losses_train/precision:	0.0057022450491786
losses_train/total:	3.696237564086914
losses_test/task:	1.382171392440796
losses_test/concepts:	21.862083435058594
losses_test/precision:	0.0053645288571715355
losses_test/total:	3.568916082382202
calibration_test/ece:	0.03500178083777428
calibration_test/brier:	0.6276735663414001
accuracy_test/task:	50.74
accuracy_test/concepts:	84.50250244140625
map_test/concepts:	0.857633012405131

Epoch 10
losses_train/task:	1.4198592901229858
losses_train/concepts:	22.27670669555664
losses_train/precision:	0.005594403017312288
losses_train/total:	3.64808988571167
losses_test/task:	1.361526370048523
losses_test/concepts:	21.77593421936035
losses_test/precision:	0.005821623373776674
losses_test/total:	3.5397019386291504
calibration_test/ece:	0.03424648195505142
calibration_test/brier:	0.6186992526054382
accuracy_test/task:	51.74
accuracy_test/concepts:	84.58908081054688
map_test/concepts:	0.858920956030488

Epoch 11
losses_train/task:	1.397324800491333
losses_train/concepts:	22.08026123046875
losses_train/precision:	0.005765664391219616
losses_train/total:	3.6059279441833496
losses_test/task:	1.3426181077957153
losses_test/concepts:	21.70721435546875
losses_test/precision:	0.005609455052763224
losses_test/total:	3.5139002799987793
calibration_test/ece:	0.0346645824611187
calibration_test/brier:	0.6095919609069824
accuracy_test/task:	52.52
accuracy_test/concepts:	84.66718292236328
map_test/concepts:	0.8600793523946777

Epoch 12
losses_train/task:	1.3766963481903076
losses_train/concepts:	21.902437210083008
losses_train/precision:	0.005834887269884348
losses_train/total:	3.567523241043091
losses_test/task:	1.335896611213684
losses_test/concepts:	21.644460678100586
losses_test/precision:	0.005985075142234564
losses_test/total:	3.5009419918060303
calibration_test/ece:	0.03597903624176979
calibration_test/brier:	0.6039505004882812
accuracy_test/task:	52.99
accuracy_test/concepts:	84.71451568603516
map_test/concepts:	0.8614271936821751

Epoch 13
losses_train/task:	1.3550294637680054
losses_train/concepts:	21.727699279785156
losses_train/precision:	0.005650165490806103
losses_train/total:	3.528364658355713
losses_test/task:	1.3158059120178223
losses_test/concepts:	21.599319458007812
losses_test/precision:	0.005427069962024689
losses_test/total:	3.476280927658081
calibration_test/ece:	0.02943388931453228
calibration_test/brier:	0.5957333445549011
accuracy_test/task:	53.46
accuracy_test/concepts:	84.76216888427734
map_test/concepts:	0.8620405358960852

Epoch 14
losses_train/task:	1.3431735038757324
losses_train/concepts:	21.560314178466797
losses_train/precision:	0.00573424156755209
losses_train/total:	3.49977970123291
losses_test/task:	1.2968692779541016
losses_test/concepts:	21.571203231811523
losses_test/precision:	0.00590604729950428
losses_test/total:	3.454580307006836
calibration_test/ece:	0.02473147213459015
calibration_test/brier:	0.5892109274864197
accuracy_test/task:	54.56
accuracy_test/concepts:	84.75267028808594
map_test/concepts:	0.8629218976129778

Epoch 15
losses_train/task:	1.3204286098480225
losses_train/concepts:	21.400115966796875
losses_train/precision:	0.005779328290373087
losses_train/total:	3.4610209465026855
losses_test/task:	1.2940150499343872
losses_test/concepts:	21.52044105529785
losses_test/precision:	0.005413025617599487
losses_test/total:	3.4466004371643066
calibration_test/ece:	0.02507696859538555
calibration_test/brier:	0.5871481895446777
accuracy_test/task:	54.29
accuracy_test/concepts:	84.8129653930664
map_test/concepts:	0.8640894381678663

Epoch 16
losses_train/task:	1.3017218112945557
losses_train/concepts:	21.236038208007812
losses_train/precision:	0.005512145347893238
losses_train/total:	3.4258766174316406
losses_test/task:	1.2801238298416138
losses_test/concepts:	21.492694854736328
losses_test/precision:	0.005751438904553652
losses_test/total:	3.4299681186676025
calibration_test/ece:	0.022488489747047424
calibration_test/brier:	0.5815130472183228
accuracy_test/task:	54.69
accuracy_test/concepts:	84.86077117919922
map_test/concepts:	0.8644470542203635

Epoch 17
losses_train/task:	1.2849791049957275
losses_train/concepts:	21.078706741333008
losses_train/precision:	0.005576500203460455
losses_train/total:	3.3934080600738525
losses_test/task:	1.2769176959991455
losses_test/concepts:	21.487451553344727
losses_test/precision:	0.005919285584241152
losses_test/total:	3.426255226135254
calibration_test/ece:	0.021531810984015465
calibration_test/brier:	0.5787911415100098
accuracy_test/task:	55.16
accuracy_test/concepts:	84.85749053955078
map_test/concepts:	0.8649011487141252

Epoch 18
losses_train/task:	1.2718583345413208
losses_train/concepts:	20.930463790893555
losses_train/precision:	0.005553422495722771
losses_train/total:	3.365459442138672
losses_test/task:	1.2564009428024292
losses_test/concepts:	21.44147300720215
losses_test/precision:	0.005256332457065582
losses_test/total:	3.4010751247406006
calibration_test/ece:	0.021896563470363617
calibration_test/brier:	0.571625828742981
accuracy_test/task:	55.79
accuracy_test/concepts:	84.86749267578125
map_test/concepts:	0.8656594436615705

Epoch 19
losses_train/task:	1.257390022277832
losses_train/concepts:	20.80527114868164
losses_train/precision:	0.0054812440648674965
losses_train/total:	3.3384647369384766
losses_test/task:	1.2474230527877808
losses_test/concepts:	21.372102737426758
losses_test/precision:	0.005588531959801912
losses_test/total:	3.385192632675171
calibration_test/ece:	0.018824521452188492
calibration_test/brier:	0.56734299659729
accuracy_test/task:	56.15
accuracy_test/concepts:	84.89657592773438
map_test/concepts:	0.86632663407363

Epoch 20
losses_train/task:	1.2531236410140991
losses_train/concepts:	20.651172637939453
losses_train/precision:	0.005413238890469074
losses_train/total:	3.3187830448150635
losses_test/task:	1.2382233142852783
losses_test/concepts:	21.4108829498291
losses_test/precision:	0.005221316125243902
losses_test/total:	3.379833936691284
calibration_test/ece:	0.01977962628006935
calibration_test/brier:	0.5619733333587646
accuracy_test/task:	57.04
accuracy_test/concepts:	84.8704605102539
map_test/concepts:	0.8661103813210502

Epoch 21
losses_train/task:	1.2376525402069092
losses_train/concepts:	20.518524169921875
losses_train/precision:	0.0052832006476819515
losses_train/total:	3.290034532546997
losses_test/task:	1.2384817600250244
losses_test/concepts:	21.400836944580078
losses_test/precision:	0.005128950346261263
losses_test/total:	3.3790781497955322
calibration_test/ece:	0.0192701518535614
calibration_test/brier:	0.5609328150749207
accuracy_test/task:	56.57
accuracy_test/concepts:	84.89984130859375
map_test/concepts:	0.8666328963590786

Epoch 22
losses_train/task:	1.2291446924209595
losses_train/concepts:	20.393590927124023
losses_train/precision:	0.005385416094213724
losses_train/total:	3.269042491912842
losses_test/task:	1.240451693534851
losses_test/concepts:	21.390621185302734
losses_test/precision:	0.005079843103885651
losses_test/total:	3.3800222873687744
calibration_test/ece:	0.018995894119143486
calibration_test/brier:	0.562065601348877
accuracy_test/task:	56.46
accuracy_test/concepts:	84.91625213623047
map_test/concepts:	0.8670011297799647

Epoch 23
losses_train/task:	1.2228889465332031
losses_train/concepts:	20.264554977416992
losses_train/precision:	0.005168486852198839
losses_train/total:	3.249863386154175
losses_test/task:	1.2369866371154785
losses_test/concepts:	21.389850616455078
losses_test/precision:	0.005137563683092594
losses_test/total:	3.37648606300354
calibration_test/ece:	0.01458053570240736
calibration_test/brier:	0.5617005228996277
accuracy_test/task:	56.52
accuracy_test/concepts:	84.92344665527344
map_test/concepts:	0.8672396391630173

Epoch 24
losses_train/task:	1.2128788232803345
losses_train/concepts:	20.14198112487793
losses_train/precision:	0.005205425433814526
losses_train/total:	3.2275969982147217
losses_test/task:	1.2340831756591797
losses_test/concepts:	21.368804931640625
losses_test/precision:	0.005064220167696476
losses_test/total:	3.371469020843506
calibration_test/ece:	0.015598093159496784
calibration_test/brier:	0.5606810450553894
accuracy_test/task:	56.61
accuracy_test/concepts:	84.93170166015625
map_test/concepts:	0.8673823343124241

Epoch 25
losses_train/task:	1.2064573764801025
losses_train/concepts:	20.040498733520508
losses_train/precision:	0.005124020855873823
losses_train/total:	3.211019515991211
losses_test/task:	1.2333400249481201
losses_test/concepts:	21.330833435058594
losses_test/precision:	0.005108059383928776
losses_test/total:	3.366934061050415
calibration_test/ece:	0.01516789197921753
calibration_test/brier:	0.5594062805175781
accuracy_test/task:	56.81
accuracy_test/concepts:	84.95764923095703
map_test/concepts:	0.8680076991440728

Epoch 26
losses_train/task:	1.1966290473937988
losses_train/concepts:	19.906938552856445
losses_train/precision:	0.005114963743835688
losses_train/total:	3.1878345012664795
losses_test/task:	1.234749674797058
losses_test/concepts:	21.415019989013672
losses_test/precision:	0.005215444602072239
losses_test/total:	3.376772880554199
calibration_test/ece:	0.02070484310388565
calibration_test/brier:	0.5589540600776672
accuracy_test/task:	56.67
accuracy_test/concepts:	84.9302978515625
map_test/concepts:	0.8677160193910822

Epoch 27
losses_train/task:	1.1979039907455444
losses_train/concepts:	19.797256469726562
losses_train/precision:	0.005144855007529259
losses_train/total:	3.1781442165374756
losses_test/task:	1.2215102910995483
losses_test/concepts:	21.375080108642578
losses_test/precision:	0.005072154104709625
losses_test/total:	3.3595261573791504
calibration_test/ece:	0.01747097074985504
calibration_test/brier:	0.5536643266677856
accuracy_test/task:	57.36
accuracy_test/concepts:	84.93157196044922
map_test/concepts:	0.8679619309259579

Epoch 28
losses_train/task:	1.1879839897155762
losses_train/concepts:	19.69064712524414
losses_train/precision:	0.004988742992281914
losses_train/total:	3.157548666000366
losses_test/task:	1.2242497205734253
losses_test/concepts:	21.42453956604004
losses_test/precision:	0.005198249127715826
losses_test/total:	3.3672239780426025
calibration_test/ece:	0.016046367585659027
calibration_test/brier:	0.5540965795516968
accuracy_test/task:	56.97
accuracy_test/concepts:	84.904052734375
map_test/concepts:	0.8679795293137431

Epoch 29
losses_train/task:	1.1795151233673096
losses_train/concepts:	19.572235107421875
losses_train/precision:	0.00517165195196867
losses_train/total:	3.1372570991516113
losses_test/task:	1.2380584478378296
losses_test/concepts:	21.50436019897461
losses_test/precision:	0.0051271626725792885
losses_test/total:	3.3890063762664795
calibration_test/ece:	0.01748189888894558
calibration_test/brier:	0.55729079246521
accuracy_test/task:	56.82
accuracy_test/concepts:	84.87952423095703
map_test/concepts:	0.8673914972459897

Epoch 30
losses_train/task:	1.1774046421051025
losses_train/concepts:	19.47948455810547
losses_train/precision:	0.0051717436872422695
losses_train/total:	3.1258721351623535
losses_test/task:	1.230639100074768
losses_test/concepts:	21.466182708740234
losses_test/precision:	0.0053564682602882385
losses_test/total:	3.3777942657470703
calibration_test/ece:	0.014721168205142021
calibration_test/brier:	0.5552583932876587
accuracy_test/task:	57.35
accuracy_test/concepts:	84.86141204833984
map_test/concepts:	0.8679715507896617

Epoch 31
losses_train/task:	1.1692380905151367
losses_train/concepts:	19.353267669677734
losses_train/precision:	0.005254068411886692
losses_train/total:	3.1050920486450195
losses_test/task:	1.233659267425537
losses_test/concepts:	21.480304718017578
losses_test/precision:	0.005224587861448526
losses_test/total:	3.382211923599243
calibration_test/ece:	0.017055131494998932
calibration_test/brier:	0.5583165287971497
accuracy_test/task:	56.76
accuracy_test/concepts:	84.849853515625
map_test/concepts:	0.8674471196718514

Epoch 32
losses_train/task:	1.1675740480422974
losses_train/concepts:	19.25970458984375
losses_train/precision:	0.005308930296450853
losses_train/total:	3.094075918197632
losses_test/task:	1.2154314517974854
losses_test/concepts:	21.49771499633789
losses_test/precision:	0.005319265648722649
losses_test/total:	3.3657350540161133
calibration_test/ece:	0.012647741474211216
calibration_test/brier:	0.5484566688537598
accuracy_test/task:	57.76
accuracy_test/concepts:	84.85015106201172
map_test/concepts:	0.8678541386616416

Epoch 33
losses_train/task:	1.1653624773025513
losses_train/concepts:	19.16391944885254
losses_train/precision:	0.005459480453282595
losses_train/total:	3.0822999477386475
losses_test/task:	1.2364811897277832
losses_test/concepts:	21.59161949157715
losses_test/precision:	0.005466041620820761
losses_test/total:	3.3961896896362305
calibration_test/ece:	0.017592141404747963
calibration_test/brier:	0.5547251105308533
accuracy_test/task:	56.98
accuracy_test/concepts:	84.85172271728516
map_test/concepts:	0.8677830106462352

Epoch 34
losses_train/task:	1.1676520109176636
losses_train/concepts:	19.061180114746094
losses_train/precision:	0.00563423428684473
losses_train/total:	3.074333667755127
losses_test/task:	1.2133790254592896
losses_test/concepts:	21.542394638061523
losses_test/precision:	0.005659736227244139
losses_test/total:	3.3681843280792236
calibration_test/ece:	0.01829541102051735
calibration_test/brier:	0.5483042597770691
accuracy_test/task:	57.69
accuracy_test/concepts:	84.89048767089844
map_test/concepts:	0.8683260068064556

Epoch 35
losses_train/task:	1.1606097221374512
losses_train/concepts:	18.96070098876953
losses_train/precision:	0.005781196989119053
losses_train/total:	3.057257890701294
losses_test/task:	1.2246966361999512
losses_test/concepts:	21.62334632873535
losses_test/precision:	0.005792977288365364
losses_test/total:	3.387611150741577
calibration_test/ece:	0.014812442474067211
calibration_test/brier:	0.5518465042114258
accuracy_test/task:	57.45
accuracy_test/concepts:	84.82423400878906
map_test/concepts:	0.8680208174046129

Epoch 36
losses_train/task:	1.1567952632904053
losses_train/concepts:	18.87693977355957
losses_train/precision:	0.006015961989760399
losses_train/total:	3.0450897216796875
losses_test/task:	1.2246949672698975
losses_test/concepts:	21.646625518798828
losses_test/precision:	0.006249196827411652
losses_test/total:	3.389981508255005
calibration_test/ece:	0.011811917647719383
calibration_test/brier:	0.5514380931854248
accuracy_test/task:	57.6
accuracy_test/concepts:	84.81578826904297
map_test/concepts:	0.8679346293210983

Epoch 37
losses_train/task:	1.1603174209594727
losses_train/concepts:	18.77008819580078
losses_train/precision:	0.006198555696755648
losses_train/total:	3.0379462242126465
losses_test/task:	1.2267721891403198
losses_test/concepts:	21.660634994506836
losses_test/precision:	0.0064242808148264885
losses_test/total:	3.3934783935546875
calibration_test/ece:	0.012275692075490952
calibration_test/brier:	0.5515708327293396
accuracy_test/task:	57.47
accuracy_test/concepts:	84.81001281738281
map_test/concepts:	0.8677100018248893

Epoch 38
losses_train/task:	1.1490395069122314
losses_train/concepts:	18.673648834228516
losses_train/precision:	0.006487904582172632
losses_train/total:	3.0170528888702393
losses_test/task:	1.230510950088501
losses_test/concepts:	21.65471076965332
losses_test/precision:	0.006587503012269735
losses_test/total:	3.3966405391693115
calibration_test/ece:	0.015651237219572067
calibration_test/brier:	0.5554592609405518
accuracy_test/task:	57.33
accuracy_test/concepts:	84.7918930053711
map_test/concepts:	0.8677987803239375

Epoch 39
losses_train/task:	1.1519355773925781
losses_train/concepts:	18.586156845092773
losses_train/precision:	0.006705861538648605
losses_train/total:	3.0112228393554688
losses_test/task:	1.2230889797210693
losses_test/concepts:	21.69247817993164
losses_test/precision:	0.006839812733232975
losses_test/total:	3.3930208683013916
calibration_test/ece:	0.01945103332400322
calibration_test/brier:	0.5519080758094788
accuracy_test/task:	57.6
accuracy_test/concepts:	84.81610107421875
map_test/concepts:	0.8681374309817329

Epoch 40
losses_train/task:	1.1460411548614502
losses_train/concepts:	18.50951385498047
losses_train/precision:	0.0069642686285078526
losses_train/total:	2.997688055038452
losses_test/task:	1.2341208457946777
losses_test/concepts:	21.77513313293457
losses_test/precision:	0.007288313005119562
losses_test/total:	3.4123620986938477
calibration_test/ece:	0.012420522049069405
calibration_test/brier:	0.5558883547782898
accuracy_test/task:	57.32
accuracy_test/concepts:	84.78295135498047
map_test/concepts:	0.8671785605838522

Epoch 41
losses_train/task:	1.1429301500320435
losses_train/concepts:	18.412126541137695
losses_train/precision:	0.007251822389662266
losses_train/total:	2.9848673343658447
losses_test/task:	1.2306123971939087
losses_test/concepts:	21.841909408569336
losses_test/precision:	0.007140993606299162
losses_test/total:	3.415517807006836
calibration_test/ece:	0.020088693127036095
calibration_test/brier:	0.552596390247345
accuracy_test/task:	57.69
accuracy_test/concepts:	84.7667236328125
map_test/concepts:	0.8672591775539331

Epoch 42
losses_train/task:	1.1429373025894165
losses_train/concepts:	18.317758560180664
losses_train/precision:	0.007571117952466011
losses_train/total:	2.9754714965820312
losses_test/task:	1.2136718034744263
losses_test/concepts:	21.814258575439453
losses_test/precision:	0.007567459251731634
losses_test/total:	3.395855188369751
calibration_test/ece:	0.010190040804445744
calibration_test/brier:	0.5486412048339844
accuracy_test/task:	58.02
accuracy_test/concepts:	84.7623519897461
map_test/concepts:	0.8675512297777459

Epoch 43
losses_train/task:	1.1401225328445435
losses_train/concepts:	18.252553939819336
losses_train/precision:	0.007853897288441658
losses_train/total:	2.9661643505096436
losses_test/task:	1.2289165258407593
losses_test/concepts:	21.801992416381836
losses_test/precision:	0.007881766185164452
losses_test/total:	3.4099037647247314
calibration_test/ece:	0.01314113661646843
calibration_test/brier:	0.5540950894355774
accuracy_test/task:	57.25
accuracy_test/concepts:	84.75782775878906
map_test/concepts:	0.8674003892228939

Epoch 44
losses_train/task:	1.1484297513961792
losses_train/concepts:	18.14546775817871
losses_train/precision:	0.008090787567198277
losses_train/total:	2.963787078857422
losses_test/task:	1.2148704528808594
losses_test/concepts:	21.918087005615234
losses_test/precision:	0.007993542589247227
losses_test/total:	3.4074785709381104
calibration_test/ece:	0.01474040374159813
calibration_test/brier:	0.5502910614013672
accuracy_test/task:	57.88
accuracy_test/concepts:	84.73047637939453
map_test/concepts:	0.8673469085479155

Epoch 45
losses_train/task:	1.138697862625122
losses_train/concepts:	18.076831817626953
losses_train/precision:	0.008377944119274616
losses_train/total:	2.9472179412841797
losses_test/task:	1.2094844579696655
losses_test/concepts:	21.802310943603516
losses_test/precision:	0.008425277657806873
losses_test/total:	3.3905577659606934
calibration_test/ece:	0.013630786910653114
calibration_test/brier:	0.5478032231330872
accuracy_test/task:	57.92
accuracy_test/concepts:	84.72500610351562
map_test/concepts:	0.8675329046091065

Epoch 46
losses_train/task:	1.1319700479507446
losses_train/concepts:	17.978450775146484
losses_train/precision:	0.008712424896657467
losses_train/total:	2.93068790435791
losses_test/task:	1.2160375118255615
losses_test/concepts:	21.95956039428711
losses_test/precision:	0.008902664296329021
losses_test/total:	3.4128835201263428
calibration_test/ece:	0.013632272370159626
calibration_test/brier:	0.5496885776519775
accuracy_test/task:	57.68
accuracy_test/concepts:	84.71455383300781
map_test/concepts:	0.8671323703601956

Epoch 47
losses_train/task:	1.130013346672058
losses_train/concepts:	17.903152465820312
losses_train/precision:	0.009003054350614548
losses_train/total:	2.9212300777435303
losses_test/task:	1.2276331186294556
losses_test/concepts:	21.97489356994629
losses_test/precision:	0.008565446361899376
losses_test/total:	3.4259791374206543
calibration_test/ece:	0.015848549082875252
calibration_test/brier:	0.5515684485435486
accuracy_test/task:	57.31
accuracy_test/concepts:	84.66735076904297
map_test/concepts:	0.8666624557226896

Epoch 48
losses_train/task:	1.127863883972168
losses_train/concepts:	17.847871780395508
losses_train/precision:	0.009215540252625942
losses_train/total:	2.9135730266571045
losses_test/task:	1.213999629020691
losses_test/concepts:	21.958654403686523
losses_test/precision:	0.009338979609310627
losses_test/total:	3.4107987880706787
calibration_test/ece:	0.013396314345300198
calibration_test/brier:	0.548711895942688
accuracy_test/task:	58.01
accuracy_test/concepts:	84.6848373413086
map_test/concepts:	0.8666151002980769

Epoch 49
losses_train/task:	1.1312570571899414
losses_train/concepts:	17.760229110717773
losses_train/precision:	0.009491431526839733
losses_train/total:	2.908228635787964
losses_test/task:	1.210325002670288
losses_test/concepts:	22.097028732299805
losses_test/precision:	0.009471653960645199
losses_test/total:	3.42097544670105
calibration_test/ece:	0.011695081368088722
calibration_test/brier:	0.5461754202842712
accuracy_test/task:	58.45
accuracy_test/concepts:	84.5999984741211
map_test/concepts:	0.8658329966128804

Epoch 50
losses_train/task:	1.131951093673706
losses_train/concepts:	17.68034553527832
losses_train/precision:	0.009636073373258114
losses_train/total:	2.9009485244750977
losses_test/task:	1.2150747776031494
losses_test/concepts:	22.08195686340332
losses_test/precision:	0.009828228503465652
losses_test/total:	3.424253225326538
calibration_test/ece:	0.020891861990094185
calibration_test/brier:	0.5500261187553406
accuracy_test/task:	57.62
accuracy_test/concepts:	84.70125579833984
map_test/concepts:	0.8665123070823029

Epoch 51
losses_train/task:	1.1240142583847046
losses_train/concepts:	17.61337661743164
losses_train/precision:	0.009884658269584179
losses_train/total:	2.886340618133545
losses_test/task:	1.2356562614440918
losses_test/concepts:	22.194089889526367
losses_test/precision:	0.009669358842074871
losses_test/total:	3.4560327529907227
calibration_test/ece:	0.01914597488939762
calibration_test/brier:	0.5552066564559937
accuracy_test/task:	57.27
accuracy_test/concepts:	84.66921997070312
map_test/concepts:	0.8663894842611626

Epoch 52
losses_train/task:	1.1257219314575195
losses_train/concepts:	17.571500778198242
losses_train/precision:	0.01007103268057108
losses_train/total:	2.883877754211426
losses_test/task:	1.226607084274292
losses_test/concepts:	22.16874122619629
losses_test/precision:	0.009966477751731873
losses_test/total:	3.4444777965545654
calibration_test/ece:	0.021490849554538727
calibration_test/brier:	0.5518131852149963
accuracy_test/task:	57.35
accuracy_test/concepts:	84.62781524658203
map_test/concepts:	0.865966384881176

Epoch 53
losses_train/task:	1.1242775917053223
losses_train/concepts:	17.50979995727539
losses_train/precision:	0.010290414094924927
losses_train/total:	2.8762881755828857
losses_test/task:	1.213908314704895
losses_test/concepts:	22.160444259643555
losses_test/precision:	0.010573620907962322
losses_test/total:	3.4310097694396973
calibration_test/ece:	0.01859600655734539
calibration_test/brier:	0.546654224395752
accuracy_test/task:	58.11
accuracy_test/concepts:	84.60533142089844
map_test/concepts:	0.8661642512306571

Epoch 54
losses_train/task:	1.1144593954086304
losses_train/concepts:	17.42477035522461
losses_train/precision:	0.010445506311953068
losses_train/total:	2.8579816818237305
losses_test/task:	1.2155340909957886
losses_test/concepts:	22.207504272460938
losses_test/precision:	0.01058773510158062
losses_test/total:	3.437342405319214
calibration_test/ece:	0.02372070774435997
calibration_test/brier:	0.5486979484558105
accuracy_test/task:	57.55
accuracy_test/concepts:	84.53311920166016
map_test/concepts:	0.8656290746293962

Epoch 55
losses_train/task:	1.1202740669250488
losses_train/concepts:	17.349157333374023
losses_train/precision:	0.010616771876811981
losses_train/total:	2.8562517166137695
losses_test/task:	1.221657156944275
losses_test/concepts:	22.214242935180664
losses_test/precision:	0.0105131259188056
losses_test/total:	3.4441332817077637
calibration_test/ece:	0.023899663239717484
calibration_test/brier:	0.5510639548301697
accuracy_test/task:	57.6
accuracy_test/concepts:	84.59373474121094
map_test/concepts:	0.865508240298368

Epoch 56
losses_train/task:	1.1157867908477783
losses_train/concepts:	17.264083862304688
losses_train/precision:	0.010725367814302444
losses_train/total:	2.8432676792144775
losses_test/task:	1.2197169065475464
losses_test/concepts:	22.24275779724121
losses_test/precision:	0.01063561625778675
losses_test/total:	3.445056200027466
calibration_test/ece:	0.02581663988530636
calibration_test/brier:	0.5491974353790283
accuracy_test/task:	57.59
accuracy_test/concepts:	84.56983184814453
map_test/concepts:	0.8653497415361926

Epoch 57
losses_train/task:	1.1160070896148682
losses_train/concepts:	17.2445125579834
losses_train/precision:	0.010916640982031822
losses_train/total:	2.8415496349334717
losses_test/task:	1.2230985164642334
losses_test/concepts:	22.369773864746094
losses_test/precision:	0.011031205765902996
losses_test/total:	3.461179494857788
calibration_test/ece:	0.021146317943930626
calibration_test/brier:	0.5487591028213501
accuracy_test/task:	57.69
accuracy_test/concepts:	84.53108978271484
map_test/concepts:	0.8642256631865166

Epoch 58
losses_train/task:	1.1120270490646362
losses_train/concepts:	17.19683265686035
losses_train/precision:	0.011090043000876904
losses_train/total:	2.8328206539154053
losses_test/task:	1.2292474508285522
losses_test/concepts:	22.32144546508789
losses_test/precision:	0.011210011318325996
losses_test/total:	3.4625141620635986
calibration_test/ece:	0.022181106731295586
calibration_test/brier:	0.5524160265922546
accuracy_test/task:	57.51
accuracy_test/concepts:	84.56156158447266
map_test/concepts:	0.8651602272875607

Epoch 59
losses_train/task:	1.107245683670044
losses_train/concepts:	17.085214614868164
losses_train/precision:	0.011221147142350674
losses_train/total:	2.8168909549713135
losses_test/task:	1.2114380598068237
losses_test/concepts:	22.3772029876709
losses_test/precision:	0.011235182173550129
losses_test/total:	3.450282335281372
calibration_test/ece:	0.027706973254680634
calibration_test/brier:	0.5452777147293091
accuracy_test/task:	57.95
accuracy_test/concepts:	84.47078704833984
map_test/concepts:	0.8650321138557047

Epoch 60
losses_train/task:	1.113497018814087
losses_train/concepts:	17.050718307495117
losses_train/precision:	0.011339248158037663
losses_train/total:	2.819702625274658
losses_test/task:	1.21610426902771
losses_test/concepts:	22.460744857788086
losses_test/precision:	0.01118658296763897
losses_test/total:	3.46329665184021
calibration_test/ece:	0.029611529782414436
calibration_test/brier:	0.5505141019821167
accuracy_test/task:	57.41
accuracy_test/concepts:	84.4823226928711
map_test/concepts:	0.8645517338300124

Epoch 61
losses_train/task:	1.1070419549942017
losses_train/concepts:	17.014612197875977
losses_train/precision:	0.01142276730388403
losses_train/total:	2.809644937515259
losses_test/task:	1.2178151607513428
losses_test/concepts:	22.468786239624023
losses_test/precision:	0.011755152605473995
losses_test/total:	3.465869903564453
calibration_test/ece:	0.028005603700876236
calibration_test/brier:	0.549949049949646
accuracy_test/task:	57.87
accuracy_test/concepts:	84.47280883789062
map_test/concepts:	0.8646497188601643

Epoch 62
losses_train/task:	1.1048108339309692
losses_train/concepts:	16.999595642089844
losses_train/precision:	0.011551412753760815
losses_train/total:	2.8059260845184326
losses_test/task:	1.208560585975647
losses_test/concepts:	22.571157455444336
losses_test/precision:	0.011345629580318928
losses_test/total:	3.4668121337890625
calibration_test/ece:	0.03564799204468727
calibration_test/brier:	0.545372486114502
accuracy_test/task:	58.03
accuracy_test/concepts:	84.2784194946289
map_test/concepts:	0.8643259649397805

Epoch 63
losses_train/task:	1.1061596870422363
losses_train/concepts:	16.921125411987305
losses_train/precision:	0.011552410200238228
losses_train/total:	2.7994253635406494
losses_test/task:	1.20902419090271
losses_test/concepts:	22.44786834716797
losses_test/precision:	0.0115624675527215
losses_test/total:	3.454967737197876
calibration_test/ece:	0.026407897472381592
calibration_test/brier:	0.5474738478660583
accuracy_test/task:	58.11
accuracy_test/concepts:	84.43750762939453
map_test/concepts:	0.864979267353192

Epoch 64
losses_train/task:	1.1044983863830566
losses_train/concepts:	16.856306076049805
losses_train/precision:	0.011617142707109451
losses_train/total:	2.7912917137145996
losses_test/task:	1.2067310810089111
losses_test/concepts:	22.55648422241211
losses_test/precision:	0.011448325589299202
losses_test/total:	3.463524341583252
calibration_test/ece:	0.023090731352567673
calibration_test/brier:	0.5447571277618408
accuracy_test/task:	58.4
accuracy_test/concepts:	84.33687591552734
map_test/concepts:	0.8640602856175974

Epoch 65
losses_train/task:	1.0963634252548218
losses_train/concepts:	16.80355453491211
losses_train/precision:	0.011746651493012905
losses_train/total:	2.7778944969177246
losses_test/task:	1.2113072872161865
losses_test/concepts:	22.597578048706055
losses_test/precision:	0.011480049230158329
losses_test/total:	3.472212791442871
calibration_test/ece:	0.02549055963754654
calibration_test/brier:	0.5467801094055176
accuracy_test/task:	58.11
accuracy_test/concepts:	84.39844512939453
map_test/concepts:	0.8641515116905794

Epoch 66
losses_train/task:	1.09562087059021
losses_train/concepts:	16.757125854492188
losses_train/precision:	0.01176259946078062
losses_train/total:	2.7725093364715576
losses_test/task:	1.2138001918792725
losses_test/concepts:	22.614501953125
losses_test/precision:	0.011654259636998177
losses_test/total:	3.4764158725738525
calibration_test/ece:	0.02819788083434105
calibration_test/brier:	0.5468400120735168
accuracy_test/task:	58.22
accuracy_test/concepts:	84.35688781738281
map_test/concepts:	0.8640225806739181

Epoch 67
losses_train/task:	1.0949623584747314
losses_train/concepts:	16.71851348876953
losses_train/precision:	0.011811194010078907
losses_train/total:	2.7679948806762695
losses_test/task:	1.2049568891525269
losses_test/concepts:	22.618610382080078
losses_test/precision:	0.011986318975687027
losses_test/total:	3.4680161476135254
calibration_test/ece:	0.030636869370937347
calibration_test/brier:	0.5438106656074524
accuracy_test/task:	58.52
accuracy_test/concepts:	84.26329040527344
map_test/concepts:	0.8643302852287889

Epoch 68
losses_train/task:	1.0968059301376343
losses_train/concepts:	16.66535186767578
losses_train/precision:	0.011853335425257683
losses_train/total:	2.7645263671875
losses_test/task:	1.2196098566055298
losses_test/concepts:	22.65282440185547
losses_test/precision:	0.011891555972397327
losses_test/total:	3.4860808849334717
calibration_test/ece:	0.03466303274035454
calibration_test/brier:	0.550656259059906
accuracy_test/task:	57.82
accuracy_test/concepts:	84.27936553955078
map_test/concepts:	0.8636572994291782

Epoch 69
losses_train/task:	1.0904501676559448
losses_train/concepts:	16.61663055419922
losses_train/precision:	0.011937804520130157
losses_train/total:	2.753307580947876
losses_test/task:	1.211891531944275
losses_test/concepts:	22.656328201293945
losses_test/precision:	0.012256981804966927
losses_test/total:	3.478750467300415
calibration_test/ece:	0.03360024094581604
calibration_test/brier:	0.5452700257301331
accuracy_test/task:	58.43
accuracy_test/concepts:	84.21578216552734
map_test/concepts:	0.8641481929225847

Epoch 70
losses_train/task:	1.0942310094833374
losses_train/concepts:	16.58534049987793
losses_train/precision:	0.0118840541690588
losses_train/total:	2.7539541721343994
losses_test/task:	1.206135869026184
losses_test/concepts:	22.93251609802246
losses_test/precision:	0.012006057426333427
losses_test/total:	3.5005877017974854
calibration_test/ece:	0.03656310588121414
calibration_test/brier:	0.5430790781974792
accuracy_test/task:	58.8
accuracy_test/concepts:	83.99219512939453
map_test/concepts:	0.8633009511977434

Epoch 71
losses_train/task:	1.0894232988357544
losses_train/concepts:	16.55595588684082
losses_train/precision:	0.011832504533231258
losses_train/total:	2.746201515197754
losses_test/task:	1.2168858051300049
losses_test/concepts:	22.679676055908203
losses_test/precision:	0.011512995697557926
losses_test/total:	3.486004590988159
calibration_test/ece:	0.03550388291478157
calibration_test/brier:	0.5465934872627258
accuracy_test/task:	58.08
accuracy_test/concepts:	84.24577331542969
map_test/concepts:	0.8638698480790481

Epoch 72
losses_train/task:	1.0886670351028442
losses_train/concepts:	16.519014358520508
losses_train/precision:	0.01191829051822424
losses_train/total:	2.741759777069092
losses_test/task:	1.2117137908935547
losses_test/concepts:	22.68682098388672
losses_test/precision:	0.011774945072829723
losses_test/total:	3.4815733432769775
calibration_test/ece:	0.03166560083627701
calibration_test/brier:	0.5468189716339111
accuracy_test/task:	58.29
accuracy_test/concepts:	84.3279800415039
map_test/concepts:	0.8641279893927276

Epoch 73
losses_train/task:	1.090816617012024
losses_train/concepts:	16.45522689819336
losses_train/precision:	0.011946059763431549
losses_train/total:	2.7375333309173584
losses_test/task:	1.2224856615066528
losses_test/concepts:	22.82404899597168
losses_test/precision:	0.011792615987360477
losses_test/total:	3.5060696601867676
calibration_test/ece:	0.03762173280119896
calibration_test/brier:	0.5504686236381531
accuracy_test/task:	57.75
accuracy_test/concepts:	84.17828369140625
map_test/concepts:	0.8631370251532644

Epoch 74
losses_train/task:	1.086126685142517
losses_train/concepts:	16.429956436157227
losses_train/precision:	0.011973094195127487
losses_train/total:	2.7303192615509033
losses_test/task:	1.2128784656524658
losses_test/concepts:	22.88834571838379
losses_test/precision:	0.011470614932477474
losses_test/total:	3.5028603076934814
calibration_test/ece:	0.03838513791561127
calibration_test/brier:	0.5452752709388733
accuracy_test/task:	58.05
accuracy_test/concepts:	84.20686340332031
map_test/concepts:	0.8633393248310313

Epoch 75
losses_train/task:	1.0872832536697388
losses_train/concepts:	16.37572479248047
losses_train/precision:	0.01198528241366148
losses_train/total:	2.7260537147521973
losses_test/task:	1.2159656286239624
losses_test/concepts:	22.876806259155273
losses_test/precision:	0.012017381377518177
losses_test/total:	3.5048482418060303
calibration_test/ece:	0.032413240522146225
calibration_test/brier:	0.5478696227073669
accuracy_test/task:	58.12
accuracy_test/concepts:	84.25250244140625
map_test/concepts:	0.8633065962931141

Epoch 76
losses_train/task:	1.088388204574585
losses_train/concepts:	16.35384750366211
losses_train/precision:	0.01205524429678917
losses_train/total:	2.724977970123291
losses_test/task:	1.2169290781021118
losses_test/concepts:	22.84510612487793
losses_test/precision:	0.012144791893661022
losses_test/total:	3.5026535987854004
calibration_test/ece:	0.03417662903666496
calibration_test/brier:	0.5492682456970215
accuracy_test/task:	57.85
accuracy_test/concepts:	84.31063079833984
map_test/concepts:	0.8631808329373598

Epoch 77
losses_train/task:	1.0829346179962158
losses_train/concepts:	16.31583595275879
losses_train/precision:	0.01209627091884613
losses_train/total:	2.7157270908355713
losses_test/task:	1.2122554779052734
losses_test/concepts:	22.933612823486328
losses_test/precision:	0.011853710748255253
losses_test/total:	3.506803274154663
calibration_test/ece:	0.03481024131178856
calibration_test/brier:	0.5462527275085449
accuracy_test/task:	57.83
accuracy_test/concepts:	84.21234893798828
map_test/concepts:	0.863436212297529

Epoch 78
losses_train/task:	1.0780903100967407
losses_train/concepts:	16.274005889892578
losses_train/precision:	0.01205958891659975
losses_train/total:	2.706697940826416
losses_test/task:	1.2212395668029785
losses_test/concepts:	22.995643615722656
losses_test/precision:	0.011823431588709354
losses_test/total:	3.5219857692718506
calibration_test/ece:	0.03491244465112686
calibration_test/brier:	0.5487775206565857
accuracy_test/task:	57.97
accuracy_test/concepts:	84.20891571044922
map_test/concepts:	0.8629252646351233

Epoch 79
losses_train/task:	1.0830971002578735
losses_train/concepts:	16.22548484802246
losses_train/precision:	0.012022856622934341
losses_train/total:	2.706847906112671
losses_test/task:	1.2166669368743896
losses_test/concepts:	22.913297653198242
losses_test/precision:	0.011609090492129326
losses_test/total:	3.5091583728790283
calibration_test/ece:	0.040959760546684265
calibration_test/brier:	0.5475385189056396
accuracy_test/task:	57.99
accuracy_test/concepts:	84.26687622070312
map_test/concepts:	0.863869966706261

Epoch 80
losses_train/task:	1.0779268741607666
losses_train/concepts:	16.19264793395996
losses_train/precision:	0.012075649574398994
losses_train/total:	2.6983988285064697
losses_test/task:	1.2229549884796143
losses_test/concepts:	23.011966705322266
losses_test/precision:	0.011656629852950573
losses_test/total:	3.5253169536590576
calibration_test/ece:	0.03913416713476181
calibration_test/brier:	0.5483204126358032
accuracy_test/task:	58.16
accuracy_test/concepts:	84.27920532226562
map_test/concepts:	0.8633870398625731

Epoch 81
losses_train/task:	1.0632179975509644
losses_train/concepts:	16.02980613708496
losses_train/precision:	0.0014655344421043992
losses_train/total:	2.66634464263916
losses_test/task:	1.2159385681152344
losses_test/concepts:	23.06355857849121
losses_test/precision:	0.0012409263290464878
losses_test/total:	3.5224177837371826
calibration_test/ece:	0.02304994873702526
calibration_test/brier:	0.5489342212677002
accuracy_test/task:	58.06
accuracy_test/concepts:	84.49357604980469
map_test/concepts:	0.8646994919981807

Epoch 82
losses_train/task:	1.0589834451675415
losses_train/concepts:	15.977904319763184
losses_train/precision:	0.001208953675813973
losses_train/total:	2.656895160675049
losses_test/task:	1.21547532081604
losses_test/concepts:	23.017770767211914
losses_test/precision:	0.001215738826431334
losses_test/total:	3.5173745155334473
calibration_test/ece:	0.024412833154201508
calibration_test/brier:	0.5475377440452576
accuracy_test/task:	58.06
accuracy_test/concepts:	84.4845199584961
map_test/concepts:	0.8649834265233949

Epoch 83
losses_train/task:	1.0571969747543335
losses_train/concepts:	15.941855430603027
losses_train/precision:	0.001207874622195959
losses_train/total:	2.651502847671509
losses_test/task:	1.2153164148330688
losses_test/concepts:	23.015323638916016
losses_test/precision:	0.0011864309199154377
losses_test/total:	3.5169670581817627
calibration_test/ece:	0.026195332407951355
calibration_test/brier:	0.5465009808540344
accuracy_test/task:	58.14
accuracy_test/concepts:	84.48562622070312
map_test/concepts:	0.8648437530500814

Epoch 84
losses_train/task:	1.0593844652175903
losses_train/concepts:	15.894702911376953
losses_train/precision:	0.0012184041552245617
losses_train/total:	2.6489765644073486
losses_test/task:	1.2219740152359009
losses_test/concepts:	23.07155418395996
losses_test/precision:	0.0011959975818172097
losses_test/total:	3.5292489528656006
calibration_test/ece:	0.025045642629265785
calibration_test/brier:	0.5495421290397644
accuracy_test/task:	57.89
accuracy_test/concepts:	84.49610137939453
map_test/concepts:	0.8650415281299502

Epoch 85
losses_train/task:	1.0498239994049072
losses_train/concepts:	15.867269515991211
losses_train/precision:	0.001221662969328463
losses_train/total:	2.6366751194000244
losses_test/task:	1.2156273126602173
losses_test/concepts:	23.052499771118164
losses_test/precision:	0.0012895487016066909
losses_test/total:	3.521005868911743
calibration_test/ece:	0.02775816060602665
calibration_test/brier:	0.5478290319442749
accuracy_test/task:	57.8
accuracy_test/concepts:	84.5023193359375
map_test/concepts:	0.8650696926051751

Epoch 86
losses_train/task:	1.0592886209487915
losses_train/concepts:	15.869017601013184
losses_train/precision:	0.0012251235311850905
losses_train/total:	2.6463136672973633
losses_test/task:	1.2120798826217651
losses_test/concepts:	23.06877326965332
losses_test/precision:	0.001265751663595438
losses_test/total:	3.5190844535827637
calibration_test/ece:	0.02792694978415966
calibration_test/brier:	0.545685350894928
accuracy_test/task:	57.93
accuracy_test/concepts:	84.5045166015625
map_test/concepts:	0.8652450260706246

Epoch 87
losses_train/task:	1.0583276748657227
losses_train/concepts:	15.818915367126465
losses_train/precision:	0.0012230020947754383
losses_train/total:	2.6403415203094482
losses_test/task:	1.2158889770507812
losses_test/concepts:	23.10204315185547
losses_test/precision:	0.0012599397450685501
losses_test/total:	3.526218891143799
calibration_test/ece:	0.023170312866568565
calibration_test/brier:	0.5461912155151367
accuracy_test/task:	58.26
accuracy_test/concepts:	84.49718475341797
map_test/concepts:	0.8650126057909802

Epoch 88
losses_train/task:	1.0556076765060425
losses_train/concepts:	15.818857192993164
losses_train/precision:	0.0012298861984163523
losses_train/total:	2.6376161575317383
losses_test/task:	1.2167079448699951
losses_test/concepts:	23.077791213989258
losses_test/precision:	0.0012325717834755778
losses_test/total:	3.524610757827759
calibration_test/ece:	0.02783159725368023
calibration_test/brier:	0.5481902956962585
accuracy_test/task:	57.91
accuracy_test/concepts:	84.51578521728516
map_test/concepts:	0.8650534411426634

Epoch 89
losses_train/task:	1.0545328855514526
losses_train/concepts:	15.842256546020508
losses_train/precision:	0.0012241272488608956
losses_train/total:	2.6388823986053467
losses_test/task:	1.2123546600341797
losses_test/concepts:	23.03751564025879
losses_test/precision:	0.0012432881630957127
losses_test/total:	3.516230821609497
calibration_test/ece:	0.027076128870248795
calibration_test/brier:	0.5456082820892334
accuracy_test/task:	58.44
accuracy_test/concepts:	84.5062484741211
map_test/concepts:	0.8651300085475668

Epoch 90
losses_train/task:	1.0524548292160034
losses_train/concepts:	15.785503387451172
losses_train/precision:	0.0012301333481445909
losses_train/total:	2.631129026412964
losses_test/task:	1.2135242223739624
losses_test/concepts:	23.094205856323242
losses_test/precision:	0.001270053326152265
losses_test/total:	3.5230729579925537
calibration_test/ece:	0.027369225397706032
calibration_test/brier:	0.5467329025268555
accuracy_test/task:	58.01
accuracy_test/concepts:	84.49235534667969
map_test/concepts:	0.8650001013884321

Epoch 91
losses_train/task:	1.052372932434082
losses_train/concepts:	15.780426979064941
losses_train/precision:	0.001232846756465733
losses_train/total:	2.63053822517395
losses_test/task:	1.2149972915649414
losses_test/concepts:	23.097768783569336
losses_test/precision:	0.0012796801747754216
losses_test/total:	3.52490234375
calibration_test/ece:	0.025229550898075104
calibration_test/brier:	0.5466302037239075
accuracy_test/task:	58.34
accuracy_test/concepts:	84.48234558105469
map_test/concepts:	0.8649330259067938

Epoch 92
losses_train/task:	1.0501819849014282
losses_train/concepts:	15.763120651245117
losses_train/precision:	0.0012326347641646862
losses_train/total:	2.626617908477783
losses_test/task:	1.2148674726486206
losses_test/concepts:	23.120952606201172
losses_test/precision:	0.001254610950127244
losses_test/total:	3.5270893573760986
calibration_test/ece:	0.02489778958261013
calibration_test/brier:	0.5474662184715271
accuracy_test/task:	58.27
accuracy_test/concepts:	84.5029525756836
map_test/concepts:	0.8651711624115705

Epoch 93
losses_train/task:	1.0531461238861084
losses_train/concepts:	15.732483863830566
losses_train/precision:	0.0012384839355945587
losses_train/total:	2.6265177726745605
losses_test/task:	1.2155544757843018
losses_test/concepts:	23.133188247680664
losses_test/precision:	0.0012420783750712872
losses_test/total:	3.5289976596832275
calibration_test/ece:	0.025537319481372833
calibration_test/brier:	0.5471901297569275
accuracy_test/task:	58.18
accuracy_test/concepts:	84.49967956542969
map_test/concepts:	0.8650349646341056

Epoch 94
losses_train/task:	1.0509718656539917
losses_train/concepts:	15.753551483154297
losses_train/precision:	0.0012360896216705441
losses_train/total:	2.626450300216675
losses_test/task:	1.2188694477081299
losses_test/concepts:	23.117773056030273
losses_test/precision:	0.001256428542546928
losses_test/total:	3.5307722091674805
calibration_test/ece:	0.026181606575846672
calibration_test/brier:	0.5484223365783691
accuracy_test/task:	58.16
accuracy_test/concepts:	84.51078033447266
map_test/concepts:	0.8648630795069039

Epoch 95
losses_train/task:	1.0510963201522827
losses_train/concepts:	15.69556713104248
losses_train/precision:	0.001238760189153254
losses_train/total:	2.620777130126953
losses_test/task:	1.2155346870422363
losses_test/concepts:	23.11345100402832
losses_test/precision:	0.001273140194825828
losses_test/total:	3.527006149291992
calibration_test/ece:	0.027301017194986343
calibration_test/brier:	0.5477212071418762
accuracy_test/task:	58.2
accuracy_test/concepts:	84.494384765625
map_test/concepts:	0.864977206219919

Epoch 96
losses_train/task:	1.055647850036621
losses_train/concepts:	15.692994117736816
losses_train/precision:	0.0012439709389582276
losses_train/total:	2.6250710487365723
losses_test/task:	1.217081904411316
losses_test/concepts:	23.13387680053711
losses_test/precision:	0.0012097434373572469
losses_test/total:	3.530590295791626
calibration_test/ece:	0.02768038958311081
calibration_test/brier:	0.548112690448761
accuracy_test/task:	57.93
accuracy_test/concepts:	84.49452209472656
map_test/concepts:	0.865079678944312

Epoch 97
losses_train/task:	1.052032709121704
losses_train/concepts:	15.709067344665527
losses_train/precision:	0.001240815268829465
losses_train/total:	2.6230640411376953
losses_test/task:	1.2166800498962402
losses_test/concepts:	23.11916160583496
losses_test/precision:	0.001231481903232634
losses_test/total:	3.528719902038574
calibration_test/ece:	0.02579069510102272
calibration_test/brier:	0.5471116304397583
accuracy_test/task:	58.24
accuracy_test/concepts:	84.48170471191406
map_test/concepts:	0.8648164315382019

Epoch 98
losses_train/task:	1.051821231842041
losses_train/concepts:	15.695801734924316
losses_train/precision:	0.0012478803982958198
losses_train/total:	2.621525526046753
losses_test/task:	1.2205613851547241
losses_test/concepts:	23.169151306152344
losses_test/precision:	0.0012384435394778848
losses_test/total:	3.5376007556915283
calibration_test/ece:	0.02770313248038292
calibration_test/brier:	0.549226701259613
accuracy_test/task:	57.95
accuracy_test/concepts:	84.47030639648438
map_test/concepts:	0.8649188588606194

Epoch 99
losses_train/task:	1.0555540323257446
losses_train/concepts:	15.677868843078613
losses_train/precision:	0.0012477998388931155
losses_train/total:	2.6234660148620605
losses_test/task:	1.2170339822769165
losses_test/concepts:	23.168489456176758
losses_test/precision:	0.001231238478794694
losses_test/total:	3.534005880355835
calibration_test/ece:	0.027881639078259468
calibration_test/brier:	0.5479269623756409
accuracy_test/task:	58.08
accuracy_test/concepts:	84.48688507080078
map_test/concepts:	0.8649599605705589

Epoch 100
losses_train/task:	1.0498043298721313
losses_train/concepts:	15.644796371459961
losses_train/precision:	0.0012542997719720006
losses_train/total:	2.6144089698791504
losses_test/task:	1.217279076576233
losses_test/concepts:	23.158288955688477
losses_test/precision:	0.001281557371839881
losses_test/total:	3.533236503601074
calibration_test/ece:	0.02963273972272873
calibration_test/brier:	0.5480177402496338
accuracy_test/task:	57.81
accuracy_test/concepts:	84.49093627929688
map_test/concepts:	0.8649976345477626

Epoch 101
losses_train/task:	1.0488440990447998
losses_train/concepts:	15.644963264465332
losses_train/precision:	0.0012598392786458135
losses_train/total:	2.6134660243988037
losses_test/task:	1.2220534086227417
losses_test/concepts:	23.201082229614258
losses_test/precision:	0.0012532789260149002
losses_test/total:	3.542288064956665
calibration_test/ece:	0.028994709253311157
calibration_test/brier:	0.5491445064544678
accuracy_test/task:	57.85
accuracy_test/concepts:	84.46954345703125
map_test/concepts:	0.8648823380935937

Epoch 102
losses_train/task:	1.0524845123291016
losses_train/concepts:	15.625458717346191
losses_train/precision:	0.0012524424819275737
losses_train/total:	2.615156412124634
losses_test/task:	1.2126352787017822
losses_test/concepts:	23.166120529174805
losses_test/precision:	0.001256428542546928
losses_test/total:	3.5293726921081543
calibration_test/ece:	0.0260461438447237
calibration_test/brier:	0.5453920364379883
accuracy_test/task:	58.35
accuracy_test/concepts:	84.47657012939453
map_test/concepts:	0.8648472536588088

Epoch 103
losses_train/task:	1.0468772649765015
losses_train/concepts:	15.626458168029785
losses_train/precision:	0.0012520954478532076
losses_train/total:	2.609649896621704
losses_test/task:	1.2124931812286377
losses_test/concepts:	23.16020393371582
losses_test/precision:	0.0012552790576592088
losses_test/total:	3.5286402702331543
calibration_test/ece:	0.03037380240857601
calibration_test/brier:	0.5453147888183594
accuracy_test/task:	57.91
accuracy_test/concepts:	84.48985290527344
map_test/concepts:	0.8648813253967091

Epoch 104
losses_train/task:	1.053096890449524
losses_train/concepts:	15.63412857055664
losses_train/precision:	0.0012601414928212762
losses_train/total:	2.6166367530822754
losses_test/task:	1.2091675996780396
losses_test/concepts:	23.115156173706055
losses_test/precision:	0.0013040213380008936
losses_test/total:	3.5208139419555664
calibration_test/ece:	0.029166635125875473
calibration_test/brier:	0.5438196063041687
accuracy_test/task:	58.17
accuracy_test/concepts:	84.45516967773438
map_test/concepts:	0.8649586852407083

Epoch 105
losses_train/task:	1.0530033111572266
losses_train/concepts:	15.645709991455078
losses_train/precision:	0.001266950974240899
losses_train/total:	2.6177008152008057
losses_test/task:	1.2163439989089966
losses_test/concepts:	23.19804573059082
losses_test/precision:	0.001246921718120575
losses_test/total:	3.53627347946167
calibration_test/ece:	0.02875768020749092
calibration_test/brier:	0.546558678150177
accuracy_test/task:	58.03
accuracy_test/concepts:	84.46170806884766
map_test/concepts:	0.8647722393507138

Epoch 106
losses_train/task:	1.0496125221252441
losses_train/concepts:	15.60543441772461
losses_train/precision:	0.0012678345665335655
losses_train/total:	2.610283136367798
losses_test/task:	1.2182432413101196
losses_test/concepts:	23.230070114135742
losses_test/precision:	0.0012796801747754216
losses_test/total:	3.5413780212402344
calibration_test/ece:	0.03009088523685932
calibration_test/brier:	0.5478233695030212
accuracy_test/task:	58.06
accuracy_test/concepts:	84.46125793457031
map_test/concepts:	0.8647076492197812

Epoch 107
losses_train/task:	1.0458544492721558
losses_train/concepts:	15.583702087402344
losses_train/precision:	0.0012678520288318396
losses_train/total:	2.6043503284454346
losses_test/task:	1.2135299444198608
losses_test/concepts:	23.182514190673828
losses_test/precision:	0.0012760462705045938
losses_test/total:	3.531909465789795
calibration_test/ece:	0.02783512882888317
calibration_test/brier:	0.54482102394104
accuracy_test/task:	58.39
accuracy_test/concepts:	84.45843505859375
map_test/concepts:	0.8647504217224196

Epoch 108
losses_train/task:	1.0474647283554077
losses_train/concepts:	15.598932266235352
losses_train/precision:	0.0012703584507107735
losses_train/total:	2.607484817504883
losses_test/task:	1.2102711200714111
losses_test/concepts:	23.149389266967773
losses_test/precision:	0.0012600623304024339
losses_test/total:	3.5253357887268066
calibration_test/ece:	0.029454318806529045
calibration_test/brier:	0.5448089241981506
accuracy_test/task:	58.4
accuracy_test/concepts:	84.45779418945312
map_test/concepts:	0.8648083661682904

Epoch 109
losses_train/task:	1.0545659065246582
losses_train/concepts:	15.573529243469238
losses_train/precision:	0.0012724270345643163
losses_train/total:	2.612046003341675
losses_test/task:	1.2113672494888306
losses_test/concepts:	23.16458511352539
losses_test/precision:	0.0013034142320975661
losses_test/total:	3.5279552936553955
calibration_test/ece:	0.027999602258205414
calibration_test/brier:	0.5446239113807678
accuracy_test/task:	58.35
accuracy_test/concepts:	84.453125
map_test/concepts:	0.8649142314679921

Epoch 110
losses_train/task:	1.047550082206726
losses_train/concepts:	15.60466194152832
losses_train/precision:	0.0012786295264959335
losses_train/total:	2.6081433296203613
losses_test/task:	1.2164132595062256
losses_test/concepts:	23.223339080810547
losses_test/precision:	0.001301477081142366
losses_test/total:	3.538877487182617
calibration_test/ece:	0.02975260652601719
calibration_test/brier:	0.5463636517524719
accuracy_test/task:	58.12
accuracy_test/concepts:	84.47936248779297
map_test/concepts:	0.8650348986266181

Epoch 111
losses_train/task:	1.0485873222351074
losses_train/concepts:	15.56013011932373
losses_train/precision:	0.0012701378436759114
losses_train/total:	2.604727268218994
losses_test/task:	1.2167609930038452
losses_test/concepts:	23.20362663269043
losses_test/precision:	0.0012687812559306622
losses_test/total:	3.537249803543091
calibration_test/ece:	0.027127092704176903
calibration_test/brier:	0.546805202960968
accuracy_test/task:	58.24
accuracy_test/concepts:	84.46469116210938
map_test/concepts:	0.8648672380950302

Epoch 112
losses_train/task:	1.0467830896377563
losses_train/concepts:	15.545327186584473
losses_train/precision:	0.0012838434195145965
losses_train/total:	2.6014444828033447
losses_test/task:	1.2128338813781738
losses_test/concepts:	23.22512435913086
losses_test/precision:	0.001300387317314744
losses_test/total:	3.5354762077331543
calibration_test/ece:	0.024194004014134407
calibration_test/brier:	0.5441805720329285
accuracy_test/task:	58.58
accuracy_test/concepts:	84.463623046875
map_test/concepts:	0.8649404753232375

Epoch 113
losses_train/task:	1.0479286909103394
losses_train/concepts:	15.545281410217285
losses_train/precision:	0.001277569099329412
losses_train/total:	2.6025848388671875
losses_test/task:	1.2165004014968872
losses_test/concepts:	23.192575454711914
losses_test/precision:	0.0012319661909714341
losses_test/total:	3.5358810424804688
calibration_test/ece:	0.02997378632426262
calibration_test/brier:	0.5460999011993408
accuracy_test/task:	58.23
accuracy_test/concepts:	84.45452117919922
map_test/concepts:	0.8647770553361624

Epoch 114
losses_train/task:	1.051395058631897
losses_train/concepts:	15.526246070861816
losses_train/precision:	0.0012827812461182475
losses_train/total:	2.604147434234619
losses_test/task:	1.2144380807876587
losses_test/concepts:	23.18960952758789
losses_test/precision:	0.0012451652437448502
losses_test/total:	3.5335235595703125
calibration_test/ece:	0.027453608810901642
calibration_test/brier:	0.5454604029655457
accuracy_test/task:	58.48
accuracy_test/concepts:	84.4375
map_test/concepts:	0.8645659775938839

Epoch 115
losses_train/task:	1.0504393577575684
losses_train/concepts:	15.526848793029785
losses_train/precision:	0.0012840231647714972
losses_train/total:	2.6032533645629883
losses_test/task:	1.2171714305877686
losses_test/concepts:	23.239898681640625
losses_test/precision:	0.001237414893694222
losses_test/total:	3.541285276412964
calibration_test/ece:	0.028463615104556084
calibration_test/brier:	0.5470136404037476
accuracy_test/task:	58.1
accuracy_test/concepts:	84.47154998779297
map_test/concepts:	0.8647493666503578

Epoch 116
losses_train/task:	1.044468879699707
losses_train/concepts:	15.515443801879883
losses_train/precision:	0.001285698264837265
losses_train/total:	2.5961410999298096
losses_test/task:	1.2166820764541626
losses_test/concepts:	23.22650718688965
losses_test/precision:	0.0012760462705045938
losses_test/total:	3.5394601821899414
calibration_test/ece:	0.030706491321325302
calibration_test/brier:	0.5464210510253906
accuracy_test/task:	58.15
accuracy_test/concepts:	84.45671844482422
map_test/concepts:	0.8647580079268664

Epoch 117
losses_train/task:	1.0381485223770142
losses_train/concepts:	15.501699447631836
losses_train/precision:	0.0012908270582556725
losses_train/total:	2.588446855545044
losses_test/task:	1.2162156105041504
losses_test/concepts:	23.263702392578125
losses_test/precision:	0.0012933633988723159
losses_test/total:	3.542715072631836
calibration_test/ece:	0.026903267949819565
calibration_test/brier:	0.546432614326477
accuracy_test/task:	58.37
accuracy_test/concepts:	84.46969604492188
map_test/concepts:	0.8648626140784472

Epoch 118
losses_train/task:	1.0450034141540527
losses_train/concepts:	15.493155479431152
losses_train/precision:	0.0012980311876162887
losses_train/total:	2.594449758529663
losses_test/task:	1.2167673110961914
losses_test/concepts:	23.235116958618164
losses_test/precision:	0.0013150419108569622
losses_test/total:	3.5404112339019775
calibration_test/ece:	0.030565181747078896
calibration_test/brier:	0.5469825863838196
accuracy_test/task:	58.09
accuracy_test/concepts:	84.4443588256836
map_test/concepts:	0.8647046210244298

Epoch 119
losses_train/task:	1.042913556098938
losses_train/concepts:	15.500109672546387
losses_train/precision:	0.001297951559536159
losses_train/total:	2.5930542945861816
losses_test/task:	1.215624451637268
losses_test/concepts:	23.24607276916504
losses_test/precision:	0.001249767723493278
losses_test/total:	3.5403547286987305
calibration_test/ece:	0.027320239692926407
calibration_test/brier:	0.5463144183158875
accuracy_test/task:	58.37
accuracy_test/concepts:	84.47483825683594
map_test/concepts:	0.8649854772957042

Epoch 120
losses_train/task:	1.0420889854431152
losses_train/concepts:	15.473498344421387
losses_train/precision:	0.001296806032769382
losses_train/total:	2.589568614959717
losses_test/task:	1.2161864042282104
losses_test/concepts:	23.247190475463867
losses_test/precision:	0.0013139524962753057
losses_test/total:	3.54103684425354
calibration_test/ece:	0.029315581545233727
calibration_test/brier:	0.5455198287963867
accuracy_test/task:	58.19
accuracy_test/concepts:	84.45314025878906
map_test/concepts:	0.8647453832672909

Epoch 121
losses_train/task:	1.0429253578186035
losses_train/concepts:	15.481568336486816
losses_train/precision:	0.0012948799412697554
losses_train/total:	2.5912113189697266
losses_test/task:	1.2132623195648193
losses_test/concepts:	23.2454833984375
losses_test/precision:	0.0012932424433529377
losses_test/total:	3.537938356399536
calibration_test/ece:	0.026046590879559517
calibration_test/brier:	0.5439056158065796
accuracy_test/task:	58.58
accuracy_test/concepts:	84.45516967773438
map_test/concepts:	0.8648039589170367

Epoch 122
losses_train/task:	1.0405653715133667
losses_train/concepts:	15.468408584594727
losses_train/precision:	0.0013059629127383232
losses_train/total:	2.587535858154297
losses_test/task:	1.2120447158813477
losses_test/concepts:	23.244474411010742
losses_test/precision:	0.001271443790756166
losses_test/total:	3.53661847114563
calibration_test/ece:	0.024961251765489578
calibration_test/brier:	0.5435293316841125
accuracy_test/task:	58.75
accuracy_test/concepts:	84.44514465332031
map_test/concepts:	0.8645867176819593

Epoch 123
losses_train/task:	1.0413566827774048
losses_train/concepts:	15.474523544311523
losses_train/precision:	0.001300166710279882
losses_train/total:	2.5889387130737305
losses_test/task:	1.2154786586761475
losses_test/concepts:	23.241586685180664
losses_test/precision:	0.001363240065984428
losses_test/total:	3.53977370262146
calibration_test/ece:	0.027501417323946953
calibration_test/brier:	0.5455006957054138
accuracy_test/task:	58.48
accuracy_test/concepts:	84.4621810913086
map_test/concepts:	0.8647924060933292

Epoch 124
losses_train/task:	1.0492852926254272
losses_train/concepts:	15.471429824829102
losses_train/precision:	0.0013016975717619061
losses_train/total:	2.596558094024658
losses_test/task:	1.2161250114440918
losses_test/concepts:	23.234153747558594
losses_test/precision:	0.001303173485212028
losses_test/total:	3.539670944213867
calibration_test/ece:	0.025523988530039787
calibration_test/brier:	0.5455450415611267
accuracy_test/task:	58.56
accuracy_test/concepts:	84.46529388427734
map_test/concepts:	0.8647351968102157

Epoch 125
losses_train/task:	1.040205955505371
losses_train/concepts:	15.456745147705078
losses_train/precision:	0.0013025769731029868
losses_train/total:	2.5860111713409424
losses_test/task:	1.2151285409927368
losses_test/concepts:	23.267868041992188
losses_test/precision:	0.001265267375856638
losses_test/total:	3.5420424938201904
calibration_test/ece:	0.029738014563918114
calibration_test/brier:	0.5452165603637695
accuracy_test/task:	58.38
accuracy_test/concepts:	84.44281005859375
map_test/concepts:	0.86463040439412

Epoch 126
losses_train/task:	1.0427874326705933
losses_train/concepts:	15.44433879852295
losses_train/precision:	0.0013055034214630723
losses_train/total:	2.587352752685547
losses_test/task:	1.219452142715454
losses_test/concepts:	23.273958206176758
losses_test/precision:	0.00131940096616745
losses_test/total:	3.546980619430542
calibration_test/ece:	0.030840087682008743
calibration_test/brier:	0.5471519827842712
accuracy_test/task:	58.11
accuracy_test/concepts:	84.44404602050781
map_test/concepts:	0.8645479767583311

Epoch 127
losses_train/task:	1.0395753383636475
losses_train/concepts:	15.436701774597168
losses_train/precision:	0.0013104485115036368
losses_train/total:	2.583376407623291
losses_test/task:	1.217358946800232
losses_test/concepts:	23.246912002563477
losses_test/precision:	0.0013030527625232935
losses_test/total:	3.5421807765960693
calibration_test/ece:	0.031065724790096283
calibration_test/brier:	0.5474481582641602
accuracy_test/task:	58.11
accuracy_test/concepts:	84.43610382080078
map_test/concepts:	0.8646895416313782

Epoch 128
losses_train/task:	1.0406982898712158
losses_train/concepts:	15.423545837402344
losses_train/precision:	0.0013091606087982655
losses_train/total:	2.583183526992798
losses_test/task:	1.2109440565109253
losses_test/concepts:	23.2979736328125
losses_test/precision:	0.0012933633988723159
losses_test/total:	3.540870428085327
calibration_test/ece:	0.02861999161541462
calibration_test/brier:	0.5446109771728516
accuracy_test/task:	58.42
accuracy_test/concepts:	84.44390869140625
map_test/concepts:	0.8646676298230886

Epoch 129
losses_train/task:	1.0400660037994385
losses_train/concepts:	15.413793563842773
losses_train/precision:	0.0013034796575084329
losses_train/total:	2.581575393676758
losses_test/task:	1.2193818092346191
losses_test/concepts:	23.3037109375
losses_test/precision:	0.0013209747849032283
losses_test/total:	3.5498855113983154
calibration_test/ece:	0.031003087759017944
calibration_test/brier:	0.5463741421699524
accuracy_test/task:	58.16
accuracy_test/concepts:	84.44735717773438
map_test/concepts:	0.8646018347935751

Epoch 130
losses_train/task:	1.0457539558410645
losses_train/concepts:	15.403382301330566
losses_train/precision:	0.0013116422342136502
losses_train/total:	2.586223840713501
losses_test/task:	1.2147345542907715
losses_test/concepts:	23.285741806030273
losses_test/precision:	0.0013277584221214056
losses_test/total:	3.5434412956237793
calibration_test/ece:	0.03118293732404709
calibration_test/brier:	0.5465823411941528
accuracy_test/task:	58.17
accuracy_test/concepts:	84.44064331054688
map_test/concepts:	0.8647260594880208

Epoch 131
losses_train/task:	1.0422608852386475
losses_train/concepts:	15.428825378417969
losses_train/precision:	0.0013114865869283676
losses_train/total:	2.5852744579315186
losses_test/task:	1.2118594646453857
losses_test/concepts:	23.271512985229492
losses_test/precision:	0.0012673282762989402
losses_test/total:	3.539137601852417
calibration_test/ece:	0.029523488134145737
calibration_test/brier:	0.544599711894989
accuracy_test/task:	58.32
accuracy_test/concepts:	84.48014831542969
map_test/concepts:	0.8647894284222275

Epoch 132
losses_train/task:	1.0439380407333374
losses_train/concepts:	15.387165069580078
losses_train/precision:	0.0013164931442588568
losses_train/total:	2.5827853679656982
losses_test/task:	1.2120226621627808
losses_test/concepts:	23.2569522857666
losses_test/precision:	0.001277742674574256
losses_test/total:	3.537846565246582
calibration_test/ece:	0.03189445286989212
calibration_test/brier:	0.5457738637924194
accuracy_test/task:	58.22
accuracy_test/concepts:	84.45625305175781
map_test/concepts:	0.8648423339473084

Epoch 133
losses_train/task:	1.039082407951355
losses_train/concepts:	15.393531799316406
losses_train/precision:	0.0013202562695369124
losses_train/total:	2.578568696975708
losses_test/task:	1.209354043006897
losses_test/concepts:	23.269750595092773
losses_test/precision:	0.0013500383356586099
losses_test/total:	3.5364646911621094
calibration_test/ece:	0.03262358903884888
calibration_test/brier:	0.5431739687919617
accuracy_test/task:	58.23
accuracy_test/concepts:	84.43657684326172
map_test/concepts:	0.8647410363191739

Epoch 134
losses_train/task:	1.0437426567077637
losses_train/concepts:	15.388290405273438
losses_train/precision:	0.0013147698482498527
losses_train/total:	2.582702875137329
losses_test/task:	1.2111434936523438
losses_test/concepts:	23.328929901123047
losses_test/precision:	0.0013173428596928716
losses_test/total:	3.544168710708618
calibration_test/ece:	0.026903552934527397
calibration_test/brier:	0.5436261892318726
accuracy_test/task:	58.66
accuracy_test/concepts:	84.44514465332031
map_test/concepts:	0.8647099022055045

Epoch 135
losses_train/task:	1.042928695678711
losses_train/concepts:	15.370943069458008
losses_train/precision:	0.00132082961499691
losses_train/total:	2.580153703689575
losses_test/task:	1.214921474456787
losses_test/concepts:	23.32638168334961
losses_test/precision:	0.001302929944358766
losses_test/total:	3.5476901531219482
calibration_test/ece:	0.027347510680556297
calibration_test/brier:	0.5454942584037781
accuracy_test/task:	58.33
accuracy_test/concepts:	84.42562866210938
map_test/concepts:	0.8644593679346144

Epoch 136
losses_train/task:	1.0463846921920776
losses_train/concepts:	15.376167297363281
losses_train/precision:	0.0013243694556877017
losses_train/total:	2.5841338634490967
losses_test/task:	1.2158125638961792
losses_test/concepts:	23.312997817993164
losses_test/precision:	0.0013023248175159097
losses_test/total:	3.5472424030303955
calibration_test/ece:	0.028833476826548576
calibration_test/brier:	0.5453156232833862
accuracy_test/task:	58.39
accuracy_test/concepts:	84.42062377929688
map_test/concepts:	0.8645754827884957

Epoch 137
losses_train/task:	1.042563796043396
losses_train/concepts:	15.361001014709473
losses_train/precision:	0.0013246852904558182
losses_train/total:	2.57879638671875
losses_test/task:	1.2087664604187012
losses_test/concepts:	23.305482864379883
losses_test/precision:	0.0013128611026331782
losses_test/total:	3.5394458770751953
calibration_test/ece:	0.031641408801078796
calibration_test/brier:	0.5438548922538757
accuracy_test/task:	58.21
accuracy_test/concepts:	84.44953155517578
map_test/concepts:	0.8646116356831044

Epoch 138
losses_train/task:	1.04057776927948
losses_train/concepts:	15.37671184539795
losses_train/precision:	0.0013229299802333117
losses_train/total:	2.578381061553955
losses_test/task:	1.2100105285644531
losses_test/concepts:	23.33530044555664
losses_test/precision:	0.0012969971867278218
losses_test/total:	3.5436699390411377
calibration_test/ece:	0.02776547148823738
calibration_test/brier:	0.5432615876197815
accuracy_test/task:	58.57
accuracy_test/concepts:	84.4425048828125
map_test/concepts:	0.8645822596736252

Epoch 139
losses_train/task:	1.0412445068359375
losses_train/concepts:	15.364007949829102
losses_train/precision:	0.0013205769937485456
losses_train/total:	2.577777862548828
losses_test/task:	1.2110767364501953
losses_test/concepts:	23.33458137512207
losses_test/precision:	0.00130414217710495
losses_test/total:	3.544665813446045
calibration_test/ece:	0.03134411945939064
calibration_test/brier:	0.5449523329734802
accuracy_test/task:	58.24
accuracy_test/concepts:	84.4418716430664
map_test/concepts:	0.8646807607728988

Epoch 140
losses_train/task:	1.0380094051361084
losses_train/concepts:	15.356436729431152
losses_train/precision:	0.0013371817767620087
losses_train/total:	2.5737855434417725
losses_test/task:	1.2135779857635498
losses_test/concepts:	23.327177047729492
losses_test/precision:	0.0013135889312252402
losses_test/total:	3.5464277267456055
calibration_test/ece:	0.030593907460570335
calibration_test/brier:	0.544599711894989
accuracy_test/task:	58.32
accuracy_test/concepts:	84.45062255859375
map_test/concepts:	0.8647369025275111

Epoch 141
losses_train/task:	1.0492922067642212
losses_train/concepts:	15.353925704956055
losses_train/precision:	0.0013397412840276957
losses_train/total:	2.584817886352539
losses_test/task:	1.212911605834961
losses_test/concepts:	23.363988876342773
losses_test/precision:	0.0013370814267545938
losses_test/total:	3.5494439601898193
calibration_test/ece:	0.030418090522289276
calibration_test/brier:	0.5445827841758728
accuracy_test/task:	58.3
accuracy_test/concepts:	84.39203643798828
map_test/concepts:	0.8645147368079051

Epoch 142
losses_train/task:	1.0453728437423706
losses_train/concepts:	15.355719566345215
losses_train/precision:	0.0013344413600862026
losses_train/total:	2.581077814102173
losses_test/task:	1.216544508934021
losses_test/concepts:	23.37894058227539
losses_test/precision:	0.001315161818638444
losses_test/total:	3.554570198059082
calibration_test/ece:	0.025852149352431297
calibration_test/brier:	0.54574054479599
accuracy_test/task:	58.51
accuracy_test/concepts:	84.443603515625
map_test/concepts:	0.8647182025015354

Epoch 143
losses_train/task:	1.040063738822937
losses_train/concepts:	15.322307586669922
losses_train/precision:	0.0013426055666059256
losses_train/total:	2.572429895401001
losses_test/task:	1.2107298374176025
losses_test/concepts:	23.34754180908203
losses_test/precision:	0.001328967628069222
losses_test/total:	3.545616626739502
calibration_test/ece:	0.02900172583758831
calibration_test/brier:	0.5432016849517822
accuracy_test/task:	58.47
accuracy_test/concepts:	84.4000015258789
map_test/concepts:	0.8644657423719764

Epoch 144
losses_train/task:	1.0423105955123901
losses_train/concepts:	15.319426536560059
losses_train/precision:	0.0013468092074617743
losses_train/total:	2.574387788772583
losses_test/task:	1.211922287940979
losses_test/concepts:	23.36125373840332
losses_test/precision:	0.0013896392192691565
losses_test/total:	3.5481865406036377
calibration_test/ece:	0.029969582334160805
calibration_test/brier:	0.5446341037750244
accuracy_test/task:	58.45
accuracy_test/concepts:	84.4214096069336
map_test/concepts:	0.8645793353207409

Epoch 145
losses_train/task:	1.0437848567962646
losses_train/concepts:	15.327677726745605
losses_train/precision:	0.0013431544648483396
losses_train/total:	2.5766870975494385
losses_test/task:	1.2138135433197021
losses_test/concepts:	23.377050399780273
losses_test/precision:	0.0013244879664853215
losses_test/total:	3.5516510009765625
calibration_test/ece:	0.030042577534914017
calibration_test/brier:	0.5447964072227478
accuracy_test/task:	58.42
accuracy_test/concepts:	84.42439270019531
map_test/concepts:	0.864390603499487

Epoch 146
losses_train/task:	1.0352861881256104
losses_train/concepts:	15.320534706115723
losses_train/precision:	0.0013401808682829142
losses_train/total:	2.567472457885742
losses_test/task:	1.2146246433258057
losses_test/concepts:	23.345247268676758
losses_test/precision:	0.0013891549315303564
losses_test/total:	3.549287796020508
calibration_test/ece:	0.03032767027616501
calibration_test/brier:	0.5451698899269104
accuracy_test/task:	58.44
accuracy_test/concepts:	84.41204071044922
map_test/concepts:	0.8646569509292021

Epoch 147
losses_train/task:	1.0419564247131348
losses_train/concepts:	15.302285194396973
losses_train/precision:	0.0013440982438623905
losses_train/total:	2.5723190307617188
losses_test/task:	1.211849331855774
losses_test/concepts:	23.340492248535156
losses_test/precision:	0.0013117715716362
losses_test/total:	3.546029567718506
calibration_test/ece:	0.029480144381523132
calibration_test/brier:	0.5430581569671631
accuracy_test/task:	58.69
accuracy_test/concepts:	84.41046905517578
map_test/concepts:	0.8644880310166627

Epoch 148
losses_train/task:	1.039697289466858
losses_train/concepts:	15.30196475982666
losses_train/precision:	0.0013502086512744427
losses_train/total:	2.5700292587280273
losses_test/task:	1.2149057388305664
losses_test/concepts:	23.36579704284668
losses_test/precision:	0.0014222171157598495
losses_test/total:	3.5516281127929688
calibration_test/ece:	0.03215955197811127
calibration_test/brier:	0.5449868440628052
accuracy_test/task:	58.35
accuracy_test/concepts:	84.3926773071289
map_test/concepts:	0.864651626907289

Epoch 149
losses_train/task:	1.0377687215805054
losses_train/concepts:	15.306936264038086
losses_train/precision:	0.0013472377322614193
losses_train/total:	2.568596124649048
losses_test/task:	1.2109557390213013
losses_test/concepts:	23.334184646606445
losses_test/precision:	0.0013620277168229222
losses_test/total:	3.54451060295105
calibration_test/ece:	0.02867371216416359
calibration_test/brier:	0.5436447858810425
accuracy_test/task:	58.56
accuracy_test/concepts:	84.38860321044922
map_test/concepts:	0.8645172343822196

Epoch 150
losses_train/task:	1.0374985933303833
losses_train/concepts:	15.311553955078125
losses_train/precision:	0.0013537878403440118
losses_train/total:	2.568788528442383
losses_test/task:	1.2125166654586792
losses_test/concepts:	23.390371322631836
losses_test/precision:	0.0013476167805492878
losses_test/total:	3.5516886711120605
calibration_test/ece:	0.029733510687947273
calibration_test/brier:	0.544336199760437
accuracy_test/task:	58.52
accuracy_test/concepts:	84.41093444824219
map_test/concepts:	0.8646488796221092

Epoch 151
losses_train/task:	1.0401010513305664
losses_train/concepts:	15.280905723571777
losses_train/precision:	0.0013561223167926073
losses_train/total:	2.568326234817505
losses_test/task:	1.2121754884719849
losses_test/concepts:	23.35444450378418
losses_test/precision:	0.0013439857866615057
losses_test/total:	3.5477538108825684
calibration_test/ece:	0.029346808791160583
calibration_test/brier:	0.5430720448493958
accuracy_test/task:	58.7
accuracy_test/concepts:	84.4181137084961
map_test/concepts:	0.8645289771957323

Epoch 152
losses_train/task:	1.0389012098312378
losses_train/concepts:	15.29341983795166
losses_train/precision:	0.0013572293100878596
losses_train/total:	2.568378210067749
losses_test/task:	1.2160884141921997
losses_test/concepts:	23.360992431640625
losses_test/precision:	0.001355851418338716
losses_test/total:	3.5523250102996826
calibration_test/ece:	0.03065710887312889
calibration_test/brier:	0.5445213913917542
accuracy_test/task:	58.56
accuracy_test/concepts:	84.4156265258789
map_test/concepts:	0.8646387436892837

Epoch 153
losses_train/task:	1.0408427715301514
losses_train/concepts:	15.275948524475098
losses_train/precision:	0.0013513383455574512
losses_train/total:	2.5685739517211914
losses_test/task:	1.2131904363632202
losses_test/concepts:	23.376806259155273
losses_test/precision:	0.0013217026134952903
losses_test/total:	3.5510034561157227
calibration_test/ece:	0.028012024238705635
calibration_test/brier:	0.5434651374816895
accuracy_test/task:	58.63
accuracy_test/concepts:	84.41045379638672
map_test/concepts:	0.8644696933915839

Epoch 154
losses_train/task:	1.0399770736694336
losses_train/concepts:	15.277527809143066
losses_train/precision:	0.001357117434963584
losses_train/total:	2.5678658485412598
losses_test/task:	1.213034987449646
losses_test/concepts:	23.427471160888672
losses_test/precision:	0.0013869762187823653
losses_test/total:	3.555920362472534
calibration_test/ece:	0.02779545448720455
calibration_test/brier:	0.5429092049598694
accuracy_test/task:	58.63
accuracy_test/concepts:	84.40280151367188
map_test/concepts:	0.8644720390439034

Epoch 155
losses_train/task:	1.0389008522033691
losses_train/concepts:	15.264419555664062
losses_train/precision:	0.0013532895827665925
losses_train/total:	2.565478563308716
losses_test/task:	1.2112517356872559
losses_test/concepts:	23.424760818481445
losses_test/precision:	0.0013603339903056622
losses_test/total:	3.553863525390625
calibration_test/ece:	0.028401346877217293
calibration_test/brier:	0.5425075888633728
accuracy_test/task:	58.55
accuracy_test/concepts:	84.40406036376953
map_test/concepts:	0.8642423270503059

Epoch 156
losses_train/task:	1.0405913591384888
losses_train/concepts:	15.269134521484375
losses_train/precision:	0.0013543872628360987
losses_train/total:	2.567641019821167
losses_test/task:	1.2089943885803223
losses_test/concepts:	23.365392684936523
losses_test/precision:	0.0013640880351886153
losses_test/total:	3.5456714630126953
calibration_test/ece:	0.02871832065284252
calibration_test/brier:	0.5419718623161316
accuracy_test/task:	58.76
accuracy_test/concepts:	84.37437438964844
map_test/concepts:	0.864197080838494

Epoch 157
losses_train/task:	1.0425820350646973
losses_train/concepts:	15.257638931274414
losses_train/precision:	0.001361693488433957
losses_train/total:	2.5684828758239746
losses_test/task:	1.2143936157226562
losses_test/concepts:	23.47034454345703
losses_test/precision:	0.0013052317081019282
losses_test/total:	3.5615575313568115
calibration_test/ece:	0.02799069695174694
calibration_test/brier:	0.5445132851600647
accuracy_test/task:	58.4
accuracy_test/concepts:	84.39828491210938
map_test/concepts:	0.8644188452744856

Epoch 158
losses_train/task:	1.038588285446167
losses_train/concepts:	15.266507148742676
losses_train/precision:	0.0013636399526149035
losses_train/total:	2.565373420715332
losses_test/task:	1.2120941877365112
losses_test/concepts:	23.386213302612305
losses_test/precision:	0.0014160408172756433
losses_test/total:	3.550856590270996
calibration_test/ece:	0.027823349460959435
calibration_test/brier:	0.5426669120788574
accuracy_test/task:	58.81
accuracy_test/concepts:	84.4073257446289
map_test/concepts:	0.8643493067938834

Epoch 159
losses_train/task:	1.040594458580017
losses_train/concepts:	15.239801406860352
losses_train/precision:	0.001364455558359623
losses_train/total:	2.5647084712982178
losses_test/task:	1.2089077234268188
losses_test/concepts:	23.384679794311523
losses_test/precision:	0.0013512516161426902
losses_test/total:	3.547510862350464
calibration_test/ece:	0.027536101639270782
calibration_test/brier:	0.5412465929985046
accuracy_test/task:	58.91
accuracy_test/concepts:	84.39734649658203
map_test/concepts:	0.8644380538025871

Epoch 160
losses_train/task:	1.035262942314148
losses_train/concepts:	15.247699737548828
losses_train/precision:	0.001362442271783948
losses_train/total:	2.5601696968078613
losses_test/task:	1.2067828178405762
losses_test/concepts:	23.426593780517578
losses_test/precision:	0.0013749876525253057
losses_test/total:	3.5495803356170654
calibration_test/ece:	0.027177058160305023
calibration_test/brier:	0.5418083071708679
accuracy_test/task:	58.68
accuracy_test/concepts:	84.42577362060547
map_test/concepts:	0.8645876080263406

Epoch 161
losses_train/task:	1.0325040817260742
losses_train/concepts:	15.2754487991333
losses_train/precision:	0.00016693220823071897
losses_train/total:	2.560065746307373
losses_test/task:	1.2061532735824585
losses_test/concepts:	23.26580047607422
losses_test/precision:	0.0001395090075675398
losses_test/total:	3.532748222351074
calibration_test/ece:	0.031128553673624992
calibration_test/brier:	0.5384013652801514
accuracy_test/task:	58.97
accuracy_test/concepts:	84.39952850341797
map_test/concepts:	0.8644934550393373

Epoch 162
losses_train/task:	1.0315619707107544
losses_train/concepts:	15.208823204040527
losses_train/precision:	0.0001356694265268743
losses_train/total:	2.5524566173553467
losses_test/task:	1.206864356994629
losses_test/concepts:	23.26421546936035
losses_test/precision:	0.00013829792442265898
losses_test/total:	3.5333001613616943
calibration_test/ece:	0.029301470145583153
calibration_test/brier:	0.538581907749176
accuracy_test/task:	58.99
accuracy_test/concepts:	84.40904998779297
map_test/concepts:	0.8645198596641421

Epoch 163
losses_train/task:	1.026823878288269
losses_train/concepts:	15.218253135681152
losses_train/precision:	0.0001364140334771946
losses_train/total:	2.5486626625061035
losses_test/task:	1.2100768089294434
losses_test/concepts:	23.248947143554688
losses_test/precision:	0.00013575484626926482
losses_test/total:	3.5349855422973633
calibration_test/ece:	0.029352456331253052
calibration_test/brier:	0.5396498441696167
accuracy_test/task:	59.05
accuracy_test/concepts:	84.39373016357422
map_test/concepts:	0.8645013137720525

Epoch 164
losses_train/task:	1.035662055015564
losses_train/concepts:	15.231792449951172
losses_train/precision:	0.0001368189259665087
losses_train/total:	2.55885648727417
losses_test/task:	1.212357521057129
losses_test/concepts:	23.250398635864258
losses_test/precision:	0.0001367236691294238
losses_test/total:	3.5374112129211426
calibration_test/ece:	0.030262567102909088
calibration_test/brier:	0.5402560830116272
accuracy_test/task:	58.93
accuracy_test/concepts:	84.40389251708984
map_test/concepts:	0.8645188950467855

Epoch 165
losses_train/task:	1.0313485860824585
losses_train/concepts:	15.225132942199707
losses_train/precision:	0.0001352782128378749
losses_train/total:	2.553877115249634
losses_test/task:	1.2115893363952637
losses_test/concepts:	23.25408935546875
losses_test/precision:	0.00013805562048219144
losses_test/total:	3.5370121002197266
calibration_test/ece:	0.02973080426454544
calibration_test/brier:	0.5400561094284058
accuracy_test/task:	58.98
accuracy_test/concepts:	84.40984344482422
map_test/concepts:	0.8645771791925654

Epoch 166
losses_train/task:	1.032686471939087
losses_train/concepts:	15.21744441986084
losses_train/precision:	0.0001353924599243328
losses_train/total:	2.554443359375
losses_test/task:	1.2096529006958008
losses_test/concepts:	23.250991821289062
losses_test/precision:	0.00013696587120648474
losses_test/total:	3.53476619720459
calibration_test/ece:	0.030263623222708702
calibration_test/brier:	0.5393815040588379
accuracy_test/task:	58.97
accuracy_test/concepts:	84.40702056884766
map_test/concepts:	0.8645397229120135

Epoch 167
losses_train/task:	1.03617525100708
losses_train/concepts:	15.226364135742188
losses_train/precision:	0.00013633670459967107
losses_train/total:	2.5588252544403076
losses_test/task:	1.2089805603027344
losses_test/concepts:	23.25305938720703
losses_test/precision:	0.00013890335685573518
losses_test/total:	3.5343008041381836
calibration_test/ece:	0.02861691080033779
calibration_test/brier:	0.5392889380455017
accuracy_test/task:	59.1
accuracy_test/concepts:	84.40685272216797
map_test/concepts:	0.864543245988898

Epoch 168
losses_train/task:	1.0352027416229248
losses_train/concepts:	15.226743698120117
losses_train/precision:	0.00013560580555349588
losses_train/total:	2.557889938354492
losses_test/task:	1.209230899810791
losses_test/concepts:	23.2515926361084
losses_test/precision:	0.00013878227036911994
losses_test/total:	3.5344033241271973
calibration_test/ece:	0.028273824602365494
calibration_test/brier:	0.539449155330658
accuracy_test/task:	59.14
accuracy_test/concepts:	84.40779876708984
map_test/concepts:	0.864557009190321

Epoch 169
losses_train/task:	1.0353623628616333
losses_train/concepts:	15.22575569152832
losses_train/precision:	0.00013585257693193853
losses_train/total:	2.5579538345336914
losses_test/task:	1.2088727951049805
losses_test/concepts:	23.247385025024414
losses_test/precision:	0.00013854009739588946
losses_test/total:	3.5336241722106934
calibration_test/ece:	0.029334528371691704
calibration_test/brier:	0.5396000742912292
accuracy_test/task:	59.11
accuracy_test/concepts:	84.40045166015625
map_test/concepts:	0.8645327326375991

Epoch 170
losses_train/task:	1.0370092391967773
losses_train/concepts:	15.238027572631836
losses_train/precision:	0.00013554934412240982
losses_train/total:	2.5608255863189697
losses_test/task:	1.2096145153045654
losses_test/concepts:	23.237775802612305
losses_test/precision:	0.00013418038724921644
losses_test/total:	3.533404588699341
calibration_test/ece:	0.028386905789375305
calibration_test/brier:	0.5393610000610352
accuracy_test/task:	59.18
accuracy_test/concepts:	84.39561462402344
map_test/concepts:	0.8644952320028096

Epoch 171
losses_train/task:	1.0344291925430298
losses_train/concepts:	15.202041625976562
losses_train/precision:	0.00013568118447437882
losses_train/total:	2.5546469688415527
losses_test/task:	1.2088367938995361
losses_test/concepts:	23.250892639160156
losses_test/precision:	0.00014084110443945974
losses_test/total:	3.533940553665161
calibration_test/ece:	0.02881438285112381
calibration_test/brier:	0.5392548441886902
accuracy_test/task:	59.1
accuracy_test/concepts:	84.40293884277344
map_test/concepts:	0.8645465188892558

Epoch 172
losses_train/task:	1.0367240905761719
losses_train/concepts:	15.213226318359375
losses_train/precision:	0.00013618332741316408
losses_train/total:	2.5580599308013916
losses_test/task:	1.2109274864196777
losses_test/concepts:	23.25416374206543
losses_test/precision:	0.00013841901090927422
losses_test/total:	3.536358594894409
calibration_test/ece:	0.028737351298332214
calibration_test/brier:	0.5397980213165283
accuracy_test/task:	59.07
accuracy_test/concepts:	84.40623474121094
map_test/concepts:	0.8645805064588785

Epoch 173
losses_train/task:	1.0344871282577515
losses_train/concepts:	15.196939468383789
losses_train/precision:	0.0001355436397716403
losses_train/total:	2.5541961193084717
losses_test/task:	1.2102406024932861
losses_test/concepts:	23.25139045715332
losses_test/precision:	0.0001318796130362898
losses_test/total:	3.5353922843933105
calibration_test/ece:	0.029474765062332153
calibration_test/brier:	0.5398807525634766
accuracy_test/task:	58.99
accuracy_test/concepts:	84.40703582763672
map_test/concepts:	0.8646087730303407

Epoch 174
losses_train/task:	1.032008171081543
losses_train/concepts:	15.234050750732422
losses_train/precision:	0.0001358371664537117
losses_train/total:	2.5554254055023193
losses_test/task:	1.2095868587493896
losses_test/concepts:	23.237333297729492
losses_test/precision:	0.00013708694314118475
losses_test/total:	3.533334255218506
calibration_test/ece:	0.028571438044309616
calibration_test/brier:	0.5388225317001343
accuracy_test/task:	59.16
accuracy_test/concepts:	84.404052734375
map_test/concepts:	0.864563311683014

Epoch 175
losses_train/task:	1.0388060808181763
losses_train/concepts:	15.211823463439941
losses_train/precision:	0.00013555145415011793
losses_train/total:	2.560002088546753
losses_test/task:	1.2103090286254883
losses_test/concepts:	23.25619125366211
losses_test/precision:	0.00013805562048219144
losses_test/total:	3.5359416007995605
calibration_test/ece:	0.027039388194680214
calibration_test/brier:	0.5393751859664917
accuracy_test/task:	59.2
accuracy_test/concepts:	84.4123306274414
map_test/concepts:	0.8645381465321407

Epoch 176
losses_train/task:	1.0342084169387817
losses_train/concepts:	15.22634220123291
losses_train/precision:	0.00013626713189296424
losses_train/total:	2.556856632232666
losses_test/task:	1.2087830305099487
losses_test/concepts:	23.25043296813965
losses_test/precision:	0.00013575484626926482
losses_test/total:	3.5338399410247803
calibration_test/ece:	0.028604675084352493
calibration_test/brier:	0.5389642119407654
accuracy_test/task:	59.16
accuracy_test/concepts:	84.4095230102539
map_test/concepts:	0.8645915996748954

Epoch 177
losses_train/task:	1.0321686267852783
losses_train/concepts:	15.222126007080078
losses_train/precision:	0.00013614697672892362
losses_train/total:	2.5543951988220215
losses_test/task:	1.2112598419189453
losses_test/concepts:	23.25335121154785
losses_test/precision:	0.0001378134620608762
losses_test/total:	3.5366079807281494
calibration_test/ece:	0.030486060306429863
calibration_test/brier:	0.5401434898376465
accuracy_test/task:	58.9
accuracy_test/concepts:	84.41093444824219
map_test/concepts:	0.8645372723694891

Epoch 178
losses_train/task:	1.0320837497711182
losses_train/concepts:	15.203130722045898
losses_train/precision:	0.00013643207785207778
losses_train/total:	2.552410840988159
losses_test/task:	1.2114167213439941
losses_test/concepts:	23.26397705078125
losses_test/precision:	0.0001427785900887102
losses_test/total:	3.5378284454345703
calibration_test/ece:	0.03059016913175583
calibration_test/brier:	0.540884792804718
accuracy_test/task:	58.91
accuracy_test/concepts:	84.4164047241211
map_test/concepts:	0.8645365175325423

Epoch 179
losses_train/task:	1.0389419794082642
losses_train/concepts:	15.218127250671387
losses_train/precision:	0.0001365366915706545
losses_train/total:	2.5607686042785645
losses_test/task:	1.210017442703247
losses_test/concepts:	23.25181770324707
losses_test/precision:	0.00013321170990820974
losses_test/total:	3.535212278366089
calibration_test/ece:	0.029366567730903625
calibration_test/brier:	0.5400505661964417
accuracy_test/task:	59.06
accuracy_test/concepts:	84.40575408935547
map_test/concepts:	0.8645982501329854

Epoch 180
losses_train/task:	1.0350719690322876
losses_train/concepts:	15.206714630126953
losses_train/precision:	0.00013624757411889732
losses_train/total:	2.5557570457458496
losses_test/task:	1.2107820510864258
losses_test/concepts:	23.255294799804688
losses_test/precision:	0.0001311529049417004
losses_test/total:	3.5363245010375977
calibration_test/ece:	0.02853606455028057
calibration_test/brier:	0.5397226810455322
accuracy_test/task:	59.11
accuracy_test/concepts:	84.41702270507812
map_test/concepts:	0.8646103861974552

Epoch 181
losses_train/task:	1.0339438915252686
losses_train/concepts:	15.212189674377441
losses_train/precision:	0.00013582533574663103
losses_train/total:	2.5551743507385254
losses_test/task:	1.2100907564163208
losses_test/concepts:	23.24772834777832
losses_test/precision:	0.00013587591820396483
losses_test/total:	3.5348775386810303
calibration_test/ece:	0.029410775750875473
calibration_test/brier:	0.5396646857261658
accuracy_test/task:	59.05
accuracy_test/concepts:	84.40655517578125
map_test/concepts:	0.8646205354016274

Epoch 182
losses_train/task:	1.0323889255523682
losses_train/concepts:	15.214080810546875
losses_train/precision:	0.00013586319983005524
losses_train/total:	2.5538103580474854
losses_test/task:	1.2102681398391724
losses_test/concepts:	23.250341415405273
losses_test/precision:	0.00013502812362276018
losses_test/total:	3.535315990447998
calibration_test/ece:	0.029150260612368584
calibration_test/brier:	0.5397544503211975
accuracy_test/task:	59.13
accuracy_test/concepts:	84.4045181274414
map_test/concepts:	0.8645730781136081

Epoch 183
losses_train/task:	1.0365575551986694
losses_train/concepts:	15.209559440612793
losses_train/precision:	0.00013648979074787349
losses_train/total:	2.5575270652770996
losses_test/task:	1.2097939252853394
losses_test/concepts:	23.25567054748535
losses_test/precision:	0.00013502812362276018
losses_test/total:	3.535374164581299
calibration_test/ece:	0.029035529121756554
calibration_test/brier:	0.5401059985160828
accuracy_test/task:	59.07
accuracy_test/concepts:	84.39952087402344
map_test/concepts:	0.8645502410363406

Epoch 184
losses_train/task:	1.0328253507614136
losses_train/concepts:	15.183736801147461
losses_train/precision:	0.00013667922758031636
losses_train/total:	2.5512144565582275
losses_test/task:	1.211343765258789
losses_test/concepts:	23.256813049316406
losses_test/precision:	0.00013514921010937542
losses_test/total:	3.537038803100586
calibration_test/ece:	0.030819736421108246
calibration_test/brier:	0.5403208136558533
accuracy_test/task:	58.96
accuracy_test/concepts:	84.4051513671875
map_test/concepts:	0.8645808368455619

Epoch 185
losses_train/task:	1.0364891290664673
losses_train/concepts:	15.220489501953125
losses_train/precision:	0.0001367037184536457
losses_train/total:	2.5585508346557617
losses_test/task:	1.212815284729004
losses_test/concepts:	23.260404586791992
losses_test/precision:	0.000133453868329525
losses_test/total:	3.5388693809509277
calibration_test/ece:	0.030285509303212166
calibration_test/brier:	0.54056316614151
accuracy_test/task:	58.99
accuracy_test/concepts:	84.40421295166016
map_test/concepts:	0.8645588544895872

Epoch 186
losses_train/task:	1.034847378730774
losses_train/concepts:	15.2210054397583
losses_train/precision:	0.0001363659685011953
losses_train/total:	2.5569612979888916
losses_test/task:	1.21083664894104
losses_test/concepts:	23.254356384277344
losses_test/precision:	0.00013987228157930076
losses_test/total:	3.536285877227783
calibration_test/ece:	0.029461797326803207
calibration_test/brier:	0.5399006009101868
accuracy_test/task:	59.08
accuracy_test/concepts:	84.41014099121094
map_test/concepts:	0.8645557928830385

Epoch 187
losses_train/task:	1.037719964981079
losses_train/concepts:	15.210386276245117
losses_train/precision:	0.00013642797421198338
losses_train/total:	2.558771848678589
losses_test/task:	1.211333155632019
losses_test/concepts:	23.255617141723633
losses_test/precision:	0.00013805562048219144
losses_test/total:	3.5369088649749756
calibration_test/ece:	0.028410380706191063
calibration_test/brier:	0.5400612950325012
accuracy_test/task:	59.18
accuracy_test/concepts:	84.4017105102539
map_test/concepts:	0.8645979673601687

Epoch 188
losses_train/task:	1.0382417440414429
losses_train/concepts:	15.20142936706543
losses_train/precision:	0.00013586506247520447
losses_train/total:	2.558398962020874
losses_test/task:	1.2125511169433594
losses_test/concepts:	23.26981544494629
losses_test/precision:	0.00013369602675084025
losses_test/total:	3.5395450592041016
calibration_test/ece:	0.029361514374613762
calibration_test/brier:	0.5408657789230347
accuracy_test/task:	59.0
accuracy_test/concepts:	84.41170501708984
map_test/concepts:	0.8645840302342549

Epoch 189
losses_train/task:	1.033739686012268
losses_train/concepts:	15.218191146850586
losses_train/precision:	0.00013589367154054344
losses_train/total:	2.5555715560913086
losses_test/task:	1.212003231048584
losses_test/concepts:	23.2587833404541
losses_test/precision:	0.00013587591820396483
losses_test/total:	3.5378947257995605
calibration_test/ece:	0.030560782179236412
calibration_test/brier:	0.5412232279777527
accuracy_test/task:	58.98
accuracy_test/concepts:	84.40562438964844
map_test/concepts:	0.8645383686525747

Epoch 190
losses_train/task:	1.0347938537597656
losses_train/concepts:	15.204192161560059
losses_train/precision:	0.00013634176866617054
losses_train/total:	2.555227756500244
losses_test/task:	1.2093290090560913
losses_test/concepts:	23.251171112060547
losses_test/precision:	0.0001356337743345648
losses_test/total:	3.534459352493286
calibration_test/ece:	0.030424166470766068
calibration_test/brier:	0.5393410325050354
accuracy_test/task:	59.07
accuracy_test/concepts:	84.39749145507812
map_test/concepts:	0.8646064328495413

Epoch 191
losses_train/task:	1.0329067707061768
losses_train/concepts:	15.19312572479248
losses_train/precision:	0.0001360625756205991
losses_train/total:	2.5522310733795166
losses_test/task:	1.2106099128723145
losses_test/concepts:	23.263700485229492
losses_test/precision:	0.00013829792442265898
losses_test/total:	3.5369935035705566
calibration_test/ece:	0.03059946373105049
calibration_test/brier:	0.5404634475708008
accuracy_test/task:	58.96
accuracy_test/concepts:	84.40921020507812
map_test/concepts:	0.8645915699889883

Epoch 192
losses_train/task:	1.0302406549453735
losses_train/concepts:	15.198748588562012
losses_train/precision:	0.00013645067519973963
losses_train/total:	2.55012845993042
losses_test/task:	1.2127183675765991
losses_test/concepts:	23.256935119628906
losses_test/precision:	0.00013902444334235042
losses_test/total:	3.5384256839752197
calibration_test/ece:	0.032250501215457916
calibration_test/brier:	0.5412305593490601
accuracy_test/task:	58.84
accuracy_test/concepts:	84.39703369140625
map_test/concepts:	0.8645744514651597

Epoch 193
losses_train/task:	1.027287483215332
losses_train/concepts:	15.190094947814941
losses_train/precision:	0.00013571105955634266
losses_train/total:	2.5463101863861084
losses_test/task:	1.2121760845184326
losses_test/concepts:	23.264081954956055
losses_test/precision:	0.0001310317893512547
losses_test/total:	3.5385982990264893
calibration_test/ece:	0.03059527836740017
calibration_test/brier:	0.5414135456085205
accuracy_test/task:	58.92
accuracy_test/concepts:	84.39811706542969
map_test/concepts:	0.8645876343362033

Epoch 194
losses_train/task:	1.034885048866272
losses_train/concepts:	15.188627243041992
losses_train/precision:	0.0001363718038192019
losses_train/total:	2.5537633895874023
losses_test/task:	1.2123682498931885
losses_test/concepts:	23.27092742919922
losses_test/precision:	0.00013357495481614023
losses_test/total:	3.5394740104675293
calibration_test/ece:	0.02953209914267063
calibration_test/brier:	0.5409539341926575
accuracy_test/task:	59.04
accuracy_test/concepts:	84.4028091430664
map_test/concepts:	0.8645376691129059

Epoch 195
losses_train/task:	1.0302536487579346
losses_train/concepts:	15.181801795959473
losses_train/precision:	0.00013663546997122467
losses_train/total:	2.5484464168548584
losses_test/task:	1.2107784748077393
losses_test/concepts:	23.26485824584961
losses_test/precision:	0.00013514921010937542
losses_test/total:	3.537278652191162
calibration_test/ece:	0.03104924038052559
calibration_test/brier:	0.5405307412147522
accuracy_test/task:	58.99
accuracy_test/concepts:	84.38593292236328
map_test/concepts:	0.8645591642707586

Epoch 196
losses_train/task:	1.0362639427185059
losses_train/concepts:	15.194354057312012
losses_train/precision:	0.00013675497029908001
losses_train/total:	2.555713415145874
losses_test/task:	1.2114548683166504
losses_test/concepts:	23.277883529663086
losses_test/precision:	0.00013611812028102577
losses_test/total:	3.5392568111419678
calibration_test/ece:	0.03093194030225277
calibration_test/brier:	0.541395366191864
accuracy_test/task:	58.88
accuracy_test/concepts:	84.40873718261719
map_test/concepts:	0.8645819346420467

Epoch 197
losses_train/task:	1.0355606079101562
losses_train/concepts:	15.176355361938477
losses_train/precision:	0.00013676428352482617
losses_train/total:	2.5532102584838867
losses_test/task:	1.212212085723877
losses_test/concepts:	23.274614334106445
losses_test/precision:	0.00013151613529771566
losses_test/total:	3.539686918258667
calibration_test/ece:	0.03168749064207077
calibration_test/brier:	0.54129558801651
accuracy_test/task:	58.84
accuracy_test/concepts:	84.40376281738281
map_test/concepts:	0.8645641067996621

Epoch 198
losses_train/task:	1.0329161882400513
losses_train/concepts:	15.191560745239258
losses_train/precision:	0.00013694472727365792
losses_train/total:	2.5520856380462646
losses_test/task:	1.2130892276763916
losses_test/concepts:	23.27177619934082
losses_test/precision:	0.000133453868329525
losses_test/total:	3.5402798652648926
calibration_test/ece:	0.031199509277939796
calibration_test/brier:	0.5412958860397339
accuracy_test/task:	58.91
accuracy_test/concepts:	84.40718078613281
map_test/concepts:	0.8645435618236661

Epoch 199
losses_train/task:	1.028444528579712
losses_train/concepts:	15.198974609375
losses_train/precision:	0.00013642088742926717
losses_train/total:	2.548356056213379
losses_test/task:	1.2099663019180298
losses_test/concepts:	23.259653091430664
losses_test/precision:	0.00013987228157930076
losses_test/total:	3.5359456539154053
calibration_test/ece:	0.030037855729460716
calibration_test/brier:	0.540398359298706
accuracy_test/task:	59.03
accuracy_test/concepts:	84.39794921875
map_test/concepts:	0.8646084201755002

Epoch 200
losses_train/task:	1.035995364189148
losses_train/concepts:	15.181249618530273
losses_train/precision:	0.00013685153680853546
losses_train/total:	2.5541346073150635
losses_test/task:	1.2119401693344116
losses_test/concepts:	23.273603439331055
losses_test/precision:	0.00013660259719472378
losses_test/total:	3.539313793182373
calibration_train/ece:	0.03250667825341225
calibration_train/brier:	0.44582465291023254
accuracy_train/task:	66.70673076923077
calibration_test/ece:	0.031069524586200714
calibration_test/brier:	0.5410711765289307
accuracy_test/task:	58.93
accuracy_train/concepts:	90.72728729248047
map_train/concepts:	0.946156831458211
accuracy_test/concepts:	84.40328216552734
map_test/concepts:	0.8646149975247681
accuracy_test/nuisances_task:	-0.6849368916282171
accuracy_test/nuisances_nontask:	0.0
mutual_inf_test/nuisances_task:	0.1659753066353169
mutual_inf_test/nuisances_nontask:	0.0

epoch_200.pt
groups=0 err_lowconf=41.070 err_random=41.070
groups=1 err_lowconf=41.040 err_random=41.040
groups=2 err_lowconf=40.920 err_random=40.920
groups=3 err_lowconf=40.550 err_random=40.550
groups=4 err_lowconf=40.010 err_random=40.010
groups=5 err_lowconf=39.960 err_random=39.960
groups=6 err_lowconf=39.640 err_random=39.640
groups=7 err_lowconf=39.500 err_random=39.500
groups=8 err_lowconf=38.800 err_random=38.800
groups=9 err_lowconf=38.650 err_random=38.650
groups=10 err_lowconf=36.970 err_random=36.970
groups=11 err_lowconf=35.650 err_random=35.650
groups=12 err_lowconf=34.510 err_random=34.510
groups=13 err_lowconf=33.930 err_random=33.930
groups=14 err_lowconf=33.900 err_random=33.900
groups=15 err_lowconf=33.410 err_random=33.410
groups=16 err_lowconf=32.460 err_random=32.460
groups=17 err_lowconf=32.160 err_random=32.160
groups=18 err_lowconf=31.630 err_random=31.630
groups=19 err_lowconf=31.290 err_random=31.290
groups=20 err_lowconf=30.860 err_random=30.860
groups=21 err_lowconf=30.960 err_random=30.960
groups=22 err_lowconf=30.160 err_random=30.160
groups=23 err_lowconf=30.180 err_random=30.180
groups=24 err_lowconf=29.850 err_random=29.850
groups=25 err_lowconf=29.320 err_random=29.320
groups=26 err_lowconf=29.420 err_random=29.420
groups=27 err_lowconf=29.310 err_random=29.310
groups=28 err_lowconf=28.270 err_random=28.270
groups=29 err_lowconf=27.970 err_random=27.970
groups=30 err_lowconf=27.220 err_random=27.220
groups=31 err_lowconf=27.020 err_random=27.020
groups=32 err_lowconf=26.930 err_random=26.930
groups=33 err_lowconf=26.790 err_random=26.790
groups=34 err_lowconf=26.720 err_random=26.720
groups=35 err_lowconf=26.420 err_random=26.420
groups=36 err_lowconf=26.480 err_random=26.480
groups=37 err_lowconf=26.360 err_random=26.360
groups=38 err_lowconf=26.310 err_random=26.310
groups=39 err_lowconf=26.220 err_random=26.220
groups=40 err_lowconf=26.280 err_random=26.280
groups=41 err_lowconf=26.320 err_random=26.320
groups=42 err_lowconf=26.250 err_random=26.250
groups=43 err_lowconf=26.220 err_random=26.220
groups=44 err_lowconf=26.130 err_random=26.130
groups=45 err_lowconf=26.060 err_random=26.060
groups=46 err_lowconf=26.150 err_random=26.150
groups=47 err_lowconf=26.110 err_random=26.110
groups=48 err_lowconf=26.030 err_random=26.030
groups=49 err_lowconf=25.950 err_random=25.950
groups=50 err_lowconf=25.950 err_random=25.950
groups=51 err_lowconf=25.910 err_random=25.910
groups=52 err_lowconf=25.950 err_random=25.950
groups=53 err_lowconf=25.990 err_random=25.990
groups=54 err_lowconf=26.000 err_random=26.000
groups=55 err_lowconf=25.960 err_random=25.960
groups=56 err_lowconf=25.960 err_random=25.960
groups=57 err_lowconf=25.760 err_random=25.760
groups=58 err_lowconf=25.760 err_random=25.760
groups=59 err_lowconf=25.720 err_random=25.720
groups=60 err_lowconf=25.720 err_random=25.720
groups=61 err_lowconf=25.710 err_random=25.710
groups=62 err_lowconf=25.700 err_random=25.700
groups=63 err_lowconf=25.700 err_random=25.700
groups=64 err_lowconf=25.700 err_random=25.700
[1;34mwandb[0m:
[1;34mwandb[0m: You can sync this run to the cloud by running:
[1;34mwandb[0m: [1mwandb sync /research/hal-afsharim/minimal_cbm/results/cifar10-shcbm/42/wandb/offline-run-20260726_073938-ctis94ei[0m
[1;34mwandb[0m: Find logs at: [1;35mresults/cifar10-shcbm/42/wandb/offline-run-20260726_073938-ctis94ei/logs[0m
