
===== launch 2026-07-27 15:17:26.805361 gpu1 =====
wandb: Using wandb-core as the SDK backend.  Please refer to https://wandb.me/wandb-core for more information.
wandb: Tracking run with wandb version 0.19.0
wandb: W&B syncing is set to `offline` in this directory.  
wandb: Run `wandb online` or set WANDB_MODE=online to enable cloud syncing.
Epoch 1
losses_train/task:	2.1786932945251465
losses_train/concepts:	26.494129180908203
losses_train/precision:	0.003642710857093334
losses_train/total:	4.828473091125488
losses_test/task:	1.9505611658096313
losses_test/concepts:	23.233291625976562
losses_test/precision:	0.004459174815565348
losses_test/total:	4.274335861206055
calibration_test/ece:	0.12273877114057541
calibration_test/brier:	0.8255580067634583
accuracy_test/task:	31.07
accuracy_test/concepts:	82.97827911376953
map_test/concepts:	0.8081157386477571

Epoch 2
losses_train/task:	1.877022624015808
losses_train/concepts:	24.658864974975586
losses_train/precision:	0.00456955935806036
losses_train/total:	4.343364238739014
losses_test/task:	1.722111463546753
losses_test/concepts:	22.579750061035156
losses_test/precision:	0.004767926409840584
losses_test/total:	3.9805643558502197
calibration_test/ece:	0.12711940705776215
calibration_test/brier:	0.7618253231048584
accuracy_test/task:	39.35
accuracy_test/concepts:	83.54704284667969
map_test/concepts:	0.8214577821781859

Epoch 3
losses_train/task:	1.7124775648117065
losses_train/concepts:	23.960599899291992
losses_train/precision:	0.0047869496047496796
losses_train/total:	4.109015941619873
losses_test/task:	1.5824867486953735
losses_test/concepts:	22.23918342590332
losses_test/precision:	0.004868300631642342
losses_test/total:	3.806892156600952
calibration_test/ece:	0.10233321785926819
calibration_test/brier:	0.7102041840553284
accuracy_test/task:	44.36
accuracy_test/concepts:	83.78548431396484
map_test/concepts:	0.827974998683203

Epoch 4
losses_train/task:	1.6102628707885742
losses_train/concepts:	23.493144989013672
losses_train/precision:	0.004993521608412266
losses_train/total:	3.960078239440918
losses_test/task:	1.4977775812149048
losses_test/concepts:	22.02275276184082
losses_test/precision:	0.0052382126450538635
losses_test/total:	3.7005767822265625
calibration_test/ece:	0.06612152606248856
calibration_test/brier:	0.6769797801971436
accuracy_test/task:	46.6
accuracy_test/concepts:	83.96048736572266
map_test/concepts:	0.8323201424791478

Epoch 5
losses_train/task:	1.5395472049713135
losses_train/concepts:	23.122594833374023
losses_train/precision:	0.005387464538216591
losses_train/total:	3.852346420288086
losses_test/task:	1.4509445428848267
losses_test/concepts:	21.861961364746094
losses_test/precision:	0.0054919361136853695
losses_test/total:	3.6376900672912598
calibration_test/ece:	0.05251266807317734
calibration_test/brier:	0.6569734215736389
accuracy_test/task:	48.67
accuracy_test/concepts:	84.12141418457031
map_test/concepts:	0.835365253908094

Epoch 6
losses_train/task:	1.4885646104812622
losses_train/concepts:	22.82001304626465
losses_train/precision:	0.005118496250361204
losses_train/total:	3.7710788249969482
losses_test/task:	1.4204237461090088
losses_test/concepts:	21.739023208618164
losses_test/precision:	0.004926474764943123
losses_test/total:	3.594817876815796
calibration_test/ece:	0.038296692073345184
calibration_test/brier:	0.6430805325508118
accuracy_test/task:	49.91
accuracy_test/concepts:	84.26624298095703
map_test/concepts:	0.8378418741631322

Epoch 7
losses_train/task:	1.4518147706985474
losses_train/concepts:	22.553194046020508
losses_train/precision:	0.005160720553249121
losses_train/total:	3.7076499462127686
losses_test/task:	1.3882949352264404
losses_test/concepts:	21.60163116455078
losses_test/precision:	0.005161292385309935
losses_test/total:	3.5489745140075684
calibration_test/ece:	0.03656098619103432
calibration_test/brier:	0.6276934742927551
accuracy_test/task:	51.13
accuracy_test/concepts:	84.35406494140625
map_test/concepts:	0.8400322822853923

Epoch 8
losses_train/task:	1.4151545763015747
losses_train/concepts:	22.294225692749023
losses_train/precision:	0.005395803134888411
losses_train/total:	3.645117998123169
losses_test/task:	1.3697654008865356
losses_test/concepts:	21.546009063720703
losses_test/precision:	0.005675741471350193
losses_test/total:	3.5249340534210205
calibration_test/ece:	0.026355719193816185
calibration_test/brier:	0.6182447075843811
accuracy_test/task:	52.13
accuracy_test/concepts:	84.39376068115234
map_test/concepts:	0.8412336896290071

Epoch 9
losses_train/task:	1.392930507659912
losses_train/concepts:	22.07373809814453
losses_train/precision:	0.005459031090140343
losses_train/total:	3.6008517742156982
losses_test/task:	1.3447999954223633
losses_test/concepts:	21.436643600463867
losses_test/precision:	0.005411386024206877
losses_test/total:	3.4890048503875732
calibration_test/ece:	0.023402677848935127
calibration_test/brier:	0.6077190041542053
accuracy_test/task:	52.91
accuracy_test/concepts:	84.47532653808594
map_test/concepts:	0.8429966037510894

Epoch 10
losses_train/task:	1.363818883895874
losses_train/concepts:	21.85441780090332
losses_train/precision:	0.005346470978111029
losses_train/total:	3.5497941970825195
losses_test/task:	1.3184021711349487
losses_test/concepts:	21.372272491455078
losses_test/precision:	0.005484185181558132
losses_test/total:	3.4561779499053955
calibration_test/ece:	0.028061890974640846
calibration_test/brier:	0.597001850605011
accuracy_test/task:	53.7
accuracy_test/concepts:	84.55033111572266
map_test/concepts:	0.8442085514543578

Epoch 11
losses_train/task:	1.3376998901367188
losses_train/concepts:	21.653461456298828
losses_train/precision:	0.005444113630801439
losses_train/total:	3.5035903453826904
losses_test/task:	1.3032571077346802
losses_test/concepts:	21.316680908203125
losses_test/precision:	0.00550713948905468
losses_test/total:	3.4354755878448486
calibration_test/ece:	0.026594845578074455
calibration_test/brier:	0.5897548794746399
accuracy_test/task:	54.21
accuracy_test/concepts:	84.59625244140625
map_test/concepts:	0.8456385111785494

Epoch 12
losses_train/task:	1.3130863904953003
losses_train/concepts:	21.447290420532227
losses_train/precision:	0.00540579529479146
losses_train/total:	3.4583568572998047
losses_test/task:	1.2961114645004272
losses_test/concepts:	21.279964447021484
losses_test/precision:	0.0053822691552340984
losses_test/total:	3.4246468544006348
calibration_test/ece:	0.023843564093112946
calibration_test/brier:	0.5849652290344238
accuracy_test/task:	54.96
accuracy_test/concepts:	84.60844421386719
map_test/concepts:	0.846523015468847

Epoch 13
losses_train/task:	1.2920739650726318
losses_train/concepts:	21.24393653869629
losses_train/precision:	0.005058459471911192
losses_train/total:	3.416973114013672
losses_test/task:	1.2821614742279053
losses_test/concepts:	21.2570858001709
losses_test/precision:	0.005182743538171053
losses_test/total:	3.4083874225616455
calibration_test/ece:	0.021834369748830795
calibration_test/brier:	0.5790887475013733
accuracy_test/task:	55.59
accuracy_test/concepts:	84.6521987915039
map_test/concepts:	0.8472458538017236

Epoch 14
losses_train/task:	1.27734375
losses_train/concepts:	21.076923370361328
losses_train/precision:	0.0054352786391973495
losses_train/total:	3.3855791091918945
losses_test/task:	1.256940245628357
losses_test/concepts:	21.196125030517578
losses_test/precision:	0.005526692606508732
losses_test/total:	3.3771049976348877
calibration_test/ece:	0.022804079577326775
calibration_test/brier:	0.5689091682434082
accuracy_test/task:	56.4
accuracy_test/concepts:	84.66267395019531
map_test/concepts:	0.8479912446346134

Epoch 15
losses_train/task:	1.2599594593048096
losses_train/concepts:	20.904067993164062
losses_train/precision:	0.0052723814733326435
losses_train/total:	3.35089373588562
losses_test/task:	1.2576509714126587
losses_test/concepts:	21.17561912536621
losses_test/precision:	0.005032719112932682
losses_test/total:	3.375715970993042
calibration_test/ece:	0.02451791986823082
calibration_test/brier:	0.5678101778030396
accuracy_test/task:	56.31
accuracy_test/concepts:	84.70906829833984
map_test/concepts:	0.8487601344240829

Epoch 16
losses_train/task:	1.24537992477417
losses_train/concepts:	20.755111694335938
losses_train/precision:	0.005137196741998196
losses_train/total:	3.321404457092285
losses_test/task:	1.2412601709365845
losses_test/concepts:	21.14199447631836
losses_test/precision:	0.005334645044058561
losses_test/total:	3.3559930324554443
calibration_test/ece:	0.02168104611337185
calibration_test/brier:	0.5614802241325378
accuracy_test/task:	57.04
accuracy_test/concepts:	84.74969482421875
map_test/concepts:	0.8496074840659276

Epoch 17
losses_train/task:	1.2326197624206543
losses_train/concepts:	20.57050323486328
losses_train/precision:	0.005225769244134426
losses_train/total:	3.2901926040649414
losses_test/task:	1.2286064624786377
losses_test/concepts:	21.12396812438965
losses_test/precision:	0.005279571283608675
losses_test/total:	3.341531276702881
calibration_test/ece:	0.014929346740245819
calibration_test/brier:	0.5585396885871887
accuracy_test/task:	57.55
accuracy_test/concepts:	84.78031921386719
map_test/concepts:	0.8495097456034273

Epoch 18
losses_train/task:	1.220078945159912
losses_train/concepts:	20.44339942932129
losses_train/precision:	0.0050982083193957806
losses_train/total:	3.2649285793304443
losses_test/task:	1.225468397140503
losses_test/concepts:	21.126279830932617
losses_test/precision:	0.005069962702691555
losses_test/total:	3.3386025428771973
calibration_test/ece:	0.021373223513364792
calibration_test/brier:	0.5554786324501038
accuracy_test/task:	57.42
accuracy_test/concepts:	84.76109313964844
map_test/concepts:	0.8496275807265192

Epoch 19
losses_train/task:	1.20648992061615
losses_train/concepts:	20.294286727905273
losses_train/precision:	0.005072469357401133
losses_train/total:	3.236423969268799
losses_test/task:	1.2165632247924805
losses_test/concepts:	21.101892471313477
losses_test/precision:	0.004898521117866039
losses_test/total:	3.327242374420166
calibration_test/ece:	0.020158017054200172
calibration_test/brier:	0.5525585412979126
accuracy_test/task:	57.63
accuracy_test/concepts:	84.81688690185547
map_test/concepts:	0.8501779994694516

Epoch 20
losses_train/task:	1.200333595275879
losses_train/concepts:	20.13701057434082
losses_train/precision:	0.005059950985014439
losses_train/total:	3.21454119682312
losses_test/task:	1.2101130485534668
losses_test/concepts:	21.07295799255371
losses_test/precision:	0.005016246810555458
losses_test/total:	3.317910671234131
calibration_test/ece:	0.019139578565955162
calibration_test/brier:	0.5499131083488464
accuracy_test/task:	58.16
accuracy_test/concepts:	84.822998046875
map_test/concepts:	0.8506971317110583

Epoch 21
losses_train/task:	1.186543583869934
losses_train/concepts:	19.967775344848633
losses_train/precision:	0.004912063013762236
losses_train/total:	3.1838138103485107
losses_test/task:	1.206761121749878
losses_test/concepts:	21.113231658935547
losses_test/precision:	0.004892429336905479
losses_test/total:	3.318572998046875
calibration_test/ece:	0.018918536603450775
calibration_test/brier:	0.5474561452865601
accuracy_test/task:	58.15
accuracy_test/concepts:	84.8340835571289
map_test/concepts:	0.8502881852909923

Epoch 22
losses_train/task:	1.1791127920150757
losses_train/concepts:	19.872974395751953
losses_train/precision:	0.004912598058581352
losses_train/total:	3.166900157928467
losses_test/task:	1.2026190757751465
losses_test/concepts:	21.141372680664062
losses_test/precision:	0.005002132151275873
losses_test/total:	3.3172566890716553
calibration_test/ece:	0.020853303372859955
calibration_test/brier:	0.5459693074226379
accuracy_test/task:	58.37
accuracy_test/concepts:	84.82080078125
map_test/concepts:	0.8504490636405535

Epoch 23
losses_train/task:	1.1721645593643188
losses_train/concepts:	19.73868179321289
losses_train/precision:	0.004824014380574226
losses_train/total:	3.146514892578125
losses_test/task:	1.2024403810501099
losses_test/concepts:	21.10780143737793
losses_test/precision:	0.004875897895544767
losses_test/total:	3.313708543777466
calibration_test/ece:	0.018594391644001007
calibration_test/brier:	0.5460281372070312
accuracy_test/task:	58.34
accuracy_test/concepts:	84.82891082763672
map_test/concepts:	0.8506044528912753

Epoch 24
losses_train/task:	1.1649671792984009
losses_train/concepts:	19.597488403320312
losses_train/precision:	0.004822446499019861
losses_train/total:	3.1251964569091797
losses_test/task:	1.2034071683883667
losses_test/concepts:	21.128263473510742
losses_test/precision:	0.004788219463080168
losses_test/total:	3.3167123794555664
calibration_test/ece:	0.015730762854218483
calibration_test/brier:	0.5475009083747864
accuracy_test/task:	58.28
accuracy_test/concepts:	84.8375015258789
map_test/concepts:	0.8505135052837431

Epoch 25
losses_train/task:	1.1573896408081055
losses_train/concepts:	19.478899002075195
losses_train/precision:	0.004764803219586611
losses_train/total:	3.1057565212249756
losses_test/task:	1.1959471702575684
losses_test/concepts:	21.170778274536133
losses_test/precision:	0.0045528714545071125
losses_test/total:	3.3134806156158447
calibration_test/ece:	0.018737057223916054
calibration_test/brier:	0.5425570607185364
accuracy_test/task:	58.64
accuracy_test/concepts:	84.84046936035156
map_test/concepts:	0.8509286749758758

Epoch 26
losses_train/task:	1.1510112285614014
losses_train/concepts:	19.355567932128906
losses_train/precision:	0.004770355299115181
losses_train/total:	3.087043523788452
losses_test/task:	1.1988935470581055
losses_test/concepts:	21.178531646728516
losses_test/precision:	0.00463682459667325
losses_test/total:	3.3172097206115723
calibration_test/ece:	0.01846078224480152
calibration_test/brier:	0.5431953072547913
accuracy_test/task:	58.64
accuracy_test/concepts:	84.8109359741211
map_test/concepts:	0.8507765595568344

Epoch 27
losses_train/task:	1.1434636116027832
losses_train/concepts:	19.221771240234375
losses_train/precision:	0.004708911292254925
losses_train/total:	3.0661118030548096
losses_test/task:	1.202082872390747
losses_test/concepts:	21.19330406188965
losses_test/precision:	0.004751475527882576
losses_test/total:	3.3218886852264404
calibration_test/ece:	0.019632134586572647
calibration_test/brier:	0.5435254573822021
accuracy_test/task:	58.41
accuracy_test/concepts:	84.822509765625
map_test/concepts:	0.8508856203989126

Epoch 28
losses_train/task:	1.1442979574203491
losses_train/concepts:	19.101932525634766
losses_train/precision:	0.004767465405166149
losses_train/total:	3.054969310760498
losses_test/task:	1.1892383098602295
losses_test/concepts:	21.200349807739258
losses_test/precision:	0.00456189876422286
losses_test/total:	3.3097283840179443
calibration_test/ece:	0.02340240404009819
calibration_test/brier:	0.5389857888221741
accuracy_test/task:	58.9
accuracy_test/concepts:	84.81157684326172
map_test/concepts:	0.8505198089405894

Epoch 29
losses_train/task:	1.139648675918579
losses_train/concepts:	19.00491714477539
losses_train/precision:	0.004771704785525799
losses_train/total:	3.040618896484375
losses_test/task:	1.2026891708374023
losses_test/concepts:	21.293075561523438
losses_test/precision:	0.004695892799645662
losses_test/total:	3.3324670791625977
calibration_test/ece:	0.023815372958779335
calibration_test/brier:	0.545670211315155
accuracy_test/task:	57.96
accuracy_test/concepts:	84.77265167236328
map_test/concepts:	0.8501659172470681

Epoch 30
losses_train/task:	1.133931040763855
losses_train/concepts:	18.860275268554688
losses_train/precision:	0.004731632769107819
losses_train/total:	3.0204312801361084
losses_test/task:	1.1968159675598145
losses_test/concepts:	21.332353591918945
losses_test/precision:	0.004854836035519838
losses_test/total:	3.3305368423461914
calibration_test/ece:	0.025750460103154182
calibration_test/brier:	0.5407842993736267
accuracy_test/task:	58.55
accuracy_test/concepts:	84.78922271728516
map_test/concepts:	0.8503759881132282

Epoch 31
losses_train/task:	1.1294604539871216
losses_train/concepts:	18.763383865356445
losses_train/precision:	0.004885254893451929
losses_train/total:	3.006286144256592
losses_test/task:	1.1936534643173218
losses_test/concepts:	21.337770462036133
losses_test/precision:	0.0049941930919885635
losses_test/total:	3.327929735183716
calibration_test/ece:	0.027008702978491783
calibration_test/brier:	0.5396221876144409
accuracy_test/task:	58.58
accuracy_test/concepts:	84.8131332397461
map_test/concepts:	0.8499996163300239

Epoch 32
losses_train/task:	1.1263750791549683
losses_train/concepts:	18.656259536743164
losses_train/precision:	0.004943540785461664
losses_train/total:	2.992495536804199
losses_test/task:	1.1961008310317993
losses_test/concepts:	21.388010025024414
losses_test/precision:	0.0049224174581468105
losses_test/total:	3.3353943824768066
calibration_test/ece:	0.02104848250746727
calibration_test/brier:	0.5406110286712646
accuracy_test/task:	58.57
accuracy_test/concepts:	84.724853515625
map_test/concepts:	0.8494940144009888

Epoch 33
losses_train/task:	1.1200922727584839
losses_train/concepts:	18.551279067993164
losses_train/precision:	0.005092380102723837
losses_train/total:	2.9757280349731445
losses_test/task:	1.195873737335205
losses_test/concepts:	21.415437698364258
losses_test/precision:	0.005078265443444252
losses_test/total:	3.337926149368286
calibration_test/ece:	0.01994749903678894
calibration_test/brier:	0.5379531383514404
accuracy_test/task:	59.18
accuracy_test/concepts:	84.72045135498047
map_test/concepts:	0.8497829893603921

Epoch 34
losses_train/task:	1.116807460784912
losses_train/concepts:	18.454486846923828
losses_train/precision:	0.005180297419428825
losses_train/total:	2.9627742767333984
losses_test/task:	1.1967761516571045
losses_test/concepts:	21.420774459838867
losses_test/precision:	0.005420864559710026
losses_test/total:	3.339395761489868
calibration_test/ece:	0.0276755690574646
calibration_test/brier:	0.5391801595687866
accuracy_test/task:	58.69
accuracy_test/concepts:	84.7895278930664
map_test/concepts:	0.8498544520698488

Epoch 35
losses_train/task:	1.1148028373718262
losses_train/concepts:	18.337812423706055
losses_train/precision:	0.00535157835111022
losses_train/total:	2.9491193294525146
losses_test/task:	1.19698965549469
losses_test/concepts:	21.504467010498047
losses_test/precision:	0.005286416970193386
losses_test/total:	3.3479645252227783
calibration_test/ece:	0.021048711612820625
calibration_test/brier:	0.5385840535163879
accuracy_test/task:	58.97
accuracy_test/concepts:	84.73062896728516
map_test/concepts:	0.8494960481766611

Epoch 36
losses_train/task:	1.112432837486267
losses_train/concepts:	18.281278610229492
losses_train/precision:	0.005554893985390663
losses_train/total:	2.9411168098449707
losses_test/task:	1.1960326433181763
losses_test/concepts:	21.557830810546875
losses_test/precision:	0.005855560768395662
losses_test/total:	3.3524012565612793
calibration_test/ece:	0.018970249220728874
calibration_test/brier:	0.5371485948562622
accuracy_test/task:	59.21
accuracy_test/concepts:	84.68733978271484
map_test/concepts:	0.8492033728980459

Epoch 37
losses_train/task:	1.1094509363174438
losses_train/concepts:	18.16586685180664
losses_train/precision:	0.005748019553720951
losses_train/total:	2.9266111850738525
losses_test/task:	1.195194125175476
losses_test/concepts:	21.62744903564453
losses_test/precision:	0.005833425093442202
losses_test/total:	3.358522415161133
calibration_test/ece:	0.02648036554455757
calibration_test/brier:	0.5374793410301208
accuracy_test/task:	58.71
accuracy_test/concepts:	84.68360137939453
map_test/concepts:	0.8494294899282977

Epoch 38
losses_train/task:	1.1056071519851685
losses_train/concepts:	18.05255889892578
losses_train/precision:	0.006027817260473967
losses_train/total:	2.9114670753479004
losses_test/task:	1.2051568031311035
losses_test/concepts:	21.636629104614258
losses_test/precision:	0.006252259016036987
losses_test/total:	3.3694443702697754
calibration_test/ece:	0.02652103826403618
calibration_test/brier:	0.5437701344490051
accuracy_test/task:	58.13
accuracy_test/concepts:	84.69954681396484
map_test/concepts:	0.8494018163182773

Epoch 39
losses_train/task:	1.1035748720169067
losses_train/concepts:	17.94596290588379
losses_train/precision:	0.0062356749549508095
losses_train/total:	2.8987925052642822
losses_test/task:	1.1900912523269653
losses_test/concepts:	21.659521102905273
losses_test/precision:	0.006027581170201302
losses_test/total:	3.356645107269287
calibration_test/ece:	0.021029343828558922
calibration_test/brier:	0.5363059639930725
accuracy_test/task:	59.21
accuracy_test/concepts:	84.64531707763672
map_test/concepts:	0.8489334409823641

Epoch 40
losses_train/task:	1.100465178489685
losses_train/concepts:	17.88530921936035
losses_train/precision:	0.006463098339736462
losses_train/total:	2.8896431922912598
losses_test/task:	1.1881970167160034
losses_test/concepts:	21.73540496826172
losses_test/precision:	0.006523072253912687
losses_test/total:	3.3623898029327393
calibration_test/ece:	0.025238675996661186
calibration_test/brier:	0.5370752215385437
accuracy_test/task:	59.11
accuracy_test/concepts:	84.6221923828125
map_test/concepts:	0.8484348860220052

Epoch 41
losses_train/task:	1.1001745462417603
losses_train/concepts:	17.79825782775879
losses_train/precision:	0.006780116818845272
losses_train/total:	2.8806777000427246
losses_test/task:	1.1948635578155518
losses_test/concepts:	21.79305076599121
losses_test/precision:	0.006915986072272062
losses_test/total:	3.3748598098754883
calibration_test/ece:	0.024376122280955315
calibration_test/brier:	0.5394763946533203
accuracy_test/task:	58.7
accuracy_test/concepts:	84.59546661376953
map_test/concepts:	0.8485141758574173

Epoch 42
losses_train/task:	1.0947022438049316
losses_train/concepts:	17.715255737304688
losses_train/precision:	0.007010265253484249
losses_train/total:	2.866929769515991
losses_test/task:	1.1936123371124268
losses_test/concepts:	21.808876037597656
losses_test/precision:	0.007100185379385948
losses_test/total:	3.3752105236053467
calibration_test/ece:	0.02486363984644413
calibration_test/brier:	0.5392283201217651
accuracy_test/task:	58.97
accuracy_test/concepts:	84.55514526367188
map_test/concepts:	0.8478770004585385

Epoch 43
losses_train/task:	1.0962467193603516
losses_train/concepts:	17.620906829833984
losses_train/precision:	0.007246930617839098
losses_train/total:	2.8590621948242188
losses_test/task:	1.2018907070159912
losses_test/concepts:	21.879974365234375
losses_test/precision:	0.0074437465518713
losses_test/total:	3.3906335830688477
calibration_test/ece:	0.023525314405560493
calibration_test/brier:	0.5414986610412598
accuracy_test/task:	58.94
accuracy_test/concepts:	84.54484558105469
map_test/concepts:	0.8476623452734202

Epoch 44
losses_train/task:	1.0908602476119995
losses_train/concepts:	17.555700302124023
losses_train/precision:	0.007532855030149221
losses_train/total:	2.8471827507019043
losses_test/task:	1.2023528814315796
losses_test/concepts:	21.88840103149414
losses_test/precision:	0.007813710719347
losses_test/total:	3.3919739723205566
calibration_test/ece:	0.024874307215213776
calibration_test/brier:	0.5427890419960022
accuracy_test/task:	58.57
accuracy_test/concepts:	84.47998809814453
map_test/concepts:	0.8475882961647585

Epoch 45
losses_train/task:	1.0896399021148682
losses_train/concepts:	17.450315475463867
losses_train/precision:	0.007749159820377827
losses_train/total:	2.8354451656341553
losses_test/task:	1.1987402439117432
losses_test/concepts:	22.029621124267578
losses_test/precision:	0.007998639717698097
losses_test/total:	3.402503490447998
calibration_test/ece:	0.030073702335357666
calibration_test/brier:	0.5405362248420715
accuracy_test/task:	58.66
accuracy_test/concepts:	84.43327331542969
map_test/concepts:	0.8471946239587851

Epoch 46
losses_train/task:	1.0917394161224365
losses_train/concepts:	17.381671905517578
losses_train/precision:	0.008063328452408314
losses_train/total:	2.83071231842041
losses_test/task:	1.1930956840515137
losses_test/concepts:	21.99217987060547
losses_test/precision:	0.008302592672407627
losses_test/total:	3.3931429386138916
calibration_test/ece:	0.02586066536605358
calibration_test/brier:	0.5378997921943665
accuracy_test/task:	58.78
accuracy_test/concepts:	84.49296569824219
map_test/concepts:	0.8471898992429487

Epoch 47
losses_train/task:	1.0849062204360962
losses_train/concepts:	17.322044372558594
losses_train/precision:	0.008292686194181442
losses_train/total:	2.8179404735565186
losses_test/task:	1.1903162002563477
losses_test/concepts:	22.059160232543945
losses_test/precision:	0.008535288274288177
losses_test/total:	3.397085189819336
calibration_test/ece:	0.021688222885131836
calibration_test/brier:	0.5368152260780334
accuracy_test/task:	59.44
accuracy_test/concepts:	84.49546813964844
map_test/concepts:	0.8476300690090284

Epoch 48
losses_train/task:	1.078455924987793
losses_train/concepts:	17.245309829711914
losses_train/precision:	0.008573598228394985
losses_train/total:	2.8038434982299805
losses_test/task:	1.2006224393844604
losses_test/concepts:	22.05340003967285
losses_test/precision:	0.008785547688603401
losses_test/total:	3.4068410396575928
calibration_test/ece:	0.034538283944129944
calibration_test/brier:	0.5444763898849487
accuracy_test/task:	58.28
accuracy_test/concepts:	84.50077819824219
map_test/concepts:	0.8473082965938374

Epoch 49
losses_train/task:	1.0844531059265137
losses_train/concepts:	17.153722763061523
losses_train/precision:	0.008712987415492535
losses_train/total:	2.8006975650787354
losses_test/task:	1.203570008277893
losses_test/concepts:	22.25599479675293
losses_test/precision:	0.008692065253853798
losses_test/total:	3.4300384521484375
calibration_test/ece:	0.028299326077103615
calibration_test/brier:	0.5431646704673767
accuracy_test/task:	58.65
accuracy_test/concepts:	84.42890167236328
map_test/concepts:	0.8469323733588681

Epoch 50
losses_train/task:	1.0763732194900513
losses_train/concepts:	17.094215393066406
losses_train/precision:	0.00896565243601799
losses_train/total:	2.7866907119750977
losses_test/task:	1.2088392972946167
losses_test/concepts:	22.213586807250977
losses_test/precision:	0.008733472786843777
losses_test/total:	3.4310717582702637
calibration_test/ece:	0.02401408925652504
calibration_test/brier:	0.5424228310585022
accuracy_test/task:	59.18
accuracy_test/concepts:	84.44171905517578
map_test/concepts:	0.8466265660244972

Epoch 51
losses_train/task:	1.0752215385437012
losses_train/concepts:	17.025606155395508
losses_train/precision:	0.009088140912353992
losses_train/total:	2.778688907623291
losses_test/task:	1.1986620426177979
losses_test/concepts:	22.279539108276367
losses_test/precision:	0.009149949066340923
losses_test/total:	3.4275317192077637
calibration_test/ece:	0.03504946827888489
calibration_test/brier:	0.5419479608535767
accuracy_test/task:	58.7
accuracy_test/concepts:	84.33781433105469
map_test/concepts:	0.8464053355855867

Epoch 52
losses_train/task:	1.0708919763565063
losses_train/concepts:	16.967422485351562
losses_train/precision:	0.009381149895489216
losses_train/total:	2.768573045730591
losses_test/task:	1.2000958919525146
losses_test/concepts:	22.275354385375977
losses_test/precision:	0.009501933120191097
losses_test/total:	3.428581714630127
calibration_test/ece:	0.03104780800640583
calibration_test/brier:	0.5405575633049011
accuracy_test/task:	59.06
accuracy_test/concepts:	84.42015838623047
map_test/concepts:	0.8467867381405085

Epoch 53
losses_train/task:	1.0744144916534424
losses_train/concepts:	16.895675659179688
losses_train/precision:	0.00949403177946806
losses_train/total:	2.7649285793304443
losses_test/task:	1.1994091272354126
losses_test/concepts:	22.34196662902832
losses_test/precision:	0.009356553666293621
losses_test/total:	3.4345414638519287
calibration_test/ece:	0.032956548035144806
calibration_test/brier:	0.5387731194496155
accuracy_test/task:	59.14
accuracy_test/concepts:	84.39468383789062
map_test/concepts:	0.8464083020808175

Epoch 54
losses_train/task:	1.0712517499923706
losses_train/concepts:	16.845304489135742
losses_train/precision:	0.009639876894652843
losses_train/total:	2.756744623184204
losses_test/task:	1.200700283050537
losses_test/concepts:	22.288890838623047
losses_test/precision:	0.009709913283586502
losses_test/total:	3.430560350418091
calibration_test/ece:	0.03541812300682068
calibration_test/brier:	0.5392366647720337
accuracy_test/task:	58.72
accuracy_test/concepts:	84.37376403808594
map_test/concepts:	0.8463454839074984

Epoch 55
losses_train/task:	1.063171625137329
losses_train/concepts:	16.772926330566406
losses_train/precision:	0.009901304729282856
losses_train/total:	2.741454839706421
losses_test/task:	1.2054433822631836
losses_test/concepts:	22.46106719970703
losses_test/precision:	0.010100900195538998
losses_test/total:	3.452559471130371
calibration_test/ece:	0.03812249377369881
calibration_test/brier:	0.5400189161300659
accuracy_test/task:	58.85
accuracy_test/concepts:	84.32203674316406
map_test/concepts:	0.846050656051375

Epoch 56
losses_train/task:	1.0634803771972656
losses_train/concepts:	16.72568130493164
losses_train/precision:	0.010069421492516994
losses_train/total:	2.7370564937591553
losses_test/task:	1.1988474130630493
losses_test/concepts:	22.419042587280273
losses_test/precision:	0.009917492978274822
losses_test/total:	3.441743850708008
calibration_test/ece:	0.0393206886947155
calibration_test/brier:	0.5410099625587463
accuracy_test/task:	58.59
accuracy_test/concepts:	84.36109924316406
map_test/concepts:	0.845497670059558

Epoch 57
losses_train/task:	1.0572870969772339
losses_train/concepts:	16.655855178833008
losses_train/precision:	0.010235762223601341
losses_train/total:	2.723895788192749
losses_test/task:	1.1986523866653442
losses_test/concepts:	22.42104148864746
losses_test/precision:	0.009875591844320297
losses_test/total:	3.441743850708008
calibration_test/ece:	0.042308907955884933
calibration_test/brier:	0.5384122729301453
accuracy_test/task:	58.81
accuracy_test/concepts:	84.32515716552734
map_test/concepts:	0.8460066132247448

Epoch 58
losses_train/task:	1.059748649597168
losses_train/concepts:	16.598861694335938
losses_train/precision:	0.010297980159521103
losses_train/total:	2.720665454864502
losses_test/task:	1.205415964126587
losses_test/concepts:	22.461156845092773
losses_test/precision:	0.010286432690918446
losses_test/total:	3.4525606632232666
calibration_test/ece:	0.04271586611866951
calibration_test/brier:	0.5410352945327759
accuracy_test/task:	58.71
accuracy_test/concepts:	84.2411117553711
map_test/concepts:	0.845520538976416

Epoch 59
losses_train/task:	1.0587824583053589
losses_train/concepts:	16.535640716552734
losses_train/precision:	0.010408472269773483
losses_train/total:	2.713388442993164
losses_test/task:	1.1910696029663086
losses_test/concepts:	22.517772674560547
losses_test/precision:	0.010478074662387371
losses_test/total:	3.4438953399658203
calibration_test/ece:	0.03492729365825653
calibration_test/brier:	0.535514771938324
accuracy_test/task:	59.48
accuracy_test/concepts:	84.36250305175781
map_test/concepts:	0.8460466595133767

Epoch 60
losses_train/task:	1.0630682706832886
losses_train/concepts:	16.499977111816406
losses_train/precision:	0.010511236265301704
losses_train/total:	2.7141172885894775
losses_test/task:	1.2121964693069458
losses_test/concepts:	22.62281036376953
losses_test/precision:	0.01071071159094572
losses_test/total:	3.4755492210388184
calibration_test/ece:	0.0407516174018383
calibration_test/brier:	0.5456076860427856
accuracy_test/task:	58.52
accuracy_test/concepts:	84.23155975341797
map_test/concepts:	0.8446916661923751

Epoch 61
losses_train/task:	1.0578970909118652
losses_train/concepts:	16.46333885192871
losses_train/precision:	0.01061328686773777
losses_train/total:	2.7052927017211914
losses_test/task:	1.199730634689331
losses_test/concepts:	22.61626625061035
losses_test/precision:	0.01027111429721117
losses_test/total:	3.4623847007751465
calibration_test/ece:	0.042715150862932205
calibration_test/brier:	0.5393456816673279
accuracy_test/task:	59.0
accuracy_test/concepts:	84.28311920166016
map_test/concepts:	0.8458833264303394

Epoch 62
losses_train/task:	1.055021047592163
losses_train/concepts:	16.40513038635254
losses_train/precision:	0.010717849247157574
losses_train/total:	2.696607828140259
losses_test/task:	1.1990915536880493
losses_test/concepts:	22.622516632080078
losses_test/precision:	0.010783310048282146
losses_test/total:	3.4624216556549072
calibration_test/ece:	0.046496566385030746
calibration_test/brier:	0.5408806800842285
accuracy_test/task:	58.55
accuracy_test/concepts:	84.23235321044922
map_test/concepts:	0.8453327466850169

Epoch 63
losses_train/task:	1.0534275770187378
losses_train/concepts:	16.382625579833984
losses_train/precision:	0.01075232494622469
losses_train/total:	2.692765712738037
losses_test/task:	1.2102317810058594
losses_test/concepts:	22.8162899017334
losses_test/precision:	0.010166828520596027
losses_test/total:	3.4928767681121826
calibration_test/ece:	0.04695563018321991
calibration_test/brier:	0.5426026582717896
accuracy_test/task:	58.77
accuracy_test/concepts:	84.17610168457031
map_test/concepts:	0.8445587032474577

Epoch 64
losses_train/task:	1.0516225099563599
losses_train/concepts:	16.332271575927734
losses_train/precision:	0.010790236294269562
losses_train/total:	2.6859288215637207
losses_test/task:	1.201056957244873
losses_test/concepts:	22.658451080322266
losses_test/precision:	0.011067942716181278
losses_test/total:	3.468008279800415
calibration_test/ece:	0.0471600741147995
calibration_test/brier:	0.540267288684845
accuracy_test/task:	59.01
accuracy_test/concepts:	84.23124694824219
map_test/concepts:	0.8451796155422926

Epoch 65
losses_train/task:	1.0495985746383667
losses_train/concepts:	16.267778396606445
losses_train/precision:	0.010785620659589767
losses_train/total:	2.677456855773926
losses_test/task:	1.1989394426345825
losses_test/concepts:	22.749528884887695
losses_test/precision:	0.010913009755313396
losses_test/total:	3.474984884262085
calibration_test/ece:	0.04589015245437622
calibration_test/brier:	0.5382049083709717
accuracy_test/task:	59.09
accuracy_test/concepts:	84.14421081542969
map_test/concepts:	0.8441490744589828

Epoch 66
losses_train/task:	1.0531891584396362
losses_train/concepts:	16.243743896484375
losses_train/precision:	0.010883931070566177
losses_train/total:	2.678651809692383
losses_test/task:	1.2118059396743774
losses_test/concepts:	22.75771713256836
losses_test/precision:	0.010889035649597645
losses_test/total:	3.488666534423828
calibration_test/ece:	0.05014443024992943
calibration_test/brier:	0.5434936881065369
accuracy_test/task:	58.65
accuracy_test/concepts:	84.15656280517578
map_test/concepts:	0.8447975683957338

Epoch 67
losses_train/task:	1.0475043058395386
losses_train/concepts:	16.186260223388672
losses_train/precision:	0.01090208813548088
losses_train/total:	2.667219400405884
losses_test/task:	1.1913527250289917
losses_test/concepts:	22.82095718383789
losses_test/precision:	0.01111791841685772
losses_test/total:	3.474560499191284
calibration_test/ece:	0.046885017305612564
calibration_test/brier:	0.5368263721466064
accuracy_test/task:	59.31
accuracy_test/concepts:	84.1535873413086
map_test/concepts:	0.8453682904946618

Epoch 68
losses_train/task:	1.0490633249282837
losses_train/concepts:	16.144006729125977
losses_train/precision:	0.010987721383571625
losses_train/total:	2.664562463760376
losses_test/task:	1.1997452974319458
losses_test/concepts:	22.913654327392578
losses_test/precision:	0.010637002997100353
losses_test/total:	3.4921741485595703
calibration_test/ece:	0.045988451689481735
calibration_test/brier:	0.5387448072433472
accuracy_test/task:	59.3
accuracy_test/concepts:	84.11827850341797
map_test/concepts:	0.8443873726646416

Epoch 69
losses_train/task:	1.0444703102111816
losses_train/concepts:	16.09857940673828
losses_train/precision:	0.01097572036087513
losses_train/total:	2.6554269790649414
losses_test/task:	1.1986749172210693
losses_test/concepts:	22.872060775756836
losses_test/precision:	0.01103017944842577
losses_test/total:	3.4869837760925293
calibration_test/ece:	0.04400866851210594
calibration_test/brier:	0.5365375280380249
accuracy_test/task:	59.56
accuracy_test/concepts:	84.08999633789062
map_test/concepts:	0.8446678030304611

Epoch 70
losses_train/task:	1.0446299314498901
losses_train/concepts:	16.036441802978516
losses_train/precision:	0.011037064716219902
losses_train/total:	2.64937686920166
losses_test/task:	1.2256237268447876
losses_test/concepts:	23.09296417236328
losses_test/precision:	0.01096725556999445
losses_test/total:	3.536017417907715
calibration_test/ece:	0.05020025745034218
calibration_test/brier:	0.5470719337463379
accuracy_test/task:	59.02
accuracy_test/concepts:	83.94670867919922
map_test/concepts:	0.8439311836846173

Epoch 71
losses_train/task:	1.0395396947860718
losses_train/concepts:	16.002649307250977
losses_train/precision:	0.011109401471912861
losses_train/total:	2.6409151554107666
losses_test/task:	1.2153300046920776
losses_test/concepts:	23.102537155151367
losses_test/precision:	0.011261765845119953
losses_test/total:	3.526710033416748
calibration_test/ece:	0.051314577460289
calibration_test/brier:	0.5455607771873474
accuracy_test/task:	58.95
accuracy_test/concepts:	83.9253158569336
map_test/concepts:	0.8434829734032974

Epoch 72
losses_train/task:	1.0395570993423462
losses_train/concepts:	15.97086238861084
losses_train/precision:	0.01108971145004034
losses_train/total:	2.6377522945404053
losses_test/task:	1.214565396308899
losses_test/concepts:	23.20009422302246
losses_test/precision:	0.011122512631118298
losses_test/total:	3.5356862545013428
calibration_test/ece:	0.05142532289028168
calibration_test/brier:	0.5452995896339417
accuracy_test/task:	59.02
accuracy_test/concepts:	83.85420989990234
map_test/concepts:	0.8436161410063505

Epoch 73
losses_train/task:	1.0388708114624023
losses_train/concepts:	15.937263488769531
losses_train/precision:	0.011147615499794483
losses_train/total:	2.633711099624634
losses_test/task:	1.2224658727645874
losses_test/concepts:	22.98405647277832
losses_test/precision:	0.010969804599881172
losses_test/total:	3.5219695568084717
calibration_test/ece:	0.049069810658693314
calibration_test/brier:	0.5441974997520447
accuracy_test/task:	59.42
accuracy_test/concepts:	83.99188232421875
map_test/concepts:	0.8435188566800207

Epoch 74
losses_train/task:	1.035510778427124
losses_train/concepts:	15.900970458984375
losses_train/precision:	0.011173429898917675
losses_train/total:	2.6267266273498535
losses_test/task:	1.2262343168258667
losses_test/concepts:	23.28434181213379
losses_test/precision:	0.010962234809994698
losses_test/total:	3.555764675140381
calibration_test/ece:	0.06223580986261368
calibration_test/brier:	0.5462872982025146
accuracy_test/task:	58.85
accuracy_test/concepts:	83.75452423095703
map_test/concepts:	0.843938669655472

Epoch 75
losses_train/task:	1.034632682800293
losses_train/concepts:	15.881081581115723
losses_train/precision:	0.011228775605559349
losses_train/total:	2.6238632202148438
losses_test/task:	1.2072991132736206
losses_test/concepts:	23.187936782836914
losses_test/precision:	0.011579557321965694
losses_test/total:	3.5272512435913086
calibration_test/ece:	0.0494970977306366
calibration_test/brier:	0.5393819808959961
accuracy_test/task:	59.6
accuracy_test/concepts:	83.85560607910156
map_test/concepts:	0.8437469266355038

Epoch 76
losses_train/task:	1.0339524745941162
losses_train/concepts:	15.851175308227539
losses_train/precision:	0.011142674833536148
losses_train/total:	2.6201841831207275
losses_test/task:	1.2123020887374878
losses_test/concepts:	22.998403549194336
losses_test/precision:	0.011181597597897053
losses_test/total:	3.513260841369629
calibration_test/ece:	0.05666661262512207
calibration_test/brier:	0.5428468585014343
accuracy_test/task:	59.16
accuracy_test/concepts:	83.98014831542969
map_test/concepts:	0.8438507241662592

Epoch 77
losses_train/task:	1.0340181589126587
losses_train/concepts:	15.814652442932129
losses_train/precision:	0.01108630746603012
losses_train/total:	2.6165924072265625
losses_test/task:	1.204593300819397
losses_test/concepts:	23.052459716796875
losses_test/precision:	0.011073167435824871
losses_test/total:	3.510946273803711
calibration_test/ece:	0.0521671324968338
calibration_test/brier:	0.53700190782547
accuracy_test/task:	59.63
accuracy_test/concepts:	84.01625061035156
map_test/concepts:	0.844270515604876

Epoch 78
losses_train/task:	1.0355640649795532
losses_train/concepts:	15.821063995361328
losses_train/precision:	0.011124969460070133
losses_train/total:	2.6187829971313477
losses_test/task:	1.2171508073806763
losses_test/concepts:	22.996822357177734
losses_test/precision:	0.011144117452204227
losses_test/total:	3.517947196960449
calibration_test/ece:	0.05633658543229103
calibration_test/brier:	0.5443198084831238
accuracy_test/task:	58.77
accuracy_test/concepts:	84.0920181274414
map_test/concepts:	0.8440202105557546

Epoch 79
losses_train/task:	1.0335369110107422
losses_train/concepts:	15.754294395446777
losses_train/precision:	0.011162552051246166
losses_train/total:	2.610083818435669
losses_test/task:	1.211212158203125
losses_test/concepts:	22.96649742126465
losses_test/precision:	0.011163489893078804
losses_test/total:	3.5089776515960693
calibration_test/ece:	0.04797706753015518
calibration_test/brier:	0.5405868887901306
accuracy_test/task:	59.32
accuracy_test/concepts:	84.0865707397461
map_test/concepts:	0.8440489619970322

Epoch 80
losses_train/task:	1.0307104587554932
losses_train/concepts:	15.71886157989502
losses_train/precision:	0.011153639294207096
losses_train/total:	2.603712320327759
losses_test/task:	1.2257158756256104
losses_test/concepts:	23.21735382080078
losses_test/precision:	0.011364402249455452
losses_test/total:	3.5485870838165283
calibration_test/ece:	0.056736137717962265
calibration_test/brier:	0.546970784664154
accuracy_test/task:	58.59
accuracy_test/concepts:	84.00342559814453
map_test/concepts:	0.8430204622563906

Epoch 81
losses_train/task:	1.0110275745391846
losses_train/concepts:	15.531143188476562
losses_train/precision:	0.001380596193484962
losses_train/total:	2.564279079437256
losses_test/task:	1.1916639804840088
losses_test/concepts:	22.858335494995117
losses_test/precision:	0.0011218854924663901
losses_test/total:	3.477609872817993
calibration_test/ece:	0.041784584522247314
calibration_test/brier:	0.535190999507904
accuracy_test/task:	59.2
accuracy_test/concepts:	84.44234466552734
map_test/concepts:	0.8465729262097739

Epoch 82
losses_train/task:	1.0127836465835571
losses_train/concepts:	15.42196273803711
losses_train/precision:	0.0011215779231861234
losses_train/total:	2.5550925731658936
losses_test/task:	1.192578911781311
losses_test/concepts:	22.89688491821289
losses_test/precision:	0.0011021444806829095
losses_test/total:	3.4823782444000244
calibration_test/ece:	0.03859865665435791
calibration_test/brier:	0.534540057182312
accuracy_test/task:	59.5
accuracy_test/concepts:	84.4418716430664
map_test/concepts:	0.8464293527649716

Epoch 83
losses_train/task:	1.00518000125885
losses_train/concepts:	15.393353462219238
losses_train/precision:	0.0011271596886217594
losses_train/total:	2.5446276664733887
losses_test/task:	1.1909527778625488
losses_test/concepts:	22.908201217651367
losses_test/precision:	0.0011409589787945151
losses_test/total:	3.4818873405456543
calibration_test/ece:	0.03965049609541893
calibration_test/brier:	0.5349048376083374
accuracy_test/task:	59.32
accuracy_test/concepts:	84.43750762939453
map_test/concepts:	0.8466735581168905

Epoch 84
losses_train/task:	1.0042260885238647
losses_train/concepts:	15.344320297241211
losses_train/precision:	0.001128762261942029
losses_train/total:	2.538770914077759
losses_test/task:	1.1914376020431519
losses_test/concepts:	22.890708923339844
losses_test/precision:	0.0011470740428194404
losses_test/total:	3.480623722076416
calibration_test/ece:	0.040234386920928955
calibration_test/brier:	0.5364734530448914
accuracy_test/task:	59.26
accuracy_test/concepts:	84.42593383789062
map_test/concepts:	0.8465143301291391

Epoch 85
losses_train/task:	1.0038807392120361
losses_train/concepts:	15.331184387207031
losses_train/precision:	0.0011254609562456608
losses_train/total:	2.537111759185791
losses_test/task:	1.1912115812301636
losses_test/concepts:	22.932754516601562
losses_test/precision:	0.0011164944153279066
losses_test/total:	3.4845986366271973
calibration_test/ece:	0.03911785036325455
calibration_test/brier:	0.5357075929641724
accuracy_test/task:	59.36
accuracy_test/concepts:	84.44203186035156
map_test/concepts:	0.8468344748253003

Epoch 86
losses_train/task:	1.0056440830230713
losses_train/concepts:	15.309032440185547
losses_train/precision:	0.001123784575611353
losses_train/total:	2.5366592407226562
losses_test/task:	1.193137764930725
losses_test/concepts:	22.915536880493164
losses_test/precision:	0.00116790272295475
losses_test/total:	3.4848077297210693
calibration_test/ece:	0.0424540676176548
calibration_test/brier:	0.5359610915184021
accuracy_test/task:	59.17
accuracy_test/concepts:	84.44109344482422
map_test/concepts:	0.8468235075706616

Epoch 87
losses_train/task:	1.0055257081985474
losses_train/concepts:	15.29057502746582
losses_train/precision:	0.001135545433498919
losses_train/total:	2.534696578979492
losses_test/task:	1.1899296045303345
losses_test/concepts:	22.91051483154297
losses_test/precision:	0.0011266687652096152
losses_test/total:	3.4810945987701416
calibration_test/ece:	0.04184658080339432
calibration_test/brier:	0.534752607345581
accuracy_test/task:	59.31
accuracy_test/concepts:	84.44998931884766
map_test/concepts:	0.8468659766949713

Epoch 88
losses_train/task:	1.0052145719528198
losses_train/concepts:	15.274885177612305
losses_train/precision:	0.0011311429552733898
losses_train/total:	2.532815456390381
losses_test/task:	1.1901553869247437
losses_test/concepts:	22.933982849121094
losses_test/precision:	0.0011296347947791219
losses_test/total:	3.483666181564331
calibration_test/ece:	0.04166403040289879
calibration_test/brier:	0.5344433784484863
accuracy_test/task:	59.47
accuracy_test/concepts:	84.42218017578125
map_test/concepts:	0.8467853547772393

Epoch 89
losses_train/task:	1.012049674987793
losses_train/concepts:	15.253271102905273
losses_train/precision:	0.001138513907790184
losses_train/total:	2.537489175796509
losses_test/task:	1.1884516477584839
losses_test/concepts:	22.94707679748535
losses_test/precision:	0.0011365388054400682
losses_test/total:	3.483274221420288
calibration_test/ece:	0.04094016179442406
calibration_test/brier:	0.5342876315116882
accuracy_test/task:	59.35
accuracy_test/concepts:	84.43376159667969
map_test/concepts:	0.8469098628265783

Epoch 90
losses_train/task:	1.0021272897720337
losses_train/concepts:	15.207701683044434
losses_train/precision:	0.0011346142273396254
losses_train/total:	2.52301025390625
losses_test/task:	1.1953002214431763
losses_test/concepts:	22.976276397705078
losses_test/precision:	0.001195272314362228
losses_test/total:	3.4930479526519775
calibration_test/ece:	0.04251356050372124
calibration_test/brier:	0.5361857414245605
accuracy_test/task:	59.28
accuracy_test/concepts:	84.41375732421875
map_test/concepts:	0.8465598012553528

Epoch 91
losses_train/task:	1.0003763437271118
losses_train/concepts:	15.192852973937988
losses_train/precision:	0.0011472828919067979
losses_train/total:	2.5197768211364746
losses_test/task:	1.1924116611480713
losses_test/concepts:	23.00358009338379
losses_test/precision:	0.0011590025387704372
losses_test/total:	3.4928855895996094
calibration_test/ece:	0.04185561463236809
calibration_test/brier:	0.5356887578964233
accuracy_test/task:	59.23
accuracy_test/concepts:	84.44438171386719
map_test/concepts:	0.8468268195865676

Epoch 92
losses_train/task:	1.006840705871582
losses_train/concepts:	15.19256591796875
losses_train/precision:	0.0011453467886894941
losses_train/total:	2.5262105464935303
losses_test/task:	1.186564564704895
losses_test/concepts:	22.95536994934082
losses_test/precision:	0.0011118942638859153
losses_test/total:	3.4822137355804443
calibration_test/ece:	0.04104335233569145
calibration_test/brier:	0.5330353379249573
accuracy_test/task:	59.71
accuracy_test/concepts:	84.42564392089844
map_test/concepts:	0.8468186265672557

Epoch 93
losses_train/task:	1.0035067796707153
losses_train/concepts:	15.199217796325684
losses_train/precision:	0.0011428336147218943
losses_train/total:	2.523542642593384
losses_test/task:	1.1870025396347046
losses_test/concepts:	22.96755027770996
losses_test/precision:	0.001146951923146844
losses_test/total:	3.483872413635254
calibration_test/ece:	0.04109558090567589
calibration_test/brier:	0.5333402156829834
accuracy_test/task:	59.49
accuracy_test/concepts:	84.41204833984375
map_test/concepts:	0.8467141009750776

Epoch 94
losses_train/task:	1.0013878345489502
losses_train/concepts:	15.194877624511719
losses_train/precision:	0.0011439303634688258
losses_train/total:	2.5209906101226807
losses_test/task:	1.193276047706604
losses_test/concepts:	22.960887908935547
losses_test/precision:	0.001153007266111672
losses_test/total:	3.4894800186157227
calibration_test/ece:	0.04241643100976944
calibration_test/brier:	0.5353227257728577
accuracy_test/task:	59.32
accuracy_test/concepts:	84.42688751220703
map_test/concepts:	0.8466802146285772

Epoch 95
losses_train/task:	0.9962465167045593
losses_train/concepts:	15.169755935668945
losses_train/precision:	0.0011453682091087103
losses_train/total:	2.513336658477783
losses_test/task:	1.1926292181015015
losses_test/concepts:	22.982646942138672
losses_test/precision:	0.001108987140469253
losses_test/total:	3.4910035133361816
calibration_test/ece:	0.041766345500946045
calibration_test/brier:	0.5353975296020508
accuracy_test/task:	59.4
accuracy_test/concepts:	84.43531799316406
map_test/concepts:	0.8467143861926161

Epoch 96
losses_train/task:	1.0013662576675415
losses_train/concepts:	15.143601417541504
losses_train/precision:	0.0011503529967740178
losses_train/total:	2.515841484069824
losses_test/task:	1.194921851158142
losses_test/concepts:	23.002775192260742
losses_test/precision:	0.0011507056187838316
losses_test/total:	3.4953150749206543
calibration_test/ece:	0.042568087577819824
calibration_test/brier:	0.5366552472114563
accuracy_test/task:	59.29
accuracy_test/concepts:	84.4290542602539
map_test/concepts:	0.8467587564955465

Epoch 97
losses_train/task:	0.9919272661209106
losses_train/concepts:	15.142989158630371
losses_train/precision:	0.0011498387902975082
losses_train/total:	2.506340265274048
losses_test/task:	1.1898045539855957
losses_test/concepts:	22.975522994995117
losses_test/precision:	0.0011451367754489183
losses_test/total:	3.4874720573425293
calibration_test/ece:	0.04319964349269867
calibration_test/brier:	0.5342035889625549
accuracy_test/task:	59.44
accuracy_test/concepts:	84.43047332763672
map_test/concepts:	0.8468089944217354

Epoch 98
losses_train/task:	1.0037485361099243
losses_train/concepts:	15.132034301757812
losses_train/precision:	0.001158262137323618
losses_train/total:	2.517068386077881
losses_test/task:	1.1908584833145142
losses_test/concepts:	22.97358512878418
losses_test/precision:	0.001162210712209344
losses_test/total:	3.4883334636688232
calibration_test/ece:	0.04288499802350998
calibration_test/brier:	0.5353041291236877
accuracy_test/task:	59.53
accuracy_test/concepts:	84.43328857421875
map_test/concepts:	0.8467641085153446

Epoch 99
losses_train/task:	0.9918504953384399
losses_train/concepts:	15.105232238769531
losses_train/precision:	0.0011528730392456055
losses_train/total:	2.5024893283843994
losses_test/task:	1.1867780685424805
losses_test/concepts:	23.023723602294922
losses_test/precision:	0.0011752912541851401
losses_test/total:	3.4892683029174805
calibration_test/ece:	0.04239557683467865
calibration_test/brier:	0.5338743925094604
accuracy_test/task:	59.62
accuracy_test/concepts:	84.43077850341797
map_test/concepts:	0.8466508449637331

Epoch 100
losses_train/task:	0.9946082234382629
losses_train/concepts:	15.127523422241211
losses_train/precision:	0.0011575750540941954
losses_train/total:	2.5074756145477295
losses_test/task:	1.189227819442749
losses_test/concepts:	23.012340545654297
losses_test/precision:	0.0011783770751208067
losses_test/total:	3.490579843521118
calibration_test/ece:	0.04230041056871414
calibration_test/brier:	0.5345801115036011
accuracy_test/task:	59.56
accuracy_test/concepts:	84.42484283447266
map_test/concepts:	0.8468229896388948

Epoch 101
losses_train/task:	1.000483512878418
losses_train/concepts:	15.108074188232422
losses_train/precision:	0.0011683483608067036
losses_train/total:	2.5114073753356934
losses_test/task:	1.187961220741272
losses_test/concepts:	23.037782669067383
losses_test/precision:	0.00116790272295475
losses_test/total:	3.4918558597564697
calibration_test/ece:	0.044945381581783295
calibration_test/brier:	0.5347049236297607
accuracy_test/task:	59.33
accuracy_test/concepts:	84.42892456054688
map_test/concepts:	0.8467008493607864

Epoch 102
losses_train/task:	0.9944987893104553
losses_train/concepts:	15.075345039367676
losses_train/precision:	0.0011650568339973688
losses_train/total:	2.5021512508392334
losses_test/task:	1.1881917715072632
losses_test/concepts:	23.00642204284668
losses_test/precision:	0.001146830851212144
losses_test/total:	3.4889488220214844
calibration_test/ece:	0.042366962879896164
calibration_test/brier:	0.5347577929496765
accuracy_test/task:	59.55
accuracy_test/concepts:	84.41531372070312
map_test/concepts:	0.8466269413474947

Epoch 103
losses_train/task:	0.9911093711853027
losses_train/concepts:	15.060904502868652
losses_train/precision:	0.0011634948896244168
losses_train/total:	2.497316837310791
losses_test/task:	1.1906757354736328
losses_test/concepts:	23.028188705444336
losses_test/precision:	0.001165904337540269
losses_test/total:	3.4936115741729736
calibration_test/ece:	0.044634103775024414
calibration_test/brier:	0.535209059715271
accuracy_test/task:	59.38
accuracy_test/concepts:	84.41609191894531
map_test/concepts:	0.8467808924033307

Epoch 104
losses_train/task:	0.9962814450263977
losses_train/concepts:	15.063130378723145
losses_train/precision:	0.0011688197264447808
losses_train/total:	2.5027129650115967
losses_test/task:	1.1891649961471558
losses_test/concepts:	23.059207916259766
losses_test/precision:	0.0011159501736983657
losses_test/total:	3.495197296142578
calibration_test/ece:	0.04353988915681839
calibration_test/brier:	0.5349770784378052
accuracy_test/task:	59.45
accuracy_test/concepts:	84.42642974853516
map_test/concepts:	0.8465803329600021

Epoch 105
losses_train/task:	0.9975497126579285
losses_train/concepts:	15.082613945007324
losses_train/precision:	0.001165989669971168
losses_train/total:	2.5059266090393066
losses_test/task:	1.1917189359664917
losses_test/concepts:	23.036056518554688
losses_test/precision:	0.001154763507656753
losses_test/total:	3.4954402446746826
calibration_test/ece:	0.042087968438863754
calibration_test/brier:	0.5352776646614075
accuracy_test/task:	59.51
accuracy_test/concepts:	84.43108367919922
map_test/concepts:	0.8467152580851689

Epoch 106
losses_train/task:	0.9985543489456177
losses_train/concepts:	15.045637130737305
losses_train/precision:	0.0011756080202758312
losses_train/total:	2.5032360553741455
losses_test/task:	1.1896363496780396
losses_test/concepts:	23.060758590698242
losses_test/precision:	0.0011912751942873001
losses_test/total:	3.4958314895629883
calibration_test/ece:	0.04471581056714058
calibration_test/brier:	0.5345320105552673
accuracy_test/task:	59.44
accuracy_test/concepts:	84.41905975341797
map_test/concepts:	0.8466812181286514

Epoch 107
losses_train/task:	0.9959055781364441
losses_train/concepts:	15.029226303100586
losses_train/precision:	0.0011740962509065866
losses_train/total:	2.4989447593688965
losses_test/task:	1.1912537813186646
losses_test/concepts:	23.043546676635742
losses_test/precision:	0.0011642103781923652
losses_test/total:	3.495725393295288
calibration_test/ece:	0.0431504026055336
calibration_test/brier:	0.5344157814979553
accuracy_test/task:	59.78
accuracy_test/concepts:	84.40702819824219
map_test/concepts:	0.8466204366995953

Epoch 108
losses_train/task:	0.9973056316375732
losses_train/concepts:	15.032413482666016
losses_train/precision:	0.001182138454169035
losses_train/total:	2.5006656646728516
losses_test/task:	1.1931886672973633
losses_test/concepts:	23.04619789123535
losses_test/precision:	0.0011732304701581597
losses_test/total:	3.4979257583618164
calibration_test/ece:	0.04230552539229393
calibration_test/brier:	0.5357325673103333
accuracy_test/task:	59.44
accuracy_test/concepts:	84.43406677246094
map_test/concepts:	0.8466109657310881

Epoch 109
losses_train/task:	0.9931750297546387
losses_train/concepts:	15.023148536682129
losses_train/precision:	0.0011813261080533266
losses_train/total:	2.495607614517212
losses_test/task:	1.18709397315979
losses_test/concepts:	23.07023811340332
losses_test/precision:	0.0011821917723864317
losses_test/total:	3.494236946105957
calibration_test/ece:	0.04522942751646042
calibration_test/brier:	0.5341131687164307
accuracy_test/task:	59.54
accuracy_test/concepts:	84.41844940185547
map_test/concepts:	0.8467436024802737

Epoch 110
losses_train/task:	0.9952985048294067
losses_train/concepts:	15.030698776245117
losses_train/precision:	0.0011835754849016666
losses_train/total:	2.498487710952759
losses_test/task:	1.1930240392684937
losses_test/concepts:	23.043838500976562
losses_test/precision:	0.0011798912892118096
losses_test/total:	3.497525930404663
calibration_test/ece:	0.04506755992770195
calibration_test/brier:	0.5355159044265747
accuracy_test/task:	59.27
accuracy_test/concepts:	84.43110656738281
map_test/concepts:	0.8466297731501982

Epoch 111
losses_train/task:	0.995490312576294
losses_train/concepts:	15.002420425415039
losses_train/precision:	0.0011885472340509295
losses_train/total:	2.495850086212158
losses_test/task:	1.1865630149841309
losses_test/concepts:	23.050334930419922
losses_test/precision:	0.001199692371301353
losses_test/total:	3.4917171001434326
calibration_test/ece:	0.04314408078789711
calibration_test/brier:	0.5337479710578918
accuracy_test/task:	59.56
accuracy_test/concepts:	84.43547058105469
map_test/concepts:	0.8468962840270251

Epoch 112
losses_train/task:	0.9962459802627563
losses_train/concepts:	14.98708438873291
losses_train/precision:	0.0011838695500046015
losses_train/total:	2.495073080062866
losses_test/task:	1.1927119493484497
losses_test/concepts:	23.074560165405273
losses_test/precision:	0.0012208842672407627
losses_test/total:	3.5002899169921875
calibration_test/ece:	0.04630386456847191
calibration_test/brier:	0.5353860259056091
accuracy_test/task:	59.31
accuracy_test/concepts:	84.40955352783203
map_test/concepts:	0.8466160914395005

Epoch 113
losses_train/task:	0.9956088662147522
losses_train/concepts:	15.021153450012207
losses_train/precision:	0.0011768074473366141
losses_train/total:	2.4978418350219727
losses_test/task:	1.188199758529663
losses_test/concepts:	23.07402229309082
losses_test/precision:	0.0011600925354287028
losses_test/total:	3.495718002319336
calibration_test/ece:	0.04428846761584282
calibration_test/brier:	0.5342587232589722
accuracy_test/task:	59.44
accuracy_test/concepts:	84.43186950683594
map_test/concepts:	0.8468392184586264

Epoch 114
losses_train/task:	0.9958559274673462
losses_train/concepts:	14.97451114654541
losses_train/precision:	0.0011811464792117476
losses_train/total:	2.493426561355591
losses_test/task:	1.1971688270568848
losses_test/concepts:	23.073471069335938
losses_test/precision:	0.0011812231969088316
losses_test/total:	3.5046334266662598
calibration_test/ece:	0.04679281637072563
calibration_test/brier:	0.5370489954948425
accuracy_test/task:	59.27
accuracy_test/concepts:	84.40499877929688
map_test/concepts:	0.8465280232485384

Epoch 115
losses_train/task:	0.9894343018531799
losses_train/concepts:	14.963628768920898
losses_train/precision:	0.0011948286555707455
losses_train/total:	2.485917568206787
losses_test/task:	1.1950162649154663
losses_test/concepts:	23.09852409362793
losses_test/precision:	0.001176379737444222
losses_test/total:	3.504986524581909
calibration_test/ece:	0.047430235892534256
calibration_test/brier:	0.536179780960083
accuracy_test/task:	59.22
accuracy_test/concepts:	84.4018783569336
map_test/concepts:	0.8464994847890921

Epoch 116
losses_train/task:	0.9940484762191772
losses_train/concepts:	14.971282958984375
losses_train/precision:	0.0011873096227645874
losses_train/total:	2.4912960529327393
losses_test/task:	1.192955732345581
losses_test/concepts:	23.098928451538086
losses_test/precision:	0.0011726251104846597
losses_test/total:	3.5029661655426025
calibration_test/ece:	0.04606371745467186
calibration_test/brier:	0.5351508855819702
accuracy_test/task:	59.31
accuracy_test/concepts:	84.40296173095703
map_test/concepts:	0.8465517607401125

Epoch 117
losses_train/task:	0.9969644546508789
losses_train/concepts:	14.947439193725586
losses_train/precision:	0.0011904394486919045
losses_train/total:	2.4918272495269775
losses_test/task:	1.1935704946517944
losses_test/concepts:	23.115680694580078
losses_test/precision:	0.0011883681872859597
losses_test/total:	3.5052571296691895
calibration_test/ece:	0.04906554892659187
calibration_test/brier:	0.5371822714805603
accuracy_test/task:	59.1
accuracy_test/concepts:	84.38544464111328
map_test/concepts:	0.8464659307501279

Epoch 118
losses_train/task:	0.9956033825874329
losses_train/concepts:	14.931109428405762
losses_train/precision:	0.0011917285155504942
losses_train/total:	2.48883318901062
losses_test/task:	1.1920725107192993
losses_test/concepts:	23.131126403808594
losses_test/precision:	0.001232875045388937
losses_test/total:	3.505308151245117
calibration_test/ece:	0.049611762166023254
calibration_test/brier:	0.5365566611289978
accuracy_test/task:	59.12
accuracy_test/concepts:	84.41390991210938
map_test/concepts:	0.8467626727651805

Epoch 119
losses_train/task:	0.9910026788711548
losses_train/concepts:	14.931730270385742
losses_train/precision:	0.0011873370967805386
losses_train/total:	2.48429536819458
losses_test/task:	1.1921360492706299
losses_test/concepts:	23.125690460205078
losses_test/precision:	0.0012432881630957127
losses_test/total:	3.504828929901123
calibration_test/ece:	0.046607352793216705
calibration_test/brier:	0.5349971652030945
accuracy_test/task:	59.53
accuracy_test/concepts:	84.39298248291016
map_test/concepts:	0.8465037054847926

Epoch 120
losses_train/task:	0.9972980618476868
losses_train/concepts:	14.93007755279541
losses_train/precision:	0.0012047130148857832
losses_train/total:	2.490426540374756
losses_test/task:	1.1964777708053589
losses_test/concepts:	23.128162384033203
losses_test/precision:	0.001168085029348731
losses_test/total:	3.509411096572876
calibration_test/ece:	0.04784708842635155
calibration_test/brier:	0.5370650887489319
accuracy_test/task:	59.16
accuracy_test/concepts:	84.40702056884766
map_test/concepts:	0.8463057891931385

Epoch 121
losses_train/task:	0.9883670210838318
losses_train/concepts:	14.91799545288086
losses_train/precision:	0.0012022695736959577
losses_train/total:	2.4802865982055664
losses_test/task:	1.194106936454773
losses_test/concepts:	23.092058181762695
losses_test/precision:	0.0012199153425171971
losses_test/total:	3.5034353733062744
calibration_test/ece:	0.04887266084551811
calibration_test/brier:	0.5363545417785645
accuracy_test/task:	59.1
accuracy_test/concepts:	84.40765380859375
map_test/concepts:	0.8465324275312014

Epoch 122
losses_train/task:	0.9871695041656494
losses_train/concepts:	14.909134864807129
losses_train/precision:	0.0012089286465197802
losses_train/total:	2.478203535079956
losses_test/task:	1.1918801069259644
losses_test/concepts:	23.114534378051758
losses_test/precision:	0.001157427323050797
losses_test/total:	3.5034494400024414
calibration_test/ece:	0.04777728021144867
calibration_test/brier:	0.5355854630470276
accuracy_test/task:	59.36
accuracy_test/concepts:	84.40436553955078
map_test/concepts:	0.8466336896526627

Epoch 123
losses_train/task:	0.991720974445343
losses_train/concepts:	14.889351844787598
losses_train/precision:	0.001210790011100471
losses_train/total:	2.4807772636413574
losses_test/task:	1.1899867057800293
losses_test/concepts:	23.147159576416016
losses_test/precision:	0.001222156104631722
losses_test/total:	3.504824638366699
calibration_test/ece:	0.04766905680298805
calibration_test/brier:	0.5348861813545227
accuracy_test/task:	59.26
accuracy_test/concepts:	84.43329620361328
map_test/concepts:	0.8464865409187041

Epoch 124
losses_train/task:	0.9946390390396118
losses_train/concepts:	14.907866477966309
losses_train/precision:	0.001201828708872199
losses_train/total:	2.485546112060547
losses_test/task:	1.1967872381210327
losses_test/concepts:	23.136962890625
losses_test/precision:	0.00124347151722759
losses_test/total:	3.510607957839966
calibration_test/ece:	0.04855220764875412
calibration_test/brier:	0.5377480983734131
accuracy_test/task:	59.16
accuracy_test/concepts:	84.40376281738281
map_test/concepts:	0.8465782755520195

Epoch 125
losses_train/task:	0.9972772598266602
losses_train/concepts:	14.898780822753906
losses_train/precision:	0.0012103497283533216
losses_train/total:	2.4872756004333496
losses_test/task:	1.1917415857315063
losses_test/concepts:	23.13800048828125
losses_test/precision:	0.0011869152076542377
losses_test/total:	3.505659818649292
calibration_test/ece:	0.04822474345564842
calibration_test/brier:	0.5355857014656067
accuracy_test/task:	59.24
accuracy_test/concepts:	84.39735412597656
map_test/concepts:	0.8462647404521704

Epoch 126
losses_train/task:	0.9971097707748413
losses_train/concepts:	14.883631706237793
losses_train/precision:	0.0012043076567351818
losses_train/total:	2.48559308052063
losses_test/task:	1.1933609247207642
losses_test/concepts:	23.160886764526367
losses_test/precision:	0.0012038704007863998
losses_test/total:	3.5095698833465576
calibration_test/ece:	0.047511205077171326
calibration_test/brier:	0.5367044806480408
accuracy_test/task:	59.22
accuracy_test/concepts:	84.40983581542969
map_test/concepts:	0.8465277909417637

Epoch 127
losses_train/task:	0.9895434379577637
losses_train/concepts:	14.881677627563477
losses_train/precision:	0.001210206188261509
losses_train/total:	2.4778313636779785
losses_test/task:	1.1913080215454102
losses_test/concepts:	23.17569351196289
losses_test/precision:	0.0011986637255176902
losses_test/total:	3.508997678756714
calibration_test/ece:	0.04817802459001541
calibration_test/brier:	0.5349670052528381
accuracy_test/task:	59.2
accuracy_test/concepts:	84.41000366210938
map_test/concepts:	0.8465502744074911

Epoch 128
losses_train/task:	0.9914615154266357
losses_train/concepts:	14.877320289611816
losses_train/precision:	0.0012122661573812366
losses_train/total:	2.4793150424957275
losses_test/task:	1.1917827129364014
losses_test/concepts:	23.167360305786133
losses_test/precision:	0.0012440757127478719
losses_test/total:	3.508643627166748
calibration_test/ece:	0.047797057777643204
calibration_test/brier:	0.5359828472137451
accuracy_test/task:	59.25
accuracy_test/concepts:	84.39595031738281
map_test/concepts:	0.8464297926984727

Epoch 129
losses_train/task:	0.9895918369293213
losses_train/concepts:	14.883458137512207
losses_train/precision:	0.001222281833179295
losses_train/total:	2.478060483932495
losses_test/task:	1.1909458637237549
losses_test/concepts:	23.143239974975586
losses_test/precision:	0.0012117406586185098
losses_test/total:	3.5053904056549072
calibration_test/ece:	0.04863668605685234
calibration_test/brier:	0.5356227159500122
accuracy_test/task:	59.21
accuracy_test/concepts:	84.37702178955078
map_test/concepts:	0.8464847618015483

Epoch 130
losses_train/task:	0.9910786747932434
losses_train/concepts:	14.865033149719238
losses_train/precision:	0.00122139323502779
losses_train/total:	2.4777047634124756
losses_test/task:	1.189408779144287
losses_test/concepts:	23.17965316772461
losses_test/precision:	0.0012514643603935838
losses_test/total:	3.5074989795684814
calibration_test/ece:	0.04683390259742737
calibration_test/brier:	0.5350956916809082
accuracy_test/task:	59.34
accuracy_test/concepts:	84.39640808105469
map_test/concepts:	0.8464824166148901

Epoch 131
losses_train/task:	0.9887369871139526
losses_train/concepts:	14.850459098815918
losses_train/precision:	0.001209766254760325
losses_train/total:	2.473903179168701
losses_test/task:	1.1888940334320068
losses_test/concepts:	23.198944091796875
losses_test/precision:	0.0011766230454668403
losses_test/total:	3.508906126022339
calibration_test/ece:	0.04612194746732712
calibration_test/brier:	0.5343056321144104
accuracy_test/task:	59.52
accuracy_test/concepts:	84.37405395507812
map_test/concepts:	0.8463051990838721

Epoch 132
losses_train/task:	0.9946556091308594
losses_train/concepts:	14.848899841308594
losses_train/precision:	0.0012197913601994514
losses_train/total:	2.479668140411377
losses_test/task:	1.1887660026550293
losses_test/concepts:	23.198808670043945
losses_test/precision:	0.0012188258115202188
losses_test/total:	3.5087690353393555
calibration_test/ece:	0.0452282689511776
calibration_test/brier:	0.5337569117546082
accuracy_test/task:	59.6
accuracy_test/concepts:	84.3839111328125
map_test/concepts:	0.8465097428997979

Epoch 133
losses_train/task:	0.9886921644210815
losses_train/concepts:	14.822460174560547
losses_train/precision:	0.0012204732047393918
losses_train/total:	2.4710607528686523
losses_test/task:	1.1952365636825562
losses_test/concepts:	23.18685531616211
losses_test/precision:	0.0011924263089895248
losses_test/total:	3.5140421390533447
calibration_test/ece:	0.04895465075969696
calibration_test/brier:	0.5369136929512024
accuracy_test/task:	59.16
accuracy_test/concepts:	84.37859344482422
map_test/concepts:	0.8464565715403296

Epoch 134
losses_train/task:	0.9914458990097046
losses_train/concepts:	14.82260513305664
losses_train/precision:	0.0012228793930262327
losses_train/total:	2.4738292694091797
losses_test/task:	1.193245530128479
losses_test/concepts:	23.223037719726562
losses_test/precision:	0.001234568888321519
losses_test/total:	3.5156726837158203
calibration_test/ece:	0.04891403391957283
calibration_test/brier:	0.5366597771644592
accuracy_test/task:	59.29
accuracy_test/concepts:	84.36297607421875
map_test/concepts:	0.846185208123643

Epoch 135
losses_train/task:	0.9905467629432678
losses_train/concepts:	14.828371047973633
losses_train/precision:	0.0012316395295783877
losses_train/total:	2.473506450653076
losses_test/task:	1.1951613426208496
losses_test/concepts:	23.196670532226562
losses_test/precision:	0.0011893977643921971
losses_test/total:	3.514946460723877
calibration_test/ece:	0.04800960794091225
calibration_test/brier:	0.5362924933433533
accuracy_test/task:	59.31
accuracy_test/concepts:	84.39611053466797
map_test/concepts:	0.8464295509038493

Epoch 136
losses_train/task:	0.9945537447929382
losses_train/concepts:	14.816509246826172
losses_train/precision:	0.0012204237282276154
losses_train/total:	2.476325750350952
losses_test/task:	1.1951833963394165
losses_test/concepts:	23.232942581176758
losses_test/precision:	0.0012226405087858438
losses_test/total:	3.5185999870300293
calibration_test/ece:	0.048071540892124176
calibration_test/brier:	0.5368416905403137
accuracy_test/task:	59.15
accuracy_test/concepts:	84.3806381225586
map_test/concepts:	0.8463742883177474

Epoch 137
losses_train/task:	0.9915748238563538
losses_train/concepts:	14.815149307250977
losses_train/precision:	0.0012278534704819322
losses_train/total:	2.4732139110565186
losses_test/task:	1.1940925121307373
losses_test/concepts:	23.247106552124023
losses_test/precision:	0.0012041112640872598
losses_test/total:	3.518922805786133
calibration_test/ece:	0.0477055124938488
calibration_test/brier:	0.5363246202468872
accuracy_test/task:	59.41
accuracy_test/concepts:	84.37094116210938
map_test/concepts:	0.8462283490225673

Epoch 138
losses_train/task:	0.9903695583343506
losses_train/concepts:	14.825835227966309
losses_train/precision:	0.001221616636030376
losses_train/total:	2.4730753898620605
losses_test/task:	1.1919031143188477
losses_test/concepts:	23.216978073120117
losses_test/precision:	0.0012306342832744122
losses_test/total:	3.513723611831665
calibration_test/ece:	0.047042034566402435
calibration_test/brier:	0.5341882705688477
accuracy_test/task:	59.68
accuracy_test/concepts:	84.36936950683594
map_test/concepts:	0.8463902971707284

Epoch 139
losses_train/task:	0.9933273792266846
losses_train/concepts:	14.804365158081055
losses_train/precision:	0.0012339559616521
losses_train/total:	2.4738874435424805
losses_test/task:	1.1909763813018799
losses_test/concepts:	23.237337112426758
losses_test/precision:	0.001238142722286284
losses_test/total:	3.514834403991699
calibration_test/ece:	0.04638258367776871
calibration_test/brier:	0.5342603325843811
accuracy_test/task:	59.5
accuracy_test/concepts:	84.37016296386719
map_test/concepts:	0.8462912528193556

Epoch 140
losses_train/task:	0.9880122542381287
losses_train/concepts:	14.784730911254883
losses_train/precision:	0.0012340389657765627
losses_train/total:	2.466609477996826
losses_test/task:	1.1924893856048584
losses_test/concepts:	23.265235900878906
losses_test/precision:	0.00121283286716789
losses_test/total:	3.519134283065796
calibration_test/ece:	0.045271292328834534
calibration_test/brier:	0.5347959995269775
accuracy_test/task:	59.55
accuracy_test/concepts:	84.3851547241211
map_test/concepts:	0.8463853363646194

Epoch 141
losses_train/task:	0.9885523319244385
losses_train/concepts:	14.806499481201172
losses_train/precision:	0.0012239791685715318
losses_train/total:	2.469325304031372
losses_test/task:	1.1910061836242676
losses_test/concepts:	23.244213104248047
losses_test/precision:	0.0012283326359465718
losses_test/total:	3.5155508518218994
calibration_test/ece:	0.04830130189657211
calibration_test/brier:	0.5354259014129639
accuracy_test/task:	59.33
accuracy_test/concepts:	84.38092803955078
map_test/concepts:	0.8463879608898424

Epoch 142
losses_train/task:	0.9887639880180359
losses_train/concepts:	14.794835090637207
losses_train/precision:	0.0012317511718720198
losses_train/total:	2.468370199203491
losses_test/task:	1.1920278072357178
losses_test/concepts:	23.23148536682129
losses_test/precision:	0.001230997615493834
losses_test/total:	3.515299081802368
calibration_test/ece:	0.04836808517575264
calibration_test/brier:	0.5346234440803528
accuracy_test/task:	59.35
accuracy_test/concepts:	84.35986328125
map_test/concepts:	0.8463105808477849

Epoch 143
losses_train/task:	0.986104428768158
losses_train/concepts:	14.777843475341797
losses_train/precision:	0.0012298113433644176
losses_train/total:	2.4640121459960938
losses_test/task:	1.1917096376419067
losses_test/concepts:	23.24565887451172
losses_test/precision:	0.0012130738468840718
losses_test/total:	3.5163965225219727
calibration_test/ece:	0.04858981445431709
calibration_test/brier:	0.5346050262451172
accuracy_test/task:	59.42
accuracy_test/concepts:	84.38861846923828
map_test/concepts:	0.8463219676632434

Epoch 144
losses_train/task:	0.9864221215248108
losses_train/concepts:	14.77797794342041
losses_train/precision:	0.0012403926812112331
losses_train/total:	2.4643442630767822
losses_test/task:	1.191705346107483
losses_test/concepts:	23.258560180664062
losses_test/precision:	0.0012463773600757122
losses_test/total:	3.517685890197754
calibration_test/ece:	0.049212921410799026
calibration_test/brier:	0.5343462824821472
accuracy_test/task:	59.35
accuracy_test/concepts:	84.35967254638672
map_test/concepts:	0.8463021088391542

Epoch 145
losses_train/task:	0.9880637526512146
losses_train/concepts:	14.765826225280762
losses_train/precision:	0.0012333152117207646
losses_train/total:	2.4647703170776367
losses_test/task:	1.1959826946258545
losses_test/concepts:	23.240182876586914
losses_test/precision:	0.0012559442548081279
losses_test/total:	3.5201263427734375
calibration_test/ece:	0.051200997084379196
calibration_test/brier:	0.5371858477592468
accuracy_test/task:	59.23
accuracy_test/concepts:	84.34844207763672
map_test/concepts:	0.8461819861549884

Epoch 146
losses_train/task:	0.9883114099502563
losses_train/concepts:	14.747528076171875
losses_train/precision:	0.0012502186000347137
losses_train/total:	2.4631893634796143
losses_test/task:	1.1938464641571045
losses_test/concepts:	23.295543670654297
losses_test/precision:	0.001258122269064188
losses_test/total:	3.523526906967163
calibration_test/ece:	0.04559800401329994
calibration_test/brier:	0.5360292792320251
accuracy_test/task:	59.52
accuracy_test/concepts:	84.36750030517578
map_test/concepts:	0.8462225876282901

Epoch 147
losses_train/task:	0.99186772108078
losses_train/concepts:	14.743525505065918
losses_train/precision:	0.0012457148404791951
losses_train/total:	2.466343641281128
losses_test/task:	1.1964634656906128
losses_test/concepts:	23.292301177978516
losses_test/precision:	0.0012269994476810098
losses_test/total:	3.5258169174194336
calibration_test/ece:	0.050210315734148026
calibration_test/brier:	0.5363266468048096
accuracy_test/task:	59.21
accuracy_test/concepts:	84.35328674316406
map_test/concepts:	0.8461664011119865

Epoch 148
losses_train/task:	0.9847990870475769
losses_train/concepts:	14.726099967956543
losses_train/precision:	0.0012445688480511308
losses_train/total:	2.4575350284576416
losses_test/task:	1.1913278102874756
losses_test/concepts:	23.277326583862305
losses_test/precision:	0.0012572762789204717
losses_test/total:	3.5191853046417236
calibration_test/ece:	0.04699726775288582
calibration_test/brier:	0.5349105596542358
accuracy_test/task:	59.5
accuracy_test/concepts:	84.37218475341797
map_test/concepts:	0.8462430100771599

Epoch 149
losses_train/task:	0.9899106621742249
losses_train/concepts:	14.748980522155762
losses_train/precision:	0.0012449492933228612
losses_train/total:	2.464935302734375
losses_test/task:	1.1929768323898315
losses_test/concepts:	23.274658203125
losses_test/precision:	0.0012795575894415379
losses_test/total:	3.520571231842041
calibration_test/ece:	0.04909779503941536
calibration_test/brier:	0.5350748896598816
accuracy_test/task:	59.52
accuracy_test/concepts:	84.35515594482422
map_test/concepts:	0.8462402735603973

Epoch 150
losses_train/task:	0.9847778081893921
losses_train/concepts:	14.757570266723633
losses_train/precision:	0.0012523849727585912
losses_train/total:	2.460660457611084
losses_test/task:	1.1956101655960083
losses_test/concepts:	23.27873420715332
losses_test/precision:	0.0012375358492136002
losses_test/total:	3.523606777191162
calibration_test/ece:	0.05016282945871353
calibration_test/brier:	0.5358966588973999
accuracy_test/task:	59.45
accuracy_test/concepts:	84.3531494140625
map_test/concepts:	0.8462174509186298

Epoch 151
losses_train/task:	0.9871322512626648
losses_train/concepts:	14.725379943847656
losses_train/precision:	0.001245559542439878
losses_train/total:	2.45979380607605
losses_test/task:	1.1935384273529053
losses_test/concepts:	23.32819366455078
losses_test/precision:	0.0012490401277318597
losses_test/total:	3.526482343673706
calibration_test/ece:	0.051798265427351
calibration_test/brier:	0.5361588597297668
accuracy_test/task:	59.07
accuracy_test/concepts:	84.37203216552734
map_test/concepts:	0.8464114879025146

Epoch 152
losses_train/task:	0.9887729287147522
losses_train/concepts:	14.713789939880371
losses_train/precision:	0.001254236325621605
losses_train/total:	2.460278034210205
losses_test/task:	1.1958763599395752
losses_test/concepts:	23.29884910583496
losses_test/precision:	0.0012540067546069622
losses_test/total:	3.5258851051330566
calibration_test/ece:	0.0533696711063385
calibration_test/brier:	0.5358831882476807
accuracy_test/task:	59.07
accuracy_test/concepts:	84.35123443603516
map_test/concepts:	0.8460377498995513

Epoch 153
losses_train/task:	0.9860026836395264
losses_train/concepts:	14.722957611083984
losses_train/precision:	0.0012552887201309204
losses_train/total:	2.458423376083374
losses_test/task:	1.1961877346038818
losses_test/concepts:	23.32236099243164
losses_test/precision:	0.0012144068023189902
losses_test/total:	3.528543710708618
calibration_test/ece:	0.05018561705946922
calibration_test/brier:	0.5363361239433289
accuracy_test/task:	59.2
accuracy_test/concepts:	84.37593841552734
map_test/concepts:	0.8461089655174874

Epoch 154
losses_train/task:	0.9889020919799805
losses_train/concepts:	14.724468231201172
losses_train/precision:	0.0012479934375733137
losses_train/total:	2.461473226547241
losses_test/task:	1.1948471069335938
losses_test/concepts:	23.289945602416992
losses_test/precision:	0.0012334194034337997
losses_test/total:	3.5239644050598145
calibration_test/ece:	0.04866055026650429
calibration_test/brier:	0.535075843334198
accuracy_test/task:	59.49
accuracy_test/concepts:	84.36032104492188
map_test/concepts:	0.8461333635495976

Epoch 155
losses_train/task:	0.9816288352012634
losses_train/concepts:	14.708250999450684
losses_train/precision:	0.001255169976502657
losses_train/total:	2.4525797367095947
losses_test/task:	1.1947591304779053
losses_test/concepts:	23.30644989013672
losses_test/precision:	0.0012513417750597
losses_test/total:	3.5255286693573
calibration_test/ece:	0.048928555101156235
calibration_test/brier:	0.5353463292121887
accuracy_test/task:	59.63
accuracy_test/concepts:	84.35591125488281
map_test/concepts:	0.8461458653910086

Epoch 156
losses_train/task:	0.9868975877761841
losses_train/concepts:	14.698887825012207
losses_train/precision:	0.00125502934679389
losses_train/total:	2.45691180229187
losses_test/task:	1.1959142684936523
losses_test/concepts:	23.340518951416016
losses_test/precision:	0.0011767441174015403
losses_test/total:	3.5300846099853516
calibration_test/ece:	0.05000830441713333
calibration_test/brier:	0.5361602902412415
accuracy_test/task:	59.29
accuracy_test/concepts:	84.34468841552734
map_test/concepts:	0.8460332709364593

Epoch 157
losses_train/task:	0.9931296110153198
losses_train/concepts:	14.702548027038574
losses_train/precision:	0.0012570708058774471
losses_train/total:	2.4635114669799805
losses_test/task:	1.1990269422531128
losses_test/concepts:	23.318552017211914
losses_test/precision:	0.0012555797584354877
losses_test/total:	3.5310075283050537
calibration_test/ece:	0.05089805647730827
calibration_test/brier:	0.5369113087654114
accuracy_test/task:	59.31
accuracy_test/concepts:	84.36344909667969
map_test/concepts:	0.8462076113792136

Epoch 158
losses_train/task:	0.9821533560752869
losses_train/concepts:	14.668624877929688
losses_train/precision:	0.001259664073586464
losses_train/total:	2.4491419792175293
losses_test/task:	1.1936752796173096
losses_test/concepts:	23.302757263183594
losses_test/precision:	0.0012150111142545938
losses_test/total:	3.5240726470947266
calibration_test/ece:	0.04850007966160774
calibration_test/brier:	0.5348973274230957
accuracy_test/task:	59.46
accuracy_test/concepts:	84.3382797241211
map_test/concepts:	0.8461424107663333

Epoch 159
losses_train/task:	0.9802660942077637
losses_train/concepts:	14.684249877929688
losses_train/precision:	0.0012645056704059243
losses_train/total:	2.4488184452056885
losses_test/task:	1.1977713108062744
losses_test/concepts:	23.32544708251953
losses_test/precision:	0.0012408052571117878
losses_test/total:	3.5304408073425293
calibration_test/ece:	0.052675601094961166
calibration_test/brier:	0.5379154086112976
accuracy_test/task:	59.15
accuracy_test/concepts:	84.3559341430664
map_test/concepts:	0.8462010385701433

Epoch 160
losses_train/task:	0.9818649291992188
losses_train/concepts:	14.668984413146973
losses_train/precision:	0.0012667819391936064
losses_train/total:	2.448890209197998
losses_test/task:	1.1944326162338257
losses_test/concepts:	23.338516235351562
losses_test/precision:	0.0012754419585689902
losses_test/total:	3.528411626815796
calibration_test/ece:	0.050771135836839676
calibration_test/brier:	0.5367389917373657
accuracy_test/task:	59.3
accuracy_test/concepts:	84.3565673828125
map_test/concepts:	0.8460823294590227

Epoch 161
losses_train/task:	0.9774911403656006
losses_train/concepts:	14.680146217346191
losses_train/precision:	0.00015370987239293754
losses_train/total:	2.445521116256714
losses_test/task:	1.1980963945388794
losses_test/concepts:	23.255502700805664
losses_test/precision:	0.00012194923328934237
losses_test/total:	3.523658514022827
calibration_test/ece:	0.053252678364515305
calibration_test/brier:	0.536320686340332
accuracy_test/task:	59.41
accuracy_test/concepts:	84.35157012939453
map_test/concepts:	0.8461819468648173

Epoch 162
losses_train/task:	0.9766371250152588
losses_train/concepts:	14.677741050720215
losses_train/precision:	0.0001253750524483621
losses_train/total:	2.444423198699951
losses_test/task:	1.1988756656646729
losses_test/concepts:	23.264266967773438
losses_test/precision:	0.00012727768626064062
losses_test/total:	3.525315046310425
calibration_test/ece:	0.05123317986726761
calibration_test/brier:	0.5364342331886292
accuracy_test/task:	59.53
accuracy_test/concepts:	84.37046813964844
map_test/concepts:	0.8462665592669509

Epoch 163
losses_train/task:	0.983484148979187
losses_train/concepts:	14.6638822555542
losses_train/precision:	0.00012546601647045463
losses_train/total:	2.449885368347168
losses_test/task:	1.200581431388855
losses_test/concepts:	23.268884658813477
losses_test/precision:	0.0001244923914782703
losses_test/total:	3.5274817943573
calibration_test/ece:	0.05305394530296326
calibration_test/brier:	0.537379801273346
accuracy_test/task:	59.44
accuracy_test/concepts:	84.37046813964844
map_test/concepts:	0.8462523045600392

Epoch 164
losses_train/task:	0.9841998815536499
losses_train/concepts:	14.667611122131348
losses_train/precision:	0.00012530990352388471
losses_train/total:	2.4509737491607666
losses_test/task:	1.2027312517166138
losses_test/concepts:	23.267026901245117
losses_test/precision:	0.00012667207920458168
losses_test/total:	3.5294463634490967
calibration_test/ece:	0.05177340283989906
calibration_test/brier:	0.5376313328742981
accuracy_test/task:	59.5
accuracy_test/concepts:	84.36547088623047
map_test/concepts:	0.8462597772595473

Epoch 165
losses_train/task:	0.9821635484695435
losses_train/concepts:	14.655335426330566
losses_train/precision:	0.00012525789497885853
losses_train/total:	2.4477105140686035
losses_test/task:	1.20233952999115
losses_test/concepts:	23.28192138671875
losses_test/precision:	0.0001232813228853047
losses_test/total:	3.530545473098755
calibration_test/ece:	0.0528862364590168
calibration_test/brier:	0.5372770428657532
accuracy_test/task:	59.36
accuracy_test/concepts:	84.37454986572266
map_test/concepts:	0.8463071960723028

Epoch 166
losses_train/task:	0.9785902500152588
losses_train/concepts:	14.653755187988281
losses_train/precision:	0.00012570830585900694
losses_train/total:	2.4439773559570312
losses_test/task:	1.2027826309204102
losses_test/concepts:	23.284730911254883
losses_test/precision:	0.00012594556028489023
losses_test/total:	3.5312678813934326
calibration_test/ece:	0.05087830498814583
calibration_test/brier:	0.5374907851219177
accuracy_test/task:	59.48
accuracy_test/concepts:	84.3728256225586
map_test/concepts:	0.846270143520087

Epoch 167
losses_train/task:	0.9829428195953369
losses_train/concepts:	14.628904342651367
losses_train/precision:	0.00012542006152216345
losses_train/total:	2.4458467960357666
losses_test/task:	1.2022058963775635
losses_test/concepts:	23.28038215637207
losses_test/precision:	0.00012412910291459411
losses_test/total:	3.530256509780884
calibration_test/ece:	0.0509817935526371
calibration_test/brier:	0.5371861457824707
accuracy_test/task:	59.5
accuracy_test/concepts:	84.36516571044922
map_test/concepts:	0.8462500909809023

Epoch 168
losses_train/task:	0.983269453048706
losses_train/concepts:	14.677244186401367
losses_train/precision:	0.00012518969015218318
losses_train/total:	2.4510061740875244
losses_test/task:	1.2014812231063843
losses_test/concepts:	23.28191566467285
losses_test/precision:	0.00012957862054463476
losses_test/total:	3.5296847820281982
calibration_test/ece:	0.04894109442830086
calibration_test/brier:	0.5366640686988831
accuracy_test/task:	59.75
accuracy_test/concepts:	84.36564636230469
map_test/concepts:	0.8462760922848247

Epoch 169
losses_train/task:	0.9908677339553833
losses_train/concepts:	14.641505241394043
losses_train/precision:	0.00012549707025755197
losses_train/total:	2.455030679702759
losses_test/task:	1.203389048576355
losses_test/concepts:	23.28325080871582
losses_test/precision:	0.00012885211617685854
losses_test/total:	3.531726837158203
calibration_test/ece:	0.05014881119132042
calibration_test/brier:	0.5376029014587402
accuracy_test/task:	59.61
accuracy_test/concepts:	84.36640930175781
map_test/concepts:	0.8462618422927335

Epoch 170
losses_train/task:	0.9817531704902649
losses_train/concepts:	14.646224021911621
losses_train/precision:	0.00012523461191449314
losses_train/total:	2.4463868141174316
losses_test/task:	1.2012708187103271
losses_test/concepts:	23.27857208251953
losses_test/precision:	0.00012340240937191993
losses_test/total:	3.5291404724121094
calibration_test/ece:	0.05048691853880882
calibration_test/brier:	0.536693274974823
accuracy_test/task:	59.62
accuracy_test/concepts:	84.3692398071289
map_test/concepts:	0.8462933156406507

Epoch 171
losses_train/task:	0.9797087907791138
losses_train/concepts:	14.61766529083252
losses_train/precision:	0.00012614941806532443
losses_train/total:	2.441488742828369
losses_test/task:	1.2019420862197876
losses_test/concepts:	23.275150299072266
losses_test/precision:	0.00012812545173801482
losses_test/total:	3.5294692516326904
calibration_test/ece:	0.04902850463986397
calibration_test/brier:	0.5364354252815247
accuracy_test/task:	59.77
accuracy_test/concepts:	84.36125946044922
map_test/concepts:	0.8462521533947438

Epoch 172
losses_train/task:	0.9819203019142151
losses_train/concepts:	14.650972366333008
losses_train/precision:	0.0001262540608877316
losses_train/total:	2.4470300674438477
losses_test/task:	1.2023085355758667
losses_test/concepts:	23.283645629882812
losses_test/precision:	0.00012291791790630668
losses_test/total:	3.530686378479004
calibration_test/ece:	0.05009671673178673
calibration_test/brier:	0.5368022918701172
accuracy_test/task:	59.66
accuracy_test/concepts:	84.35875701904297
map_test/concepts:	0.8462347121094353

Epoch 173
losses_train/task:	0.9834597110748291
losses_train/concepts:	14.65497875213623
losses_train/precision:	0.00012495712144300342
losses_train/total:	2.448970317840576
losses_test/task:	1.2026432752609253
losses_test/concepts:	23.286577224731445
losses_test/precision:	0.0001264299062313512
losses_test/total:	3.531312942504883
calibration_test/ece:	0.049736130982637405
calibration_test/brier:	0.5372275114059448
accuracy_test/task:	59.69
accuracy_test/concepts:	84.35498809814453
map_test/concepts:	0.8462526308139786

Epoch 174
losses_train/task:	0.9804909825325012
losses_train/concepts:	14.660870552062988
losses_train/precision:	0.00012530398089438677
losses_train/total:	2.4465901851654053
losses_test/task:	1.2024403810501099
losses_test/concepts:	23.282838821411133
losses_test/precision:	0.00012473454989958555
losses_test/total:	3.5307371616363525
calibration_test/ece:	0.048518966883420944
calibration_test/brier:	0.5372104048728943
accuracy_test/task:	59.78
accuracy_test/concepts:	84.35938262939453
map_test/concepts:	0.846261220111046

Epoch 175
losses_train/task:	0.9773168563842773
losses_train/concepts:	14.637017250061035
losses_train/precision:	0.00012560258619487286
losses_train/total:	2.441030502319336
losses_test/task:	1.2018696069717407
losses_test/concepts:	23.29374885559082
losses_test/precision:	0.00012582445924635977
losses_test/total:	3.5312578678131104
calibration_test/ece:	0.050043702125549316
calibration_test/brier:	0.5372987389564514
accuracy_test/task:	59.57
accuracy_test/concepts:	84.3598403930664
map_test/concepts:	0.846245770168025

Epoch 176
losses_train/task:	0.9817060232162476
losses_train/concepts:	14.647704124450684
losses_train/precision:	0.00012462827726267278
losses_train/total:	2.4464893341064453
losses_test/task:	1.2030125856399536
losses_test/concepts:	23.278196334838867
losses_test/precision:	0.0001301840675296262
losses_test/total:	3.5308449268341064
calibration_test/ece:	0.048749588429927826
calibration_test/brier:	0.537497878074646
accuracy_test/task:	59.67
accuracy_test/concepts:	84.34796905517578
map_test/concepts:	0.846188465016894

Epoch 177
losses_train/task:	0.9835673570632935
losses_train/concepts:	14.636728286743164
losses_train/precision:	0.00012586347293108702
losses_train/total:	2.447251558303833
losses_test/task:	1.2024811506271362
losses_test/concepts:	23.285310745239258
losses_test/precision:	0.00012570338731165975
losses_test/total:	3.531024932861328
calibration_test/ece:	0.04930858686566353
calibration_test/brier:	0.537520706653595
accuracy_test/task:	59.69
accuracy_test/concepts:	84.3570327758789
map_test/concepts:	0.8462845960166305

Epoch 178
losses_train/task:	0.9868057370185852
losses_train/concepts:	14.656871795654297
losses_train/precision:	0.0001249766064574942
losses_train/total:	2.4525041580200195
losses_test/task:	1.1996264457702637
losses_test/concepts:	23.284923553466797
losses_test/precision:	0.00012751984468195587
losses_test/total:	3.528132677078247
calibration_test/ece:	0.04880943149328232
calibration_test/brier:	0.5365864038467407
accuracy_test/task:	59.67
accuracy_test/concepts:	84.35797882080078
map_test/concepts:	0.8462657341733575

Epoch 179
losses_train/task:	0.9816699028015137
losses_train/concepts:	14.64653205871582
losses_train/precision:	0.00012508321378845721
losses_train/total:	2.446335554122925
losses_test/task:	1.2002079486846924
losses_test/concepts:	23.278766632080078
losses_test/precision:	0.0001244923914782703
losses_test/total:	3.5280966758728027
calibration_test/ece:	0.049360617995262146
calibration_test/brier:	0.5370175838470459
accuracy_test/task:	59.67
accuracy_test/concepts:	84.35640716552734
map_test/concepts:	0.8462216947227716

Epoch 180
losses_train/task:	0.9797032475471497
losses_train/concepts:	14.647844314575195
losses_train/precision:	0.00012589982361532748
losses_train/total:	2.4445009231567383
losses_test/task:	1.2007575035095215
losses_test/concepts:	23.27897071838379
losses_test/precision:	0.00012110164243495092
losses_test/total:	3.5286669731140137
calibration_test/ece:	0.048624187707901
calibration_test/brier:	0.5368251204490662
accuracy_test/task:	59.73
accuracy_test/concepts:	84.35157012939453
map_test/concepts:	0.846233552088961

Epoch 181
losses_train/task:	0.9765496850013733
losses_train/concepts:	14.648335456848145
losses_train/precision:	0.00012501915625762194
losses_train/total:	2.4413928985595703
losses_test/task:	1.2006795406341553
losses_test/concepts:	23.277576446533203
losses_test/precision:	0.00012558231537695974
losses_test/total:	3.5284509658813477
calibration_test/ece:	0.04864233732223511
calibration_test/brier:	0.5365191698074341
accuracy_test/task:	59.81
accuracy_test/concepts:	84.35688781738281
map_test/concepts:	0.8462371791247278

Epoch 182
losses_train/task:	0.9825525283813477
losses_train/concepts:	14.620999336242676
losses_train/precision:	0.00012555021385196596
losses_train/total:	2.444664716720581
losses_test/task:	1.2004363536834717
losses_test/concepts:	23.28704071044922
losses_test/precision:	0.0001271565561182797
losses_test/total:	3.529153347015381
calibration_test/ece:	0.049462754279375076
calibration_test/brier:	0.5373530387878418
accuracy_test/task:	59.66
accuracy_test/concepts:	84.35624694824219
map_test/concepts:	0.8462323744897731

Epoch 183
losses_train/task:	0.9829702973365784
losses_train/concepts:	14.654934883117676
losses_train/precision:	0.00012639234773814678
losses_train/total:	2.4484758377075195
losses_test/task:	1.2010573148727417
losses_test/concepts:	23.28294563293457
losses_test/precision:	0.00012376568338368088
losses_test/total:	3.529365301132202
calibration_test/ece:	0.049194540828466415
calibration_test/brier:	0.5370276570320129
accuracy_test/task:	59.71
accuracy_test/concepts:	84.3542251586914
map_test/concepts:	0.8462598446058109

Epoch 184
losses_train/task:	0.9863788485527039
losses_train/concepts:	14.638529777526855
losses_train/precision:	0.0001253175869351253
losses_train/total:	2.450244426727295
losses_test/task:	1.198581576347351
losses_test/concepts:	23.289052963256836
losses_test/precision:	0.00012364461144898087
losses_test/total:	3.5274994373321533
calibration_test/ece:	0.04862431809306145
calibration_test/brier:	0.5360811948776245
accuracy_test/task:	59.77
accuracy_test/concepts:	84.3598403930664
map_test/concepts:	0.8462818221305497

Epoch 185
losses_train/task:	0.9858682155609131
losses_train/concepts:	14.639612197875977
losses_train/precision:	0.00012546946527436376
losses_train/total:	2.4498419761657715
losses_test/task:	1.1989701986312866
losses_test/concepts:	23.28483772277832
losses_test/precision:	0.00012751984468195587
losses_test/total:	3.5274667739868164
calibration_test/ece:	0.05041705071926117
calibration_test/brier:	0.5368041396141052
accuracy_test/task:	59.58
accuracy_test/concepts:	84.36186218261719
map_test/concepts:	0.846294705872424

Epoch 186
losses_train/task:	0.9809289574623108
losses_train/concepts:	14.626303672790527
losses_train/precision:	0.00012559708557091653
losses_train/total:	2.443572521209717
losses_test/task:	1.198228120803833
losses_test/concepts:	23.290395736694336
losses_test/precision:	0.00012558231537695974
losses_test/total:	3.52728009223938
calibration_test/ece:	0.048671793192625046
calibration_test/brier:	0.53639155626297
accuracy_test/task:	59.76
accuracy_test/concepts:	84.36920928955078
map_test/concepts:	0.846315146307461

Epoch 187
losses_train/task:	0.982315719127655
losses_train/concepts:	14.644450187683105
losses_train/precision:	0.00012560230970848352
losses_train/total:	2.4467735290527344
losses_test/task:	1.1994457244873047
losses_test/concepts:	23.28696632385254
losses_test/precision:	0.00012485562183428556
losses_test/total:	3.528153896331787
calibration_test/ece:	0.04850994423031807
calibration_test/brier:	0.5364177823066711
accuracy_test/task:	59.8
accuracy_test/concepts:	84.35514831542969
map_test/concepts:	0.8462972592678852

Epoch 188
losses_train/task:	0.9864698052406311
losses_train/concepts:	14.635363578796387
losses_train/precision:	0.0001252449583262205
losses_train/total:	2.4500203132629395
losses_test/task:	1.1992157697677612
losses_test/concepts:	23.292661666870117
losses_test/precision:	0.00012061710003763437
losses_test/total:	3.528494119644165
calibration_test/ece:	0.0494421049952507
calibration_test/brier:	0.5363149642944336
accuracy_test/task:	59.7
accuracy_test/concepts:	84.3561019897461
map_test/concepts:	0.8462836199905723

Epoch 189
losses_train/task:	0.982368528842926
losses_train/concepts:	14.632723808288574
losses_train/precision:	0.00012570817489176989
losses_train/total:	2.445652961730957
losses_test/task:	1.1989744901657104
losses_test/concepts:	23.280752182006836
losses_test/precision:	0.00012739875819534063
losses_test/total:	3.5270626544952393
calibration_test/ece:	0.04940338060259819
calibration_test/brier:	0.5359602570533752
accuracy_test/task:	59.75
accuracy_test/concepts:	84.35420989990234
map_test/concepts:	0.8462338907993399

Epoch 190
losses_train/task:	0.9831950664520264
losses_train/concepts:	14.650036811828613
losses_train/precision:	0.00012564333155751228
losses_train/total:	2.448211669921875
losses_test/task:	1.1987100839614868
losses_test/concepts:	23.28336524963379
losses_test/precision:	0.00012376568338368088
losses_test/total:	3.5270578861236572
calibration_test/ece:	0.0498293936252594
calibration_test/brier:	0.536395251750946
accuracy_test/task:	59.71
accuracy_test/concepts:	84.36062622070312
map_test/concepts:	0.8462796015664935

Epoch 191
losses_train/task:	0.979526162147522
losses_train/concepts:	14.639119148254395
losses_train/precision:	0.0001256793475477025
losses_train/total:	2.443451404571533
losses_test/task:	1.197317123413086
losses_test/concepts:	23.284732818603516
losses_test/precision:	0.0001264299062313512
losses_test/total:	3.5258021354675293
calibration_test/ece:	0.04915027320384979
calibration_test/brier:	0.535751461982727
accuracy_test/task:	59.79
accuracy_test/concepts:	84.36062622070312
map_test/concepts:	0.8463274552486837

Epoch 192
losses_train/task:	0.984821081161499
losses_train/concepts:	14.641609191894531
losses_train/precision:	0.0001260027929674834
losses_train/total:	2.448993444442749
losses_test/task:	1.1974605321884155
losses_test/concepts:	23.2847900390625
losses_test/precision:	0.0001267931511392817
losses_test/total:	3.5259523391723633
calibration_test/ece:	0.04833255708217621
calibration_test/brier:	0.5362449884414673
accuracy_test/task:	59.81
accuracy_test/concepts:	84.3531265258789
map_test/concepts:	0.8462802905123681

Epoch 193
losses_train/task:	0.983052670955658
losses_train/concepts:	14.630041122436523
losses_train/precision:	0.0001261584839085117
losses_train/total:	2.4460697174072266
losses_test/task:	1.1968053579330444
losses_test/concepts:	23.290491104125977
losses_test/precision:	0.00012945754860993475
losses_test/total:	3.5258662700653076
calibration_test/ece:	0.04910345375537872
calibration_test/brier:	0.5361921191215515
accuracy_test/task:	59.69
accuracy_test/concepts:	84.36203002929688
map_test/concepts:	0.8462861388688907

Epoch 194
losses_train/task:	0.9786279201507568
losses_train/concepts:	14.613492012023926
losses_train/precision:	0.00012585357762873173
losses_train/total:	2.4399898052215576
losses_test/task:	1.198517918586731
losses_test/concepts:	23.289682388305664
losses_test/precision:	0.0001243712758878246
losses_test/total:	3.527498722076416
calibration_test/ece:	0.04827197268605232
calibration_test/brier:	0.5358483791351318
accuracy_test/task:	59.84
accuracy_test/concepts:	84.35719299316406
map_test/concepts:	0.8462354589137249

Epoch 195
losses_train/task:	0.9825791716575623
losses_train/concepts:	14.641653060913086
losses_train/precision:	0.0001260004355572164
losses_train/total:	2.4467592239379883
losses_test/task:	1.1986958980560303
losses_test/concepts:	23.287742614746094
losses_test/precision:	0.0001264299062313512
losses_test/total:	3.527482032775879
calibration_test/ece:	0.050186771899461746
calibration_test/brier:	0.5359014868736267
accuracy_test/task:	59.68
accuracy_test/concepts:	84.35657501220703
map_test/concepts:	0.8462511474499479

Epoch 196
losses_train/task:	0.9843273162841797
losses_train/concepts:	14.626935958862305
losses_train/precision:	0.0001260808203369379
losses_train/total:	2.447035074234009
losses_test/task:	1.2007862329483032
losses_test/concepts:	23.294986724853516
losses_test/precision:	0.00012764091661665589
losses_test/total:	3.5302977561950684
calibration_test/ece:	0.04892660677433014
calibration_test/brier:	0.5365067720413208
accuracy_test/task:	59.72
accuracy_test/concepts:	84.35922241210938
map_test/concepts:	0.8462699171504937

Epoch 197
losses_train/task:	0.9824902415275574
losses_train/concepts:	14.637969970703125
losses_train/precision:	0.0001258954725926742
losses_train/total:	2.4463000297546387
losses_test/task:	1.200446367263794
losses_test/concepts:	23.286930084228516
losses_test/precision:	0.0001243712758878246
losses_test/total:	3.5291521549224854
calibration_test/ece:	0.04951697960495949
calibration_test/brier:	0.5368972420692444
accuracy_test/task:	59.69
accuracy_test/concepts:	84.35531616210938
map_test/concepts:	0.8462514464044943

Epoch 198
losses_train/task:	0.9860676527023315
losses_train/concepts:	14.618383407592773
losses_train/precision:	0.0001260091521544382
losses_train/total:	2.447918176651001
losses_test/task:	1.2009128332138062
losses_test/concepts:	23.286008834838867
losses_test/precision:	0.0001240080309798941
losses_test/total:	3.5295259952545166
calibration_test/ece:	0.05021487921476364
calibration_test/brier:	0.5367918610572815
accuracy_test/task:	59.73
accuracy_test/concepts:	84.34750366210938
map_test/concepts:	0.8462521278415807

Epoch 199
losses_train/task:	0.9814052581787109
losses_train/concepts:	14.616449356079102
losses_train/precision:	0.00012610657722689211
losses_train/total:	2.443061590194702
losses_test/task:	1.200621247291565
losses_test/concepts:	23.290952682495117
losses_test/precision:	0.00012812545173801482
losses_test/total:	3.5297296047210693
calibration_test/ece:	0.049083929508924484
calibration_test/brier:	0.5367456674575806
accuracy_test/task:	59.8
accuracy_test/concepts:	84.3521728515625
map_test/concepts:	0.8462981266202405

Epoch 200
losses_train/task:	0.9796372056007385
losses_train/concepts:	14.620087623596191
losses_train/precision:	0.00012664098176173866
losses_train/total:	2.441657543182373
losses_test/task:	1.1987278461456299
losses_test/concepts:	23.292552947998047
losses_test/precision:	0.00012751984468195587
losses_test/total:	3.5279958248138428
calibration_train/ece:	0.03100944682955742
calibration_train/brier:	0.42198723554611206
accuracy_train/task:	68.91626602564102
calibration_test/ece:	0.049783818423748016
calibration_test/brier:	0.5366457104682922
accuracy_test/task:	59.74
accuracy_train/concepts:	91.2495346069336
map_train/concepts:	0.9448114950209856
accuracy_test/concepts:	84.35248565673828
map_test/concepts:	0.8463123253313825
accuracy_test/nuisances_task:	-0.8351894119117833
accuracy_test/nuisances_nontask:	0.0
mutual_inf_test/nuisances_task:	0.1776464685354775
mutual_inf_test/nuisances_nontask:	0.0

epoch_200.pt
groups=0 err_lowconf=40.260 err_random=40.260
groups=1 err_lowconf=39.860 err_random=39.860
groups=2 err_lowconf=39.800 err_random=39.800
groups=3 err_lowconf=39.810 err_random=39.810
groups=4 err_lowconf=39.570 err_random=39.570
groups=5 err_lowconf=39.030 err_random=39.030
groups=6 err_lowconf=37.430 err_random=37.430
groups=7 err_lowconf=37.030 err_random=37.030
groups=8 err_lowconf=36.810 err_random=36.810
groups=9 err_lowconf=36.290 err_random=36.290
groups=10 err_lowconf=35.590 err_random=35.590
groups=11 err_lowconf=34.780 err_random=34.780
groups=12 err_lowconf=34.250 err_random=34.250
groups=13 err_lowconf=33.970 err_random=33.970
groups=14 err_lowconf=33.380 err_random=33.380
groups=15 err_lowconf=32.660 err_random=32.660
groups=16 err_lowconf=30.960 err_random=30.960
groups=17 err_lowconf=30.830 err_random=30.830
groups=18 err_lowconf=30.520 err_random=30.520
groups=19 err_lowconf=30.030 err_random=30.030
groups=20 err_lowconf=29.540 err_random=29.540
groups=21 err_lowconf=28.970 err_random=28.970
groups=22 err_lowconf=28.740 err_random=28.740
groups=23 err_lowconf=28.500 err_random=28.500
groups=24 err_lowconf=28.400 err_random=28.400
groups=25 err_lowconf=28.040 err_random=28.040
groups=26 err_lowconf=27.770 err_random=27.770
groups=27 err_lowconf=27.260 err_random=27.260
groups=28 err_lowconf=27.230 err_random=27.230
groups=29 err_lowconf=26.930 err_random=26.930
groups=30 err_lowconf=26.440 err_random=26.440
groups=31 err_lowconf=25.760 err_random=25.760
groups=32 err_lowconf=25.890 err_random=25.890
groups=33 err_lowconf=25.950 err_random=25.950
groups=34 err_lowconf=25.570 err_random=25.570
groups=35 err_lowconf=25.440 err_random=25.440
groups=36 err_lowconf=25.500 err_random=25.500
groups=37 err_lowconf=25.380 err_random=25.380
groups=38 err_lowconf=25.150 err_random=25.150
groups=39 err_lowconf=25.030 err_random=25.030
groups=40 err_lowconf=24.950 err_random=24.950
groups=41 err_lowconf=25.100 err_random=25.100
groups=42 err_lowconf=25.020 err_random=25.020
groups=43 err_lowconf=24.900 err_random=24.900
groups=44 err_lowconf=24.840 err_random=24.840
groups=45 err_lowconf=24.520 err_random=24.520
groups=46 err_lowconf=24.480 err_random=24.480
groups=47 err_lowconf=24.470 err_random=24.470
groups=48 err_lowconf=24.430 err_random=24.430
groups=49 err_lowconf=24.430 err_random=24.430
groups=50 err_lowconf=24.490 err_random=24.490
groups=51 err_lowconf=24.490 err_random=24.490
groups=52 err_lowconf=24.470 err_random=24.470
groups=53 err_lowconf=24.460 err_random=24.460
groups=54 err_lowconf=24.470 err_random=24.470
groups=55 err_lowconf=24.430 err_random=24.430
groups=56 err_lowconf=24.460 err_random=24.460
groups=57 err_lowconf=24.440 err_random=24.440
groups=58 err_lowconf=24.440 err_random=24.440
groups=59 err_lowconf=24.440 err_random=24.440
groups=60 err_lowconf=24.440 err_random=24.440
groups=61 err_lowconf=24.440 err_random=24.440
groups=62 err_lowconf=24.430 err_random=24.430
groups=63 err_lowconf=24.430 err_random=24.430
groups=64 err_lowconf=24.430 err_random=24.430
[1;34mwandb[0m:
[1;34mwandb[0m: You can sync this run to the cloud by running:
[1;34mwandb[0m: [1mwandb sync /research/hal-afsharim/minimal_cbm/results/cifar10-shcbm/43/wandb/offline-run-20260727_151730-3h44xzis[0m
[1;34mwandb[0m: Find logs at: [1;35mresults/cifar10-shcbm/43/wandb/offline-run-20260727_151730-3h44xzis/logs[0m
