
===== launch 2026-07-28 21:29:30.074271 gpu0 =====
wandb: Using wandb-core as the SDK backend.  Please refer to https://wandb.me/wandb-core for more information.
wandb: Tracking run with wandb version 0.19.0
wandb: W&B syncing is set to `offline` in this directory.  
wandb: Run `wandb online` or set WANDB_MODE=online to enable cloud syncing.

===== launch 2026-07-29 12:57:20.140348 gpu1 =====
wandb: Using wandb-core as the SDK backend.  Please refer to https://wandb.me/wandb-core for more information.
wandb: Tracking run with wandb version 0.19.0
wandb: W&B syncing is set to `offline` in this directory.  
wandb: Run `wandb online` or set WANDB_MODE=online to enable cloud syncing.
Epoch 1
losses_train/task:	2.0758326053619385
losses_train/concepts:	46.335575103759766
losses_train/representations:	59.1739387512207
losses_train/total:	24.46156120300293
losses_test/task:	1.6778591871261597
losses_test/concepts:	43.35175704956055
losses_test/representations:	55.44688415527344
losses_test/total:	22.64710807800293
calibration_test/ece:	0.160748690366745
calibration_test/brier:	0.7461300492286682
accuracy_test/task:	43.25
accuracy_test/concepts:	57.571556091308594
map_test/concepts:	0.6974085238471162

Epoch 2
losses_train/task:	1.6404142379760742
losses_train/concepts:	41.14529037475586
losses_train/representations:	54.886695861816406
losses_train/total:	22.220949172973633
losses_test/task:	1.4356831312179565
losses_test/concepts:	38.528526306152344
losses_test/representations:	53.82182312011719
losses_test/total:	21.435081481933594
calibration_test/ece:	0.10348643362522125
calibration_test/brier:	0.6588546633720398
accuracy_test/task:	49.1
accuracy_test/concepts:	66.88591766357422
map_test/concepts:	0.7341596342739649

Epoch 3
losses_train/task:	1.511330008506775
losses_train/concepts:	36.854129791259766
losses_train/representations:	53.69457244873047
losses_train/total:	21.30511474609375
losses_test/task:	1.3308390378952026
losses_test/concepts:	34.369136810302734
losses_test/representations:	53.1237907409668
losses_test/total:	20.704891204833984
calibration_test/ece:	0.07681390643119812
calibration_test/brier:	0.6176126599311829
accuracy_test/task:	52.31
accuracy_test/concepts:	75.2778091430664
map_test/concepts:	0.7587302198517136

Epoch 4
losses_train/task:	1.4327566623687744
losses_train/concepts:	33.3628044128418
losses_train/representations:	52.855010986328125
losses_train/total:	20.625560760498047
losses_test/task:	1.2607061862945557
losses_test/concepts:	31.210676193237305
losses_test/representations:	52.43410110473633
losses_test/total:	20.112001419067383
calibration_test/ece:	0.06686950474977493
calibration_test/brier:	0.5883418321609497
accuracy_test/task:	54.74
accuracy_test/concepts:	77.45718383789062
map_test/concepts:	0.7740066904516425

Epoch 5
losses_train/task:	1.3706682920455933
losses_train/concepts:	30.768125534057617
losses_train/representations:	52.23460388183594
losses_train/total:	20.11785888671875
losses_test/task:	1.2163760662078857
losses_test/concepts:	28.9078369140625
losses_test/representations:	52.02442169189453
losses_test/total:	19.7144832611084
calibration_test/ece:	0.0559532530605793
calibration_test/brier:	0.5685324668884277
accuracy_test/task:	56.36
accuracy_test/concepts:	78.65609741210938
map_test/concepts:	0.7789350690727588

Epoch 6
losses_train/task:	1.326608419418335
losses_train/concepts:	28.955909729003906
losses_train/representations:	51.7595329284668
losses_train/total:	19.75005531311035
losses_test/task:	1.1730971336364746
losses_test/concepts:	27.308996200561523
losses_test/representations:	51.69090270996094
losses_test/total:	19.41127586364746
calibration_test/ece:	0.05634133890271187
calibration_test/brier:	0.5492591261863708
accuracy_test/task:	58.25
accuracy_test/concepts:	80.74922180175781
map_test/concepts:	0.7871686050202698

Epoch 7
losses_train/task:	1.2873594760894775
losses_train/concepts:	27.65897560119629
losses_train/representations:	51.34246063232422
losses_train/total:	19.45600700378418
losses_test/task:	1.146836519241333
losses_test/concepts:	26.172800064086914
losses_test/representations:	51.43551254272461
losses_test/total:	19.194774627685547
calibration_test/ece:	0.05299123004078865
calibration_test/brier:	0.5368921756744385
accuracy_test/task:	59.54
accuracy_test/concepts:	82.44078063964844
map_test/concepts:	0.7919268737023231

Epoch 8
losses_train/task:	1.253448724746704
losses_train/concepts:	26.665124893188477
losses_train/representations:	50.96696853637695
losses_train/total:	19.210050582885742
losses_test/task:	1.1123576164245605
losses_test/concepts:	25.25873565673828
losses_test/representations:	51.20208740234375
losses_test/total:	18.998859405517578
calibration_test/ece:	0.04425082355737686
calibration_test/brier:	0.5220001935958862
accuracy_test/task:	60.48
accuracy_test/concepts:	82.71045684814453
map_test/concepts:	0.7944041097653098

Epoch 9
losses_train/task:	1.2280088663101196
losses_train/concepts:	25.907135009765625
losses_train/representations:	50.64202880859375
losses_train/total:	19.011341094970703
losses_test/task:	1.0926523208618164
losses_test/concepts:	24.61241912841797
losses_test/representations:	50.91627883911133
losses_test/total:	18.828773498535156
calibration_test/ece:	0.04576810076832771
calibration_test/brier:	0.5128162503242493
accuracy_test/task:	61.44
accuracy_test/concepts:	83.42937469482422
map_test/concepts:	0.7966967879619915

Epoch 10
losses_train/task:	1.200866460800171
losses_train/concepts:	25.30501365661621
losses_train/representations:	50.326812744140625
losses_train/total:	18.829425811767578
losses_test/task:	1.0704063177108765
losses_test/concepts:	24.052658081054688
losses_test/representations:	50.740745544433594
losses_test/total:	18.697893142700195
calibration_test/ece:	0.04815366119146347
calibration_test/brier:	0.5020408630371094
accuracy_test/task:	62.37
accuracy_test/concepts:	83.54093170166016
map_test/concepts:	0.7991828841040842

Epoch 11
losses_train/task:	1.1803221702575684
losses_train/concepts:	24.808513641357422
losses_train/representations:	50.020851135253906
losses_train/total:	18.66742515563965
losses_test/task:	1.0489078760147095
losses_test/concepts:	23.637941360473633
losses_test/representations:	50.61522674560547
losses_test/total:	18.597265243530273
calibration_test/ece:	0.0412127859890461
calibration_test/brier:	0.4927078187465668
accuracy_test/task:	63.02
accuracy_test/concepts:	83.75125122070312
map_test/concepts:	0.8011988298967481

Epoch 12
losses_train/task:	1.151289463043213
losses_train/concepts:	24.425642013549805
losses_train/representations:	49.75564193725586
losses_train/total:	18.520544052124023
losses_test/task:	1.0310816764831543
losses_test/concepts:	23.318635940551758
losses_test/representations:	50.404197692871094
losses_test/total:	18.484207153320312
calibration_test/ece:	0.040774185210466385
calibration_test/brier:	0.4847601652145386
accuracy_test/task:	63.65
accuracy_test/concepts:	83.99312591552734
map_test/concepts:	0.8028578140947502

Epoch 13
losses_train/task:	1.1378436088562012
losses_train/concepts:	24.11725425720215
losses_train/representations:	49.46343231201172
losses_train/total:	18.388599395751953
losses_test/task:	1.0113245248794556
losses_test/concepts:	23.04693603515625
losses_test/representations:	50.30531311035156
losses_test/total:	18.407608032226562
calibration_test/ece:	0.03680732846260071
calibration_test/brier:	0.47622910141944885
accuracy_test/task:	64.37
accuracy_test/concepts:	84.03031158447266
map_test/concepts:	0.8034811377874576

Epoch 14
losses_train/task:	1.113311767578125
losses_train/concepts:	23.866561889648438
losses_train/representations:	49.19482421875
losses_train/total:	18.25841522216797
losses_test/task:	1.0026415586471558
losses_test/concepts:	22.850950241088867
losses_test/representations:	50.176788330078125
losses_test/total:	18.340774536132812
calibration_test/ece:	0.03846823424100876
calibration_test/brier:	0.472293883562088
accuracy_test/task:	64.76
accuracy_test/concepts:	84.0981216430664
map_test/concepts:	0.8053711844841018

Epoch 15
losses_train/task:	1.0946424007415771
losses_train/concepts:	23.64653968811035
losses_train/representations:	48.91312789916992
losses_train/total:	18.13324546813965
losses_test/task:	0.9869170784950256
losses_test/concepts:	22.678762435913086
losses_test/representations:	50.092559814453125
losses_test/total:	18.28256607055664
calibration_test/ece:	0.03757813945412636
calibration_test/brier:	0.4646809697151184
accuracy_test/task:	65.45
accuracy_test/concepts:	84.17530822753906
map_test/concepts:	0.806269089167472

Epoch 16
losses_train/task:	1.0707805156707764
losses_train/concepts:	23.46442222595215
losses_train/representations:	48.65983581542969
losses_train/total:	18.01517105102539
losses_test/task:	0.9750638008117676
losses_test/concepts:	22.545604705810547
losses_test/representations:	49.96786880493164
losses_test/total:	18.219982147216797
calibration_test/ece:	0.034891486167907715
calibration_test/brier:	0.4588109850883484
accuracy_test/task:	65.79
accuracy_test/concepts:	84.2085952758789
map_test/concepts:	0.8074023014050908

Epoch 17
losses_train/task:	1.062781810760498
losses_train/concepts:	23.30845832824707
losses_train/representations:	48.4012336730957
losses_train/total:	17.913997650146484
losses_test/task:	0.9562336802482605
losses_test/concepts:	22.410554885864258
losses_test/representations:	49.85539627075195
losses_test/total:	18.153913497924805
calibration_test/ece:	0.03318539634346962
calibration_test/brier:	0.45177987217903137
accuracy_test/task:	66.18
accuracy_test/concepts:	84.28436279296875
map_test/concepts:	0.8082698591169901

Epoch 18
losses_train/task:	1.0452836751937866
losses_train/concepts:	23.166027069091797
losses_train/representations:	48.11305236816406
losses_train/total:	17.795799255371094
losses_test/task:	0.9457845687866211
losses_test/concepts:	22.278156280517578
losses_test/representations:	49.74898147583008
losses_test/total:	18.098297119140625
calibration_test/ece:	0.03355560079216957
calibration_test/brier:	0.4459114372730255
accuracy_test/task:	66.82
accuracy_test/concepts:	84.35828399658203
map_test/concepts:	0.8095908946706913

Epoch 19
losses_train/task:	1.0287326574325562
losses_train/concepts:	23.042848587036133
losses_train/representations:	47.937705993652344
losses_train/total:	17.714332580566406
losses_test/task:	0.9343554377555847
losses_test/concepts:	22.174781799316406
losses_test/representations:	49.71769332885742
losses_test/total:	18.0671443939209
calibration_test/ece:	0.02580958791077137
calibration_test/brier:	0.44222205877304077
accuracy_test/task:	67.16
accuracy_test/concepts:	84.42655944824219
map_test/concepts:	0.8109991190140136

Epoch 20
losses_train/task:	1.0137312412261963
losses_train/concepts:	22.91103744506836
losses_train/representations:	47.672393798828125
losses_train/total:	17.60655403137207
losses_test/task:	0.921709418296814
losses_test/concepts:	22.10088539123535
losses_test/representations:	49.55860900878906
losses_test/total:	17.999374389648438
calibration_test/ece:	0.03154132887721062
calibration_test/brier:	0.43583956360816956
accuracy_test/task:	67.78
accuracy_test/concepts:	84.46312713623047
map_test/concepts:	0.8116282145492733

Epoch 21
losses_train/task:	1.0031020641326904
losses_train/concepts:	22.803619384765625
losses_train/representations:	47.43027114868164
losses_train/total:	17.512542724609375
losses_test/task:	0.9214664101600647
losses_test/concepts:	22.051286697387695
losses_test/representations:	49.492958068847656
losses_test/total:	17.9744815826416
calibration_test/ece:	0.029877562075853348
calibration_test/brier:	0.4353513717651367
accuracy_test/task:	67.82
accuracy_test/concepts:	84.48109436035156
map_test/concepts:	0.8124349020654336

Epoch 22
losses_train/task:	0.9931482076644897
losses_train/concepts:	22.70992660522461
losses_train/representations:	47.21392059326172
losses_train/total:	17.42832374572754
losses_test/task:	0.9223528504371643
losses_test/concepts:	21.99333381652832
losses_test/representations:	49.452598571777344
losses_test/total:	17.957468032836914
calibration_test/ece:	0.030597858130931854
calibration_test/brier:	0.43501025438308716
accuracy_test/task:	67.82
accuracy_test/concepts:	84.5115737915039
map_test/concepts:	0.8126477726036683

Epoch 23
losses_train/task:	0.977100670337677
losses_train/concepts:	22.617847442626953
losses_train/representations:	46.988197326660156
losses_train/total:	17.335346221923828
losses_test/task:	0.9101071357727051
losses_test/concepts:	21.930917739868164
losses_test/representations:	49.45652389526367
losses_test/total:	17.940160751342773
calibration_test/ece:	0.023599596694111824
calibration_test/brier:	0.4300227463245392
accuracy_test/task:	68.29
accuracy_test/concepts:	84.532958984375
map_test/concepts:	0.8137812318746

Epoch 24
losses_train/task:	0.9710111618041992
losses_train/concepts:	22.539295196533203
losses_train/representations:	46.814239501953125
losses_train/total:	17.269203186035156
losses_test/task:	0.9025218486785889
losses_test/concepts:	21.862262725830078
losses_test/representations:	49.50331497192383
losses_test/total:	17.939743041992188
calibration_test/ece:	0.024122148752212524
calibration_test/brier:	0.42759671807289124
accuracy_test/task:	68.42
accuracy_test/concepts:	84.59093475341797
map_test/concepts:	0.8152101302403025

Epoch 25
losses_train/task:	0.9607162475585938
losses_train/concepts:	22.448078155517578
losses_train/representations:	46.61958312988281
losses_train/total:	17.19139862060547
losses_test/task:	0.9038688540458679
losses_test/concepts:	21.83062171936035
losses_test/representations:	49.4342155456543
losses_test/total:	17.91719627380371
calibration_test/ece:	0.023990122601389885
calibration_test/brier:	0.42659857869148254
accuracy_test/task:	68.62
accuracy_test/concepts:	84.61734008789062
map_test/concepts:	0.8164094806998037

Epoch 26
losses_train/task:	0.946374237537384
losses_train/concepts:	22.34878158569336
losses_train/representations:	46.39811325073242
losses_train/total:	17.10069465637207
losses_test/task:	0.8931426405906677
losses_test/concepts:	21.78064727783203
losses_test/representations:	49.39265823364258
losses_test/total:	17.889001846313477
calibration_test/ece:	0.02631266787648201
calibration_test/brier:	0.42275482416152954
accuracy_test/task:	69.16
accuracy_test/concepts:	84.62923431396484
map_test/concepts:	0.8169504588004202

Epoch 27
losses_train/task:	0.9476153254508972
losses_train/concepts:	22.28938102722168
losses_train/representations:	46.237632751464844
losses_train/total:	17.04784393310547
losses_test/task:	0.8950774073600769
losses_test/concepts:	21.733896255493164
losses_test/representations:	49.486228942871094
losses_test/total:	17.914337158203125
calibration_test/ece:	0.020513692870736122
calibration_test/brier:	0.4228465259075165
accuracy_test/task:	68.95
accuracy_test/concepts:	84.61859130859375
map_test/concepts:	0.8171476859715767

Epoch 28
losses_train/task:	0.9370729327201843
losses_train/concepts:	22.184162139892578
losses_train/representations:	46.010128021240234
losses_train/total:	16.958528518676758
losses_test/task:	0.8866623640060425
losses_test/concepts:	21.718725204467773
losses_test/representations:	49.45553207397461
losses_test/total:	17.89519500732422
calibration_test/ece:	0.026348445564508438
calibration_test/brier:	0.4200563132762909
accuracy_test/task:	69.3
accuracy_test/concepts:	84.67204284667969
map_test/concepts:	0.8177091449615546

Epoch 29
losses_train/task:	0.9294227957725525
losses_train/concepts:	22.12249755859375
losses_train/representations:	45.82611846923828
losses_train/total:	16.88949966430664
losses_test/task:	0.8836014270782471
losses_test/concepts:	21.683691024780273
losses_test/representations:	49.46596145629883
losses_test/total:	17.891754150390625
calibration_test/ece:	0.018144546076655388
calibration_test/brier:	0.4180051386356354
accuracy_test/task:	69.06
accuracy_test/concepts:	84.65734100341797
map_test/concepts:	0.818118124094326

Epoch 30
losses_train/task:	0.9182378649711609
losses_train/concepts:	22.04178237915039
losses_train/representations:	45.63241958618164
losses_train/total:	16.812143325805664
losses_test/task:	0.8853661417961121
losses_test/concepts:	21.64178466796875
losses_test/representations:	49.42903518676758
losses_test/total:	17.878257751464844
calibration_test/ece:	0.014948569238185883
calibration_test/brier:	0.4189561903476715
accuracy_test/task:	69.06
accuracy_test/concepts:	84.68702697753906
map_test/concepts:	0.8185243746265769

Epoch 31
losses_train/task:	0.9168588519096375
losses_train/concepts:	21.971309661865234
losses_train/representations:	45.43239212036133
losses_train/total:	16.743696212768555
losses_test/task:	0.8882050514221191
losses_test/concepts:	21.68853187561035
losses_test/representations:	49.54927444458008
losses_test/total:	17.92184066772461
calibration_test/ece:	0.018560951575636864
calibration_test/brier:	0.4190104007720947
accuracy_test/task:	68.66
accuracy_test/concepts:	84.61607360839844
map_test/concepts:	0.8181830218527466

Epoch 32
losses_train/task:	0.9048138856887817
losses_train/concepts:	21.890520095825195
losses_train/representations:	45.25657653808594
losses_train/total:	16.670839309692383
losses_test/task:	0.8822379112243652
losses_test/concepts:	21.63285255432129
losses_test/representations:	49.492698669433594
losses_test/total:	17.89333724975586
calibration_test/ece:	0.016637740656733513
calibration_test/brier:	0.41660019755363464
accuracy_test/task:	69.11
accuracy_test/concepts:	84.66203308105469
map_test/concepts:	0.8183888420462608

Epoch 33
losses_train/task:	0.8973090648651123
losses_train/concepts:	21.799680709838867
losses_train/representations:	45.049285888671875
losses_train/total:	16.59206771850586
losses_test/task:	0.8764409422874451
losses_test/concepts:	21.58646583557129
losses_test/representations:	49.35594940185547
losses_test/total:	17.84187126159668
calibration_test/ece:	0.014379442669451237
calibration_test/brier:	0.41417762637138367
accuracy_test/task:	69.32
accuracy_test/concepts:	84.69314575195312
map_test/concepts:	0.8196376761188731

Epoch 34
losses_train/task:	0.887509822845459
losses_train/concepts:	21.72850799560547
losses_train/representations:	44.876399993896484
losses_train/total:	16.52328872680664
losses_test/task:	0.8767204880714417
losses_test/concepts:	21.59479522705078
losses_test/representations:	49.54541778564453
losses_test/total:	17.899826049804688
calibration_test/ece:	0.013402230106294155
calibration_test/brier:	0.41411229968070984
accuracy_test/task:	69.35
accuracy_test/concepts:	84.67765808105469
map_test/concepts:	0.8187257616955321

Epoch 35
losses_train/task:	0.883621335029602
losses_train/concepts:	21.64930534362793
losses_train/representations:	44.66984176635742
losses_train/total:	16.44950294494629
losses_test/task:	0.8758111596107483
losses_test/concepts:	21.574567794799805
losses_test/representations:	49.63402557373047
losses_test/total:	17.923477172851562
calibration_test/ece:	0.013590294867753983
calibration_test/brier:	0.4127497971057892
accuracy_test/task:	69.24
accuracy_test/concepts:	84.67609405517578
map_test/concepts:	0.8188891496392898

Epoch 36
losses_train/task:	0.8786163330078125
losses_train/concepts:	21.58115005493164
losses_train/representations:	44.49367141723633
losses_train/total:	16.384828567504883
losses_test/task:	0.8704665899276733
losses_test/concepts:	21.555734634399414
losses_test/representations:	49.606170654296875
losses_test/total:	17.90789222717285
calibration_test/ece:	0.012843738310039043
calibration_test/brier:	0.4112447202205658
accuracy_test/task:	69.6
accuracy_test/concepts:	84.69265747070312
map_test/concepts:	0.8191312281414866

Epoch 37
losses_train/task:	0.8696860671043396
losses_train/concepts:	21.501375198364258
losses_train/representations:	44.31524658203125
losses_train/total:	16.314395904541016
losses_test/task:	0.8670713305473328
losses_test/concepts:	21.528093338012695
losses_test/representations:	49.669212341308594
losses_test/total:	17.920644760131836
calibration_test/ece:	0.013490568846464157
calibration_test/brier:	0.4089236855506897
accuracy_test/task:	69.81
accuracy_test/concepts:	84.71455383300781
map_test/concepts:	0.8190821791940834

Epoch 38
losses_train/task:	0.8634475469589233
losses_train/concepts:	21.434175491333008
losses_train/representations:	44.135589599609375
losses_train/total:	16.247554779052734
losses_test/task:	0.8694972991943359
losses_test/concepts:	21.52617073059082
losses_test/representations:	49.712562561035156
losses_test/total:	17.93587875366211
calibration_test/ece:	0.01369947288185358
calibration_test/brier:	0.4097633361816406
accuracy_test/task:	69.81
accuracy_test/concepts:	84.70655059814453
map_test/concepts:	0.8187589430017397

Epoch 39
losses_train/task:	0.8577612042427063
losses_train/concepts:	21.35913848876953
losses_train/representations:	43.92725372314453
losses_train/total:	16.171850204467773
losses_test/task:	0.8695470094680786
losses_test/concepts:	21.50054168701172
losses_test/representations:	49.5799446105957
losses_test/total:	17.893583297729492
calibration_test/ece:	0.013149253092706203
calibration_test/brier:	0.4097825586795807
accuracy_test/task:	69.86
accuracy_test/concepts:	84.71906280517578
map_test/concepts:	0.8191420711227693

Epoch 40
losses_train/task:	0.8557534217834473
losses_train/concepts:	21.285921096801758
losses_train/representations:	43.754512786865234
losses_train/total:	16.11070442199707
losses_test/task:	0.8707066774368286
losses_test/concepts:	21.51003646850586
losses_test/representations:	49.82950973510742
losses_test/total:	17.97056770324707
calibration_test/ece:	0.011227698065340519
calibration_test/brier:	0.41052812337875366
accuracy_test/task:	69.64
accuracy_test/concepts:	84.70842742919922
map_test/concepts:	0.8185127658653073

Epoch 41
losses_train/task:	0.8472814559936523
losses_train/concepts:	21.23754119873047
losses_train/representations:	43.610023498535156
losses_train/total:	16.054046630859375
losses_test/task:	0.8700889348983765
losses_test/concepts:	21.512592315673828
losses_test/representations:	49.83256530761719
losses_test/total:	17.971113204956055
calibration_test/ece:	0.01323238667100668
calibration_test/brier:	0.40932708978652954
accuracy_test/task:	69.66
accuracy_test/concepts:	84.69281768798828
map_test/concepts:	0.8188847965793684

Epoch 42
losses_train/task:	0.8389143347740173
losses_train/concepts:	21.188570022583008
losses_train/representations:	43.486087799072266
losses_train/total:	16.003602981567383
losses_test/task:	0.8686345815658569
losses_test/concepts:	21.499774932861328
losses_test/representations:	49.75606155395508
losses_test/total:	17.945432662963867
calibration_test/ece:	0.015694797039031982
calibration_test/brier:	0.4094451665878296
accuracy_test/task:	69.92
accuracy_test/concepts:	84.67359924316406
map_test/concepts:	0.8188055491191335

Epoch 43
losses_train/task:	0.839196503162384
losses_train/concepts:	21.118377685546875
losses_train/representations:	43.304107666015625
losses_train/total:	15.942268371582031
losses_test/task:	0.8709021806716919
losses_test/concepts:	21.49846076965332
losses_test/representations:	49.992610931396484
losses_test/total:	18.018531799316406
calibration_test/ece:	0.011240627616643906
calibration_test/brier:	0.4094602167606354
accuracy_test/task:	69.77
accuracy_test/concepts:	84.67454528808594
map_test/concepts:	0.8183760372921824

Epoch 44
losses_train/task:	0.8362857103347778
losses_train/concepts:	21.02348518371582
losses_train/representations:	43.12042999267578
losses_train/total:	15.874774932861328
losses_test/task:	0.8697203993797302
losses_test/concepts:	21.477712631225586
losses_test/representations:	49.960025787353516
losses_test/total:	18.0054988861084
calibration_test/ece:	0.014340244233608246
calibration_test/brier:	0.40858912467956543
accuracy_test/task:	69.97
accuracy_test/concepts:	84.67218780517578
map_test/concepts:	0.8182810239959508

Epoch 45
losses_train/task:	0.8250477313995361
losses_train/concepts:	20.97749137878418
losses_train/representations:	42.9775390625
losses_train/total:	15.816064834594727
losses_test/task:	0.8709874153137207
losses_test/concepts:	21.47745704650879
losses_test/representations:	49.9884033203125
losses_test/total:	18.01525115966797
calibration_test/ece:	0.01450357586145401
calibration_test/brier:	0.40926283597946167
accuracy_test/task:	70.07
accuracy_test/concepts:	84.67391204833984
map_test/concepts:	0.8188766711391509

Epoch 46
losses_train/task:	0.8277050852775574
losses_train/concepts:	20.90485191345215
losses_train/representations:	42.80112838745117
losses_train/total:	15.758527755737305
losses_test/task:	0.8751749992370605
losses_test/concepts:	21.5295352935791
losses_test/representations:	50.01252746582031
losses_test/total:	18.031885147094727
calibration_test/ece:	0.01562858745455742
calibration_test/brier:	0.4111717641353607
accuracy_test/task:	69.62
accuracy_test/concepts:	84.65030670166016
map_test/concepts:	0.8182666620705277

Epoch 47
losses_train/task:	0.8222697377204895
losses_train/concepts:	20.85430335998535
losses_train/representations:	42.68882369995117
losses_train/total:	15.714343070983887
losses_test/task:	0.8720860481262207
losses_test/concepts:	21.520381927490234
losses_test/representations:	50.08152770996094
losses_test/total:	18.048580169677734
calibration_test/ece:	0.013267223723232746
calibration_test/brier:	0.4103701114654541
accuracy_test/task:	69.82
accuracy_test/concepts:	84.63549041748047
map_test/concepts:	0.8181520004873164

Epoch 48
losses_train/task:	0.8170450329780579
losses_train/concepts:	20.808666229248047
losses_train/representations:	42.53399658203125
losses_train/total:	15.658109664916992
losses_test/task:	0.8730620741844177
losses_test/concepts:	21.51835823059082
losses_test/representations:	50.15700149536133
losses_test/total:	18.071998596191406
calibration_test/ece:	0.014713987708091736
calibration_test/brier:	0.4105486273765564
accuracy_test/task:	69.93
accuracy_test/concepts:	84.6339111328125
map_test/concepts:	0.8181583357509226

Epoch 49
losses_train/task:	0.8109961152076721
losses_train/concepts:	20.75020980834961
losses_train/representations:	42.44231414794922
losses_train/total:	15.6187162399292
losses_test/task:	0.8677185773849487
losses_test/concepts:	21.50448226928711
losses_test/representations:	50.11212921142578
losses_test/total:	18.051807403564453
calibration_test/ece:	0.016074679791927338
calibration_test/brier:	0.4083210229873657
accuracy_test/task:	70.01
accuracy_test/concepts:	84.64672088623047
map_test/concepts:	0.8177142989006825

Epoch 50
losses_train/task:	0.8052862882614136
losses_train/concepts:	20.691064834594727
losses_train/representations:	42.273834228515625
losses_train/total:	15.556553840637207
losses_test/task:	0.8687083721160889
losses_test/concepts:	21.514238357543945
losses_test/representations:	50.212181091308594
losses_test/total:	18.08378791809082
calibration_test/ece:	0.018895326182246208
calibration_test/brier:	0.4084758162498474
accuracy_test/task:	70.03
accuracy_test/concepts:	84.64202880859375
map_test/concepts:	0.8179411140736192

Epoch 51
losses_train/task:	0.80503910779953
losses_train/concepts:	20.626405715942383
losses_train/representations:	42.100223541259766
losses_train/total:	15.497748374938965
losses_test/task:	0.8661895990371704
losses_test/concepts:	21.523651123046875
losses_test/representations:	50.457847595214844
losses_test/total:	18.155908584594727
calibration_test/ece:	0.01492089219391346
calibration_test/brier:	0.40592512488365173
accuracy_test/task:	70.45
accuracy_test/concepts:	84.63015747070312
map_test/concepts:	0.8173588984645903

Epoch 52
losses_train/task:	0.8018007278442383
losses_train/concepts:	20.574962615966797
losses_train/representations:	41.970130920410156
losses_train/total:	15.450329780578613
losses_test/task:	0.8647127151489258
losses_test/concepts:	21.50637435913086
losses_test/representations:	50.256412506103516
losses_test/total:	18.092275619506836
calibration_test/ece:	0.016049519181251526
calibration_test/brier:	0.40666231513023376
accuracy_test/task:	70.06
accuracy_test/concepts:	84.63155364990234
map_test/concepts:	0.8175374707207084

Epoch 53
losses_train/task:	0.7907068729400635
losses_train/concepts:	20.51601219177246
losses_train/representations:	41.83749008178711
losses_train/total:	15.39355754852295
losses_test/task:	0.8806765079498291
losses_test/concepts:	21.542543411254883
losses_test/representations:	50.449073791503906
losses_test/total:	18.169660568237305
calibration_test/ece:	0.02184530720114708
calibration_test/brier:	0.4117378890514374
accuracy_test/task:	69.89
accuracy_test/concepts:	84.61250305175781
map_test/concepts:	0.8175011434359476

Epoch 54
losses_train/task:	0.7845137715339661
losses_train/concepts:	20.453857421875
losses_train/representations:	41.69071578979492
losses_train/total:	15.337118148803711
losses_test/task:	0.8815573453903198
losses_test/concepts:	21.578319549560547
losses_test/representations:	50.38920974731445
losses_test/total:	18.156158447265625
calibration_test/ece:	0.018424928188323975
calibration_test/brier:	0.4128001928329468
accuracy_test/task:	69.31
accuracy_test/concepts:	84.58110809326172
map_test/concepts:	0.8167701830388978

Epoch 55
losses_train/task:	0.7905482053756714
losses_train/concepts:	20.43252182006836
losses_train/representations:	41.62635040283203
losses_train/total:	15.321701049804688
losses_test/task:	0.875428318977356
losses_test/concepts:	21.549467086791992
losses_test/representations:	50.52205276489258
losses_test/total:	18.186988830566406
calibration_test/ece:	0.01862809993326664
calibration_test/brier:	0.40930065512657166
accuracy_test/task:	69.87
accuracy_test/concepts:	84.61062622070312
map_test/concepts:	0.8166321923490614

Epoch 56
losses_train/task:	0.7827396988868713
losses_train/concepts:	20.351802825927734
losses_train/representations:	41.42315673828125
losses_train/total:	15.244854927062988
losses_test/task:	0.8883529901504517
losses_test/concepts:	21.59882354736328
losses_test/representations:	50.740966796875
losses_test/total:	18.270523071289062
calibration_test/ece:	0.02083176001906395
calibration_test/brier:	0.4137333929538727
accuracy_test/task:	69.5
accuracy_test/concepts:	84.56158447265625
map_test/concepts:	0.8166085013654083

Epoch 57
losses_train/task:	0.7731852531433105
losses_train/concepts:	20.305147171020508
losses_train/representations:	41.30290603637695
losses_train/total:	15.194565773010254
losses_test/task:	0.875973105430603
losses_test/concepts:	21.599489212036133
losses_test/representations:	50.70945739746094
losses_test/total:	18.24875831604004
calibration_test/ece:	0.022787226364016533
calibration_test/brier:	0.40868473052978516
accuracy_test/task:	69.74
accuracy_test/concepts:	84.56718444824219
map_test/concepts:	0.8161172149702907

Epoch 58
losses_train/task:	0.7714928388595581
losses_train/concepts:	20.242860794067383
losses_train/representations:	41.1614990234375
losses_train/total:	15.144227027893066
losses_test/task:	0.8751945495605469
losses_test/concepts:	21.581300735473633
losses_test/representations:	50.67481994628906
losses_test/total:	18.235769271850586
calibration_test/ece:	0.018200771883130074
calibration_test/brier:	0.40798789262771606
accuracy_test/task:	69.9
accuracy_test/concepts:	84.5668716430664
map_test/concepts:	0.8160169057664461

Epoch 59
losses_train/task:	0.763963520526886
losses_train/concepts:	20.19599723815918
losses_train/representations:	41.06654357910156
losses_train/total:	15.10351848602295
losses_test/task:	0.8815668225288391
losses_test/concepts:	21.634817123413086
losses_test/representations:	50.74221420288086
losses_test/total:	18.26771354675293
calibration_test/ece:	0.019923221319913864
calibration_test/brier:	0.41069361567497253
accuracy_test/task:	69.88
accuracy_test/concepts:	84.52969360351562
map_test/concepts:	0.8157402701908723

Epoch 60
losses_train/task:	0.7680405974388123
losses_train/concepts:	20.16029930114746
losses_train/representations:	40.94881820678711
losses_train/total:	15.06872272491455
losses_test/task:	0.8880083560943604
losses_test/concepts:	21.598817825317383
losses_test/representations:	50.904266357421875
losses_test/total:	18.319168090820312
calibration_test/ece:	0.022430352866649628
calibration_test/brier:	0.41308140754699707
accuracy_test/task:	69.48
accuracy_test/concepts:	84.60079956054688
map_test/concepts:	0.8160286915372126

Epoch 61
losses_train/task:	0.7658223509788513
losses_train/concepts:	20.079471588134766
losses_train/representations:	40.822593688964844
losses_train/total:	15.020554542541504
losses_test/task:	0.8756604194641113
losses_test/concepts:	21.63498878479004
losses_test/representations:	50.87242889404297
losses_test/total:	18.300888061523438
calibration_test/ece:	0.024621862918138504
calibration_test/brier:	0.4080396592617035
accuracy_test/task:	69.91
accuracy_test/concepts:	84.54047393798828
map_test/concepts:	0.8160257710260339

Epoch 62
losses_train/task:	0.7527137994766235
losses_train/concepts:	20.023605346679688
losses_train/representations:	40.68266677856445
losses_train/total:	14.959867477416992
losses_test/task:	0.8751729726791382
losses_test/concepts:	21.613603591918945
losses_test/representations:	50.73032760620117
losses_test/total:	18.255630493164062
calibration_test/ece:	0.020007144659757614
calibration_test/brier:	0.40749838948249817
accuracy_test/task:	70.01
accuracy_test/concepts:	84.54827880859375
map_test/concepts:	0.8161722575314343

Epoch 63
losses_train/task:	0.7510945796966553
losses_train/concepts:	19.991640090942383
losses_train/representations:	40.598388671875
losses_train/total:	14.929786682128906
losses_test/task:	0.8906285762786865
losses_test/concepts:	21.62808609008789
losses_test/representations:	50.736690521240234
losses_test/total:	18.274444580078125
calibration_test/ece:	0.0233345627784729
calibration_test/brier:	0.412860244512558
accuracy_test/task:	69.53
accuracy_test/concepts:	84.54109954833984
map_test/concepts:	0.8154722892213613

Epoch 64
losses_train/task:	0.7510746121406555
losses_train/concepts:	19.972671508789062
losses_train/representations:	40.53434753417969
losses_train/total:	14.908641815185547
losses_test/task:	0.8757923245429993
losses_test/concepts:	21.632957458496094
losses_test/representations:	50.939353942871094
losses_test/total:	18.32089614868164
calibration_test/ece:	0.0241645947098732
calibration_test/brier:	0.4077920913696289
accuracy_test/task:	69.82
accuracy_test/concepts:	84.54969024658203
map_test/concepts:	0.8153306385211181

Epoch 65
losses_train/task:	0.7507202625274658
losses_train/concepts:	19.952253341674805
losses_train/representations:	40.44414520263672
losses_train/total:	14.879189491271973
losses_test/task:	0.8837412595748901
losses_test/concepts:	21.622417449951172
losses_test/representations:	50.93849182128906
losses_test/total:	18.327531814575195
calibration_test/ece:	0.027723519131541252
calibration_test/brier:	0.41123881936073303
accuracy_test/task:	69.72
accuracy_test/concepts:	84.5620346069336
map_test/concepts:	0.815427323570475

Epoch 66
losses_train/task:	0.7473286986351013
losses_train/concepts:	19.888832092285156
losses_train/representations:	40.272010803222656
losses_train/total:	14.817808151245117
losses_test/task:	0.8776071667671204
losses_test/concepts:	21.66557502746582
losses_test/representations:	50.93775939941406
losses_test/total:	18.325490951538086
calibration_test/ece:	0.023306505754590034
calibration_test/brier:	0.4090135097503662
accuracy_test/task:	69.83
accuracy_test/concepts:	84.53687286376953
map_test/concepts:	0.8151042392419185

Epoch 67
losses_train/task:	0.741867184638977
losses_train/concepts:	19.834440231323242
losses_train/representations:	40.20012283325195
losses_train/total:	14.785359382629395
losses_test/task:	0.8806940317153931
losses_test/concepts:	21.676406860351562
losses_test/representations:	50.998592376708984
losses_test/total:	18.347911834716797
calibration_test/ece:	0.024674031883478165
calibration_test/brier:	0.40987586975097656
accuracy_test/task:	69.63
accuracy_test/concepts:	84.50875091552734
map_test/concepts:	0.8146986926731188

Epoch 68
losses_train/task:	0.7333664298057556
losses_train/concepts:	19.81233787536621
losses_train/representations:	40.12458801269531
losses_train/total:	14.75197982788086
losses_test/task:	0.8804570436477661
losses_test/concepts:	21.644210815429688
losses_test/representations:	50.86797332763672
losses_test/total:	18.30527114868164
calibration_test/ece:	0.023506782948970795
calibration_test/brier:	0.4094047248363495
accuracy_test/task:	69.7
accuracy_test/concepts:	84.55780792236328
map_test/concepts:	0.8149160863540601

Epoch 69
losses_train/task:	0.7386298179626465
losses_train/concepts:	19.7710018157959
losses_train/representations:	40.018795013427734
losses_train/total:	14.721369743347168
losses_test/task:	0.8911159038543701
losses_test/concepts:	21.688079833984375
losses_test/representations:	51.007198333740234
losses_test/total:	18.362089157104492
calibration_test/ece:	0.027648860588669777
calibration_test/brier:	0.41500362753868103
accuracy_test/task:	69.25
accuracy_test/concepts:	84.51141357421875
map_test/concepts:	0.8144723907462321

Epoch 70
losses_train/task:	0.731719970703125
losses_train/concepts:	19.726768493652344
losses_train/representations:	39.92146682739258
losses_train/total:	14.680841445922852
losses_test/task:	0.8933954834938049
losses_test/concepts:	21.712339401245117
losses_test/representations:	51.14857864379883
losses_test/total:	18.409204483032227
calibration_test/ece:	0.02639874443411827
calibration_test/brier:	0.41541460156440735
accuracy_test/task:	69.71
accuracy_test/concepts:	84.48857116699219
map_test/concepts:	0.8135584964766167

Epoch 71
losses_train/task:	0.7252234816551208
losses_train/concepts:	19.663625717163086
losses_train/representations:	39.80864334106445
losses_train/total:	14.634176254272461
losses_test/task:	0.8881509900093079
losses_test/concepts:	21.72301483154297
losses_test/representations:	51.18385314941406
losses_test/total:	18.415607452392578
calibration_test/ece:	0.028553809970617294
calibration_test/brier:	0.41326698660850525
accuracy_test/task:	69.44
accuracy_test/concepts:	84.52079772949219
map_test/concepts:	0.8141115644830279

Epoch 72
losses_train/task:	0.7236854434013367
losses_train/concepts:	19.622854232788086
losses_train/representations:	39.70438003540039
losses_train/total:	14.59728717803955
losses_test/task:	0.8820831179618835
losses_test/concepts:	21.674238204956055
losses_test/representations:	50.98583984375
losses_test/total:	18.34525489807129
calibration_test/ece:	0.030611451715230942
calibration_test/brier:	0.41125306487083435
accuracy_test/task:	69.65
accuracy_test/concepts:	84.52640533447266
map_test/concepts:	0.8144814349070657

Epoch 73
losses_train/task:	0.7211623787879944
losses_train/concepts:	19.5738582611084
losses_train/representations:	39.565059661865234
losses_train/total:	14.548073768615723
losses_test/task:	0.9006567001342773
losses_test/concepts:	21.737417221069336
losses_test/representations:	51.16532897949219
losses_test/total:	18.423994064331055
calibration_test/ece:	0.03139116242527962
calibration_test/brier:	0.4189237654209137
accuracy_test/task:	68.84
accuracy_test/concepts:	84.44796752929688
map_test/concepts:	0.813741714839125

Epoch 74
losses_train/task:	0.7205841541290283
losses_train/concepts:	19.556184768676758
losses_train/representations:	39.53335952758789
losses_train/total:	14.536216735839844
losses_test/task:	0.8873105049133301
losses_test/concepts:	21.726781845092773
losses_test/representations:	51.11904525756836
losses_test/total:	18.395702362060547
calibration_test/ece:	0.029887493699789047
calibration_test/brier:	0.4135128855705261
accuracy_test/task:	69.13
accuracy_test/concepts:	84.50763702392578
map_test/concepts:	0.8139976672828197

Epoch 75
losses_train/task:	0.7154931426048279
losses_train/concepts:	19.528240203857422
losses_train/representations:	39.474632263183594
losses_train/total:	14.510713577270508
losses_test/task:	0.8935790657997131
losses_test/concepts:	21.751922607421875
losses_test/representations:	51.32926940917969
losses_test/total:	18.467554092407227
calibration_test/ece:	0.0321604385972023
calibration_test/brier:	0.41549986600875854
accuracy_test/task:	69.41
accuracy_test/concepts:	84.45921325683594
map_test/concepts:	0.8135016880696639

Epoch 76
losses_train/task:	0.7190006375312805
losses_train/concepts:	19.509765625
losses_train/representations:	39.42757034301758
losses_train/total:	14.498244285583496
losses_test/task:	0.9010089039802551
losses_test/concepts:	21.80617904663086
losses_test/representations:	51.28931427001953
losses_test/total:	18.468420028686523
calibration_test/ece:	0.03328021243214607
calibration_test/brier:	0.418899804353714
accuracy_test/task:	68.93
accuracy_test/concepts:	84.45609283447266
map_test/concepts:	0.8133870814053807

Epoch 77
losses_train/task:	0.7117241621017456
losses_train/concepts:	19.47998809814453
losses_train/representations:	39.35811996459961
losses_train/total:	14.467159271240234
losses_test/task:	0.8887814879417419
losses_test/concepts:	21.822240829467773
losses_test/representations:	51.46061706542969
losses_test/total:	18.509199142456055
calibration_test/ece:	0.03182949870824814
calibration_test/brier:	0.41296908259391785
accuracy_test/task:	69.42
accuracy_test/concepts:	84.43437194824219
map_test/concepts:	0.8131496963906102

Epoch 78
losses_train/task:	0.704121470451355
losses_train/concepts:	19.430503845214844
losses_train/representations:	39.24461364746094
losses_train/total:	14.420563697814941
losses_test/task:	0.902344822883606
losses_test/concepts:	21.78684425354004
losses_test/representations:	51.35462188720703
losses_test/total:	18.487417221069336
calibration_test/ece:	0.037896037101745605
calibration_test/brier:	0.41750967502593994
accuracy_test/task:	69.14
accuracy_test/concepts:	84.46858978271484
map_test/concepts:	0.8130827606073581

Epoch 79
losses_train/task:	0.7049907445907593
losses_train/concepts:	19.412765502929688
losses_train/representations:	39.179351806640625
losses_train/total:	14.400065422058105
losses_test/task:	0.8993232250213623
losses_test/concepts:	21.816152572631836
losses_test/representations:	51.50198745727539
losses_test/total:	18.531532287597656
calibration_test/ece:	0.03192111477255821
calibration_test/brier:	0.417325496673584
accuracy_test/task:	69.11
accuracy_test/concepts:	84.43109130859375
map_test/concepts:	0.8127347291447222

Epoch 80
losses_train/task:	0.7015590667724609
losses_train/concepts:	19.376121520996094
losses_train/representations:	39.07283020019531
losses_train/total:	14.361011505126953
losses_test/task:	0.8979238271713257
losses_test/concepts:	21.810863494873047
losses_test/representations:	51.583412170410156
losses_test/total:	18.554035186767578
calibration_test/ece:	0.03225146234035492
calibration_test/brier:	0.41624942421913147
accuracy_test/task:	69.29
accuracy_test/concepts:	84.4162368774414
map_test/concepts:	0.8123337871220428

Epoch 81
losses_train/task:	0.6858294606208801
losses_train/concepts:	19.25922966003418
losses_train/representations:	38.73829650878906
losses_train/total:	14.233238220214844
losses_test/task:	0.8687110543251038
losses_test/concepts:	21.673133850097656
losses_test/representations:	51.01488494873047
losses_test/total:	18.340492248535156
calibration_test/ece:	0.03125881031155586
calibration_test/brier:	0.40375861525535583
accuracy_test/task:	70.16
accuracy_test/concepts:	84.54780578613281
map_test/concepts:	0.8148998137912713

Epoch 82
losses_train/task:	0.6746782064437866
losses_train/concepts:	19.17170524597168
losses_train/representations:	38.51961898803711
losses_train/total:	14.147732734680176
losses_test/task:	0.8658434748649597
losses_test/concepts:	21.656564712524414
losses_test/representations:	50.990966796875
losses_test/total:	18.32879066467285
calibration_test/ece:	0.0311884842813015
calibration_test/brier:	0.40236029028892517
accuracy_test/task:	70.46
accuracy_test/concepts:	84.56780242919922
map_test/concepts:	0.8154582792485598

Epoch 83
losses_train/task:	0.672304093837738
losses_train/concepts:	19.154945373535156
losses_train/representations:	38.46941375732422
losses_train/total:	14.128608703613281
losses_test/task:	0.8646596074104309
losses_test/concepts:	21.65836524963379
losses_test/representations:	50.957698822021484
losses_test/total:	18.317811965942383
calibration_test/ece:	0.030661145225167274
calibration_test/brier:	0.4017406105995178
accuracy_test/task:	70.49
accuracy_test/concepts:	84.5709457397461
map_test/concepts:	0.8153360953438096

Epoch 84
losses_train/task:	0.6756545305252075
losses_train/concepts:	19.12837791442871
losses_train/representations:	38.41734313964844
losses_train/total:	14.113697052001953
losses_test/task:	0.866986095905304
losses_test/concepts:	21.669998168945312
losses_test/representations:	50.98086166381836
losses_test/total:	18.328248977661133
calibration_test/ece:	0.03119073249399662
calibration_test/brier:	0.402907133102417
accuracy_test/task:	70.58
accuracy_test/concepts:	84.55655670166016
map_test/concepts:	0.8152163354097866

Epoch 85
losses_train/task:	0.6682227849960327
losses_train/concepts:	19.123634338378906
losses_train/representations:	38.42042541503906
losses_train/total:	14.106720924377441
losses_test/task:	0.8633972406387329
losses_test/concepts:	21.643966674804688
losses_test/representations:	50.94809341430664
losses_test/total:	18.312217712402344
calibration_test/ece:	0.031727004796266556
calibration_test/brier:	0.4014419615268707
accuracy_test/task:	70.38
accuracy_test/concepts:	84.5737533569336
map_test/concepts:	0.8153967254329473

Epoch 86
losses_train/task:	0.6714569330215454
losses_train/concepts:	19.111011505126953
losses_train/representations:	38.36613464355469
losses_train/total:	14.092399597167969
losses_test/task:	0.8666488528251648
losses_test/concepts:	21.667821884155273
losses_test/representations:	50.99888610839844
losses_test/total:	18.333097457885742
calibration_test/ece:	0.03144652023911476
calibration_test/brier:	0.4027235507965088
accuracy_test/task:	70.54
accuracy_test/concepts:	84.55671691894531
map_test/concepts:	0.8153542580839712

Epoch 87
losses_train/task:	0.6699640154838562
losses_train/concepts:	19.07486915588379
losses_train/representations:	38.30202865600586
losses_train/total:	14.068058967590332
losses_test/task:	0.8650239706039429
losses_test/concepts:	21.6607666015625
losses_test/representations:	50.963539123535156
losses_test/total:	18.320161819458008
calibration_test/ece:	0.03187569975852966
calibration_test/brier:	0.40204674005508423
accuracy_test/task:	70.41
accuracy_test/concepts:	84.56108856201172
map_test/concepts:	0.81506810899009

Epoch 88
losses_train/task:	0.6647670269012451
losses_train/concepts:	19.066749572753906
losses_train/representations:	38.27614974975586
losses_train/total:	14.05428695678711
losses_test/task:	0.8674646615982056
losses_test/concepts:	21.679508209228516
losses_test/representations:	50.9851188659668
losses_test/total:	18.330955505371094
calibration_test/ece:	0.033519942313432693
calibration_test/brier:	0.40305018424987793
accuracy_test/task:	70.41
accuracy_test/concepts:	84.55656433105469
map_test/concepts:	0.8153162769449409

Epoch 89
losses_train/task:	0.667653501033783
losses_train/concepts:	19.067886352539062
losses_train/representations:	38.27735900878906
losses_train/total:	14.057644844055176
losses_test/task:	0.8661582469940186
losses_test/concepts:	21.671125411987305
losses_test/representations:	51.03335189819336
losses_test/total:	18.343276977539062
calibration_test/ece:	0.03143485635519028
calibration_test/brier:	0.40200719237327576
accuracy_test/task:	70.52
accuracy_test/concepts:	84.56392669677734
map_test/concepts:	0.8153900780598633

Epoch 90
losses_train/task:	0.6677030324935913
losses_train/concepts:	19.061893463134766
losses_train/representations:	38.24755859375
losses_train/total:	14.04817008972168
losses_test/task:	0.8664599061012268
losses_test/concepts:	21.656578063964844
losses_test/representations:	50.95859909057617
losses_test/total:	18.319698333740234
calibration_test/ece:	0.03363505378365517
calibration_test/brier:	0.4020880460739136
accuracy_test/task:	70.46
accuracy_test/concepts:	84.57656860351562
map_test/concepts:	0.8154502577672247

Epoch 91
losses_train/task:	0.6606727838516235
losses_train/concepts:	19.036067962646484
losses_train/representations:	38.214115142822266
losses_train/total:	14.028508186340332
losses_test/task:	0.8653762936592102
losses_test/concepts:	21.668485641479492
losses_test/representations:	50.983543395996094
losses_test/total:	18.327289581298828
calibration_test/ece:	0.0340392030775547
calibration_test/brier:	0.40160173177719116
accuracy_test/task:	70.38
accuracy_test/concepts:	84.56124877929688
map_test/concepts:	0.8154427802655846

Epoch 92
losses_train/task:	0.6619579195976257
losses_train/concepts:	19.048025131225586
losses_train/representations:	38.225215911865234
losses_train/total:	14.034321784973145
losses_test/task:	0.8653166890144348
losses_test/concepts:	21.652952194213867
losses_test/representations:	50.971641540527344
losses_test/total:	18.32210350036621
calibration_test/ece:	0.03360063582658768
calibration_test/brier:	0.4014987647533417
accuracy_test/task:	70.51
accuracy_test/concepts:	84.58577728271484
map_test/concepts:	0.815564057440497

Epoch 93
losses_train/task:	0.6585208177566528
losses_train/concepts:	19.00254249572754
losses_train/representations:	38.12879180908203
losses_train/total:	13.997411727905273
losses_test/task:	0.8656158447265625
losses_test/concepts:	21.67156219482422
losses_test/representations:	50.99856948852539
losses_test/total:	18.332345962524414
calibration_test/ece:	0.03396609053015709
calibration_test/brier:	0.40162673592567444
accuracy_test/task:	70.4
accuracy_test/concepts:	84.57422637939453
map_test/concepts:	0.815256058878731

Epoch 94
losses_train/task:	0.66378253698349
losses_train/concepts:	19.012332916259766
losses_train/representations:	38.12871551513672
losses_train/total:	14.00363540649414
losses_test/task:	0.8684335947036743
losses_test/concepts:	21.69593620300293
losses_test/representations:	51.010597229003906
losses_test/total:	18.341209411621094
calibration_test/ece:	0.03391885757446289
calibration_test/brier:	0.4028435945510864
accuracy_test/task:	70.55
accuracy_test/concepts:	84.55077362060547
map_test/concepts:	0.8152040142740589

Epoch 95
losses_train/task:	0.6615532040596008
losses_train/concepts:	19.032379150390625
losses_train/representations:	38.154666900634766
losses_train/total:	14.011197090148926
losses_test/task:	0.8683755993843079
losses_test/concepts:	21.690086364746094
losses_test/representations:	51.02219772338867
losses_test/total:	18.344036102294922
calibration_test/ece:	0.03515123948454857
calibration_test/brier:	0.4028639495372772
accuracy_test/task:	70.34
accuracy_test/concepts:	84.54891204833984
map_test/concepts:	0.8152193455025554

Epoch 96
losses_train/task:	0.6666479706764221
losses_train/concepts:	18.99160385131836
losses_train/representations:	38.11359786987305
losses_train/total:	13.999895095825195
losses_test/task:	0.8645710349082947
losses_test/concepts:	21.669170379638672
losses_test/representations:	50.986270904541016
losses_test/total:	18.327373504638672
calibration_test/ece:	0.0352865532040596
calibration_test/brier:	0.40150555968284607
accuracy_test/task:	70.29
accuracy_test/concepts:	84.57530212402344
map_test/concepts:	0.8152277028711978

Epoch 97
losses_train/task:	0.6665197610855103
losses_train/concepts:	19.001413345336914
losses_train/representations:	38.08681869506836
losses_train/total:	13.992713928222656
losses_test/task:	0.8665028810501099
losses_test/concepts:	21.684783935546875
losses_test/representations:	51.01884841918945
losses_test/total:	18.340639114379883
calibration_test/ece:	0.03574087843298912
calibration_test/brier:	0.4022788107395172
accuracy_test/task:	70.4
accuracy_test/concepts:	84.57391357421875
map_test/concepts:	0.8152754529728554

Epoch 98
losses_train/task:	0.6623121500015259
losses_train/concepts:	18.97582244873047
losses_train/representations:	38.051063537597656
losses_train/total:	13.975213050842285
losses_test/task:	0.8655731081962585
losses_test/concepts:	21.687170028686523
losses_test/representations:	50.99829864501953
losses_test/total:	18.33378028869629
calibration_test/ece:	0.03409581631422043
calibration_test/brier:	0.40145057439804077
accuracy_test/task:	70.48
accuracy_test/concepts:	84.5698471069336
map_test/concepts:	0.8152119953010697

Epoch 99
losses_train/task:	0.6608014702796936
losses_train/concepts:	18.995506286621094
losses_train/representations:	38.08938980102539
losses_train/total:	13.987163543701172
losses_test/task:	0.866532564163208
losses_test/concepts:	21.676855087280273
losses_test/representations:	51.00190353393555
losses_test/total:	18.33478546142578
calibration_test/ece:	0.03548812493681908
calibration_test/brier:	0.40188199281692505
accuracy_test/task:	70.47
accuracy_test/concepts:	84.57954406738281
map_test/concepts:	0.8154013138264418

Epoch 100
losses_train/task:	0.6583418250083923
losses_train/concepts:	18.965557098388672
losses_train/representations:	38.01359176635742
losses_train/total:	13.958975791931152
losses_test/task:	0.8654690980911255
losses_test/concepts:	21.694528579711914
losses_test/representations:	51.047969818115234
losses_test/total:	18.34930992126465
calibration_test/ece:	0.03632553294301033
calibration_test/brier:	0.40138059854507446
accuracy_test/task:	70.47
accuracy_test/concepts:	84.57561492919922
map_test/concepts:	0.8152451693022158

Epoch 101
losses_train/task:	0.6607515811920166
losses_train/concepts:	18.959259033203125
losses_train/representations:	38.01687240600586
losses_train/total:	13.961745262145996
losses_test/task:	0.8667333126068115
losses_test/concepts:	21.69068717956543
losses_test/representations:	51.00224304199219
losses_test/total:	18.336475372314453
calibration_test/ece:	0.035370051860809326
calibration_test/brier:	0.4019278585910797
accuracy_test/task:	70.42
accuracy_test/concepts:	84.5735855102539
map_test/concepts:	0.8153372790548019

Epoch 102
losses_train/task:	0.6587956547737122
losses_train/concepts:	18.96198081970215
losses_train/representations:	37.9766845703125
losses_train/total:	13.94800090789795
losses_test/task:	0.8650568723678589
losses_test/concepts:	21.686767578125
losses_test/representations:	51.00153732299805
losses_test/total:	18.334196090698242
calibration_test/ece:	0.03325406089425087
calibration_test/brier:	0.4014366567134857
accuracy_test/task:	70.63
accuracy_test/concepts:	84.57437896728516
map_test/concepts:	0.8151346368249506

Epoch 103
losses_train/task:	0.6567990779876709
losses_train/concepts:	18.93539047241211
losses_train/representations:	37.98395919799805
losses_train/total:	13.94552993774414
losses_test/task:	0.8650524616241455
losses_test/concepts:	21.69938850402832
losses_test/representations:	51.072410583496094
losses_test/total:	18.356712341308594
calibration_test/ece:	0.03605387732386589
calibration_test/brier:	0.4008515179157257
accuracy_test/task:	70.63
accuracy_test/concepts:	84.56952667236328
map_test/concepts:	0.8152656778693199

Epoch 104
losses_train/task:	0.6586048603057861
losses_train/concepts:	18.952678680419922
losses_train/representations:	37.98098373413086
losses_train/total:	13.948173522949219
losses_test/task:	0.8673775792121887
losses_test/concepts:	21.69466781616211
losses_test/representations:	50.99523162841797
losses_test/total:	18.33540916442871
calibration_test/ece:	0.034495361149311066
calibration_test/brier:	0.40270358324050903
accuracy_test/task:	70.49
accuracy_test/concepts:	84.57498931884766
map_test/concepts:	0.8151885557745118

Epoch 105
losses_train/task:	0.6579907536506653
losses_train/concepts:	18.92626190185547
losses_train/representations:	37.91640090942383
losses_train/total:	13.925539016723633
losses_test/task:	0.8664456605911255
losses_test/concepts:	21.686235427856445
losses_test/representations:	51.01839065551758
losses_test/total:	18.340591430664062
calibration_test/ece:	0.03674646466970444
calibration_test/brier:	0.401821494102478
accuracy_test/task:	70.4
accuracy_test/concepts:	84.5679702758789
map_test/concepts:	0.8152898053522222

Epoch 106
losses_train/task:	0.6558800339698792
losses_train/concepts:	18.917678833007812
losses_train/representations:	37.92977523803711
losses_train/total:	13.92658805847168
losses_test/task:	0.8650428652763367
losses_test/concepts:	21.711650848388672
losses_test/representations:	51.06449890136719
losses_test/total:	18.35556411743164
calibration_test/ece:	0.03665529564023018
calibration_test/brier:	0.40150994062423706
accuracy_test/task:	70.33
accuracy_test/concepts:	84.56468963623047
map_test/concepts:	0.8152785003767349

Epoch 107
losses_train/task:	0.6559998393058777
losses_train/concepts:	18.932357788085938
losses_train/representations:	37.91386413574219
losses_train/total:	13.92339038848877
losses_test/task:	0.8662175536155701
losses_test/concepts:	21.71055793762207
losses_test/representations:	51.02659225463867
losses_test/total:	18.345256805419922
calibration_test/ece:	0.03477324917912483
calibration_test/brier:	0.40145185589790344
accuracy_test/task:	70.4
accuracy_test/concepts:	84.56767272949219
map_test/concepts:	0.8152110939845443

Epoch 108
losses_train/task:	0.6557435989379883
losses_train/concepts:	18.91973304748535
losses_train/representations:	37.89741516113281
losses_train/total:	13.916943550109863
losses_test/task:	0.8675528764724731
losses_test/concepts:	21.68568992614746
losses_test/representations:	51.01425552368164
losses_test/total:	18.340402603149414
calibration_test/ece:	0.03637891262769699
calibration_test/brier:	0.40217259526252747
accuracy_test/task:	70.41
accuracy_test/concepts:	84.5679702758789
map_test/concepts:	0.8152692157600541

Epoch 109
losses_train/task:	0.6466701030731201
losses_train/concepts:	18.89763069152832
losses_train/representations:	37.86359786987305
losses_train/total:	13.8955078125
losses_test/task:	0.8654899597167969
losses_test/concepts:	21.713115692138672
losses_test/representations:	51.064971923828125
losses_test/total:	18.35629653930664
calibration_test/ece:	0.037575848400592804
calibration_test/brier:	0.40123847126960754
accuracy_test/task:	70.37
accuracy_test/concepts:	84.56233215332031
map_test/concepts:	0.8150791895459406

Epoch 110
losses_train/task:	0.6540992259979248
losses_train/concepts:	18.897308349609375
losses_train/representations:	37.84025192260742
losses_train/total:	13.895909309387207
losses_test/task:	0.8675172328948975
losses_test/concepts:	21.720041275024414
losses_test/representations:	51.06568908691406
losses_test/total:	18.35922622680664
calibration_test/ece:	0.037737466394901276
calibration_test/brier:	0.4016970694065094
accuracy_test/task:	70.27
accuracy_test/concepts:	84.56045532226562
map_test/concepts:	0.8153350485954434

Epoch 111
losses_train/task:	0.6550955176353455
losses_train/concepts:	18.9099063873291
losses_train/representations:	37.88819885253906
losses_train/total:	13.912544250488281
losses_test/task:	0.8686969876289368
losses_test/concepts:	21.698389053344727
losses_test/representations:	51.022621154785156
losses_test/total:	18.34532356262207
calibration_test/ece:	0.037220846861600876
calibration_test/brier:	0.402287095785141
accuracy_test/task:	70.46
accuracy_test/concepts:	84.57937622070312
map_test/concepts:	0.8151414254389238

Epoch 112
losses_train/task:	0.6545312404632568
losses_train/concepts:	18.887550354003906
losses_train/representations:	37.82936477661133
losses_train/total:	13.892099380493164
losses_test/task:	0.8697372078895569
losses_test/concepts:	21.694622039794922
losses_test/representations:	51.03118133544922
losses_test/total:	18.348552703857422
calibration_test/ece:	0.036025822162628174
calibration_test/brier:	0.40295282006263733
accuracy_test/task:	70.52
accuracy_test/concepts:	84.56562805175781
map_test/concepts:	0.815084535657661

Epoch 113
losses_train/task:	0.654433012008667
losses_train/concepts:	18.889055252075195
losses_train/representations:	37.84656524658203
losses_train/total:	13.897308349609375
losses_test/task:	0.8672124147415161
losses_test/concepts:	21.695018768310547
losses_test/representations:	51.01941680908203
losses_test/total:	18.342544555664062
calibration_test/ece:	0.037544265389442444
calibration_test/brier:	0.40153539180755615
accuracy_test/task:	70.42
accuracy_test/concepts:	84.57344818115234
map_test/concepts:	0.8151658653805498

Epoch 114
losses_train/task:	0.6495687365531921
losses_train/concepts:	18.87482452392578
losses_train/representations:	37.80615234375
losses_train/total:	13.878904342651367
losses_test/task:	0.8673478364944458
losses_test/concepts:	21.709190368652344
losses_test/representations:	51.045570373535156
losses_test/total:	18.35193634033203
calibration_test/ece:	0.037009213119745255
calibration_test/brier:	0.4014059007167816
accuracy_test/task:	70.45
accuracy_test/concepts:	84.5631332397461
map_test/concepts:	0.8150220170500688

Epoch 115
losses_train/task:	0.6545106172561646
losses_train/concepts:	18.874141693115234
losses_train/representations:	37.77222442626953
losses_train/total:	13.873590469360352
losses_test/task:	0.8683153986930847
losses_test/concepts:	21.70581817626953
losses_test/representations:	51.04657745361328
losses_test/total:	18.35287094116211
calibration_test/ece:	0.03870555758476257
calibration_test/brier:	0.40215086936950684
accuracy_test/task:	70.33
accuracy_test/concepts:	84.56218719482422
map_test/concepts:	0.8150515740853734

Epoch 116
losses_train/task:	0.6546544432640076
losses_train/concepts:	18.887109756469727
losses_train/representations:	37.79682540893555
losses_train/total:	13.882406234741211
losses_test/task:	0.8679260015487671
losses_test/concepts:	21.719562530517578
losses_test/representations:	51.07008743286133
losses_test/total:	18.360912322998047
calibration_test/ece:	0.038408081978559494
calibration_test/brier:	0.4019681215286255
accuracy_test/task:	70.41
accuracy_test/concepts:	84.55640411376953
map_test/concepts:	0.8149763097171672

Epoch 117
losses_train/task:	0.6493321061134338
losses_train/concepts:	18.847503662109375
losses_train/representations:	37.75944900512695
losses_train/total:	13.861916542053223
losses_test/task:	0.8702826499938965
losses_test/concepts:	21.71352767944336
losses_test/representations:	51.097442626953125
losses_test/total:	18.370868682861328
calibration_test/ece:	0.036315228790044785
calibration_test/brier:	0.4025220572948456
accuracy_test/task:	70.48
accuracy_test/concepts:	84.55186462402344
map_test/concepts:	0.8150146798870992

Epoch 118
losses_train/task:	0.6520683169364929
losses_train/concepts:	18.838403701782227
losses_train/representations:	37.72021484375
losses_train/total:	13.851974487304688
losses_test/task:	0.8681294918060303
losses_test/concepts:	21.712696075439453
losses_test/representations:	51.08820343017578
losses_test/total:	18.365854263305664
calibration_test/ece:	0.03840114176273346
calibration_test/brier:	0.4021267592906952
accuracy_test/task:	70.4
accuracy_test/concepts:	84.5596923828125
map_test/concepts:	0.8151550247566774

Epoch 119
losses_train/task:	0.6466860175132751
losses_train/concepts:	18.865917205810547
losses_train/representations:	37.786598205566406
losses_train/total:	13.8692626953125
losses_test/task:	0.8694918751716614
losses_test/concepts:	21.722347259521484
losses_test/representations:	51.09101486206055
losses_test/total:	18.369028091430664
calibration_test/ece:	0.03802558407187462
calibration_test/brier:	0.4021444320678711
accuracy_test/task:	70.39
accuracy_test/concepts:	84.56281280517578
map_test/concepts:	0.8151567945023999

Epoch 120
losses_train/task:	0.648459255695343
losses_train/concepts:	18.834869384765625
losses_train/representations:	37.7238883972168
losses_train/total:	13.849116325378418
losses_test/task:	0.8692044615745544
losses_test/concepts:	21.724950790405273
losses_test/representations:	51.10695266723633
losses_test/total:	18.3737850189209
calibration_test/ece:	0.03792767971754074
calibration_test/brier:	0.40223485231399536
accuracy_test/task:	70.53
accuracy_test/concepts:	84.56187438964844
map_test/concepts:	0.815027114993427

Epoch 121
losses_train/task:	0.6522550582885742
losses_train/concepts:	18.81668472290039
losses_train/representations:	37.66641616821289
losses_train/total:	13.833842277526855
losses_test/task:	0.8686135411262512
losses_test/concepts:	21.706817626953125
losses_test/representations:	51.07078552246094
losses_test/total:	18.360525131225586
calibration_test/ece:	0.037181735038757324
calibration_test/brier:	0.4018820822238922
accuracy_test/task:	70.48
accuracy_test/concepts:	84.57905578613281
map_test/concepts:	0.8151541757397354

Epoch 122
losses_train/task:	0.6474980711936951
losses_train/concepts:	18.82227897644043
losses_train/representations:	37.69336700439453
losses_train/total:	13.837724685668945
losses_test/task:	0.8668311834335327
losses_test/concepts:	21.722209930419922
losses_test/representations:	51.0670280456543
losses_test/total:	18.359155654907227
calibration_test/ece:	0.035728856921195984
calibration_test/brier:	0.40120548009872437
accuracy_test/task:	70.81
accuracy_test/concepts:	84.55859375
map_test/concepts:	0.8150357318518218

Epoch 123
losses_train/task:	0.6472868323326111
losses_train/concepts:	18.819568634033203
losses_train/representations:	37.662498474121094
losses_train/total:	13.827994346618652
losses_test/task:	0.8693232536315918
losses_test/concepts:	21.735733032226562
losses_test/representations:	51.07771682739258
losses_test/total:	18.3662109375
calibration_test/ece:	0.036647625267505646
calibration_test/brier:	0.40211495757102966
accuracy_test/task:	70.56
accuracy_test/concepts:	84.5512466430664
map_test/concepts:	0.814782336296048

Epoch 124
losses_train/task:	0.6440750956535339
losses_train/concepts:	18.82177734375
losses_train/representations:	37.70747375488281
losses_train/total:	13.838499069213867
losses_test/task:	0.8679332733154297
losses_test/concepts:	21.709537506103516
losses_test/representations:	51.05891799926758
losses_test/total:	18.356565475463867
calibration_test/ece:	0.036848343908786774
calibration_test/brier:	0.4014735221862793
accuracy_test/task:	70.68
accuracy_test/concepts:	84.57125091552734
map_test/concepts:	0.8152622129418887

Epoch 125
losses_train/task:	0.6464382410049438
losses_train/concepts:	18.81154441833496
losses_train/representations:	37.66192626953125
losses_train/total:	13.826166152954102
losses_test/task:	0.869411826133728
losses_test/concepts:	21.724687576293945
losses_test/representations:	51.0777702331543
losses_test/total:	18.365215301513672
calibration_test/ece:	0.03814312815666199
calibration_test/brier:	0.40192851424217224
accuracy_test/task:	70.57
accuracy_test/concepts:	84.56218719482422
map_test/concepts:	0.8151374228473287

Epoch 126
losses_train/task:	0.6441540122032166
losses_train/concepts:	18.77519416809082
losses_train/representations:	37.59153366088867
losses_train/total:	13.799129486083984
losses_test/task:	0.8680955171585083
losses_test/concepts:	21.72865104675293
losses_test/representations:	51.11650085449219
losses_test/total:	18.375913619995117
calibration_test/ece:	0.03731723874807358
calibration_test/brier:	0.4014611840248108
accuracy_test/task:	70.6
accuracy_test/concepts:	84.5531234741211
map_test/concepts:	0.8146510143997148

Epoch 127
losses_train/task:	0.6505671143531799
losses_train/concepts:	18.823013305664062
losses_train/representations:	37.66316604614258
losses_train/total:	13.831816673278809
losses_test/task:	0.8712813258171082
losses_test/concepts:	21.730865478515625
losses_test/representations:	51.118099212646484
losses_test/total:	18.379802703857422
calibration_test/ece:	0.03747911378741264
calibration_test/brier:	0.40266457200050354
accuracy_test/task:	70.69
accuracy_test/concepts:	84.55452728271484
map_test/concepts:	0.8149709573481232

Epoch 128
losses_train/task:	0.6469466686248779
losses_train/concepts:	18.792510986328125
losses_train/representations:	37.62678527832031
losses_train/total:	13.814229011535645
losses_test/task:	0.868125855922699
losses_test/concepts:	21.73602294921875
losses_test/representations:	51.13261032104492
losses_test/total:	18.38150978088379
calibration_test/ece:	0.03969689831137657
calibration_test/brier:	0.40153592824935913
accuracy_test/task:	70.55
accuracy_test/concepts:	84.56250762939453
map_test/concepts:	0.8148453357862309

Epoch 129
losses_train/task:	0.642921507358551
losses_train/concepts:	18.807811737060547
losses_train/representations:	37.60612869262695
losses_train/total:	13.805537223815918
losses_test/task:	0.8686585426330566
losses_test/concepts:	21.724092483520508
losses_test/representations:	51.087093353271484
losses_test/total:	18.36719512939453
calibration_test/ece:	0.03869100287556648
calibration_test/brier:	0.40208378434181213
accuracy_test/task:	70.58
accuracy_test/concepts:	84.56170654296875
map_test/concepts:	0.8148289069649763

Epoch 130
losses_train/task:	0.6429228782653809
losses_train/concepts:	18.798097610473633
losses_train/representations:	37.6159553527832
losses_train/total:	13.807519912719727
losses_test/task:	0.8714343905448914
losses_test/concepts:	21.75374412536621
losses_test/representations:	51.15460968017578
losses_test/total:	18.393192291259766
calibration_test/ece:	0.0400407537817955
calibration_test/brier:	0.40268951654434204
accuracy_test/task:	70.41
accuracy_test/concepts:	84.55640411376953
map_test/concepts:	0.8148716534196865

Epoch 131
losses_train/task:	0.6452897787094116
losses_train/concepts:	18.76921844482422
losses_train/representations:	37.565128326416016
losses_train/total:	13.79174518585205
losses_test/task:	0.8679540157318115
losses_test/concepts:	21.73601531982422
losses_test/representations:	51.12037658691406
losses_test/total:	18.377668380737305
calibration_test/ece:	0.03910059109330177
calibration_test/brier:	0.40078943967819214
accuracy_test/task:	70.52
accuracy_test/concepts:	84.54780578613281
map_test/concepts:	0.8148859646171331

Epoch 132
losses_train/task:	0.6408761739730835
losses_train/concepts:	18.786643981933594
losses_train/representations:	37.582275390625
losses_train/total:	13.794224739074707
losses_test/task:	0.8694191575050354
losses_test/concepts:	21.750568389892578
losses_test/representations:	51.13105392456055
losses_test/total:	18.38379669189453
calibration_test/ece:	0.036884114146232605
calibration_test/brier:	0.40196868777275085
accuracy_test/task:	70.6
accuracy_test/concepts:	84.54048919677734
map_test/concepts:	0.8147598516661674

Epoch 133
losses_train/task:	0.6408100128173828
losses_train/concepts:	18.76993179321289
losses_train/representations:	37.541587829589844
losses_train/total:	13.780280113220215
losses_test/task:	0.8677669763565063
losses_test/concepts:	21.725820541381836
losses_test/representations:	51.14336395263672
losses_test/total:	18.383358001708984
calibration_test/ece:	0.03937176614999771
calibration_test/brier:	0.4011731743812561
accuracy_test/task:	70.64
accuracy_test/concepts:	84.56578063964844
map_test/concepts:	0.8150051976554096

Epoch 134
losses_train/task:	0.6409631371498108
losses_train/concepts:	18.76413345336914
losses_train/representations:	37.550941467285156
losses_train/total:	13.782648086547852
losses_test/task:	0.8705692887306213
losses_test/concepts:	21.744609832763672
losses_test/representations:	51.13871765136719
losses_test/total:	18.386648178100586
calibration_test/ece:	0.03946692496538162
calibration_test/brier:	0.4023023545742035
accuracy_test/task:	70.56
accuracy_test/concepts:	84.54983520507812
map_test/concepts:	0.8148630823125131

Epoch 135
losses_train/task:	0.647535502910614
losses_train/concepts:	18.761280059814453
losses_train/representations:	37.51904296875
losses_train/total:	13.779380798339844
losses_test/task:	0.8680399656295776
losses_test/concepts:	21.740585327148438
losses_test/representations:	51.16083908081055
losses_test/total:	18.390344619750977
calibration_test/ece:	0.03932051360607147
calibration_test/brier:	0.40112656354904175
accuracy_test/task:	70.6
accuracy_test/concepts:	84.56671905517578
map_test/concepts:	0.8149083671451081

Epoch 136
losses_train/task:	0.6399515867233276
losses_train/concepts:	18.769990921020508
losses_train/representations:	37.50349426269531
losses_train/total:	13.767999649047852
losses_test/task:	0.8710604310035706
losses_test/concepts:	21.73737335205078
losses_test/representations:	51.16337203979492
losses_test/total:	18.393808364868164
calibration_test/ece:	0.04256425052881241
calibration_test/brier:	0.4021914005279541
accuracy_test/task:	70.4
accuracy_test/concepts:	84.5523452758789
map_test/concepts:	0.8147387246135622

Epoch 137
losses_train/task:	0.6444079279899597
losses_train/concepts:	18.75155258178711
losses_train/representations:	37.52617645263672
losses_train/total:	13.777419090270996
losses_test/task:	0.8720884919166565
losses_test/concepts:	21.750608444213867
losses_test/representations:	51.19251251220703
losses_test/total:	18.40489959716797
calibration_test/ece:	0.0417778342962265
calibration_test/brier:	0.40231409668922424
accuracy_test/task:	70.43
accuracy_test/concepts:	84.55249786376953
map_test/concepts:	0.8149087843194138

Epoch 138
losses_train/task:	0.6394410729408264
losses_train/concepts:	18.76171875
losses_train/representations:	37.513587951660156
losses_train/total:	13.769684791564941
losses_test/task:	0.8700436353683472
losses_test/concepts:	21.746410369873047
losses_test/representations:	51.17684555053711
losses_test/total:	18.397743225097656
calibration_test/ece:	0.040553394705057144
calibration_test/brier:	0.4018475413322449
accuracy_test/task:	70.55
accuracy_test/concepts:	84.54874420166016
map_test/concepts:	0.8147391839593183

Epoch 139
losses_train/task:	0.638478696346283
losses_train/concepts:	18.75514793395996
losses_train/representations:	37.48164367675781
losses_train/total:	13.758484840393066
losses_test/task:	0.8709502816200256
losses_test/concepts:	21.746206283569336
losses_test/representations:	51.171905517578125
losses_test/total:	18.39714241027832
calibration_test/ece:	0.04152514412999153
calibration_test/brier:	0.402157187461853
accuracy_test/task:	70.63
accuracy_test/concepts:	84.54499816894531
map_test/concepts:	0.8149345263082068

Epoch 140
losses_train/task:	0.6352593898773193
losses_train/concepts:	18.737098693847656
losses_train/representations:	37.45334243774414
losses_train/total:	13.744976997375488
losses_test/task:	0.8711501955986023
losses_test/concepts:	21.738605499267578
losses_test/representations:	51.120845794677734
losses_test/total:	18.381263732910156
calibration_test/ece:	0.04028977081179619
calibration_test/brier:	0.4021751582622528
accuracy_test/task:	70.6
accuracy_test/concepts:	84.57125854492188
map_test/concepts:	0.8148154197260737

Epoch 141
losses_train/task:	0.6329977512359619
losses_train/concepts:	18.710227966308594
losses_train/representations:	37.462684631347656
losses_train/total:	13.742827415466309
losses_test/task:	0.874340832233429
losses_test/concepts:	21.742429733276367
losses_test/representations:	51.19438552856445
losses_test/total:	18.40690040588379
calibration_test/ece:	0.04421151429414749
calibration_test/brier:	0.4033311605453491
accuracy_test/task:	70.31
accuracy_test/concepts:	84.56501007080078
map_test/concepts:	0.8149062872398645

Epoch 142
losses_train/task:	0.6354888081550598
losses_train/concepts:	18.725309371948242
losses_train/representations:	37.468597412109375
losses_train/total:	13.748598098754883
losses_test/task:	0.8711798191070557
losses_test/concepts:	21.744693756103516
losses_test/representations:	51.17150115966797
losses_test/total:	18.3971004486084
calibration_test/ece:	0.044838398694992065
calibration_test/brier:	0.4019799530506134
accuracy_test/task:	70.37
accuracy_test/concepts:	84.5629653930664
map_test/concepts:	0.8148107053420972

Epoch 143
losses_train/task:	0.6363101601600647
losses_train/concepts:	18.72772789001465
losses_train/representations:	37.47705841064453
losses_train/total:	13.752201080322266
losses_test/task:	0.8712967038154602
losses_test/concepts:	21.744277954101562
losses_test/representations:	51.15141296386719
losses_test/total:	18.39114761352539
calibration_test/ece:	0.04118247702717781
calibration_test/brier:	0.40212634205818176
accuracy_test/task:	70.51
accuracy_test/concepts:	84.55875396728516
map_test/concepts:	0.8148346974921878

Epoch 144
losses_train/task:	0.6420080661773682
losses_train/concepts:	18.72147560119629
losses_train/representations:	37.42403030395508
losses_train/total:	13.741373062133789
losses_test/task:	0.8703051209449768
losses_test/concepts:	21.73037338256836
losses_test/representations:	51.13349914550781
losses_test/total:	18.383390426635742
calibration_test/ece:	0.04388829320669174
calibration_test/brier:	0.401714563369751
accuracy_test/task:	70.44
accuracy_test/concepts:	84.56828308105469
map_test/concepts:	0.8148060998064466

Epoch 145
losses_train/task:	0.641191303730011
losses_train/concepts:	18.711069107055664
losses_train/representations:	37.43647766113281
losses_train/total:	13.743246078491211
losses_test/task:	0.8723700046539307
losses_test/concepts:	21.752466201782227
losses_test/representations:	51.15547561645508
losses_test/total:	18.39425277709961
calibration_test/ece:	0.042308587580919266
calibration_test/brier:	0.40256962180137634
accuracy_test/task:	70.41
accuracy_test/concepts:	84.5748519897461
map_test/concepts:	0.8149010515771806

Epoch 146
losses_train/task:	0.6364833116531372
losses_train/concepts:	18.701791763305664
losses_train/representations:	37.41265869140625
losses_train/total:	13.730459213256836
losses_test/task:	0.8715284466743469
losses_test/concepts:	21.76463508605957
losses_test/representations:	51.16038131713867
losses_test/total:	18.396114349365234
calibration_test/ece:	0.04031912609934807
calibration_test/brier:	0.40222734212875366
accuracy_test/task:	70.61
accuracy_test/concepts:	84.54924011230469
map_test/concepts:	0.8144654995703604

Epoch 147
losses_train/task:	0.638261616230011
losses_train/concepts:	18.722423553466797
losses_train/representations:	37.395782470703125
losses_train/total:	13.729238510131836
losses_test/task:	0.8732104897499084
losses_test/concepts:	21.75750160217285
losses_test/representations:	51.18277359008789
losses_test/total:	18.403789520263672
calibration_test/ece:	0.04145771637558937
calibration_test/brier:	0.4024820029735565
accuracy_test/task:	70.5
accuracy_test/concepts:	84.56531524658203
map_test/concepts:	0.8146640151971951

Epoch 148
losses_train/task:	0.6341499090194702
losses_train/concepts:	18.711734771728516
losses_train/representations:	37.40925979614258
losses_train/total:	13.728094100952148
losses_test/task:	0.8717081546783447
losses_test/concepts:	21.75774383544922
losses_test/representations:	51.17469787597656
losses_test/total:	18.3998966217041
calibration_test/ece:	0.03999968618154526
calibration_test/brier:	0.40232834219932556
accuracy_test/task:	70.61
accuracy_test/concepts:	84.54922485351562
map_test/concepts:	0.814648508297978

Epoch 149
losses_train/task:	0.6400458812713623
losses_train/concepts:	18.717947006225586
losses_train/representations:	37.407691955566406
losses_train/total:	13.734148025512695
losses_test/task:	0.8699801564216614
losses_test/concepts:	21.74342918395996
losses_test/representations:	51.15392303466797
losses_test/total:	18.3904972076416
calibration_test/ece:	0.04314862936735153
calibration_test/brier:	0.40139102935791016
accuracy_test/task:	70.48
accuracy_test/concepts:	84.56892395019531
map_test/concepts:	0.8147134566970635

Epoch 150
losses_train/task:	0.6327401995658875
losses_train/concepts:	18.661548614501953
losses_train/representations:	37.32309341430664
losses_train/total:	13.695820808410645
losses_test/task:	0.8722484111785889
losses_test/concepts:	21.757877349853516
losses_test/representations:	51.17028045654297
losses_test/total:	18.399120330810547
calibration_test/ece:	0.04155329242348671
calibration_test/brier:	0.4021236002445221
accuracy_test/task:	70.58
accuracy_test/concepts:	84.55563354492188
map_test/concepts:	0.8145826698164456

Epoch 151
losses_train/task:	0.6356786489486694
losses_train/concepts:	18.674280166625977
losses_train/representations:	37.346736907958984
losses_train/total:	13.707137107849121
losses_test/task:	0.8702571392059326
losses_test/concepts:	21.759517669677734
losses_test/representations:	51.16627502441406
losses_test/total:	18.39609146118164
calibration_test/ece:	0.041993580758571625
calibration_test/brier:	0.40163078904151917
accuracy_test/task:	70.49
accuracy_test/concepts:	84.55453491210938
map_test/concepts:	0.8147958113695495

Epoch 152
losses_train/task:	0.6299697756767273
losses_train/concepts:	18.67769432067871
losses_train/representations:	37.35296630859375
losses_train/total:	13.703632354736328
losses_test/task:	0.8757668137550354
losses_test/concepts:	21.76034927368164
losses_test/representations:	51.23591232299805
losses_test/total:	18.422576904296875
calibration_test/ece:	0.044833388179540634
calibration_test/brier:	0.40337073802948
accuracy_test/task:	70.41
accuracy_test/concepts:	84.55329132080078
map_test/concepts:	0.8147092997096479

Epoch 153
losses_train/task:	0.6318968534469604
losses_train/concepts:	18.67453956604004
losses_train/representations:	37.35833740234375
losses_train/total:	13.706850051879883
losses_test/task:	0.8736266493797302
losses_test/concepts:	21.7554931640625
losses_test/representations:	51.146240234375
losses_test/total:	18.393043518066406
calibration_test/ece:	0.04017303138971329
calibration_test/brier:	0.40246936678886414
accuracy_test/task:	70.44
accuracy_test/concepts:	84.56156158447266
map_test/concepts:	0.8146049812203273

Epoch 154
losses_train/task:	0.6360531449317932
losses_train/concepts:	18.670284271240234
losses_train/representations:	37.321048736572266
losses_train/total:	13.699397087097168
losses_test/task:	0.871751070022583
losses_test/concepts:	21.7520751953125
losses_test/representations:	51.19245910644531
losses_test/total:	18.404701232910156
calibration_test/ece:	0.0440821647644043
calibration_test/brier:	0.401693195104599
accuracy_test/task:	70.54
accuracy_test/concepts:	84.57048034667969
map_test/concepts:	0.8148450978624169

Epoch 155
losses_train/task:	0.636384904384613
losses_train/concepts:	18.656505584716797
losses_train/representations:	37.300048828125
losses_train/total:	13.69205379486084
losses_test/task:	0.8734095096588135
losses_test/concepts:	21.766202926635742
losses_test/representations:	51.189762115478516
losses_test/total:	18.406959533691406
calibration_test/ece:	0.04224574565887451
calibration_test/brier:	0.402688592672348
accuracy_test/task:	70.48
accuracy_test/concepts:	84.55781555175781
map_test/concepts:	0.814678764436394

Epoch 156
losses_train/task:	0.6350086331367493
losses_train/concepts:	18.64810562133789
losses_train/representations:	37.282588958740234
losses_train/total:	13.684597969055176
losses_test/task:	0.8731608390808105
losses_test/concepts:	21.78600311279297
losses_test/representations:	51.184112548828125
losses_test/total:	18.406999588012695
calibration_test/ece:	0.040074873715639114
calibration_test/brier:	0.40241652727127075
accuracy_test/task:	70.5
accuracy_test/concepts:	84.54718780517578
map_test/concepts:	0.8144620799575932

Epoch 157
losses_train/task:	0.6319596171379089
losses_train/concepts:	18.654159545898438
losses_train/representations:	37.27262878417969
losses_train/total:	13.679168701171875
losses_test/task:	0.8716000914573669
losses_test/concepts:	21.753448486328125
losses_test/representations:	51.21506881713867
losses_test/total:	18.411468505859375
calibration_test/ece:	0.04187244549393654
calibration_test/brier:	0.4015522599220276
accuracy_test/task:	70.66
accuracy_test/concepts:	84.56829071044922
map_test/concepts:	0.8144864334026352

Epoch 158
losses_train/task:	0.6233190894126892
losses_train/concepts:	18.653470993041992
losses_train/representations:	37.287452697753906
losses_train/total:	13.674901962280273
losses_test/task:	0.8706246018409729
losses_test/concepts:	21.791099548339844
losses_test/representations:	51.247833251953125
losses_test/total:	18.42408561706543
calibration_test/ece:	0.0418507345020771
calibration_test/brier:	0.4012323319911957
accuracy_test/task:	70.69
accuracy_test/concepts:	84.55265808105469
map_test/concepts:	0.814467120624613

Epoch 159
losses_train/task:	0.6334874629974365
losses_train/concepts:	18.652612686157227
losses_train/representations:	37.30593490600586
losses_train/total:	13.690536499023438
losses_test/task:	0.8731348514556885
losses_test/concepts:	21.768327713012695
losses_test/representations:	51.22206497192383
losses_test/total:	18.416589736938477
calibration_test/ece:	0.042637381702661514
calibration_test/brier:	0.40204566717147827
accuracy_test/task:	70.68
accuracy_test/concepts:	84.55219268798828
map_test/concepts:	0.8147073950676713

Epoch 160
losses_train/task:	0.6320652365684509
losses_train/concepts:	18.65856170654297
losses_train/representations:	37.248756408691406
losses_train/total:	13.672551155090332
losses_test/task:	0.8719006776809692
losses_test/concepts:	21.753074645996094
losses_test/representations:	51.20439147949219
losses_test/total:	18.408531188964844
calibration_test/ece:	0.04156401380896568
calibration_test/brier:	0.4016866087913513
accuracy_test/task:	70.66
accuracy_test/concepts:	84.57032775878906
map_test/concepts:	0.8146234998421278

Epoch 161
losses_train/task:	0.6365141868591309
losses_train/concepts:	18.651920318603516
losses_train/representations:	37.266090393066406
losses_train/total:	13.681535720825195
losses_test/task:	0.8673623204231262
losses_test/concepts:	21.746164321899414
losses_test/representations:	51.13319396972656
losses_test/total:	18.381935119628906
calibration_test/ece:	0.04010402783751488
calibration_test/brier:	0.39960330724716187
accuracy_test/task:	70.81
accuracy_test/concepts:	84.57671356201172
map_test/concepts:	0.8149102803436108

Epoch 162
losses_train/task:	0.6227685809135437
losses_train/concepts:	18.636659622192383
losses_train/representations:	37.22875213623047
losses_train/total:	13.655049324035645
losses_test/task:	0.8671013712882996
losses_test/concepts:	21.73695182800293
losses_test/representations:	51.124908447265625
losses_test/total:	18.37826919555664
calibration_test/ece:	0.0400884747505188
calibration_test/brier:	0.39958226680755615
accuracy_test/task:	70.85
accuracy_test/concepts:	84.57234191894531
map_test/concepts:	0.814981624338543

Epoch 163
losses_train/task:	0.6281700730323792
losses_train/concepts:	18.61758804321289
losses_train/representations:	37.19148635864258
losses_train/total:	13.64737606048584
losses_test/task:	0.8667274117469788
losses_test/concepts:	21.742769241333008
losses_test/representations:	51.13621139526367
losses_test/total:	18.381864547729492
calibration_test/ece:	0.040020428597927094
calibration_test/brier:	0.3994885981082916
accuracy_test/task:	70.83
accuracy_test/concepts:	84.57281494140625
map_test/concepts:	0.8150608466530684

Epoch 164
losses_train/task:	0.6317647695541382
losses_train/concepts:	18.62053108215332
losses_train/representations:	37.20277404785156
losses_train/total:	13.654648780822754
losses_test/task:	0.8672360181808472
losses_test/concepts:	21.74066734313965
losses_test/representations:	51.130767822265625
losses_test/total:	18.380531311035156
calibration_test/ece:	0.039253126829862595
calibration_test/brier:	0.39962515234947205
accuracy_test/task:	70.91
accuracy_test/concepts:	84.57998657226562
map_test/concepts:	0.8150187254068442

Epoch 165
losses_train/task:	0.6280407309532166
losses_train/concepts:	18.62210464477539
losses_train/representations:	37.20074462890625
losses_train/total:	13.650473594665527
losses_test/task:	0.8663662672042847
losses_test/concepts:	21.733856201171875
losses_test/representations:	51.11890411376953
losses_test/total:	18.37541961669922
calibration_test/ece:	0.039868537336587906
calibration_test/brier:	0.3993193805217743
accuracy_test/task:	70.83
accuracy_test/concepts:	84.58422088623047
map_test/concepts:	0.81507260716171

Epoch 166
losses_train/task:	0.6268334984779358
losses_train/concepts:	18.610942840576172
losses_train/representations:	37.18706130981445
losses_train/total:	13.644049644470215
losses_test/task:	0.8663528561592102
losses_test/concepts:	21.739261627197266
losses_test/representations:	51.12926483154297
losses_test/total:	18.379058837890625
calibration_test/ece:	0.039552267640829086
calibration_test/brier:	0.3993080258369446
accuracy_test/task:	70.88
accuracy_test/concepts:	84.58406066894531
map_test/concepts:	0.8149739534419496

Epoch 167
losses_train/task:	0.6289830803871155
losses_train/concepts:	18.637102127075195
losses_train/representations:	37.190860748291016
losses_train/total:	13.649946212768555
losses_test/task:	0.8667668700218201
losses_test/concepts:	21.73822784423828
losses_test/representations:	51.1356086730957
losses_test/total:	18.38127326965332
calibration_test/ece:	0.04036812484264374
calibration_test/brier:	0.3994969129562378
accuracy_test/task:	70.86
accuracy_test/concepts:	84.58297729492188
map_test/concepts:	0.8150512061838526

Epoch 168
losses_train/task:	0.623765230178833
losses_train/concepts:	18.617507934570312
losses_train/representations:	37.192230224609375
losses_train/total:	13.643183708190918
losses_test/task:	0.8668824434280396
losses_test/concepts:	21.743574142456055
losses_test/representations:	51.13893508911133
losses_test/total:	18.382923126220703
calibration_test/ece:	0.04015340283513069
calibration_test/brier:	0.3995382785797119
accuracy_test/task:	70.84
accuracy_test/concepts:	84.57484436035156
map_test/concepts:	0.814887619781075

Epoch 169
losses_train/task:	0.6291757822036743
losses_train/concepts:	18.63139533996582
losses_train/representations:	37.260005950927734
losses_train/total:	13.670321464538574
losses_test/task:	0.8669025301933289
losses_test/concepts:	21.744041442871094
losses_test/representations:	51.138458251953125
losses_test/total:	18.382850646972656
calibration_test/ece:	0.040436577051877975
calibration_test/brier:	0.3995656371116638
accuracy_test/task:	70.81
accuracy_test/concepts:	84.58047485351562
map_test/concepts:	0.8150214908528142

Epoch 170
losses_train/task:	0.6284139156341553
losses_train/concepts:	18.611141204833984
losses_train/representations:	37.18165588378906
losses_train/total:	13.644028663635254
losses_test/task:	0.867524266242981
losses_test/concepts:	21.743383407592773
losses_test/representations:	51.13429260253906
losses_test/total:	18.38215446472168
calibration_test/ece:	0.039782118052244186
calibration_test/brier:	0.3997722268104553
accuracy_test/task:	70.83
accuracy_test/concepts:	84.58077239990234
map_test/concepts:	0.8149854191287886

Epoch 171
losses_train/task:	0.626861572265625
losses_train/concepts:	18.610897064208984
losses_train/representations:	37.18169021606445
losses_train/total:	13.642460823059082
losses_test/task:	0.8665414452552795
losses_test/concepts:	21.739761352539062
losses_test/representations:	51.14186096191406
losses_test/total:	18.383075714111328
calibration_test/ece:	0.03933800756931305
calibration_test/brier:	0.3992966413497925
accuracy_test/task:	70.96
accuracy_test/concepts:	84.58656311035156
map_test/concepts:	0.8150243620330002

Epoch 172
losses_train/task:	0.6320793628692627
losses_train/concepts:	18.610994338989258
losses_train/representations:	37.174278259277344
losses_train/total:	13.645467758178711
losses_test/task:	0.8665162324905396
losses_test/concepts:	21.741313934326172
losses_test/representations:	51.139930725097656
losses_test/total:	18.38262939453125
calibration_test/ece:	0.03958120197057724
calibration_test/brier:	0.3993242383003235
accuracy_test/task:	70.86
accuracy_test/concepts:	84.58467864990234
map_test/concepts:	0.815072666737251

Epoch 173
losses_train/task:	0.6250547170639038
losses_train/concepts:	18.614709854125977
losses_train/representations:	37.19905090332031
losses_train/total:	13.646238327026367
losses_test/task:	0.8668627142906189
losses_test/concepts:	21.74272346496582
losses_test/representations:	51.13623809814453
losses_test/total:	18.38201332092285
calibration_test/ece:	0.040131356567144394
calibration_test/brier:	0.3995372951030731
accuracy_test/task:	70.87
accuracy_test/concepts:	84.58624267578125
map_test/concepts:	0.8150015516730491

Epoch 174
losses_train/task:	0.6344151496887207
losses_train/concepts:	18.623249053955078
losses_train/representations:	37.17502975463867
losses_train/total:	13.649249076843262
losses_test/task:	0.8672693967819214
losses_test/concepts:	21.74248504638672
losses_test/representations:	51.13856887817383
losses_test/total:	18.383085250854492
calibration_test/ece:	0.04031331464648247
calibration_test/brier:	0.3996557295322418
accuracy_test/task:	70.78
accuracy_test/concepts:	84.58609008789062
map_test/concepts:	0.8148846326221246

Epoch 175
losses_train/task:	0.6216223835945129
losses_train/concepts:	18.62064552307129
losses_train/representations:	37.19917678833008
losses_train/total:	13.643437385559082
losses_test/task:	0.8667908906936646
losses_test/concepts:	21.740859985351562
losses_test/representations:	51.14114761352539
losses_test/total:	18.383228302001953
calibration_test/ece:	0.04056626185774803
calibration_test/brier:	0.39946216344833374
accuracy_test/task:	70.88
accuracy_test/concepts:	84.58638763427734
map_test/concepts:	0.8150102632353082

Epoch 176
losses_train/task:	0.6282474994659424
losses_train/concepts:	18.634048461914062
losses_train/representations:	37.216827392578125
losses_train/total:	13.656694412231445
losses_test/task:	0.8667977452278137
losses_test/concepts:	21.74234962463379
losses_test/representations:	51.13736343383789
losses_test/total:	18.382246017456055
calibration_test/ece:	0.04000520333647728
calibration_test/brier:	0.399474561214447
accuracy_test/task:	70.91
accuracy_test/concepts:	84.58203887939453
map_test/concepts:	0.8149926420883276

Epoch 177
losses_train/task:	0.6276975274085999
losses_train/concepts:	18.613502502441406
losses_train/representations:	37.18429946899414
losses_train/total:	13.64433765411377
losses_test/task:	0.8671309351921082
losses_test/concepts:	21.73978042602539
losses_test/representations:	51.13803482055664
losses_test/total:	18.382526397705078
calibration_test/ece:	0.03960322216153145
calibration_test/brier:	0.3996411859989166
accuracy_test/task:	70.87
accuracy_test/concepts:	84.58718872070312
map_test/concepts:	0.814977604575688

Epoch 178
losses_train/task:	0.6268897652626038
losses_train/concepts:	18.60793685913086
losses_train/representations:	37.18226623535156
losses_train/total:	13.64236831665039
losses_test/task:	0.8670051693916321
losses_test/concepts:	21.74052619934082
losses_test/representations:	51.13642883300781
losses_test/total:	18.381980895996094
calibration_test/ece:	0.040075596421957016
calibration_test/brier:	0.3995679020881653
accuracy_test/task:	70.86
accuracy_test/concepts:	84.58187103271484
map_test/concepts:	0.8149970833910629

Epoch 179
losses_train/task:	0.6298087239265442
losses_train/concepts:	18.623510360717773
losses_train/representations:	37.198490142822266
losses_train/total:	13.65170669555664
losses_test/task:	0.8675790429115295
losses_test/concepts:	21.74529266357422
losses_test/representations:	51.14499282836914
losses_test/total:	18.38560676574707
calibration_test/ece:	0.04029158875346184
calibration_test/brier:	0.3997696340084076
accuracy_test/task:	70.83
accuracy_test/concepts:	84.57937622070312
map_test/concepts:	0.8149416577070951

Epoch 180
losses_train/task:	0.6287271976470947
losses_train/concepts:	18.614803314208984
losses_train/representations:	37.1962776184082
losses_train/total:	13.649096488952637
losses_test/task:	0.8673904538154602
losses_test/concepts:	21.74381446838379
losses_test/representations:	51.13859558105469
losses_test/total:	18.38335418701172
calibration_test/ece:	0.0400509312748909
calibration_test/brier:	0.39974814653396606
accuracy_test/task:	70.85
accuracy_test/concepts:	84.58265686035156
map_test/concepts:	0.8149567493528593

Epoch 181
losses_train/task:	0.6297817230224609
losses_train/concepts:	18.612844467163086
losses_train/representations:	37.182064056396484
losses_train/total:	13.645679473876953
losses_test/task:	0.8670445084571838
losses_test/concepts:	21.738508224487305
losses_test/representations:	51.13663101196289
losses_test/total:	18.38188362121582
calibration_test/ece:	0.040113791823387146
calibration_test/brier:	0.39958152174949646
accuracy_test/task:	70.87
accuracy_test/concepts:	84.59031677246094
map_test/concepts:	0.8149863531289157

Epoch 182
losses_train/task:	0.6300457119941711
losses_train/concepts:	18.605504989624023
losses_train/representations:	37.16173553466797
losses_train/total:	13.639115333557129
losses_test/task:	0.8666261434555054
losses_test/concepts:	21.743331909179688
losses_test/representations:	51.14411544799805
losses_test/total:	18.384197235107422
calibration_test/ece:	0.04074305295944214
calibration_test/brier:	0.3993493318557739
accuracy_test/task:	70.85
accuracy_test/concepts:	84.59344482421875
map_test/concepts:	0.815013229905162

Epoch 183
losses_train/task:	0.6278078556060791
losses_train/concepts:	18.624242782592773
losses_train/representations:	37.204437255859375
losses_train/total:	13.651567459106445
losses_test/task:	0.8664257526397705
losses_test/concepts:	21.737430572509766
losses_test/representations:	51.13307571411133
losses_test/total:	18.38009262084961
calibration_test/ece:	0.039712175726890564
calibration_test/brier:	0.3993387818336487
accuracy_test/task:	70.92
accuracy_test/concepts:	84.58625030517578
map_test/concepts:	0.8150603477552067

Epoch 184
losses_train/task:	0.6313151121139526
losses_train/concepts:	18.603172302246094
losses_train/representations:	37.17369842529297
losses_train/total:	13.643744468688965
losses_test/task:	0.8667266964912415
losses_test/concepts:	21.738876342773438
losses_test/representations:	51.12353515625
losses_test/total:	18.377681732177734
calibration_test/ece:	0.03910129517316818
calibration_test/brier:	0.3993856906890869
accuracy_test/task:	70.96
accuracy_test/concepts:	84.58860778808594
map_test/concepts:	0.8149860245757736

Epoch 185
losses_train/task:	0.6300420761108398
losses_train/concepts:	18.617002487182617
losses_train/representations:	37.185523986816406
losses_train/total:	13.647398948669434
losses_test/task:	0.8670135736465454
losses_test/concepts:	21.739652633666992
losses_test/representations:	51.13688659667969
losses_test/total:	18.38204574584961
calibration_test/ece:	0.04000918194651604
calibration_test/brier:	0.39948421716690063
accuracy_test/task:	70.89
accuracy_test/concepts:	84.58624267578125
map_test/concepts:	0.8150672964402474

Epoch 186
losses_train/task:	0.6284230947494507
losses_train/concepts:	18.594589233398438
losses_train/representations:	37.15840148925781
losses_train/total:	13.635409355163574
losses_test/task:	0.8671681880950928
losses_test/concepts:	21.7381534576416
losses_test/representations:	51.13595199584961
losses_test/total:	18.38176918029785
calibration_test/ece:	0.039443809539079666
calibration_test/brier:	0.39958804845809937
accuracy_test/task:	70.93
accuracy_test/concepts:	84.58030700683594
map_test/concepts:	0.8149611758999527

Epoch 187
losses_train/task:	0.6247687339782715
losses_train/concepts:	18.58138656616211
losses_train/representations:	37.1481819152832
losses_train/total:	13.627360343933105
losses_test/task:	0.866967499256134
losses_test/concepts:	21.741920471191406
losses_test/representations:	51.13285827636719
losses_test/total:	18.38101577758789
calibration_test/ece:	0.03991265594959259
calibration_test/brier:	0.39949914813041687
accuracy_test/task:	70.86
accuracy_test/concepts:	84.58078002929688
map_test/concepts:	0.8150569332065061

Epoch 188
losses_train/task:	0.6271843910217285
losses_train/concepts:	18.616947174072266
losses_train/representations:	37.19998550415039
losses_train/total:	13.648871421813965
losses_test/task:	0.8669634461402893
losses_test/concepts:	21.740184783935547
losses_test/representations:	51.12593078613281
losses_test/total:	18.378759384155273
calibration_test/ece:	0.04003032669425011
calibration_test/brier:	0.3994958698749542
accuracy_test/task:	70.85
accuracy_test/concepts:	84.5857925415039
map_test/concepts:	0.815144095569849

Epoch 189
losses_train/task:	0.6268969774246216
losses_train/concepts:	18.615970611572266
losses_train/representations:	37.15291213989258
losses_train/total:	13.634364128112793
losses_test/task:	0.8662264943122864
losses_test/concepts:	21.74103355407715
losses_test/representations:	51.12907409667969
losses_test/total:	18.379056930541992
calibration_test/ece:	0.03881015628576279
calibration_test/brier:	0.39925098419189453
accuracy_test/task:	70.94
accuracy_test/concepts:	84.5846939086914
map_test/concepts:	0.8149684212985449

Epoch 190
losses_train/task:	0.6251201629638672
losses_train/concepts:	18.605012893676758
losses_train/representations:	37.179073333740234
losses_train/total:	13.6393461227417
losses_test/task:	0.8664215207099915
losses_test/concepts:	21.744428634643555
losses_test/representations:	51.13213348388672
losses_test/total:	18.380508422851562
calibration_test/ece:	0.03961268067359924
calibration_test/brier:	0.3993760645389557
accuracy_test/task:	70.93
accuracy_test/concepts:	84.57984161376953
map_test/concepts:	0.8149061430012807

Epoch 191
losses_train/task:	0.6232097148895264
losses_train/concepts:	18.62329864501953
losses_train/representations:	37.16822814941406
losses_train/total:	13.63601303100586
losses_test/task:	0.8668996095657349
losses_test/concepts:	21.744667053222656
losses_test/representations:	51.14255905151367
losses_test/total:	18.38413429260254
calibration_test/ece:	0.03921014070510864
calibration_test/brier:	0.399440199136734
accuracy_test/task:	70.95
accuracy_test/concepts:	84.58483123779297
map_test/concepts:	0.8149832996423356

Epoch 192
losses_train/task:	0.624363899230957
losses_train/concepts:	18.600561141967773
losses_train/representations:	37.14933395385742
losses_train/total:	13.629218101501465
losses_test/task:	0.8664692044258118
losses_test/concepts:	21.73838996887207
losses_test/representations:	51.13273239135742
losses_test/total:	18.380130767822266
calibration_test/ece:	0.03891753777861595
calibration_test/brier:	0.39931291341781616
accuracy_test/task:	71.04
accuracy_test/concepts:	84.58625793457031
map_test/concepts:	0.8149979744048323

Epoch 193
losses_train/task:	0.628009557723999
losses_train/concepts:	18.611801147460938
losses_train/representations:	37.16659927368164
losses_train/total:	13.639175415039062
losses_test/task:	0.8672760128974915
losses_test/concepts:	21.748708724975586
losses_test/representations:	51.14524459838867
losses_test/total:	18.385723114013672
calibration_test/ece:	0.040760885924100876
calibration_test/brier:	0.3995617926120758
accuracy_test/task:	70.79
accuracy_test/concepts:	84.57952117919922
map_test/concepts:	0.8149539687728975

Epoch 194
losses_train/task:	0.6239016056060791
losses_train/concepts:	18.591705322265625
losses_train/representations:	37.174285888671875
losses_train/total:	13.635357856750488
losses_test/task:	0.8667867183685303
losses_test/concepts:	21.74477767944336
losses_test/representations:	51.1401252746582
losses_test/total:	18.383298873901367
calibration_test/ece:	0.039686303585767746
calibration_test/brier:	0.39948076009750366
accuracy_test/task:	70.98
accuracy_test/concepts:	84.58999633789062
map_test/concepts:	0.81491337105399

Epoch 195
losses_train/task:	0.6327924132347107
losses_train/concepts:	18.61585807800293
losses_train/representations:	37.162174224853516
losses_train/total:	13.64303207397461
losses_test/task:	0.8673444390296936
losses_test/concepts:	21.7398738861084
losses_test/representations:	51.129329681396484
losses_test/total:	18.3801326751709
calibration_test/ece:	0.03937629982829094
calibration_test/brier:	0.39967092871665955
accuracy_test/task:	70.96
accuracy_test/concepts:	84.58686828613281
map_test/concepts:	0.8150022490881383

Epoch 196
losses_train/task:	0.6320464611053467
losses_train/concepts:	18.60831069946289
losses_train/representations:	37.1908073425293
losses_train/total:	13.650116920471191
losses_test/task:	0.8669857978820801
losses_test/concepts:	21.748571395874023
losses_test/representations:	51.14616012573242
losses_test/total:	18.38568687438965
calibration_test/ece:	0.03959690406918526
calibration_test/brier:	0.39958176016807556
accuracy_test/task:	70.93
accuracy_test/concepts:	84.5864028930664
map_test/concepts:	0.8149320200609509

Epoch 197
losses_train/task:	0.6319882869720459
losses_train/concepts:	18.590782165527344
losses_train/representations:	37.130531311035156
losses_train/total:	13.63022518157959
losses_test/task:	0.8674834966659546
losses_test/concepts:	21.74860954284668
losses_test/representations:	51.1431770324707
losses_test/total:	18.385292053222656
calibration_test/ece:	0.03973304480314255
calibration_test/brier:	0.39977627992630005
accuracy_test/task:	70.89
accuracy_test/concepts:	84.58233642578125
map_test/concepts:	0.8150351415970363

Epoch 198
losses_train/task:	0.6267758011817932
losses_train/concepts:	18.607545852661133
losses_train/representations:	37.15456008911133
losses_train/total:	13.633888244628906
losses_test/task:	0.8673195242881775
losses_test/concepts:	21.75074005126953
losses_test/representations:	51.16172409057617
losses_test/total:	18.390911102294922
calibration_test/ece:	0.0397932194173336
calibration_test/brier:	0.39961978793144226
accuracy_test/task:	70.92
accuracy_test/concepts:	84.58280944824219
map_test/concepts:	0.8148563862778246

Epoch 199
losses_train/task:	0.6277144551277161
losses_train/concepts:	18.60909080505371
losses_train/representations:	37.18839645385742
losses_train/total:	13.645149230957031
losses_test/task:	0.8671524524688721
losses_test/concepts:	21.74747657775879
losses_test/representations:	51.153648376464844
losses_test/total:	18.38799285888672
calibration_test/ece:	0.039771709591150284
calibration_test/brier:	0.3995414078235626
accuracy_test/task:	70.9
accuracy_test/concepts:	84.57954406738281
map_test/concepts:	0.8149379578244407

Epoch 200
losses_train/task:	0.624138355255127
losses_train/concepts:	18.593626022338867
losses_train/representations:	37.15865707397461
losses_train/total:	13.631098747253418
losses_test/task:	0.8670739531517029
losses_test/concepts:	21.74561309814453
losses_test/representations:	51.144840240478516
losses_test/total:	18.385089874267578
calibration_train/ece:	0.06741854548454285
calibration_train/brier:	0.19767311215400696
accuracy_train/task:	86.8369391025641
calibration_test/ece:	0.03978202864527702
calibration_test/brier:	0.3995431065559387
accuracy_test/task:	70.85
accuracy_train/concepts:	89.92395782470703
map_train/concepts:	0.9057482565985993
accuracy_test/concepts:	84.58280944824219
map_test/concepts:	0.8148906407004688
accuracy_test/nuisances_task:	-0.6500001195110853
accuracy_test/nuisances_nontask:	0.0
mutual_inf_test/nuisances_task:	0.18453660157650653
mutual_inf_test/nuisances_nontask:	0.0

epoch_200.pt
groups=0 err_lowconf=29.150 err_random=29.150
groups=1 err_lowconf=29.460 err_random=29.460
groups=2 err_lowconf=29.300 err_random=29.300
groups=3 err_lowconf=29.030 err_random=29.030
groups=4 err_lowconf=28.500 err_random=28.500
groups=5 err_lowconf=28.330 err_random=28.330
groups=6 err_lowconf=27.700 err_random=27.700
groups=7 err_lowconf=27.580 err_random=27.580
groups=8 err_lowconf=27.460 err_random=27.460
groups=9 err_lowconf=27.240 err_random=27.240
groups=10 err_lowconf=26.670 err_random=26.670
groups=11 err_lowconf=26.680 err_random=26.680
groups=12 err_lowconf=27.200 err_random=27.200
groups=13 err_lowconf=27.000 err_random=27.000
groups=14 err_lowconf=26.770 err_random=26.770
groups=15 err_lowconf=26.290 err_random=26.290
groups=16 err_lowconf=25.540 err_random=25.540
groups=17 err_lowconf=25.020 err_random=25.020
groups=18 err_lowconf=24.750 err_random=24.750
groups=19 err_lowconf=24.050 err_random=24.050
groups=20 err_lowconf=23.990 err_random=23.990
groups=21 err_lowconf=24.160 err_random=24.160
groups=22 err_lowconf=23.670 err_random=23.670
groups=23 err_lowconf=23.780 err_random=23.780
groups=24 err_lowconf=24.080 err_random=24.080
groups=25 err_lowconf=23.920 err_random=23.920
groups=26 err_lowconf=24.110 err_random=24.110
groups=27 err_lowconf=23.900 err_random=23.900
groups=28 err_lowconf=24.020 err_random=24.020
groups=29 err_lowconf=23.960 err_random=23.960
groups=30 err_lowconf=23.950 err_random=23.950
groups=31 err_lowconf=23.870 err_random=23.870
groups=32 err_lowconf=24.080 err_random=24.080
groups=33 err_lowconf=24.120 err_random=24.120
groups=34 err_lowconf=24.100 err_random=24.100
groups=35 err_lowconf=24.190 err_random=24.190
groups=36 err_lowconf=24.270 err_random=24.270
groups=37 err_lowconf=24.330 err_random=24.330
groups=38 err_lowconf=24.440 err_random=24.440
groups=39 err_lowconf=24.430 err_random=24.430
groups=40 err_lowconf=24.330 err_random=24.330
groups=41 err_lowconf=24.350 err_random=24.350
groups=42 err_lowconf=24.250 err_random=24.250
groups=43 err_lowconf=24.400 err_random=24.400
groups=44 err_lowconf=24.270 err_random=24.270
groups=45 err_lowconf=24.360 err_random=24.360
groups=46 err_lowconf=24.290 err_random=24.290
groups=47 err_lowconf=24.420 err_random=24.420
groups=48 err_lowconf=24.340 err_random=24.340
groups=49 err_lowconf=24.330 err_random=24.330
groups=50 err_lowconf=24.330 err_random=24.330
groups=51 err_lowconf=24.290 err_random=24.290
groups=52 err_lowconf=24.340 err_random=24.340
groups=53 err_lowconf=24.330 err_random=24.330
groups=54 err_lowconf=24.280 err_random=24.280
groups=55 err_lowconf=24.310 err_random=24.310
groups=56 err_lowconf=24.310 err_random=24.310
groups=57 err_lowconf=24.300 err_random=24.300
groups=58 err_lowconf=24.290 err_random=24.290
groups=59 err_lowconf=24.260 err_random=24.260
groups=60 err_lowconf=24.250 err_random=24.250
groups=61 err_lowconf=24.260 err_random=24.260
groups=62 err_lowconf=24.240 err_random=24.240
groups=63 err_lowconf=24.230 err_random=24.230
groups=64 err_lowconf=24.240 err_random=24.240
[1;34mwandb[0m:
[1;34mwandb[0m: You can sync this run to the cloud by running:
[1;34mwandb[0m: [1mwandb sync /research/hal-afsharim/minimal_cbm/results/cifar10-mcbm-03/44/wandb/offline-run-20260729_125723-4e53imfi[0m
[1;34mwandb[0m: Find logs at: [1;35mresults/cifar10-mcbm-03/44/wandb/offline-run-20260729_125723-4e53imfi/logs[0m
