
===== launch 2026-07-26 13:07:40.755472 gpu0 =====
wandb: Using wandb-core as the SDK backend.  Please refer to https://wandb.me/wandb-core for more information.
wandb: Tracking run with wandb version 0.19.0
wandb: W&B syncing is set to `offline` in this directory.  
wandb: Run `wandb online` or set WANDB_MODE=online to enable cloud syncing.
Epoch 1
losses_train/task:	2.059668779373169
losses_train/concepts:	43.31815719604492
losses_train/representations:	58.76246643066406
losses_train/total:	24.020217895507812
losses_test/task:	1.6945525407791138
losses_test/concepts:	40.39946746826172
losses_test/representations:	54.70389938354492
losses_test/total:	22.14566993713379
calibration_test/ece:	0.11206364631652832
calibration_test/brier:	0.7610732316970825
accuracy_test/task:	38.59
accuracy_test/concepts:	63.74858856201172
map_test/concepts:	0.7471640154835768

Epoch 2
losses_train/task:	1.6595923900604248
losses_train/concepts:	38.5623779296875
losses_train/representations:	54.343204498291016
losses_train/total:	21.818805694580078
losses_test/task:	1.4939696788787842
losses_test/concepts:	36.008888244628906
losses_test/representations:	53.44612503051758
losses_test/total:	21.128690719604492
calibration_test/ece:	0.09239298105239868
calibration_test/brier:	0.6880609393119812
accuracy_test/task:	46.51
accuracy_test/concepts:	72.58875274658203
map_test/concepts:	0.7592651042214129

Epoch 3
losses_train/task:	1.5416111946105957
losses_train/concepts:	34.835655212402344
losses_train/representations:	53.3150520324707
losses_train/total:	21.019689559936523
losses_test/task:	1.3955035209655762
losses_test/concepts:	32.74470901489258
losses_test/representations:	52.64952087402344
losses_test/total:	20.464824676513672
calibration_test/ece:	0.06967276334762573
calibration_test/brier:	0.6462616920471191
accuracy_test/task:	49.43
accuracy_test/concepts:	78.57796478271484
map_test/concepts:	0.7698658911976963

Epoch 4
losses_train/task:	1.4682166576385498
losses_train/concepts:	32.104801177978516
losses_train/representations:	52.668312072753906
losses_train/total:	20.47919273376465
losses_test/task:	1.325551986694336
losses_test/concepts:	30.33411407470703
losses_test/representations:	52.11445617675781
losses_test/total:	19.993301391601562
calibration_test/ece:	0.056929390877485275
calibration_test/brier:	0.6168298125267029
accuracy_test/task:	51.61
accuracy_test/concepts:	80.0964126586914
map_test/concepts:	0.7919261596980505

Epoch 5
losses_train/task:	1.4188541173934937
losses_train/concepts:	30.069013595581055
losses_train/representations:	52.11028289794922
losses_train/total:	20.058837890625
losses_test/task:	1.275986671447754
losses_test/concepts:	28.513530731201172
losses_test/representations:	51.702796936035156
losses_test/total:	19.638181686401367
calibration_test/ece:	0.06077106297016144
calibration_test/brier:	0.5949738025665283
accuracy_test/task:	53.82
accuracy_test/concepts:	80.43797302246094
map_test/concepts:	0.8160577932721935

Epoch 6
losses_train/task:	1.3695316314697266
losses_train/concepts:	28.55767250061035
losses_train/representations:	51.63591766357422
losses_train/total:	19.716075897216797
losses_test/task:	1.230284571647644
losses_test/concepts:	27.20454978942871
losses_test/representations:	51.314048767089844
losses_test/total:	19.34495735168457
calibration_test/ece:	0.05725652724504471
calibration_test/brier:	0.57487952709198
accuracy_test/task:	55.58
accuracy_test/concepts:	81.73812866210938
map_test/concepts:	0.8265984808967914

Epoch 7
losses_train/task:	1.328265905380249
losses_train/concepts:	27.47730255126953
losses_train/representations:	51.231075286865234
losses_train/total:	19.445323944091797
losses_test/task:	1.1853028535842896
losses_test/concepts:	26.220129013061523
losses_test/representations:	50.96808624267578
losses_test/total:	19.09774398803711
calibration_test/ece:	0.05790118873119354
calibration_test/brier:	0.5551953911781311
accuracy_test/task:	57.54
accuracy_test/concepts:	82.08250427246094
map_test/concepts:	0.8319336825516075

Epoch 8
losses_train/task:	1.2923189401626587
losses_train/concepts:	26.690898895263672
losses_train/representations:	50.87771987915039
losses_train/total:	19.224721908569336
losses_test/task:	1.1554144620895386
losses_test/concepts:	25.530826568603516
losses_test/representations:	50.76931381225586
losses_test/total:	18.93929100036621
calibration_test/ece:	0.049662236124277115
calibration_test/brier:	0.5417836904525757
accuracy_test/task:	58.28
accuracy_test/concepts:	83.43718719482422
map_test/concepts:	0.8378457048092969

Epoch 9
losses_train/task:	1.2591017484664917
losses_train/concepts:	26.072389602661133
losses_train/representations:	50.529563903808594
losses_train/total:	19.025209426879883
losses_test/task:	1.1229908466339111
losses_test/concepts:	24.93108558654785
losses_test/representations:	50.50127029418945
losses_test/total:	18.7664852142334
calibration_test/ece:	0.04953934997320175
calibration_test/brier:	0.5270129442214966
accuracy_test/task:	59.82
accuracy_test/concepts:	83.599365234375
map_test/concepts:	0.8405571276089177

Epoch 10
losses_train/task:	1.227952480316162
losses_train/concepts:	25.59223175048828
losses_train/representations:	50.209232330322266
losses_train/total:	18.84994125366211
losses_test/task:	1.1018983125686646
losses_test/concepts:	24.505842208862305
losses_test/representations:	50.39680862426758
losses_test/total:	18.671525955200195
calibration_test/ece:	0.04838630184531212
calibration_test/brier:	0.517701268196106
accuracy_test/task:	60.83
accuracy_test/concepts:	83.69607543945312
map_test/concepts:	0.8442948932060972

Epoch 11
losses_train/task:	1.2073113918304443
losses_train/concepts:	25.204730987548828
losses_train/representations:	49.912052154541016
losses_train/total:	18.701400756835938
losses_test/task:	1.0807695388793945
losses_test/concepts:	24.1332950592041
losses_test/representations:	50.22734069824219
losses_test/total:	18.562307357788086
calibration_test/ece:	0.046256452798843384
calibration_test/brier:	0.5077592730522156
accuracy_test/task:	61.51
accuracy_test/concepts:	83.90233612060547
map_test/concepts:	0.846287545398809

Epoch 12
losses_train/task:	1.1797407865524292
losses_train/concepts:	24.873762130737305
losses_train/representations:	49.615806579589844
losses_train/total:	18.55185890197754
losses_test/task:	1.056869626045227
losses_test/concepts:	23.875995635986328
losses_test/representations:	50.065223693847656
losses_test/total:	18.464035034179688
calibration_test/ece:	0.049704842269420624
calibration_test/brier:	0.4976613223552704
accuracy_test/task:	62.63
accuracy_test/concepts:	84.15030670166016
map_test/concepts:	0.8487793550593778

Epoch 13
losses_train/task:	1.152652382850647
losses_train/concepts:	24.632131576538086
losses_train/representations:	49.34871292114258
losses_train/total:	18.420475006103516
losses_test/task:	1.0386545658111572
losses_test/concepts:	23.64040756225586
losses_test/representations:	49.915401458740234
losses_test/total:	18.377317428588867
calibration_test/ece:	0.04427458718419075
calibration_test/brier:	0.48893648386001587
accuracy_test/task:	63.01
accuracy_test/concepts:	84.24701690673828
map_test/concepts:	0.8504700234625489

Epoch 14
losses_train/task:	1.1363307237625122
losses_train/concepts:	24.415517807006836
losses_train/representations:	49.043670654296875
losses_train/total:	18.290987014770508
losses_test/task:	1.0217890739440918
losses_test/concepts:	23.459564208984375
losses_test/representations:	49.75511169433594
losses_test/total:	18.294282913208008
calibration_test/ece:	0.046391673386096954
calibration_test/brier:	0.48158228397369385
accuracy_test/task:	63.84
accuracy_test/concepts:	84.32234954833984
map_test/concepts:	0.8515325479675084

Epoch 15
losses_train/task:	1.1155897378921509
losses_train/concepts:	24.230728149414062
losses_train/representations:	48.788150787353516
losses_train/total:	18.17510414123535
losses_test/task:	1.0104081630706787
losses_test/concepts:	23.24399757385254
losses_test/representations:	49.513999938964844
losses_test/total:	18.189002990722656
calibration_test/ece:	0.040086593478918076
calibration_test/brier:	0.4766201078891754
accuracy_test/task:	64.04
accuracy_test/concepts:	84.38858795166016
map_test/concepts:	0.8532233977457508

Epoch 16
losses_train/task:	1.0899180173873901
losses_train/concepts:	24.024993896484375
losses_train/representations:	48.53017807006836
losses_train/total:	18.051471710205078
losses_test/task:	0.9931279420852661
losses_test/concepts:	23.03238868713379
losses_test/representations:	49.458221435546875
losses_test/total:	18.133834838867188
calibration_test/ece:	0.03725184127688408
calibration_test/brier:	0.4693996012210846
accuracy_test/task:	64.73
accuracy_test/concepts:	84.46626281738281
map_test/concepts:	0.8553533962694928

Epoch 17
losses_train/task:	1.0712348222732544
losses_train/concepts:	23.83461570739746
losses_train/representations:	48.29860305786133
losses_train/total:	17.944278717041016
losses_test/task:	0.9869224429130554
losses_test/concepts:	22.88784408569336
losses_test/representations:	49.42211151123047
losses_test/total:	18.10234260559082
calibration_test/ece:	0.03874833136796951
calibration_test/brier:	0.46569639444351196
accuracy_test/task:	65.28
accuracy_test/concepts:	84.53123474121094
map_test/concepts:	0.8564471616991796

Epoch 18
losses_train/task:	1.0584901571273804
losses_train/concepts:	23.663164138793945
losses_train/representations:	48.040130615234375
losses_train/total:	17.83685302734375
losses_test/task:	0.9781925082206726
losses_test/concepts:	22.74241828918457
losses_test/representations:	49.36824417114258
losses_test/total:	18.062904357910156
calibration_test/ece:	0.03349081426858902
calibration_test/brier:	0.46293413639068604
accuracy_test/task:	65.59
accuracy_test/concepts:	84.64030456542969
map_test/concepts:	0.8576789777143858

Epoch 19
losses_train/task:	1.0455232858657837
losses_train/concepts:	23.549219131469727
losses_train/representations:	47.8348274230957
losses_train/total:	17.750892639160156
losses_test/task:	0.9772782325744629
losses_test/concepts:	22.68715476989746
losses_test/representations:	49.17790222167969
losses_test/total:	17.999366760253906
calibration_test/ece:	0.043074749410152435
calibration_test/brier:	0.45982825756073
accuracy_test/task:	66.09
accuracy_test/concepts:	84.61094665527344
map_test/concepts:	0.8583513410412706

Epoch 20
losses_train/task:	1.0360658168792725
losses_train/concepts:	23.436294555664062
losses_train/representations:	47.61396408081055
losses_train/total:	17.66387939453125
losses_test/task:	0.958882212638855
losses_test/concepts:	22.584434509277344
losses_test/representations:	49.1196174621582
losses_test/total:	17.95321273803711
calibration_test/ece:	0.03648192808032036
calibration_test/brier:	0.4532619118690491
accuracy_test/task:	66.48
accuracy_test/concepts:	84.65717315673828
map_test/concepts:	0.860299208550714

Epoch 21
losses_train/task:	1.0222563743591309
losses_train/concepts:	23.321012496948242
losses_train/representations:	47.40717697143555
losses_train/total:	17.57651138305664
losses_test/task:	0.958706259727478
losses_test/concepts:	22.489606857299805
losses_test/representations:	49.090057373046875
losses_test/total:	17.934682846069336
calibration_test/ece:	0.030914481729269028
calibration_test/brier:	0.45263922214508057
accuracy_test/task:	66.29
accuracy_test/concepts:	84.66874694824219
map_test/concepts:	0.8608886184520088

Epoch 22
losses_train/task:	1.0157338380813599
losses_train/concepts:	23.23790168762207
losses_train/representations:	47.23268508911133
losses_train/total:	17.509334564208984
losses_test/task:	0.9456639885902405
losses_test/concepts:	22.402679443359375
losses_test/representations:	49.04536819458008
losses_test/total:	17.8995418548584
calibration_test/ece:	0.035774845629930496
calibration_test/brier:	0.4468589425086975
accuracy_test/task:	66.92
accuracy_test/concepts:	84.77108764648438
map_test/concepts:	0.8618762459373102

Epoch 23
losses_train/task:	1.0005626678466797
losses_train/concepts:	23.123035430908203
losses_train/representations:	47.022586822509766
losses_train/total:	17.41963768005371
losses_test/task:	0.952013373374939
losses_test/concepts:	22.360294342041016
losses_test/representations:	49.02490997314453
losses_test/total:	17.895519256591797
calibration_test/ece:	0.035619087517261505
calibration_test/brier:	0.44847309589385986
accuracy_test/task:	67.05
accuracy_test/concepts:	84.78937530517578
map_test/concepts:	0.8622307718032971

Epoch 24
losses_train/task:	0.9905478954315186
losses_train/concepts:	23.056331634521484
losses_train/representations:	46.88253402709961
losses_train/total:	17.360939025878906
losses_test/task:	0.9387822151184082
losses_test/concepts:	22.28124237060547
losses_test/representations:	49.0462646484375
losses_test/total:	17.88078498840332
calibration_test/ece:	0.028333980590105057
calibration_test/brier:	0.4444303810596466
accuracy_test/task:	67.06
accuracy_test/concepts:	84.80999755859375
map_test/concepts:	0.862758596544154

Epoch 25
losses_train/task:	0.9762460589408875
losses_train/concepts:	22.942636489868164
losses_train/representations:	46.65574645996094
losses_train/total:	17.267230987548828
losses_test/task:	0.9318895936012268
losses_test/concepts:	22.205890655517578
losses_test/representations:	48.924861907958984
losses_test/total:	17.829938888549805
calibration_test/ece:	0.02581886202096939
calibration_test/brier:	0.43981972336769104
accuracy_test/task:	67.31
accuracy_test/concepts:	84.84156036376953
map_test/concepts:	0.864077398669906

Epoch 26
losses_train/task:	0.971084713935852
losses_train/concepts:	22.860332489013672
losses_train/representations:	46.45330047607422
losses_train/total:	17.193105697631836
losses_test/task:	0.9306716322898865
losses_test/concepts:	22.18771743774414
losses_test/representations:	48.99915313720703
losses_test/total:	17.84918975830078
calibration_test/ece:	0.030776843428611755
calibration_test/brier:	0.43915751576423645
accuracy_test/task:	67.77
accuracy_test/concepts:	84.82561492919922
map_test/concepts:	0.8640979796764441

Epoch 27
losses_train/task:	0.9586300253868103
losses_train/concepts:	22.76490020751953
losses_train/representations:	46.270748138427734
losses_train/total:	17.116348266601562
losses_test/task:	0.9187256097793579
losses_test/concepts:	22.115575790405273
losses_test/representations:	48.85400390625
losses_test/total:	17.786483764648438
calibration_test/ece:	0.032251227647066116
calibration_test/brier:	0.4340258240699768
accuracy_test/task:	67.91
accuracy_test/concepts:	84.86874389648438
map_test/concepts:	0.8654439424863085

Epoch 28
losses_train/task:	0.9525933861732483
losses_train/concepts:	22.679380416870117
losses_train/representations:	46.097232818603516
losses_train/total:	17.049697875976562
losses_test/task:	0.9267343878746033
losses_test/concepts:	22.069955825805664
losses_test/representations:	48.86451721191406
losses_test/total:	17.7930850982666
calibration_test/ece:	0.030591338872909546
calibration_test/brier:	0.43751680850982666
accuracy_test/task:	67.87
accuracy_test/concepts:	84.89750671386719
map_test/concepts:	0.865673198539298

Epoch 29
losses_train/task:	0.9550232887268066
losses_train/concepts:	22.594585418701172
losses_train/representations:	45.883052825927734
losses_train/total:	16.97939682006836
losses_test/task:	0.9082000851631165
losses_test/concepts:	21.990352630615234
losses_test/representations:	48.773658752441406
losses_test/total:	17.739334106445312
calibration_test/ece:	0.03524689003825188
calibration_test/brier:	0.42962056398391724
accuracy_test/task:	68.75
accuracy_test/concepts:	84.93671417236328
map_test/concepts:	0.8659305124310777

Epoch 30
losses_train/task:	0.9368054866790771
losses_train/concepts:	22.514678955078125
losses_train/representations:	45.713584899902344
losses_train/total:	16.902347564697266
losses_test/task:	0.9180783629417419
losses_test/concepts:	21.989280700683594
losses_test/representations:	48.850860595703125
losses_test/total:	17.77226448059082
calibration_test/ece:	0.025157272815704346
calibration_test/brier:	0.4327757954597473
accuracy_test/task:	68.1
accuracy_test/concepts:	85.00797271728516
map_test/concepts:	0.8662057361798361

Epoch 31
losses_train/task:	0.9341359734535217
losses_train/concepts:	22.425922393798828
losses_train/representations:	45.52812194824219
losses_train/total:	16.835168838500977
losses_test/task:	0.9156805276870728
losses_test/concepts:	21.947357177734375
losses_test/representations:	48.90061569213867
losses_test/total:	17.780603408813477
calibration_test/ece:	0.03084445185959339
calibration_test/brier:	0.4317857325077057
accuracy_test/task:	68.37
accuracy_test/concepts:	85.01437377929688
map_test/concepts:	0.8663208160432987

Epoch 32
losses_train/task:	0.9230554103851318
losses_train/concepts:	22.344263076782227
losses_train/representations:	45.361087799072266
losses_train/total:	16.765806198120117
losses_test/task:	0.9158957004547119
losses_test/concepts:	21.907623291015625
losses_test/representations:	48.89326095581055
losses_test/total:	17.774641036987305
calibration_test/ece:	0.02610713802278042
calibration_test/brier:	0.43158087134361267
accuracy_test/task:	68.07
accuracy_test/concepts:	85.03436279296875
map_test/concepts:	0.866771379369311

Epoch 33
losses_train/task:	0.9169990420341492
losses_train/concepts:	22.269271850585938
losses_train/representations:	45.147003173828125
losses_train/total:	16.688018798828125
losses_test/task:	0.8998186588287354
losses_test/concepts:	21.845245361328125
losses_test/representations:	48.93613052368164
losses_test/total:	17.76518440246582
calibration_test/ece:	0.026139039546251297
calibration_test/brier:	0.4250856041908264
accuracy_test/task:	68.73
accuracy_test/concepts:	85.05654907226562
map_test/concepts:	0.8674424115451984

Epoch 34
losses_train/task:	0.908821702003479
losses_train/concepts:	22.180805206298828
losses_train/representations:	44.944053649902344
losses_train/total:	16.610118865966797
losses_test/task:	0.9030976295471191
losses_test/concepts:	21.806074142456055
losses_test/representations:	48.930381774902344
losses_test/total:	17.762813568115234
calibration_test/ece:	0.025962328538298607
calibration_test/brier:	0.42776456475257874
accuracy_test/task:	68.63
accuracy_test/concepts:	85.08545684814453
map_test/concepts:	0.8674415680579841

Epoch 35
losses_train/task:	0.9062537550926208
losses_train/concepts:	22.090696334838867
losses_train/representations:	44.742210388183594
losses_train/total:	16.537992477416992
losses_test/task:	0.9004110097885132
losses_test/concepts:	21.805988311767578
losses_test/representations:	49.063697814941406
losses_test/total:	17.800119400024414
calibration_test/ece:	0.026865419000387192
calibration_test/brier:	0.4250010848045349
accuracy_test/task:	68.94
accuracy_test/concepts:	85.08390045166016
map_test/concepts:	0.8672224231995642

Epoch 36
losses_train/task:	0.9006394743919373
losses_train/concepts:	22.04029083251953
losses_train/representations:	44.599090576171875
losses_train/total:	16.48440170288086
losses_test/task:	0.9055165648460388
losses_test/concepts:	21.78879165649414
losses_test/representations:	48.925174713134766
losses_test/total:	17.761947631835938
calibration_test/ece:	0.025604769587516785
calibration_test/brier:	0.4280897080898285
accuracy_test/task:	68.61
accuracy_test/concepts:	85.09654998779297
map_test/concepts:	0.8673933076206595

Epoch 37
losses_train/task:	0.8938895463943481
losses_train/concepts:	21.960832595825195
losses_train/representations:	44.44934844970703
losses_train/total:	16.424776077270508
losses_test/task:	0.8959714770317078
losses_test/concepts:	21.765140533447266
losses_test/representations:	48.991512298583984
losses_test/total:	17.769941329956055
calibration_test/ece:	0.021167457103729248
calibration_test/brier:	0.42358124256134033
accuracy_test/task:	68.67
accuracy_test/concepts:	85.08187103271484
map_test/concepts:	0.8675266244099475

Epoch 38
losses_train/task:	0.8842867016792297
losses_train/concepts:	21.86427879333496
losses_train/representations:	44.20867919921875
losses_train/total:	16.33332061767578
losses_test/task:	0.9023125767707825
losses_test/concepts:	21.76799964904785
losses_test/representations:	49.235530853271484
losses_test/total:	17.84976577758789
calibration_test/ece:	0.020266586914658546
calibration_test/brier:	0.42503222823143005
accuracy_test/task:	68.54
accuracy_test/concepts:	85.0595474243164
map_test/concepts:	0.8668626116705127

Epoch 39
losses_train/task:	0.8763795495033264
losses_train/concepts:	21.801563262939453
losses_train/representations:	44.095245361328125
losses_train/total:	16.28510093688965
losses_test/task:	0.8860560655593872
losses_test/concepts:	21.68651008605957
losses_test/representations:	49.069156646728516
losses_test/total:	17.77545928955078
calibration_test/ece:	0.02149045467376709
calibration_test/brier:	0.42022621631622314
accuracy_test/task:	69.13
accuracy_test/concepts:	85.11250305175781
map_test/concepts:	0.8677965709939599

Epoch 40
losses_train/task:	0.8796274065971375
losses_train/concepts:	21.74095916748047
losses_train/representations:	43.88847732543945
losses_train/total:	16.220260620117188
losses_test/task:	0.8921669125556946
losses_test/concepts:	21.705224990844727
losses_test/representations:	49.148616790771484
losses_test/total:	17.807273864746094
calibration_test/ece:	0.019223380833864212
calibration_test/brier:	0.42103466391563416
accuracy_test/task:	68.94
accuracy_test/concepts:	85.09281158447266
map_test/concepts:	0.8675515130744316

Epoch 41
losses_train/task:	0.8707835078239441
losses_train/concepts:	21.649803161621094
losses_train/representations:	43.69485855102539
losses_train/total:	16.144214630126953
losses_test/task:	0.884164571762085
losses_test/concepts:	21.637907028198242
losses_test/representations:	49.146240234375
losses_test/total:	17.791831970214844
calibration_test/ece:	0.017464473843574524
calibration_test/brier:	0.4187953472137451
accuracy_test/task:	69.16
accuracy_test/concepts:	85.15313720703125
map_test/concepts:	0.8679661384085193

Epoch 42
losses_train/task:	0.8626715540885925
losses_train/concepts:	21.567583084106445
losses_train/representations:	43.519107818603516
losses_train/total:	16.075162887573242
losses_test/task:	0.8875976800918579
losses_test/concepts:	21.666645050048828
losses_test/representations:	49.18330001831055
losses_test/total:	17.809249877929688
calibration_test/ece:	0.021876266226172447
calibration_test/brier:	0.41973936557769775
accuracy_test/task:	69.09
accuracy_test/concepts:	85.10811614990234
map_test/concepts:	0.8677135852631181

Epoch 43
losses_train/task:	0.8569262027740479
losses_train/concepts:	21.48240089416504
losses_train/representations:	43.32069778442383
losses_train/total:	16.001379013061523
losses_test/task:	0.888505220413208
losses_test/concepts:	21.661775588989258
losses_test/representations:	49.202083587646484
losses_test/total:	17.815311431884766
calibration_test/ece:	0.013979151844978333
calibration_test/brier:	0.4191271960735321
accuracy_test/task:	68.72
accuracy_test/concepts:	85.09451293945312
map_test/concepts:	0.8677886236109771

Epoch 44
losses_train/task:	0.8506669402122498
losses_train/concepts:	21.410682678222656
losses_train/representations:	43.165245056152344
losses_train/total:	15.941312789916992
losses_test/task:	0.885551393032074
losses_test/concepts:	21.621427536010742
losses_test/representations:	49.31256866455078
losses_test/total:	17.841461181640625
calibration_test/ece:	0.012806440703570843
calibration_test/brier:	0.4177646338939667
accuracy_test/task:	68.82
accuracy_test/concepts:	85.13015747070312
map_test/concepts:	0.8675430610892363

Epoch 45
losses_train/task:	0.8541803956031799
losses_train/concepts:	21.35254669189453
losses_train/representations:	43.01858139038086
losses_train/total:	15.895005226135254
losses_test/task:	0.8808492422103882
losses_test/concepts:	21.590991973876953
losses_test/representations:	49.237083435058594
losses_test/total:	17.81107521057129
calibration_test/ece:	0.019848810508847237
calibration_test/brier:	0.4158570170402527
accuracy_test/task:	69.3
accuracy_test/concepts:	85.14749145507812
map_test/concepts:	0.8679503091843799

Epoch 46
losses_train/task:	0.8438373804092407
losses_train/concepts:	21.296327590942383
losses_train/representations:	42.87800598144531
losses_train/total:	15.836869239807129
losses_test/task:	0.8846469521522522
losses_test/concepts:	21.613426208496094
losses_test/representations:	49.35716247558594
losses_test/total:	17.853134155273438
calibration_test/ece:	0.015904409810900688
calibration_test/brier:	0.4167802631855011
accuracy_test/task:	69.33
accuracy_test/concepts:	85.11515808105469
map_test/concepts:	0.8676427016034722

Epoch 47
losses_train/task:	0.8399372100830078
losses_train/concepts:	21.211000442504883
losses_train/representations:	42.66939926147461
losses_train/total:	15.761857986450195
losses_test/task:	0.8883185386657715
losses_test/concepts:	21.659833908081055
losses_test/representations:	49.512245178222656
losses_test/total:	17.907978057861328
calibration_test/ece:	0.017307251691818237
calibration_test/brier:	0.4176136255264282
accuracy_test/task:	69.23
accuracy_test/concepts:	85.04890441894531
map_test/concepts:	0.8670510706142522

Epoch 48
losses_train/task:	0.8393679857254028
losses_train/concepts:	21.156023025512695
losses_train/representations:	42.561805725097656
losses_train/total:	15.723518371582031
losses_test/task:	0.8926238417625427
losses_test/concepts:	21.62725067138672
losses_test/representations:	49.60419464111328
losses_test/total:	17.936607360839844
calibration_test/ece:	0.0174685288220644
calibration_test/brier:	0.4180919826030731
accuracy_test/task:	69.23
accuracy_test/concepts:	85.09703826904297
map_test/concepts:	0.8667432753136382

Epoch 49
losses_train/task:	0.8333486318588257
losses_train/concepts:	21.082324981689453
losses_train/representations:	42.435184478759766
losses_train/total:	15.67212963104248
losses_test/task:	0.8901298642158508
losses_test/concepts:	21.604713439941406
losses_test/representations:	49.58015823364258
losses_test/total:	17.92464828491211
calibration_test/ece:	0.016486238688230515
calibration_test/brier:	0.4180191457271576
accuracy_test/task:	69.18
accuracy_test/concepts:	85.11515808105469
map_test/concepts:	0.8669606409384869

Epoch 50
losses_train/task:	0.8232243657112122
losses_train/concepts:	20.998062133789062
losses_train/representations:	42.27262878417969
losses_train/total:	15.604825973510742
losses_test/task:	0.8812597990036011
losses_test/concepts:	21.599618911743164
losses_test/representations:	49.517417907714844
losses_test/total:	17.896448135375977
calibration_test/ece:	0.01726136915385723
calibration_test/brier:	0.4146937429904938
accuracy_test/task:	69.19
accuracy_test/concepts:	85.09842681884766
map_test/concepts:	0.8671309454948641

Epoch 51
losses_train/task:	0.8236646056175232
losses_train/concepts:	20.969097137451172
losses_train/representations:	42.10981750488281
losses_train/total:	15.55351448059082
losses_test/task:	0.8816661834716797
losses_test/concepts:	21.61331558227539
losses_test/representations:	49.53564453125
losses_test/total:	17.9036922454834
calibration_test/ece:	0.015460984781384468
calibration_test/brier:	0.4137555658817291
accuracy_test/task:	69.56
accuracy_test/concepts:	85.10485076904297
map_test/concepts:	0.8669634084799327

Epoch 52
losses_train/task:	0.8177394270896912
losses_train/concepts:	20.90497398376465
losses_train/representations:	41.98603439331055
losses_train/total:	15.504040718078613
losses_test/task:	0.8727154731750488
losses_test/concepts:	21.602214813232422
losses_test/representations:	49.63405990600586
losses_test/total:	17.923152923583984
calibration_test/ece:	0.01672465354204178
calibration_test/brier:	0.4104916453361511
accuracy_test/task:	69.69
accuracy_test/concepts:	85.08905029296875
map_test/concepts:	0.8670491654193029

Epoch 53
losses_train/task:	0.8099890351295471
losses_train/concepts:	20.845802307128906
losses_train/representations:	41.865257263183594
losses_train/total:	15.454147338867188
losses_test/task:	0.8805727362632751
losses_test/concepts:	21.583585739135742
losses_test/representations:	49.78614044189453
losses_test/total:	17.97477912902832
calibration_test/ece:	0.015522923320531845
calibration_test/brier:	0.41481640934944153
accuracy_test/task:	69.24
accuracy_test/concepts:	85.09062194824219
map_test/concepts:	0.866802969481796

Epoch 54
losses_train/task:	0.8134517669677734
losses_train/concepts:	20.794431686401367
losses_train/representations:	41.759666442871094
losses_train/total:	15.420791625976562
losses_test/task:	0.881371796131134
losses_test/concepts:	21.621084213256836
losses_test/representations:	49.77178192138672
losses_test/total:	17.97500991821289
calibration_test/ece:	0.018778765574097633
calibration_test/brier:	0.4139181673526764
accuracy_test/task:	69.39
accuracy_test/concepts:	85.0687484741211
map_test/concepts:	0.8665031992713921

Epoch 55
losses_train/task:	0.8038480281829834
losses_train/concepts:	20.737747192382812
losses_train/representations:	41.60422897338867
losses_train/total:	15.358896255493164
losses_test/task:	0.8727803230285645
losses_test/concepts:	21.582313537597656
losses_test/representations:	49.74496078491211
losses_test/total:	17.95450210571289
calibration_test/ece:	0.018603142350912094
calibration_test/brier:	0.4107709527015686
accuracy_test/task:	69.32
accuracy_test/concepts:	85.10374450683594
map_test/concepts:	0.8669888699078001

Epoch 56
losses_train/task:	0.7993983030319214
losses_train/concepts:	20.682373046875
losses_train/representations:	41.457054138183594
losses_train/total:	15.304753303527832
losses_test/task:	0.8894849419593811
losses_test/concepts:	21.633333206176758
losses_test/representations:	49.95905685424805
losses_test/total:	18.040538787841797
calibration_test/ece:	0.020467158406972885
calibration_test/brier:	0.41788506507873535
accuracy_test/task:	68.97
accuracy_test/concepts:	85.07140350341797
map_test/concepts:	0.8661260879016481

Epoch 57
losses_train/task:	0.7927280068397522
losses_train/concepts:	20.59690284729004
losses_train/representations:	41.277801513671875
losses_train/total:	15.235758781433105
losses_test/task:	0.8863968849182129
losses_test/concepts:	21.646400451660156
losses_test/representations:	49.82861328125
losses_test/total:	17.999616622924805
calibration_test/ece:	0.012003224343061447
calibration_test/brier:	0.41637372970581055
accuracy_test/task:	69.0
accuracy_test/concepts:	85.05077362060547
map_test/concepts:	0.8663044166169129

Epoch 58
losses_train/task:	0.7913362979888916
losses_train/concepts:	20.550840377807617
losses_train/representations:	41.17941665649414
losses_train/total:	15.200239181518555
losses_test/task:	0.8788309693336487
losses_test/concepts:	21.619333267211914
losses_test/representations:	49.8264045715332
losses_test/total:	17.988691329956055
calibration_test/ece:	0.01838713511824608
calibration_test/brier:	0.4129808247089386
accuracy_test/task:	69.45
accuracy_test/concepts:	85.08563995361328
map_test/concepts:	0.8665811161044985

Epoch 59
losses_train/task:	0.7884178757667542
losses_train/concepts:	20.491735458374023
losses_train/representations:	41.05109405517578
losses_train/total:	15.152923583984375
losses_test/task:	0.8820134401321411
losses_test/concepts:	21.624025344848633
losses_test/representations:	49.98476028442383
losses_test/total:	18.039840698242188
calibration_test/ece:	0.016393441706895828
calibration_test/brier:	0.41349759697914124
accuracy_test/task:	69.09
accuracy_test/concepts:	85.04000091552734
map_test/concepts:	0.8658367209718563

Epoch 60
losses_train/task:	0.7834833860397339
losses_train/concepts:	20.454875946044922
losses_train/representations:	40.93842315673828
losses_train/total:	15.110499382019043
losses_test/task:	0.8772000670433044
losses_test/concepts:	21.624982833862305
losses_test/representations:	50.00868225097656
losses_test/total:	18.042299270629883
calibration_test/ece:	0.022358611226081848
calibration_test/brier:	0.41270214319229126
accuracy_test/task:	69.42
accuracy_test/concepts:	85.04014587402344
map_test/concepts:	0.866280163929332

Epoch 61
losses_train/task:	0.7788425087928772
losses_train/concepts:	20.398216247558594
losses_train/representations:	40.821388244628906
losses_train/total:	15.065080642700195
losses_test/task:	0.8830375671386719
losses_test/concepts:	21.63047218322754
losses_test/representations:	49.93156814575195
losses_test/total:	18.025558471679688
calibration_test/ece:	0.014513229951262474
calibration_test/brier:	0.4143017530441284
accuracy_test/task:	69.37
accuracy_test/concepts:	85.07452392578125
map_test/concepts:	0.8660811464651488

Epoch 62
losses_train/task:	0.7801745533943176
losses_train/concepts:	20.35321044921875
losses_train/representations:	40.741634368896484
losses_train/total:	15.037988662719727
losses_test/task:	0.8925907015800476
losses_test/concepts:	21.62748908996582
losses_test/representations:	50.0840950012207
losses_test/total:	18.080570220947266
calibration_test/ece:	0.015458906069397926
calibration_test/brier:	0.4182814955711365
accuracy_test/task:	69.0
accuracy_test/concepts:	85.06217956542969
map_test/concepts:	0.8659867926035076

Epoch 63
losses_train/task:	0.7732037901878357
losses_train/concepts:	20.32901382446289
losses_train/representations:	40.6710205078125
losses_train/total:	15.00741195678711
losses_test/task:	0.8939788937568665
losses_test/concepts:	21.610532760620117
losses_test/representations:	49.96509552001953
losses_test/total:	18.0445613861084
calibration_test/ece:	0.01984676532447338
calibration_test/brier:	0.4180753827095032
accuracy_test/task:	69.08
accuracy_test/concepts:	85.07405853271484
map_test/concepts:	0.8664405574090779

Epoch 64
losses_train/task:	0.7638746500015259
losses_train/concepts:	20.27605438232422
losses_train/representations:	40.5216064453125
losses_train/total:	14.947957992553711
losses_test/task:	0.8847700953483582
losses_test/concepts:	21.62821388244629
losses_test/representations:	50.13205337524414
losses_test/total:	18.08720588684082
calibration_test/ece:	0.018430175259709358
calibration_test/brier:	0.4147103428840637
accuracy_test/task:	69.46
accuracy_test/concepts:	85.0436019897461
map_test/concepts:	0.8659181942930445

Epoch 65
losses_train/task:	0.7626988291740417
losses_train/concepts:	20.202543258666992
losses_train/representations:	40.38536071777344
losses_train/total:	14.898555755615234
losses_test/task:	0.8926478624343872
losses_test/concepts:	21.635366439819336
losses_test/representations:	50.10231018066406
losses_test/total:	18.086877822875977
calibration_test/ece:	0.02264237031340599
calibration_test/brier:	0.41702505946159363
accuracy_test/task:	69.1
accuracy_test/concepts:	85.05655670166016
map_test/concepts:	0.8660811110166833

Epoch 66
losses_train/task:	0.7650440335273743
losses_train/concepts:	20.168697357177734
losses_train/representations:	40.26882553100586
losses_train/total:	14.86255931854248
losses_test/task:	0.8868898153305054
losses_test/concepts:	21.642471313476562
losses_test/representations:	50.269187927246094
losses_test/total:	18.13189125061035
calibration_test/ece:	0.019260715693235397
calibration_test/brier:	0.4140787124633789
accuracy_test/task:	69.36
accuracy_test/concepts:	85.0335922241211
map_test/concepts:	0.8657860697712749

Epoch 67
losses_train/task:	0.7625887393951416
losses_train/concepts:	20.12855339050293
losses_train/representations:	40.2147331237793
losses_train/total:	14.839853286743164
losses_test/task:	0.8889278173446655
losses_test/concepts:	21.64398765563965
losses_test/representations:	50.361141204833984
losses_test/total:	18.161670684814453
calibration_test/ece:	0.02418200671672821
calibration_test/brier:	0.41491231322288513
accuracy_test/task:	69.27
accuracy_test/concepts:	85.0557861328125
map_test/concepts:	0.8659825677750632

Epoch 68
losses_train/task:	0.7563576102256775
losses_train/concepts:	20.090871810913086
losses_train/representations:	40.146583557128906
losses_train/total:	14.809423446655273
losses_test/task:	0.8969138860702515
losses_test/concepts:	21.625829696655273
losses_test/representations:	50.2990608215332
losses_test/total:	18.14921760559082
calibration_test/ece:	0.022809691727161407
calibration_test/brier:	0.41744765639305115
accuracy_test/task:	69.31
accuracy_test/concepts:	85.04718780517578
map_test/concepts:	0.8662847372470424

Epoch 69
losses_train/task:	0.7496747374534607
losses_train/concepts:	20.029970169067383
losses_train/representations:	40.000518798828125
losses_train/total:	14.752826690673828
losses_test/task:	0.889653205871582
losses_test/concepts:	21.656282424926758
losses_test/representations:	50.2761344909668
losses_test/total:	18.138126373291016
calibration_test/ece:	0.02438429370522499
calibration_test/brier:	0.41469088196754456
accuracy_test/task:	69.31
accuracy_test/concepts:	85.04545593261719
map_test/concepts:	0.8660234893322922

Epoch 70
losses_train/task:	0.7477993965148926
losses_train/concepts:	20.00339126586914
losses_train/representations:	39.9605827331543
losses_train/total:	14.736315727233887
losses_test/task:	0.888961136341095
losses_test/concepts:	21.65984344482422
losses_test/representations:	50.37705993652344
losses_test/total:	18.168067932128906
calibration_test/ece:	0.024801841005682945
calibration_test/brier:	0.4148865342140198
accuracy_test/task:	69.38
accuracy_test/concepts:	85.0551528930664
map_test/concepts:	0.8657438090303913

Epoch 71
losses_train/task:	0.7408058047294617
losses_train/concepts:	19.965686798095703
losses_train/representations:	39.832210540771484
losses_train/total:	14.687031745910645
losses_test/task:	0.8919773697853088
losses_test/concepts:	21.644498825073242
losses_test/representations:	50.34078598022461
losses_test/total:	18.158658981323242
calibration_test/ece:	0.025855835527181625
calibration_test/brier:	0.41550663113594055
accuracy_test/task:	69.22
accuracy_test/concepts:	85.0540542602539
map_test/concepts:	0.8660878318478353

Epoch 72
losses_train/task:	0.7361049652099609
losses_train/concepts:	19.924598693847656
losses_train/representations:	39.79948806762695
losses_train/total:	14.668410301208496
losses_test/task:	0.8925097584724426
losses_test/concepts:	21.639135360717773
losses_test/representations:	50.282772064208984
losses_test/total:	18.141258239746094
calibration_test/ece:	0.02928033471107483
calibration_test/brier:	0.41623398661613464
accuracy_test/task:	69.01
accuracy_test/concepts:	85.05170440673828
map_test/concepts:	0.8658191119320691

Epoch 73
losses_train/task:	0.7377334237098694
losses_train/concepts:	19.895490646362305
losses_train/representations:	39.673221588134766
losses_train/total:	14.62924861907959
losses_test/task:	0.9016575813293457
losses_test/concepts:	21.68228530883789
losses_test/representations:	50.43024826049805
losses_test/total:	18.198959350585938
calibration_test/ece:	0.028145525604486465
calibration_test/brier:	0.41897061467170715
accuracy_test/task:	68.9
accuracy_test/concepts:	85.04812622070312
map_test/concepts:	0.8653633439680561

Epoch 74
losses_train/task:	0.7338342070579529
losses_train/concepts:	19.862972259521484
losses_train/representations:	39.58198928833008
losses_train/total:	14.594717025756836
losses_test/task:	0.9115875363349915
losses_test/concepts:	21.683034896850586
losses_test/representations:	50.61030578613281
losses_test/total:	18.262981414794922
calibration_test/ece:	0.02630893513560295
calibration_test/brier:	0.42324697971343994
accuracy_test/task:	68.58
accuracy_test/concepts:	85.04358673095703
map_test/concepts:	0.8651953527005389

Epoch 75
losses_train/task:	0.7318199872970581
losses_train/concepts:	19.817447662353516
losses_train/representations:	39.51185607910156
losses_train/total:	14.567122459411621
losses_test/task:	0.8988457322120667
losses_test/concepts:	21.721717834472656
losses_test/representations:	50.392608642578125
losses_test/total:	18.188800811767578
calibration_test/ece:	0.021899845451116562
calibration_test/brier:	0.4192728102207184
accuracy_test/task:	69.12
accuracy_test/concepts:	85.00811004638672
map_test/concepts:	0.8644392410642467

Epoch 76
losses_train/task:	0.7318934202194214
losses_train/concepts:	19.794893264770508
losses_train/representations:	39.450477600097656
losses_train/total:	14.546525955200195
losses_test/task:	0.9103455543518066
losses_test/concepts:	21.72157096862793
losses_test/representations:	50.685447692871094
losses_test/total:	18.28814125061035
calibration_test/ece:	0.031374406069517136
calibration_test/brier:	0.4228663146495819
accuracy_test/task:	68.58
accuracy_test/concepts:	85.03421783447266
map_test/concepts:	0.864489623811096

Epoch 77
losses_train/task:	0.7307151556015015
losses_train/concepts:	19.777191162109375
losses_train/representations:	39.4137077331543
losses_train/total:	14.532541275024414
losses_test/task:	0.9080511331558228
losses_test/concepts:	21.763235092163086
losses_test/representations:	50.39417266845703
losses_test/total:	18.202621459960938
calibration_test/ece:	0.02185240015387535
calibration_test/brier:	0.4230137765407562
accuracy_test/task:	68.82
accuracy_test/concepts:	84.99797821044922
map_test/concepts:	0.8639055612729862

Epoch 78
losses_train/task:	0.7242484092712402
losses_train/concepts:	19.701595306396484
losses_train/representations:	39.269935607910156
losses_train/total:	14.475391387939453
losses_test/task:	0.9055676460266113
losses_test/concepts:	21.727365493774414
losses_test/representations:	50.580718994140625
losses_test/total:	18.252517700195312
calibration_test/ece:	0.02809917740523815
calibration_test/brier:	0.42158833146095276
accuracy_test/task:	68.87
accuracy_test/concepts:	85.02078247070312
map_test/concepts:	0.8644831189885736

Epoch 79
losses_train/task:	0.7192173600196838
losses_train/concepts:	19.683759689331055
losses_train/representations:	39.23445510864258
losses_train/total:	14.457930564880371
losses_test/task:	0.902898907661438
losses_test/concepts:	21.694311141967773
losses_test/representations:	50.496158599853516
losses_test/total:	18.221174240112305
calibration_test/ece:	0.033742956817150116
calibration_test/brier:	0.42056307196617126
accuracy_test/task:	68.86
accuracy_test/concepts:	85.07078552246094
map_test/concepts:	0.8648287046817131

Epoch 80
losses_train/task:	0.7201170325279236
losses_train/concepts:	19.66582679748535
losses_train/representations:	39.16091537475586
losses_train/total:	14.434965133666992
losses_test/task:	0.9144611954689026
losses_test/concepts:	21.743776321411133
losses_test/representations:	50.79618835449219
losses_test/total:	18.327699661254883
calibration_test/ece:	0.035105131566524506
calibration_test/brier:	0.42455747723579407
accuracy_test/task:	68.44
accuracy_test/concepts:	85.00186157226562
map_test/concepts:	0.8643453865079209

Epoch 81
losses_train/task:	0.6966201663017273
losses_train/concepts:	19.504777908325195
losses_train/representations:	38.71549606323242
losses_train/total:	14.261735916137695
losses_test/task:	0.872980535030365
losses_test/concepts:	21.695104598999023
losses_test/representations:	50.27285385131836
losses_test/total:	18.12434959411621
calibration_test/ece:	0.030700987204909325
calibration_test/brier:	0.4090629816055298
accuracy_test/task:	69.27
accuracy_test/concepts:	85.0718765258789
map_test/concepts:	0.8654746006941423

Epoch 82
losses_train/task:	0.6862597465515137
losses_train/concepts:	19.43524169921875
losses_train/representations:	38.5693359375
losses_train/total:	14.200578689575195
losses_test/task:	0.8733594417572021
losses_test/concepts:	21.710224151611328
losses_test/representations:	50.27650451660156
losses_test/total:	18.127336502075195
calibration_test/ece:	0.030665691941976547
calibration_test/brier:	0.40865838527679443
accuracy_test/task:	69.33
accuracy_test/concepts:	85.06483459472656
map_test/concepts:	0.8654693743446842

Epoch 83
losses_train/task:	0.6887434720993042
losses_train/concepts:	19.448503494262695
losses_train/representations:	38.55669403076172
losses_train/total:	14.200606346130371
losses_test/task:	0.8751723170280457
losses_test/concepts:	21.680177688598633
losses_test/representations:	50.24952697753906
losses_test/total:	18.118053436279297
calibration_test/ece:	0.0332079753279686
calibration_test/brier:	0.40929311513900757
accuracy_test/task:	69.26
accuracy_test/concepts:	85.08622741699219
map_test/concepts:	0.8656665651360527

Epoch 84
losses_train/task:	0.6919066309928894
losses_train/concepts:	19.415483474731445
losses_train/representations:	38.50252151489258
losses_train/total:	14.184209823608398
losses_test/task:	0.8729758858680725
losses_test/concepts:	21.68661880493164
losses_test/representations:	50.22294235229492
losses_test/total:	18.108516693115234
calibration_test/ece:	0.031505756080150604
calibration_test/brier:	0.40903544425964355
accuracy_test/task:	69.34
accuracy_test/concepts:	85.06358337402344
map_test/concepts:	0.8658102123299614

Epoch 85
losses_train/task:	0.6919229626655579
losses_train/concepts:	19.404329299926758
losses_train/representations:	38.45153045654297
losses_train/total:	14.167819023132324
losses_test/task:	0.8731142282485962
losses_test/concepts:	21.701374053955078
losses_test/representations:	50.28557205200195
losses_test/total:	18.128925323486328
calibration_test/ece:	0.03154943510890007
calibration_test/brier:	0.40878868103027344
accuracy_test/task:	69.38
accuracy_test/concepts:	85.05452728271484
map_test/concepts:	0.8656185015570372

Epoch 86
losses_train/task:	0.685864269733429
losses_train/concepts:	19.40686798095703
losses_train/representations:	38.47957992553711
losses_train/total:	14.170428276062012
losses_test/task:	0.8731575012207031
losses_test/concepts:	21.690723419189453
losses_test/representations:	50.2183837890625
losses_test/total:	18.107746124267578
calibration_test/ece:	0.03115476295351982
calibration_test/brier:	0.40863725543022156
accuracy_test/task:	69.37
accuracy_test/concepts:	85.06562042236328
map_test/concepts:	0.8656736162956804

Epoch 87
losses_train/task:	0.6848655939102173
losses_train/concepts:	19.383153915405273
losses_train/representations:	38.41769027709961
losses_train/total:	14.148484230041504
losses_test/task:	0.8735867738723755
losses_test/concepts:	21.69951820373535
losses_test/representations:	50.24666213989258
losses_test/total:	18.117538452148438
calibration_test/ece:	0.032963477075099945
calibration_test/brier:	0.4092267155647278
accuracy_test/task:	69.34
accuracy_test/concepts:	85.06844329833984
map_test/concepts:	0.8654349639546126

Epoch 88
losses_train/task:	0.6827439069747925
losses_train/concepts:	19.37096405029297
losses_train/representations:	38.35791778564453
losses_train/total:	14.127211570739746
losses_test/task:	0.8738138675689697
losses_test/concepts:	21.682363510131836
losses_test/representations:	50.23884963989258
losses_test/total:	18.11370849609375
calibration_test/ece:	0.033811308443546295
calibration_test/brier:	0.4088108539581299
accuracy_test/task:	69.41
accuracy_test/concepts:	85.07686614990234
map_test/concepts:	0.8657090970082209

Epoch 89
losses_train/task:	0.6828522682189941
losses_train/concepts:	19.36996078491211
losses_train/representations:	38.346527099609375
losses_train/total:	14.12380599975586
losses_test/task:	0.8714661598205566
losses_test/concepts:	21.711740493774414
losses_test/representations:	50.28612518310547
losses_test/total:	18.128480911254883
calibration_test/ece:	0.03208157420158386
calibration_test/brier:	0.4082642197608948
accuracy_test/task:	69.57
accuracy_test/concepts:	85.0625
map_test/concepts:	0.8656538032228127

Epoch 90
losses_train/task:	0.6810261607170105
losses_train/concepts:	19.337528228759766
losses_train/representations:	38.31718444824219
losses_train/total:	14.109938621520996
losses_test/task:	0.8727703094482422
losses_test/concepts:	21.722755432128906
losses_test/representations:	50.24962615966797
losses_test/total:	18.11992835998535
calibration_test/ece:	0.030784983187913895
calibration_test/brier:	0.40869659185409546
accuracy_test/task:	69.6
accuracy_test/concepts:	85.06013488769531
map_test/concepts:	0.8656212008791044

Epoch 91
losses_train/task:	0.6838659048080444
losses_train/concepts:	19.347488403320312
losses_train/representations:	38.30434799194336
losses_train/total:	14.10991096496582
losses_test/task:	0.872132420539856
losses_test/concepts:	21.699560165405273
losses_test/representations:	50.273826599121094
losses_test/total:	18.124237060546875
calibration_test/ece:	0.03252005577087402
calibration_test/brier:	0.40823259949684143
accuracy_test/task:	69.67
accuracy_test/concepts:	85.07422637939453
map_test/concepts:	0.8658544661011547

Epoch 92
losses_train/task:	0.6796203255653381
losses_train/concepts:	19.321298599243164
losses_train/representations:	38.276737213134766
losses_train/total:	14.094770431518555
losses_test/task:	0.8729032874107361
losses_test/concepts:	21.728363037109375
losses_test/representations:	50.30478286743164
losses_test/total:	18.13717269897461
calibration_test/ece:	0.0310070738196373
calibration_test/brier:	0.40834277868270874
accuracy_test/task:	69.66
accuracy_test/concepts:	85.04952239990234
map_test/concepts:	0.8654393594479188

Epoch 93
losses_train/task:	0.6819625496864319
losses_train/concepts:	19.295095443725586
losses_train/representations:	38.23358917236328
losses_train/total:	14.081558227539062
losses_test/task:	0.8732064366340637
losses_test/concepts:	21.704538345336914
losses_test/representations:	50.27117156982422
losses_test/total:	18.125015258789062
calibration_test/ece:	0.032919418066740036
calibration_test/brier:	0.40825650095939636
accuracy_test/task:	69.61
accuracy_test/concepts:	85.06404876708984
map_test/concepts:	0.8655472208047286

Epoch 94
losses_train/task:	0.6804122924804688
losses_train/concepts:	19.31816291809082
losses_train/representations:	38.2443733215332
losses_train/total:	14.085539817810059
losses_test/task:	0.8729372620582581
losses_test/concepts:	21.7158145904541
losses_test/representations:	50.26292037963867
losses_test/total:	18.123394012451172
calibration_test/ece:	0.031090911477804184
calibration_test/brier:	0.408662885427475
accuracy_test/task:	69.73
accuracy_test/concepts:	85.05889892578125
map_test/concepts:	0.8654489719774574

Epoch 95
losses_train/task:	0.6766587495803833
losses_train/concepts:	19.300148010253906
losses_train/representations:	38.23828887939453
losses_train/total:	14.078155517578125
losses_test/task:	0.8745759725570679
losses_test/concepts:	21.747955322265625
losses_test/representations:	50.36052703857422
losses_test/total:	18.15752601623535
calibration_test/ece:	0.031219426542520523
calibration_test/brier:	0.4086201786994934
accuracy_test/task:	69.83
accuracy_test/concepts:	85.03937530517578
map_test/concepts:	0.8653646605089307

Epoch 96
losses_train/task:	0.6858530044555664
losses_train/concepts:	19.321176528930664
losses_train/representations:	38.22069549560547
losses_train/total:	14.084185600280762
losses_test/task:	0.8739443421363831
losses_test/concepts:	21.729698181152344
losses_test/representations:	50.28688049316406
losses_test/total:	18.132976531982422
calibration_test/ece:	0.031069550663232803
calibration_test/brier:	0.4087200462818146
accuracy_test/task:	69.79
accuracy_test/concepts:	85.046875
map_test/concepts:	0.8654180435696617

Epoch 97
losses_train/task:	0.6770833730697632
losses_train/concepts:	19.30362319946289
losses_train/representations:	38.2021369934082
losses_train/total:	14.068090438842773
losses_test/task:	0.8737730383872986
losses_test/concepts:	21.712684631347656
losses_test/representations:	50.284732818603516
losses_test/total:	18.13045883178711
calibration_test/ece:	0.031452618539333344
calibration_test/brier:	0.4083345830440521
accuracy_test/task:	69.79
accuracy_test/concepts:	85.0562515258789
map_test/concepts:	0.8656280522700399

Epoch 98
losses_train/task:	0.6788787245750427
losses_train/concepts:	19.274749755859375
losses_train/representations:	38.15178680419922
losses_train/total:	14.051884651184082
losses_test/task:	0.8734748363494873
losses_test/concepts:	21.719324111938477
losses_test/representations:	50.316864013671875
losses_test/total:	18.140460968017578
calibration_test/ece:	0.032237708568573
calibration_test/brier:	0.40828582644462585
accuracy_test/task:	69.68
accuracy_test/concepts:	85.0501708984375
map_test/concepts:	0.8655785825103521

Epoch 99
losses_train/task:	0.6773995757102966
losses_train/concepts:	19.265472412109375
losses_train/representations:	38.139102935791016
losses_train/total:	14.045676231384277
losses_test/task:	0.8754816651344299
losses_test/concepts:	21.71412467956543
losses_test/representations:	50.30290985107422
losses_test/total:	18.137767791748047
calibration_test/ece:	0.03308182582259178
calibration_test/brier:	0.4092203378677368
accuracy_test/task:	69.66
accuracy_test/concepts:	85.06266021728516
map_test/concepts:	0.8653996258508414

Epoch 100
losses_train/task:	0.6762053966522217
losses_train/concepts:	19.2542667388916
losses_train/representations:	38.09170913696289
losses_train/total:	14.029147148132324
losses_test/task:	0.8738449811935425
losses_test/concepts:	21.71966552734375
losses_test/representations:	50.294281005859375
losses_test/total:	18.134098052978516
calibration_test/ece:	0.03256918489933014
calibration_test/brier:	0.4086636006832123
accuracy_test/task:	69.66
accuracy_test/concepts:	85.0626449584961
map_test/concepts:	0.8653021233621985

Epoch 101
losses_train/task:	0.6726859211921692
losses_train/concepts:	19.246456146240234
losses_train/representations:	38.092079162597656
losses_train/total:	14.024953842163086
losses_test/task:	0.8752163648605347
losses_test/concepts:	21.72469711303711
losses_test/representations:	50.324851989746094
losses_test/total:	18.145137786865234
calibration_test/ece:	0.03492908179759979
calibration_test/brier:	0.4090965688228607
accuracy_test/task:	69.52
accuracy_test/concepts:	85.04592895507812
map_test/concepts:	0.8654770276043564

Epoch 102
losses_train/task:	0.6803356409072876
losses_train/concepts:	19.23455047607422
losses_train/representations:	38.07549285888672
losses_train/total:	14.026442527770996
losses_test/task:	0.8739004135131836
losses_test/concepts:	21.729482650756836
losses_test/representations:	50.34690475463867
losses_test/total:	18.150917053222656
calibration_test/ece:	0.03390256687998772
calibration_test/brier:	0.4085901975631714
accuracy_test/task:	69.65
accuracy_test/concepts:	85.05609130859375
map_test/concepts:	0.8654491372872144

Epoch 103
losses_train/task:	0.6756896376609802
losses_train/concepts:	19.2320499420166
losses_train/representations:	38.08858871459961
losses_train/total:	14.025470733642578
losses_test/task:	0.874809980392456
losses_test/concepts:	21.737144470214844
losses_test/representations:	50.35280227661133
losses_test/total:	18.154359817504883
calibration_test/ece:	0.033977363258600235
calibration_test/brier:	0.408913791179657
accuracy_test/task:	69.64
accuracy_test/concepts:	85.04124450683594
map_test/concepts:	0.865517343278043

Epoch 104
losses_train/task:	0.6656776666641235
losses_train/concepts:	19.244140625
losses_train/representations:	38.070377349853516
losses_train/total:	14.011194229125977
losses_test/task:	0.873886227607727
losses_test/concepts:	21.724355697631836
losses_test/representations:	50.34674072265625
losses_test/total:	18.15035057067871
calibration_test/ece:	0.034530770033597946
calibration_test/brier:	0.40839892625808716
accuracy_test/task:	69.61
accuracy_test/concepts:	85.05296325683594
map_test/concepts:	0.8651296272873878

Epoch 105
losses_train/task:	0.6716085076332092
losses_train/concepts:	19.277109146118164
losses_train/representations:	38.0993766784668
losses_train/total:	14.029136657714844
losses_test/task:	0.8721060752868652
losses_test/concepts:	21.73152732849121
losses_test/representations:	50.32797622680664
losses_test/total:	18.143646240234375
calibration_test/ece:	0.03541502729058266
calibration_test/brier:	0.4076576232910156
accuracy_test/task:	69.58
accuracy_test/concepts:	85.0509262084961
map_test/concepts:	0.865473292185925

Epoch 106
losses_train/task:	0.6755445003509521
losses_train/concepts:	19.224102020263672
losses_train/representations:	38.0319938659668
losses_train/total:	14.007551193237305
losses_test/task:	0.8732688426971436
losses_test/concepts:	21.730377197265625
losses_test/representations:	50.313880920410156
losses_test/total:	18.14046859741211
calibration_test/ece:	0.034072283655405045
calibration_test/brier:	0.40812525153160095
accuracy_test/task:	69.64
accuracy_test/concepts:	85.0551528930664
map_test/concepts:	0.8654968756018206

Epoch 107
losses_train/task:	0.6732154488563538
losses_train/concepts:	19.204986572265625
losses_train/representations:	38.003963470458984
losses_train/total:	13.994908332824707
losses_test/task:	0.8728805184364319
losses_test/concepts:	21.723983764648438
losses_test/representations:	50.31795120239258
losses_test/total:	18.14066505432129
calibration_test/ece:	0.0338723286986351
calibration_test/brier:	0.40779849886894226
accuracy_test/task:	69.77
accuracy_test/concepts:	85.05156707763672
map_test/concepts:	0.8654973637312651

Epoch 108
losses_train/task:	0.6676239371299744
losses_train/concepts:	19.214506149291992
losses_train/representations:	38.0078125
losses_train/total:	13.991414070129395
losses_test/task:	0.8739964962005615
losses_test/concepts:	21.72650718688965
losses_test/representations:	50.29973602294922
losses_test/total:	18.13656997680664
calibration_test/ece:	0.03285300359129906
calibration_test/brier:	0.4079338312149048
accuracy_test/task:	69.81
accuracy_test/concepts:	85.0442123413086
map_test/concepts:	0.865387572790496

Epoch 109
losses_train/task:	0.6711149215698242
losses_train/concepts:	19.213363647460938
losses_train/representations:	37.98467254638672
losses_train/total:	13.987853050231934
losses_test/task:	0.8725780248641968
losses_test/concepts:	21.72785186767578
losses_test/representations:	50.32049560546875
losses_test/total:	18.141511917114258
calibration_test/ece:	0.03267664462327957
calibration_test/brier:	0.40765562653541565
accuracy_test/task:	69.81
accuracy_test/concepts:	85.04936981201172
map_test/concepts:	0.8654900819528848

Epoch 110
losses_train/task:	0.6753824949264526
losses_train/concepts:	19.197490692138672
losses_train/representations:	37.97627258300781
losses_train/total:	13.988015174865723
losses_test/task:	0.8739818334579468
losses_test/concepts:	21.730995178222656
losses_test/representations:	50.35830307006836
losses_test/total:	18.154571533203125
calibration_test/ece:	0.032653264701366425
calibration_test/brier:	0.40804776549339294
accuracy_test/task:	69.78
accuracy_test/concepts:	85.04358673095703
map_test/concepts:	0.8653396774316207

Epoch 111
losses_train/task:	0.6682416796684265
losses_train/concepts:	19.193174362182617
losses_train/representations:	37.98052215576172
losses_train/total:	13.98171615600586
losses_test/task:	0.8767234086990356
losses_test/concepts:	21.752593994140625
losses_test/representations:	50.36021423339844
losses_test/total:	18.160045623779297
calibration_test/ece:	0.03412448242306709
calibration_test/brier:	0.4091895818710327
accuracy_test/task:	69.61
accuracy_test/concepts:	85.04187774658203
map_test/concepts:	0.8650766932405531

Epoch 112
losses_train/task:	0.6685518026351929
losses_train/concepts:	19.16564178466797
losses_train/representations:	37.913116455078125
losses_train/total:	13.959053993225098
losses_test/task:	0.8739957213401794
losses_test/concepts:	21.729326248168945
losses_test/representations:	50.319801330566406
losses_test/total:	18.14286994934082
calibration_test/ece:	0.033678069710731506
calibration_test/brier:	0.40818557143211365
accuracy_test/task:	69.73
accuracy_test/concepts:	85.04312896728516
map_test/concepts:	0.8657922849524766

Epoch 113
losses_train/task:	0.6683206558227539
losses_train/concepts:	19.186063766479492
losses_train/representations:	37.946739196777344
losses_train/total:	13.970953941345215
losses_test/task:	0.8733834624290466
losses_test/concepts:	21.731985092163086
losses_test/representations:	50.335941314697266
losses_test/total:	18.14736557006836
calibration_test/ece:	0.03346513584256172
calibration_test/brier:	0.40815505385398865
accuracy_test/task:	69.72
accuracy_test/concepts:	85.0496826171875
map_test/concepts:	0.8655558098107576

Epoch 114
losses_train/task:	0.6673978567123413
losses_train/concepts:	19.165483474731445
losses_train/representations:	37.93470764160156
losses_train/total:	13.964362144470215
losses_test/task:	0.8741102814674377
losses_test/concepts:	21.759342193603516
losses_test/representations:	50.363609313964844
losses_test/total:	18.15912437438965
calibration_test/ece:	0.03447531536221504
calibration_test/brier:	0.408522367477417
accuracy_test/task:	69.66
accuracy_test/concepts:	85.04561614990234
map_test/concepts:	0.8653247675392777

Epoch 115
losses_train/task:	0.6708050966262817
losses_train/concepts:	19.17706871032715
losses_train/representations:	37.949806213378906
losses_train/total:	13.973455429077148
losses_test/task:	0.8718717694282532
losses_test/concepts:	21.722871780395508
losses_test/representations:	50.32115936279297
losses_test/total:	18.1405086517334
calibration_test/ece:	0.03337271511554718
calibration_test/brier:	0.40778329968452454
accuracy_test/task:	69.78
accuracy_test/concepts:	85.05046081542969
map_test/concepts:	0.8657109724590555

Epoch 116
losses_train/task:	0.6698417663574219
losses_train/concepts:	19.16535758972168
losses_train/representations:	37.89373016357422
losses_train/total:	13.954493522644043
losses_test/task:	0.8739628791809082
losses_test/concepts:	21.73641586303711
losses_test/representations:	50.346439361572266
losses_test/total:	18.151533126831055
calibration_test/ece:	0.032716721296310425
calibration_test/brier:	0.40827497839927673
accuracy_test/task:	69.77
accuracy_test/concepts:	85.0607681274414
map_test/concepts:	0.8655100907199085

Epoch 117
losses_train/task:	0.6661828756332397
losses_train/concepts:	19.15225601196289
losses_train/representations:	37.85661697387695
losses_train/total:	13.938395500183105
losses_test/task:	0.8738526105880737
losses_test/concepts:	21.737743377685547
losses_test/representations:	50.349609375
losses_test/total:	18.152511596679688
calibration_test/ece:	0.03364785015583038
calibration_test/brier:	0.40795081853866577
accuracy_test/task:	69.66
accuracy_test/concepts:	85.05517578125
map_test/concepts:	0.8655560759361833

Epoch 118
losses_train/task:	0.6667439341545105
losses_train/concepts:	19.156320571899414
losses_train/representations:	37.86344909667969
losses_train/total:	13.941411972045898
losses_test/task:	0.8742235898971558
losses_test/concepts:	21.738752365112305
losses_test/representations:	50.3649787902832
losses_test/total:	18.157596588134766
calibration_test/ece:	0.03322799876332283
calibration_test/brier:	0.4083803594112396
accuracy_test/task:	69.75
accuracy_test/concepts:	85.05419921875
map_test/concepts:	0.8653715928085148

Epoch 119
losses_train/task:	0.6718987822532654
losses_train/concepts:	19.146636962890625
losses_train/representations:	37.85272979736328
losses_train/total:	13.942381858825684
losses_test/task:	0.8732917904853821
losses_test/concepts:	21.714832305908203
losses_test/representations:	50.32352828979492
losses_test/total:	18.141834259033203
calibration_test/ece:	0.0352972149848938
calibration_test/brier:	0.4077153205871582
accuracy_test/task:	69.8
accuracy_test/concepts:	85.06046295166016
map_test/concepts:	0.8655812933575362

Epoch 120
losses_train/task:	0.6635748744010925
losses_train/concepts:	19.142824172973633
losses_train/representations:	37.85929489135742
losses_train/total:	13.935646057128906
losses_test/task:	0.873751699924469
losses_test/concepts:	21.744991302490234
losses_test/representations:	50.367740631103516
losses_test/total:	18.1585750579834
calibration_test/ece:	0.036113541573286057
calibration_test/brier:	0.4080772399902344
accuracy_test/task:	69.6
accuracy_test/concepts:	85.05545043945312
map_test/concepts:	0.8653663935838267

Epoch 121
losses_train/task:	0.6660085916519165
losses_train/concepts:	19.131643295288086
losses_train/representations:	37.83758544921875
losses_train/total:	13.930451393127441
losses_test/task:	0.8766041398048401
losses_test/concepts:	21.75312614440918
losses_test/representations:	50.387874603271484
losses_test/total:	18.168277740478516
calibration_test/ece:	0.03466012328863144
calibration_test/brier:	0.408664345741272
accuracy_test/task:	69.68
accuracy_test/concepts:	85.06031036376953
map_test/concepts:	0.8652595131425187

Epoch 122
losses_train/task:	0.6653234958648682
losses_train/concepts:	19.141124725341797
losses_train/representations:	37.816917419433594
losses_train/total:	13.924518585205078
losses_test/task:	0.8746283054351807
losses_test/concepts:	21.746614456176758
losses_test/representations:	50.35957336425781
losses_test/total:	18.157161712646484
calibration_test/ece:	0.03492477163672447
calibration_test/brier:	0.40804052352905273
accuracy_test/task:	69.8
accuracy_test/concepts:	85.0531234741211
map_test/concepts:	0.8651817659847438

Epoch 123
losses_train/task:	0.660965085029602
losses_train/concepts:	19.1262149810791
losses_train/representations:	37.81049346923828
losses_train/total:	13.916743278503418
losses_test/task:	0.8749125003814697
losses_test/concepts:	21.750192642211914
losses_test/representations:	50.375919342041016
losses_test/total:	18.16270637512207
calibration_test/ece:	0.036202915012836456
calibration_test/brier:	0.4083026945590973
accuracy_test/task:	69.64
accuracy_test/concepts:	85.05094909667969
map_test/concepts:	0.8653704435564578

Epoch 124
losses_train/task:	0.6623874306678772
losses_train/concepts:	19.130552291870117
losses_train/representations:	37.797096252441406
losses_train/total:	13.914586067199707
losses_test/task:	0.8750887513160706
losses_test/concepts:	21.735815048217773
losses_test/representations:	50.36326599121094
losses_test/total:	18.157651901245117
calibration_test/ece:	0.03636583313345909
calibration_test/brier:	0.4080395996570587
accuracy_test/task:	69.6
accuracy_test/concepts:	85.07499694824219
map_test/concepts:	0.8652619528584182

Epoch 125
losses_train/task:	0.6665850877761841
losses_train/concepts:	19.12354850769043
losses_train/representations:	37.793277740478516
losses_train/total:	13.916923522949219
losses_test/task:	0.8749898076057434
losses_test/concepts:	21.74567413330078
losses_test/representations:	50.37794876098633
losses_test/total:	18.16293716430664
calibration_test/ece:	0.03789100423455238
calibration_test/brier:	0.4086320698261261
accuracy_test/task:	69.55
accuracy_test/concepts:	85.05717468261719
map_test/concepts:	0.865509984199889

Epoch 126
losses_train/task:	0.656761884689331
losses_train/concepts:	19.12631607055664
losses_train/representations:	37.79882049560547
losses_train/total:	13.909037590026855
losses_test/task:	0.8728007078170776
losses_test/concepts:	21.731061935424805
losses_test/representations:	50.3675422668457
losses_test/total:	18.15616798400879
calibration_test/ece:	0.035538192838430405
calibration_test/brier:	0.4074850082397461
accuracy_test/task:	69.69
accuracy_test/concepts:	85.07296752929688
map_test/concepts:	0.8656366653740406

Epoch 127
losses_train/task:	0.6644719243049622
losses_train/concepts:	19.116636276245117
losses_train/representations:	37.77946472167969
losses_train/total:	13.909978866577148
losses_test/task:	0.874885082244873
losses_test/concepts:	21.74124526977539
losses_test/representations:	50.38996505737305
losses_test/total:	18.16600227355957
calibration_test/ece:	0.03663858398795128
calibration_test/brier:	0.40838468074798584
accuracy_test/task:	69.63
accuracy_test/concepts:	85.05624389648438
map_test/concepts:	0.8653731048107147

Epoch 128
losses_train/task:	0.6618078351020813
losses_train/concepts:	19.103065490722656
losses_train/representations:	37.73748016357422
losses_train/total:	13.893363952636719
losses_test/task:	0.8755046129226685
losses_test/concepts:	21.753154754638672
losses_test/representations:	50.39311599731445
losses_test/total:	18.16875457763672
calibration_test/ece:	0.035249073058366776
calibration_test/brier:	0.40852436423301697
accuracy_test/task:	69.67
accuracy_test/concepts:	85.05327606201172
map_test/concepts:	0.8650975511409342

Epoch 129
losses_train/task:	0.6662541031837463
losses_train/concepts:	19.087425231933594
losses_train/representations:	37.721134185791016
losses_train/total:	13.891336441040039
losses_test/task:	0.8755223155021667
losses_test/concepts:	21.758665084838867
losses_test/representations:	50.394039154052734
losses_test/total:	18.16960334777832
calibration_test/ece:	0.03437526896595955
calibration_test/brier:	0.40801867842674255
accuracy_test/task:	69.81
accuracy_test/concepts:	85.06641387939453
map_test/concepts:	0.8653415871085599

Epoch 130
losses_train/task:	0.6674941182136536
losses_train/concepts:	19.091007232666016
losses_train/representations:	37.7435188293457
losses_train/total:	13.899649620056152
losses_test/task:	0.8774770498275757
losses_test/concepts:	21.75760841369629
losses_test/representations:	50.4046516418457
losses_test/total:	18.174631118774414
calibration_test/ece:	0.03787406533956528
calibration_test/brier:	0.40917596220970154
accuracy_test/task:	69.64
accuracy_test/concepts:	85.0653305053711
map_test/concepts:	0.8654200362507254

Epoch 131
losses_train/task:	0.6573363542556763
losses_train/concepts:	19.077556610107422
losses_train/representations:	37.70671081542969
losses_train/total:	13.877103805541992
losses_test/task:	0.8754780888557434
losses_test/concepts:	21.746747970581055
losses_test/representations:	50.37298583984375
losses_test/total:	18.16204833984375
calibration_test/ece:	0.03869520500302315
calibration_test/brier:	0.40819498896598816
accuracy_test/task:	69.53
accuracy_test/concepts:	85.06656646728516
map_test/concepts:	0.8654510424239561

Epoch 132
losses_train/task:	0.6644742488861084
losses_train/concepts:	19.083311080932617
losses_train/representations:	37.68564987182617
losses_train/total:	13.878504753112793
losses_test/task:	0.8773057460784912
losses_test/concepts:	21.75335693359375
losses_test/representations:	50.4134521484375
losses_test/total:	18.176681518554688
calibration_test/ece:	0.037637002766132355
calibration_test/brier:	0.4090735912322998
accuracy_test/task:	69.6
accuracy_test/concepts:	85.06925201416016
map_test/concepts:	0.8653358904412016

Epoch 133
losses_train/task:	0.6604045033454895
losses_train/concepts:	19.06110382080078
losses_train/representations:	37.684627532958984
losses_train/total:	13.871904373168945
losses_test/task:	0.8746650815010071
losses_test/concepts:	21.765005111694336
losses_test/representations:	50.37187957763672
losses_test/total:	18.16273307800293
calibration_test/ece:	0.035836923867464066
calibration_test/brier:	0.4084782898426056
accuracy_test/task:	69.67
accuracy_test/concepts:	85.06670379638672
map_test/concepts:	0.8652369553456083

Epoch 134
losses_train/task:	0.6593837141990662
losses_train/concepts:	19.078462600708008
losses_train/representations:	37.685203552246094
losses_train/total:	13.872780799865723
losses_test/task:	0.876098096370697
losses_test/concepts:	21.773834228515625
losses_test/representations:	50.418373107910156
losses_test/total:	18.178993225097656
calibration_test/ece:	0.03657151386141777
calibration_test/brier:	0.40859416127204895
accuracy_test/task:	69.69
accuracy_test/concepts:	85.04733276367188
map_test/concepts:	0.8652342292480171

Epoch 135
losses_train/task:	0.6598525047302246
losses_train/concepts:	19.07236099243164
losses_train/representations:	37.65070343017578
losses_train/total:	13.862302780151367
losses_test/task:	0.8781116604804993
losses_test/concepts:	21.766345977783203
losses_test/representations:	50.405921936035156
losses_test/total:	18.1765193939209
calibration_test/ece:	0.039093274623155594
calibration_test/brier:	0.4089463949203491
accuracy_test/task:	69.53
accuracy_test/concepts:	85.05874633789062
map_test/concepts:	0.8653441121568903

Epoch 136
losses_train/task:	0.6610579490661621
losses_train/concepts:	19.04987907409668
losses_train/representations:	37.6324577331543
losses_train/total:	13.855788230895996
losses_test/task:	0.8768056035041809
losses_test/concepts:	21.753089904785156
losses_test/representations:	50.381935119628906
losses_test/total:	18.166690826416016
calibration_test/ece:	0.037559010088443756
calibration_test/brier:	0.4087737500667572
accuracy_test/task:	69.59
accuracy_test/concepts:	85.08219146728516
map_test/concepts:	0.8653588844463229

Epoch 137
losses_train/task:	0.6574524641036987
losses_train/concepts:	19.04664421081543
losses_train/representations:	37.6359748840332
losses_train/total:	13.852912902832031
losses_test/task:	0.8769121766090393
losses_test/concepts:	21.772306442260742
losses_test/representations:	50.416259765625
losses_test/total:	18.179018020629883
calibration_test/ece:	0.03761792182922363
calibration_test/brier:	0.40852978825569153
accuracy_test/task:	69.61
accuracy_test/concepts:	85.05498504638672
map_test/concepts:	0.8651210434036329

Epoch 138
losses_train/task:	0.6579536199569702
losses_train/concepts:	19.048940658569336
losses_train/representations:	37.62724304199219
losses_train/total:	13.851009368896484
losses_test/task:	0.8761599063873291
losses_test/concepts:	21.78114128112793
losses_test/representations:	50.42527389526367
losses_test/total:	18.181854248046875
calibration_test/ece:	0.03741644695401192
calibration_test/brier:	0.40859779715538025
accuracy_test/task:	69.62
accuracy_test/concepts:	85.05577087402344
map_test/concepts:	0.8652445345651358

Epoch 139
losses_train/task:	0.6606314182281494
losses_train/concepts:	19.0335750579834
losses_train/representations:	37.6176643371582
losses_train/total:	13.849283218383789
losses_test/task:	0.8755841255187988
losses_test/concepts:	21.747577667236328
losses_test/representations:	50.40540313720703
losses_test/total:	18.171960830688477
calibration_test/ece:	0.035398438572883606
calibration_test/brier:	0.4081507623195648
accuracy_test/task:	69.82
accuracy_test/concepts:	85.05297088623047
map_test/concepts:	0.8653477083425969

Epoch 140
losses_train/task:	0.6587038636207581
losses_train/concepts:	19.040395736694336
losses_train/representations:	37.60480880737305
losses_train/total:	13.844189643859863
losses_test/task:	0.8775850534439087
losses_test/concepts:	21.76929473876953
losses_test/representations:	50.402015686035156
losses_test/total:	18.175121307373047
calibration_test/ece:	0.036487799137830734
calibration_test/brier:	0.40892493724823
accuracy_test/task:	69.73
accuracy_test/concepts:	85.05062103271484
map_test/concepts:	0.8652356107486412

Epoch 141
losses_train/task:	0.6558038592338562
losses_train/concepts:	19.057523727416992
losses_train/representations:	37.620269775390625
losses_train/total:	13.847639083862305
losses_test/task:	0.8777333498001099
losses_test/concepts:	21.767805099487305
losses_test/representations:	50.43019104003906
losses_test/total:	18.183574676513672
calibration_test/ece:	0.03761077672243118
calibration_test/brier:	0.4088745713233948
accuracy_test/task:	69.73
accuracy_test/concepts:	85.07530212402344
map_test/concepts:	0.8652212541783229

Epoch 142
losses_train/task:	0.6589267253875732
losses_train/concepts:	19.05584144592285
losses_train/representations:	37.63959884643555
losses_train/total:	13.856390953063965
losses_test/task:	0.8772749304771423
losses_test/concepts:	21.79376220703125
losses_test/representations:	50.45418167114258
losses_test/total:	18.192909240722656
calibration_test/ece:	0.03740823268890381
calibration_test/brier:	0.40892764925956726
accuracy_test/task:	69.66
accuracy_test/concepts:	85.04078674316406
map_test/concepts:	0.8651642582844943

Epoch 143
losses_train/task:	0.6560948491096497
losses_train/concepts:	19.04338836669922
losses_train/representations:	37.614131927490234
losses_train/total:	13.844670295715332
losses_test/task:	0.8785291314125061
losses_test/concepts:	21.76707649230957
losses_test/representations:	50.457698822021484
losses_test/total:	18.19254493713379
calibration_test/ece:	0.03898739069700241
calibration_test/brier:	0.4091697633266449
accuracy_test/task:	69.63
accuracy_test/concepts:	85.0501480102539
map_test/concepts:	0.8653357403818518

Epoch 144
losses_train/task:	0.6615262031555176
losses_train/concepts:	19.032323837280273
losses_train/representations:	37.599891662597656
losses_train/total:	13.844728469848633
losses_test/task:	0.8764938116073608
losses_test/concepts:	21.7852725982666
losses_test/representations:	50.45526123046875
losses_test/total:	18.191600799560547
calibration_test/ece:	0.03669755905866623
calibration_test/brier:	0.40839144587516785
accuracy_test/task:	69.79
accuracy_test/concepts:	85.05216979980469
map_test/concepts:	0.8649818330304697

Epoch 145
losses_train/task:	0.6591278910636902
losses_train/concepts:	19.0551700592041
losses_train/representations:	37.60049057006836
losses_train/total:	13.844797134399414
losses_test/task:	0.8786483407020569
losses_test/concepts:	21.744518280029297
losses_test/representations:	50.38698196411133
losses_test/total:	18.169198989868164
calibration_test/ece:	0.03909570723772049
calibration_test/brier:	0.40913912653923035
accuracy_test/task:	69.59
accuracy_test/concepts:	85.08203887939453
map_test/concepts:	0.8653641398996115

Epoch 146
losses_train/task:	0.6549876928329468
losses_train/concepts:	18.9957218170166
losses_train/representations:	37.5099983215332
losses_train/total:	13.807555198669434
losses_test/task:	0.8778645992279053
losses_test/concepts:	21.76726531982422
losses_test/representations:	50.45878601074219
losses_test/total:	18.192228317260742
calibration_test/ece:	0.038878750056028366
calibration_test/brier:	0.4092579483985901
accuracy_test/task:	69.75
accuracy_test/concepts:	85.07062530517578
map_test/concepts:	0.8653327046195045

Epoch 147
losses_train/task:	0.6553595662117004
losses_train/concepts:	18.993091583251953
losses_train/representations:	37.5149040222168
losses_train/total:	13.80912971496582
losses_test/task:	0.8788871765136719
losses_test/concepts:	21.76061248779297
losses_test/representations:	50.447628021240234
losses_test/total:	18.18924331665039
calibration_test/ece:	0.03976716101169586
calibration_test/brier:	0.4093779921531677
accuracy_test/task:	69.65
accuracy_test/concepts:	85.06937408447266
map_test/concepts:	0.8652285494608805

Epoch 148
losses_train/task:	0.6562552452087402
losses_train/concepts:	19.007125854492188
losses_train/representations:	37.5501823425293
losses_train/total:	13.822019577026367
losses_test/task:	0.8773529529571533
losses_test/concepts:	21.76517677307129
losses_test/representations:	50.434478759765625
losses_test/total:	18.1842098236084
calibration_test/ece:	0.03697945550084114
calibration_test/brier:	0.4089125096797943
accuracy_test/task:	69.66
accuracy_test/concepts:	85.06640625
map_test/concepts:	0.8651067727478221

Epoch 149
losses_train/task:	0.6590951681137085
losses_train/concepts:	18.999340057373047
losses_train/representations:	37.53438949584961
losses_train/total:	13.81934642791748
losses_test/task:	0.8784213662147522
losses_test/concepts:	21.781938552856445
losses_test/representations:	50.47003173828125
losses_test/total:	18.197628021240234
calibration_test/ece:	0.037233538925647736
calibration_test/brier:	0.40929117798805237
accuracy_test/task:	69.74
accuracy_test/concepts:	85.0565414428711
map_test/concepts:	0.8651973119704053

Epoch 150
losses_train/task:	0.6602048873901367
losses_train/concepts:	18.97442626953125
losses_train/representations:	37.49738311767578
losses_train/total:	13.806856155395508
losses_test/task:	0.8790184855461121
losses_test/concepts:	21.761343002319336
losses_test/representations:	50.40900802612305
losses_test/total:	18.1778564453125
calibration_test/ece:	0.03668145462870598
calibration_test/brier:	0.4099430739879608
accuracy_test/task:	69.56
accuracy_test/concepts:	85.05201721191406
map_test/concepts:	0.8651596837444231

Epoch 151
losses_train/task:	0.6523537635803223
losses_train/concepts:	19.00043296813965
losses_train/representations:	37.50523376464844
losses_train/total:	13.803964614868164
losses_test/task:	0.8788946866989136
losses_test/concepts:	21.78801155090332
losses_test/representations:	50.4748420715332
losses_test/total:	18.20014762878418
calibration_test/ece:	0.03906824812293053
calibration_test/brier:	0.40967002511024475
accuracy_test/task:	69.57
accuracy_test/concepts:	85.05297088623047
map_test/concepts:	0.8651545639149845

Epoch 152
losses_train/task:	0.6572520732879639
losses_train/concepts:	18.988256454467773
losses_train/representations:	37.49116897583008
losses_train/total:	13.803428649902344
losses_test/task:	0.8783136606216431
losses_test/concepts:	21.770002365112305
losses_test/representations:	50.448707580566406
losses_test/total:	18.18992805480957
calibration_test/ece:	0.03775859996676445
calibration_test/brier:	0.4092336893081665
accuracy_test/task:	69.76
accuracy_test/concepts:	85.06343078613281
map_test/concepts:	0.8651549748610705

Epoch 153
losses_train/task:	0.6567530632019043
losses_train/concepts:	18.974817276000977
losses_train/representations:	37.48878479003906
losses_train/total:	13.800867080688477
losses_test/task:	0.878563642501831
losses_test/concepts:	21.775333404541016
losses_test/representations:	50.427452087402344
losses_test/total:	18.1843318939209
calibration_test/ece:	0.03598307818174362
calibration_test/brier:	0.409370094537735
accuracy_test/task:	69.81
accuracy_test/concepts:	85.05421447753906
map_test/concepts:	0.8650315989507362

Epoch 154
losses_train/task:	0.6563371419906616
losses_train/concepts:	18.983409881591797
losses_train/representations:	37.493309020996094
losses_train/total:	13.802668571472168
losses_test/task:	0.878484308719635
losses_test/concepts:	21.797021865844727
losses_test/representations:	50.50810241699219
losses_test/total:	18.21061897277832
calibration_test/ece:	0.03800784796476364
calibration_test/brier:	0.4092487394809723
accuracy_test/task:	69.69
accuracy_test/concepts:	85.04155731201172
map_test/concepts:	0.8650706330081448

Epoch 155
losses_train/task:	0.6498057842254639
losses_train/concepts:	18.960948944091797
losses_train/representations:	37.455379486083984
losses_train/total:	13.78252124786377
losses_test/task:	0.8778745532035828
losses_test/concepts:	21.754335403442383
losses_test/representations:	50.43400955200195
losses_test/total:	18.183509826660156
calibration_test/ece:	0.03842276334762573
calibration_test/brier:	0.408805787563324
accuracy_test/task:	69.7
accuracy_test/concepts:	85.06609344482422
map_test/concepts:	0.8650079558137804

Epoch 156
losses_train/task:	0.656847357749939
losses_train/concepts:	18.985095977783203
losses_train/representations:	37.483036041259766
losses_train/total:	13.800271987915039
losses_test/task:	0.8792492151260376
losses_test/concepts:	21.786619186401367
losses_test/representations:	50.48140335083008
losses_test/total:	18.20233726501465
calibration_test/ece:	0.03846387565135956
calibration_test/brier:	0.40933957695961
accuracy_test/task:	69.72
accuracy_test/concepts:	85.06295776367188
map_test/concepts:	0.8650330294622108

Epoch 157
losses_train/task:	0.6577448844909668
losses_train/concepts:	18.95621681213379
losses_train/representations:	37.43616485595703
losses_train/total:	13.784213066101074
losses_test/task:	0.8782262206077576
losses_test/concepts:	21.75249481201172
losses_test/representations:	50.42411804199219
losses_test/total:	18.180709838867188
calibration_test/ece:	0.03814403712749481
calibration_test/brier:	0.40873751044273376
accuracy_test/task:	69.76
accuracy_test/concepts:	85.08170318603516
map_test/concepts:	0.8652550058905035

Epoch 158
losses_train/task:	0.6523309946060181
losses_train/concepts:	18.988422393798828
losses_train/representations:	37.46637725830078
losses_train/total:	13.791081428527832
losses_test/task:	0.879336416721344
losses_test/concepts:	21.7883243560791
losses_test/representations:	50.49534225463867
losses_test/total:	18.20677375793457
calibration_test/ece:	0.038665443658828735
calibration_test/brier:	0.4095463156700134
accuracy_test/task:	69.72
accuracy_test/concepts:	85.05094146728516
map_test/concepts:	0.8648876175284386

Epoch 159
losses_train/task:	0.6521849036216736
losses_train/concepts:	18.9654483795166
losses_train/representations:	37.429595947265625
losses_train/total:	13.777618408203125
losses_test/task:	0.8777003288269043
losses_test/concepts:	21.773229598999023
losses_test/representations:	50.48020553588867
losses_test/total:	18.199081420898438
calibration_test/ece:	0.03654904663562775
calibration_test/brier:	0.4086293578147888
accuracy_test/task:	69.85
accuracy_test/concepts:	85.05062103271484
map_test/concepts:	0.8652363176224753

Epoch 160
losses_train/task:	0.6515787839889526
losses_train/concepts:	18.96387481689453
losses_train/representations:	37.44551467895508
losses_train/total:	13.781624794006348
losses_test/task:	0.8785695433616638
losses_test/concepts:	21.777450561523438
losses_test/representations:	50.449954986572266
losses_test/total:	18.191299438476562
calibration_test/ece:	0.03885839134454727
calibration_test/brier:	0.40913739800453186
accuracy_test/task:	69.66
accuracy_test/concepts:	85.06781005859375
map_test/concepts:	0.864950918359682

Epoch 161
losses_train/task:	0.6469215154647827
losses_train/concepts:	18.950027465820312
losses_train/representations:	37.43154525756836
losses_train/total:	13.771384239196777
losses_test/task:	0.8764569759368896
losses_test/concepts:	21.72920036315918
losses_test/representations:	50.34784698486328
losses_test/total:	18.15373420715332
calibration_test/ece:	0.03783532604575157
calibration_test/brier:	0.40851444005966187
accuracy_test/task:	69.79
accuracy_test/concepts:	85.07795715332031
map_test/concepts:	0.8654179977020249

Epoch 162
losses_train/task:	0.6529794931411743
losses_train/concepts:	18.920602798461914
losses_train/representations:	37.37344741821289
losses_train/total:	13.757075309753418
losses_test/task:	0.8764250874519348
losses_test/concepts:	21.733951568603516
losses_test/representations:	50.337860107421875
losses_test/total:	18.151180267333984
calibration_test/ece:	0.037827443331480026
calibration_test/brier:	0.40865105390548706
accuracy_test/task:	69.86
accuracy_test/concepts:	85.07920837402344
map_test/concepts:	0.8654506481252611

Epoch 163
losses_train/task:	0.6460186243057251
losses_train/concepts:	18.9550724029541
losses_train/representations:	37.406097412109375
losses_train/total:	13.7633638381958
losses_test/task:	0.876291811466217
losses_test/concepts:	21.7337646484375
losses_test/representations:	50.323856353759766
losses_test/total:	18.146825790405273
calibration_test/ece:	0.037841152399778366
calibration_test/brier:	0.408652126789093
accuracy_test/task:	69.8
accuracy_test/concepts:	85.07920837402344
map_test/concepts:	0.8654519668780267

Epoch 164
losses_train/task:	0.6464521288871765
losses_train/concepts:	18.956037521362305
losses_train/representations:	37.37876892089844
losses_train/total:	13.755685806274414
losses_test/task:	0.8760590553283691
losses_test/concepts:	21.739582061767578
losses_test/representations:	50.332977294921875
losses_test/total:	18.149911880493164
calibration_test/ece:	0.03755232319235802
calibration_test/brier:	0.40865492820739746
accuracy_test/task:	69.74
accuracy_test/concepts:	85.08061218261719
map_test/concepts:	0.8654859226662666

Epoch 165
losses_train/task:	0.6495851874351501
losses_train/concepts:	18.93463897705078
losses_train/representations:	37.379547119140625
losses_train/total:	13.756918907165527
losses_test/task:	0.8760727047920227
losses_test/concepts:	21.734283447265625
losses_test/representations:	50.3203010559082
losses_test/total:	18.14559555053711
calibration_test/ece:	0.037674009799957275
calibration_test/brier:	0.4086292088031769
accuracy_test/task:	69.8
accuracy_test/concepts:	85.07577514648438
map_test/concepts:	0.865488680661656

Epoch 166
losses_train/task:	0.6482391953468323
losses_train/concepts:	18.915122985839844
losses_train/representations:	37.33439254760742
losses_train/total:	13.740072250366211
losses_test/task:	0.8756744861602783
losses_test/concepts:	21.73166847229004
losses_test/representations:	50.326602935791016
losses_test/total:	18.146820068359375
calibration_test/ece:	0.03849758952856064
calibration_test/brier:	0.40844109654426575
accuracy_test/task:	69.84
accuracy_test/concepts:	85.07704162597656
map_test/concepts:	0.8654712418792769

Epoch 167
losses_train/task:	0.6515219807624817
losses_train/concepts:	18.95781898498535
losses_train/representations:	37.363792419433594
losses_train/total:	13.756446838378906
losses_test/task:	0.8758469820022583
losses_test/concepts:	21.73076057434082
losses_test/representations:	50.31990432739258
losses_test/total:	18.1448974609375
calibration_test/ece:	0.03862867131829262
calibration_test/brier:	0.4085426330566406
accuracy_test/task:	69.73
accuracy_test/concepts:	85.07343292236328
map_test/concepts:	0.8653972583124414

Epoch 168
losses_train/task:	0.6445059180259705
losses_train/concepts:	18.92177391052246
losses_train/representations:	37.3485221862793
losses_train/total:	13.741244316101074
losses_test/task:	0.8761227130889893
losses_test/concepts:	21.73676109313965
losses_test/representations:	50.34033203125
losses_test/total:	18.151901245117188
calibration_test/ece:	0.03889293223619461
calibration_test/brier:	0.4085909426212311
accuracy_test/task:	69.77
accuracy_test/concepts:	85.0726547241211
map_test/concepts:	0.8654525772435591

Epoch 169
losses_train/task:	0.6466732025146484
losses_train/concepts:	18.94407844543457
losses_train/representations:	37.37335205078125
losses_train/total:	13.753096580505371
losses_test/task:	0.8758605122566223
losses_test/concepts:	21.72601318359375
losses_test/representations:	50.329044342041016
losses_test/total:	18.147178649902344
calibration_test/ece:	0.03798685595393181
calibration_test/brier:	0.40841910243034363
accuracy_test/task:	69.86
accuracy_test/concepts:	85.08485412597656
map_test/concepts:	0.8655818592524156

Epoch 170
losses_train/task:	0.6484057903289795
losses_train/concepts:	18.95189094543457
losses_train/representations:	37.39248275756836
losses_train/total:	13.761334419250488
losses_test/task:	0.8758430480957031
losses_test/concepts:	21.739912033081055
losses_test/representations:	50.33781433105469
losses_test/total:	18.15117835998535
calibration_test/ece:	0.03748984634876251
calibration_test/brier:	0.40845271944999695
accuracy_test/task:	69.83
accuracy_test/concepts:	85.06609344482422
map_test/concepts:	0.8654984814347699

Epoch 171
losses_train/task:	0.6420205235481262
losses_train/concepts:	18.934505462646484
losses_train/representations:	37.36745071411133
losses_train/total:	13.745705604553223
losses_test/task:	0.8760095834732056
losses_test/concepts:	21.73491668701172
losses_test/representations:	50.333744049072266
losses_test/total:	18.14962387084961
calibration_test/ece:	0.0377158485352993
calibration_test/brier:	0.40855178236961365
accuracy_test/task:	69.87
accuracy_test/concepts:	85.06858825683594
map_test/concepts:	0.8655226420378312

Epoch 172
losses_train/task:	0.6511808037757874
losses_train/concepts:	18.921293258666992
losses_train/representations:	37.355037689208984
losses_train/total:	13.749811172485352
losses_test/task:	0.8758659362792969
losses_test/concepts:	21.7371826171875
losses_test/representations:	50.33552551269531
losses_test/total:	18.150243759155273
calibration_test/ece:	0.03752836585044861
calibration_test/brier:	0.4085175395011902
accuracy_test/task:	69.84
accuracy_test/concepts:	85.06967163085938
map_test/concepts:	0.8654308235272765

Epoch 173
losses_train/task:	0.6457383036613464
losses_train/concepts:	18.919404983520508
losses_train/representations:	37.393577575683594
losses_train/total:	13.755758285522461
losses_test/task:	0.8758929371833801
losses_test/concepts:	21.738731384277344
losses_test/representations:	50.33174133300781
losses_test/total:	18.149290084838867
calibration_test/ece:	0.037633780390024185
calibration_test/brier:	0.4085347056388855
accuracy_test/task:	69.79
accuracy_test/concepts:	85.07279968261719
map_test/concepts:	0.8654916635714471

Epoch 174
losses_train/task:	0.6471540331840515
losses_train/concepts:	18.93105697631836
losses_train/representations:	37.34812545776367
losses_train/total:	13.744702339172363
losses_test/task:	0.8757980465888977
losses_test/concepts:	21.73509979248047
losses_test/representations:	50.326942443847656
losses_test/total:	18.147388458251953
calibration_test/ece:	0.03736872971057892
calibration_test/brier:	0.40851086378097534
accuracy_test/task:	69.88
accuracy_test/concepts:	85.0704574584961
map_test/concepts:	0.8654048918979242

Epoch 175
losses_train/task:	0.6491826176643372
losses_train/concepts:	18.93952178955078
losses_train/representations:	37.33441162109375
losses_train/total:	13.743459701538086
losses_test/task:	0.8757703304290771
losses_test/concepts:	21.732419967651367
losses_test/representations:	50.335113525390625
losses_test/total:	18.1495418548584
calibration_test/ece:	0.037912216037511826
calibration_test/brier:	0.40852993726730347
accuracy_test/task:	69.76
accuracy_test/concepts:	85.07750701904297
map_test/concepts:	0.8653726991033182

Epoch 176
losses_train/task:	0.6487488746643066
losses_train/concepts:	18.935882568359375
losses_train/representations:	37.3507080078125
losses_train/total:	13.747549057006836
losses_test/task:	0.8759626746177673
losses_test/concepts:	21.730892181396484
losses_test/representations:	50.33322525024414
losses_test/total:	18.14902114868164
calibration_test/ece:	0.037743788212537766
calibration_test/brier:	0.40855443477630615
accuracy_test/task:	69.76
accuracy_test/concepts:	85.07811737060547
map_test/concepts:	0.8655376189853996

Epoch 177
losses_train/task:	0.6495934724807739
losses_train/concepts:	18.913137435913086
losses_train/representations:	37.35787582397461
losses_train/total:	13.748276710510254
losses_test/task:	0.8758184909820557
losses_test/concepts:	21.729604721069336
losses_test/representations:	50.32875061035156
losses_test/total:	18.14740562438965
calibration_test/ece:	0.03784450516104698
calibration_test/brier:	0.4085502326488495
accuracy_test/task:	69.82
accuracy_test/concepts:	85.07624053955078
map_test/concepts:	0.8654963831650093

Epoch 178
losses_train/task:	0.6472869515419006
losses_train/concepts:	18.92146873474121
losses_train/representations:	37.344398498535156
losses_train/total:	13.742754936218262
losses_test/task:	0.8754709362983704
losses_test/concepts:	21.732995986938477
losses_test/representations:	50.3349723815918
losses_test/total:	18.149259567260742
calibration_test/ece:	0.03752848878502846
calibration_test/brier:	0.4084516167640686
accuracy_test/task:	69.85
accuracy_test/concepts:	85.07279968261719
map_test/concepts:	0.8655205644899979

Epoch 179
losses_train/task:	0.6462512016296387
losses_train/concepts:	18.952613830566406
losses_train/representations:	37.387176513671875
losses_train/total:	13.757662773132324
losses_test/task:	0.8756406903266907
losses_test/concepts:	21.738094329833984
losses_test/representations:	50.33189010620117
losses_test/total:	18.14902114868164
calibration_test/ece:	0.037886664271354675
calibration_test/brier:	0.40842828154563904
accuracy_test/task:	69.81
accuracy_test/concepts:	85.07437133789062
map_test/concepts:	0.8654340086504817

Epoch 180
losses_train/task:	0.6427085995674133
losses_train/concepts:	18.92860221862793
losses_train/representations:	37.336849212646484
losses_train/total:	13.736618995666504
losses_test/task:	0.8763412237167358
losses_test/concepts:	21.736846923828125
losses_test/representations:	50.33494186401367
losses_test/total:	18.150503158569336
calibration_test/ece:	0.03767437860369682
calibration_test/brier:	0.4086955785751343
accuracy_test/task:	69.82
accuracy_test/concepts:	85.06999206542969
map_test/concepts:	0.8654424049891531

Epoch 181
losses_train/task:	0.6501445770263672
losses_train/concepts:	18.9320011138916
losses_train/representations:	37.363094329833984
losses_train/total:	13.752264976501465
losses_test/task:	0.8761169910430908
losses_test/concepts:	21.735994338989258
losses_test/representations:	50.34105682373047
losses_test/total:	18.15203094482422
calibration_test/ece:	0.038127798587083817
calibration_test/brier:	0.40853556990623474
accuracy_test/task:	69.75
accuracy_test/concepts:	85.07967376708984
map_test/concepts:	0.8655263956170529

Epoch 182
losses_train/task:	0.6397082805633545
losses_train/concepts:	18.918272018432617
losses_train/representations:	37.3333740234375
losses_train/total:	13.731547355651855
losses_test/task:	0.8760060667991638
losses_test/concepts:	21.739215850830078
losses_test/representations:	50.348060607910156
losses_test/total:	18.154338836669922
calibration_test/ece:	0.037838514894247055
calibration_test/brier:	0.40851065516471863
accuracy_test/task:	69.83
accuracy_test/concepts:	85.07499694824219
map_test/concepts:	0.8654194924747571

Epoch 183
losses_train/task:	0.6513206958770752
losses_train/concepts:	18.951412200927734
losses_train/representations:	37.36883544921875
losses_train/total:	13.757113456726074
losses_test/task:	0.8760592341423035
losses_test/concepts:	21.743717193603516
losses_test/representations:	50.346588134765625
losses_test/total:	18.154415130615234
calibration_test/ece:	0.037984900176525116
calibration_test/brier:	0.4085368812084198
accuracy_test/task:	69.8
accuracy_test/concepts:	85.07717895507812
map_test/concepts:	0.8654898937093094

Epoch 184
losses_train/task:	0.6458700299263
losses_train/concepts:	18.92299461364746
losses_train/representations:	37.345943450927734
losses_train/total:	13.741949081420898
losses_test/task:	0.8759844899177551
losses_test/concepts:	21.738006591796875
losses_test/representations:	50.33638000488281
losses_test/total:	18.15070343017578
calibration_test/ece:	0.03914545848965645
calibration_test/brier:	0.408594012260437
accuracy_test/task:	69.79
accuracy_test/concepts:	85.07577514648438
map_test/concepts:	0.8654260213952512

Epoch 185
losses_train/task:	0.6461426019668579
losses_train/concepts:	18.92000961303711
losses_train/representations:	37.34207534790039
losses_train/total:	13.740762710571289
losses_test/task:	0.8756189942359924
losses_test/concepts:	21.733280181884766
losses_test/representations:	50.336395263671875
losses_test/total:	18.14986801147461
calibration_test/ece:	0.037830401211977005
calibration_test/brier:	0.4084235727787018
accuracy_test/task:	69.84
accuracy_test/concepts:	85.07295227050781
map_test/concepts:	0.8654678544262424

Epoch 186
losses_train/task:	0.6518118381500244
losses_train/concepts:	18.929824829101562
losses_train/representations:	37.35565185546875
losses_train/total:	13.751495361328125
losses_test/task:	0.8765658140182495
losses_test/concepts:	21.737146377563477
losses_test/representations:	50.339107513427734
losses_test/total:	18.15201187133789
calibration_test/ece:	0.038034576922655106
calibration_test/brier:	0.40872740745544434
accuracy_test/task:	69.86
accuracy_test/concepts:	85.07124328613281
map_test/concepts:	0.8654320639325306

Epoch 187
losses_train/task:	0.6470848321914673
losses_train/concepts:	18.92949867248535
losses_train/representations:	37.334129333496094
losses_train/total:	13.740280151367188
losses_test/task:	0.8762625455856323
losses_test/concepts:	21.734642028808594
losses_test/representations:	50.33871841430664
losses_test/total:	18.15134620666504
calibration_test/ece:	0.03829275816679001
calibration_test/brier:	0.40860670804977417
accuracy_test/task:	69.76
accuracy_test/concepts:	85.07328033447266
map_test/concepts:	0.8654232227709144

Epoch 188
losses_train/task:	0.6434912085533142
losses_train/concepts:	18.922388076782227
losses_train/representations:	37.342655181884766
losses_train/total:	13.738519668579102
losses_test/task:	0.8760637044906616
losses_test/concepts:	21.73645782470703
losses_test/representations:	50.33445358276367
losses_test/total:	18.150041580200195
calibration_test/ece:	0.038874782621860504
calibration_test/brier:	0.408606618642807
accuracy_test/task:	69.76
accuracy_test/concepts:	85.0709228515625
map_test/concepts:	0.8655196807812899

Epoch 189
losses_train/task:	0.6474526524543762
losses_train/concepts:	18.95111846923828
losses_train/representations:	37.40380859375
losses_train/total:	13.763713836669922
losses_test/task:	0.8752502202987671
losses_test/concepts:	21.732778549194336
losses_test/representations:	50.33564758300781
losses_test/total:	18.14922332763672
calibration_test/ece:	0.03783285617828369
calibration_test/brier:	0.4083489775657654
accuracy_test/task:	69.72
accuracy_test/concepts:	85.0709457397461
map_test/concepts:	0.8654747598338872

Epoch 190
losses_train/task:	0.648884117603302
losses_train/concepts:	18.913715362548828
losses_train/representations:	37.315635681152344
losses_train/total:	13.734949111938477
losses_test/task:	0.8761160373687744
losses_test/concepts:	21.73906898498535
losses_test/representations:	50.33610153198242
losses_test/total:	18.150854110717773
calibration_test/ece:	0.0381769984960556
calibration_test/brier:	0.40859076380729675
accuracy_test/task:	69.74
accuracy_test/concepts:	85.07514190673828
map_test/concepts:	0.8653652148786932

Epoch 191
losses_train/task:	0.6440153121948242
losses_train/concepts:	18.906089782714844
losses_train/representations:	37.318546295166016
losses_train/total:	13.730191230773926
losses_test/task:	0.8761110901832581
losses_test/concepts:	21.73285675048828
losses_test/representations:	50.32878875732422
losses_test/total:	18.14803695678711
calibration_test/ece:	0.037531282752752304
calibration_test/brier:	0.40856677293777466
accuracy_test/task:	69.84
accuracy_test/concepts:	85.08000946044922
map_test/concepts:	0.865351376705803

Epoch 192
losses_train/task:	0.6464340090751648
losses_train/concepts:	18.932605743408203
losses_train/representations:	37.34543991088867
losses_train/total:	13.743319511413574
losses_test/task:	0.8756133913993835
losses_test/concepts:	21.73185920715332
losses_test/representations:	50.32898712158203
losses_test/total:	18.147493362426758
calibration_test/ece:	0.03772060200572014
calibration_test/brier:	0.40840673446655273
accuracy_test/task:	69.81
accuracy_test/concepts:	85.07843017578125
map_test/concepts:	0.8654200974851847

Epoch 193
losses_train/task:	0.642669141292572
losses_train/concepts:	18.91507339477539
losses_train/representations:	37.3389778137207
losses_train/total:	13.735867500305176
losses_test/task:	0.8759081959724426
losses_test/concepts:	21.732837677001953
losses_test/representations:	50.33155059814453
losses_test/total:	18.148656845092773
calibration_test/ece:	0.03835932910442352
calibration_test/brier:	0.4084606170654297
accuracy_test/task:	69.78
accuracy_test/concepts:	85.0793685913086
map_test/concepts:	0.8654460837133229

Epoch 194
losses_train/task:	0.6430439949035645
losses_train/concepts:	18.92084312438965
losses_train/representations:	37.35816192626953
losses_train/total:	13.742582321166992
losses_test/task:	0.8765360116958618
losses_test/concepts:	21.736406326293945
losses_test/representations:	50.338558197021484
losses_test/total:	18.151748657226562
calibration_test/ece:	0.03883853554725647
calibration_test/brier:	0.4086456894874573
accuracy_test/task:	69.81
accuracy_test/concepts:	85.08031463623047
map_test/concepts:	0.8654644115595147

Epoch 195
losses_train/task:	0.6439067125320435
losses_train/concepts:	18.91532325744629
losses_train/representations:	37.336570739746094
losses_train/total:	13.73641586303711
losses_test/task:	0.8761334419250488
losses_test/concepts:	21.744577407836914
losses_test/representations:	50.34459686279297
losses_test/total:	18.15396499633789
calibration_test/ece:	0.03817005082964897
calibration_test/brier:	0.40856441855430603
accuracy_test/task:	69.83
accuracy_test/concepts:	85.07437896728516
map_test/concepts:	0.865333980997093

Epoch 196
losses_train/task:	0.6452478766441345
losses_train/concepts:	18.90439224243164
losses_train/representations:	37.31440353393555
losses_train/total:	13.730006217956543
losses_test/task:	0.8761602640151978
losses_test/concepts:	21.74097442626953
losses_test/representations:	50.33884811401367
losses_test/total:	18.151912689208984
calibration_test/ece:	0.038648415356874466
calibration_test/brier:	0.4085225760936737
accuracy_test/task:	69.76
accuracy_test/concepts:	85.07514190673828
map_test/concepts:	0.8654775501927361

Epoch 197
losses_train/task:	0.6469190716743469
losses_train/concepts:	18.895816802978516
losses_train/representations:	37.286476135253906
losses_train/total:	13.722447395324707
losses_test/task:	0.876305341720581
losses_test/concepts:	21.737686157226562
losses_test/representations:	50.33689880371094
losses_test/total:	18.151138305664062
calibration_test/ece:	0.037832826375961304
calibration_test/brier:	0.40863773226737976
accuracy_test/task:	69.86
accuracy_test/concepts:	85.06937408447266
map_test/concepts:	0.8653409720864147

Epoch 198
losses_train/task:	0.6425690054893494
losses_train/concepts:	18.909847259521484
losses_train/representations:	37.335960388183594
losses_train/total:	13.734328269958496
losses_test/task:	0.876582682132721
losses_test/concepts:	21.74136734008789
losses_test/representations:	50.34711837768555
losses_test/total:	18.154861450195312
calibration_test/ece:	0.03852327540516853
calibration_test/brier:	0.40861496329307556
accuracy_test/task:	69.76
accuracy_test/concepts:	85.07562255859375
map_test/concepts:	0.8654948775656521

Epoch 199
losses_train/task:	0.6414588689804077
losses_train/concepts:	18.89288902282715
losses_train/representations:	37.28852844238281
losses_train/total:	13.717303276062012
losses_test/task:	0.8757772445678711
losses_test/concepts:	21.736513137817383
losses_test/representations:	50.332942962646484
losses_test/total:	18.149311065673828
calibration_test/ece:	0.037992604076862335
calibration_test/brier:	0.4083866775035858
accuracy_test/task:	69.8
accuracy_test/concepts:	85.08045959472656
map_test/concepts:	0.8654506504535675

Epoch 200
losses_train/task:	0.6484609842300415
losses_train/concepts:	18.91753578186035
losses_train/representations:	37.3292236328125
losses_train/total:	13.738987922668457
losses_test/task:	0.876031219959259
losses_test/concepts:	21.734554290771484
losses_test/representations:	50.336448669433594
losses_test/total:	18.150426864624023
calibration_train/ece:	0.0728076919913292
calibration_train/brier:	0.21070173382759094
accuracy_train/task:	86.08974358974359
calibration_test/ece:	0.03709712252020836
calibration_test/brier:	0.4085283577442169
accuracy_test/task:	69.87
accuracy_train/concepts:	89.69853973388672
map_train/concepts:	0.936705639702268
accuracy_test/concepts:	85.08030700683594
map_test/concepts:	0.865533743519336
accuracy_test/nuisances_task:	-0.6325321106971065
accuracy_test/nuisances_nontask:	0.0
mutual_inf_test/nuisances_task:	0.17201535239919474
mutual_inf_test/nuisances_nontask:	0.0

epoch_200.pt
groups=0 err_lowconf=30.130 err_random=30.130
groups=1 err_lowconf=30.250 err_random=30.250
groups=2 err_lowconf=29.750 err_random=29.750
groups=3 err_lowconf=29.140 err_random=29.140
groups=4 err_lowconf=28.970 err_random=28.970
groups=5 err_lowconf=28.720 err_random=28.720
groups=6 err_lowconf=28.620 err_random=28.620
groups=7 err_lowconf=28.640 err_random=28.640
groups=8 err_lowconf=28.280 err_random=28.280
groups=9 err_lowconf=27.080 err_random=27.080
groups=10 err_lowconf=27.040 err_random=27.040
groups=11 err_lowconf=27.720 err_random=27.720
groups=12 err_lowconf=27.170 err_random=27.170
groups=13 err_lowconf=26.960 err_random=26.960
groups=14 err_lowconf=26.460 err_random=26.460
groups=15 err_lowconf=25.950 err_random=25.950
groups=16 err_lowconf=25.610 err_random=25.610
groups=17 err_lowconf=24.940 err_random=24.940
groups=18 err_lowconf=24.630 err_random=24.630
groups=19 err_lowconf=24.550 err_random=24.550
groups=20 err_lowconf=23.840 err_random=23.840
groups=21 err_lowconf=24.160 err_random=24.160
groups=22 err_lowconf=24.410 err_random=24.410
groups=23 err_lowconf=24.540 err_random=24.540
groups=24 err_lowconf=24.810 err_random=24.810
groups=25 err_lowconf=25.020 err_random=25.020
groups=26 err_lowconf=25.020 err_random=25.020
groups=27 err_lowconf=25.550 err_random=25.550
groups=28 err_lowconf=25.820 err_random=25.820
groups=29 err_lowconf=25.100 err_random=25.100
groups=30 err_lowconf=24.820 err_random=24.820
groups=31 err_lowconf=25.050 err_random=25.050
groups=32 err_lowconf=25.190 err_random=25.190
groups=33 err_lowconf=25.020 err_random=25.020
groups=34 err_lowconf=25.100 err_random=25.100
groups=35 err_lowconf=25.050 err_random=25.050
groups=36 err_lowconf=25.080 err_random=25.080
groups=37 err_lowconf=24.950 err_random=24.950
groups=38 err_lowconf=25.310 err_random=25.310
groups=39 err_lowconf=25.360 err_random=25.360
groups=40 err_lowconf=25.440 err_random=25.440
groups=41 err_lowconf=25.500 err_random=25.500
groups=42 err_lowconf=25.310 err_random=25.310
groups=43 err_lowconf=25.210 err_random=25.210
groups=44 err_lowconf=25.510 err_random=25.510
groups=45 err_lowconf=25.550 err_random=25.550
groups=46 err_lowconf=25.480 err_random=25.480
groups=47 err_lowconf=25.440 err_random=25.440
groups=48 err_lowconf=25.520 err_random=25.520
groups=49 err_lowconf=25.560 err_random=25.560
groups=50 err_lowconf=25.580 err_random=25.580
groups=51 err_lowconf=25.640 err_random=25.640
groups=52 err_lowconf=25.630 err_random=25.630
groups=53 err_lowconf=25.650 err_random=25.650
groups=54 err_lowconf=25.620 err_random=25.620
groups=55 err_lowconf=25.640 err_random=25.640
groups=56 err_lowconf=25.670 err_random=25.670
groups=57 err_lowconf=25.610 err_random=25.610
groups=58 err_lowconf=25.600 err_random=25.600
groups=59 err_lowconf=25.650 err_random=25.650
groups=60 err_lowconf=25.640 err_random=25.640
groups=61 err_lowconf=25.630 err_random=25.630
groups=62 err_lowconf=25.620 err_random=25.620
groups=63 err_lowconf=25.620 err_random=25.620
groups=64 err_lowconf=25.590 err_random=25.590
[1;34mwandb[0m:
[1;34mwandb[0m: You can sync this run to the cloud by running:
[1;34mwandb[0m: [1mwandb sync /research/hal-afsharim/minimal_cbm/results/cifar10-mcbm-03/42/wandb/offline-run-20260726_130744-t6y81lly[0m
[1;34mwandb[0m: Find logs at: [1;35mresults/cifar10-mcbm-03/42/wandb/offline-run-20260726_130744-t6y81lly/logs[0m
