
===== launch 2026-07-28 17:11:23.001744 gpu3 =====
wandb: Using wandb-core as the SDK backend.  Please refer to https://wandb.me/wandb-core for more information.
wandb: Tracking run with wandb version 0.19.0
wandb: W&B syncing is set to `offline` in this directory.  
wandb: Run `wandb online` or set WANDB_MODE=online to enable cloud syncing.
/research/hal-afsharim/miniconda3/envs/mcbm/lib/python3.10/site-packages/torchvision/models/_utils.py:208: UserWarning: The parameter 'pretrained' is deprecated since 0.13 and will be removed in 0.15, please use 'weights' instead.
  warnings.warn(
/research/hal-afsharim/miniconda3/envs/mcbm/lib/python3.10/site-packages/torchvision/models/_utils.py:223: UserWarning: Arguments other than a weight enum or `None` for 'weights' are deprecated since 0.13 and will be removed in 0.15. The current behavior is equivalent to passing `weights=Inception_V3_Weights.IMAGENET1K_V1`. You can also use `weights=Inception_V3_Weights.DEFAULT` to get the most up-to-date weights.
  warnings.warn(msg)
Epoch 1
losses_train/task:	5.315319061279297
losses_train/concepts:	65.8539810180664
losses_train/precision:	0.015927450731396675
losses_train/total:	11.90087604522705
losses_test/task:	5.293642997741699
losses_test/concepts:	54.84416961669922
losses_test/precision:	0.028339747339487076
losses_test/total:	10.77834415435791
calibration_test/ece:	0.0005763876251876354
calibration_test/brier:	0.9949361681938171
accuracy_test/task:	0.7594062823610632
accuracy_test/concepts:	70.81620788574219
map_test/concepts:	0.41962248317219997

Epoch 2
losses_train/task:	5.255780220031738
losses_train/concepts:	48.879276275634766
losses_train/precision:	0.0356864407658577
losses_train/total:	10.144064903259277
losses_test/task:	5.221828937530518
losses_test/concepts:	50.887611389160156
losses_test/precision:	0.04207885265350342
losses_test/total:	10.311010360717773
calibration_test/ece:	0.007552868686616421
calibration_test/brier:	0.9942095875740051
accuracy_test/task:	1.5360717984121506
accuracy_test/concepts:	71.27593994140625
map_test/concepts:	0.4723652698776939

Epoch 3
losses_train/task:	5.154299259185791
losses_train/concepts:	45.31285858154297
losses_train/precision:	0.04684631898999214
losses_train/total:	9.686052322387695
losses_test/task:	5.0774149894714355
losses_test/concepts:	42.67762756347656
losses_test/precision:	0.05292804539203644
losses_test/total:	9.345706939697266
calibration_test/ece:	0.017537077888846397
calibration_test/brier:	0.9925324320793152
accuracy_test/task:	2.7269589230238176
accuracy_test/concepts:	77.087890625
map_test/concepts:	0.5942816720767454

Epoch 4
losses_train/task:	4.987884998321533
losses_train/concepts:	41.23044967651367
losses_train/precision:	0.05825050547719002
losses_train/total:	9.111513137817383
losses_test/task:	4.837245941162109
losses_test/concepts:	37.15906524658203
losses_test/precision:	0.06332776695489883
losses_test/total:	8.553786277770996
calibration_test/ece:	0.027004707604646683
calibration_test/brier:	0.9892781972885132
accuracy_test/task:	3.986882982395582
accuracy_test/concepts:	80.41547393798828
map_test/concepts:	0.6538765809752725

Epoch 5
losses_train/task:	4.756875991821289
losses_train/concepts:	37.97956848144531
losses_train/precision:	0.06724394112825394
losses_train/total:	8.555503845214844
losses_test/task:	4.637457847595215
losses_test/concepts:	41.249351501464844
losses_test/precision:	0.07218430191278458
losses_test/total:	8.763113975524902
calibration_test/ece:	0.02908943220973015
calibration_test/brier:	0.9855165481567383
accuracy_test/task:	4.780807732136693
accuracy_test/concepts:	78.64154052734375
map_test/concepts:	0.6425055487589403

Epoch 6
losses_train/task:	4.505609035491943
losses_train/concepts:	36.471290588378906
losses_train/precision:	0.07599424570798874
losses_train/total:	8.153498649597168
losses_test/task:	4.495437145233154
losses_test/concepts:	44.79233932495117
losses_test/precision:	0.07851308584213257
losses_test/total:	8.975456237792969
calibration_test/ece:	0.03062841296195984
calibration_test/brier:	0.9825990796089172
accuracy_test/task:	5.419399378667587
accuracy_test/concepts:	80.38064575195312
map_test/concepts:	0.6348237005147067

Epoch 7
losses_train/task:	4.274774551391602
losses_train/concepts:	34.8128662109375
losses_train/precision:	0.08143094927072525
losses_train/total:	7.756877422332764
losses_test/task:	4.156858921051025
losses_test/concepts:	36.02118682861328
losses_test/precision:	0.0845184475183487
losses_test/total:	7.759822845458984
calibration_test/ece:	0.04061831161379814
calibration_test/brier:	0.9750890731811523
accuracy_test/task:	7.352433551950293
accuracy_test/concepts:	83.22090148925781
map_test/concepts:	0.6975900151512839

Epoch 8
losses_train/task:	4.095949649810791
losses_train/concepts:	33.6575813293457
losses_train/precision:	0.09034950286149979
losses_train/total:	7.462612152099609
losses_test/task:	3.9576001167297363
losses_test/concepts:	35.84260559082031
losses_test/precision:	0.09405167400836945
losses_test/total:	7.542801856994629
calibration_test/ece:	0.05818948894739151
calibration_test/brier:	0.968509316444397
accuracy_test/task:	9.855022437003797
accuracy_test/concepts:	81.84989166259766
map_test/concepts:	0.7080174554478038

Epoch 9
losses_train/task:	3.9268453121185303
losses_train/concepts:	31.943571090698242
losses_train/precision:	0.09691605716943741
losses_train/total:	7.122170925140381
losses_test/task:	3.9124412536621094
losses_test/concepts:	38.22642135620117
losses_test/precision:	0.09971711784601212
losses_test/total:	7.736080646514893
calibration_test/ece:	0.06342915445566177
calibration_test/brier:	0.9657744765281677
accuracy_test/task:	11.460131170176044
accuracy_test/concepts:	83.43616485595703
map_test/concepts:	0.7112132939425382

Epoch 10
losses_train/task:	3.7782654762268066
losses_train/concepts:	30.500816345214844
losses_train/precision:	0.10250224173069
losses_train/total:	6.829372406005859
losses_test/task:	4.541892051696777
losses_test/concepts:	56.966400146484375
losses_test/precision:	0.10647530108690262
losses_test/total:	10.23959732055664
calibration_test/ece:	0.03520739823579788
calibration_test/brier:	0.9768481850624084
accuracy_test/task:	8.57783914394201
accuracy_test/concepts:	81.6204833984375
map_test/concepts:	0.6486741288141771

Epoch 11
losses_train/task:	3.610610246658325
losses_train/concepts:	28.899572372436523
losses_train/precision:	0.11036129295825958
losses_train/total:	6.501671314239502
losses_test/task:	3.473820209503174
losses_test/concepts:	30.040647506713867
losses_test/precision:	0.11395307630300522
losses_test/total:	6.479024410247803
calibration_test/ece:	0.11198344081640244
calibration_test/brier:	0.9420350790023804
accuracy_test/task:	18.24301001035554
accuracy_test/concepts:	85.78749084472656
map_test/concepts:	0.775689912926067

Epoch 12
losses_train/task:	3.488433837890625
losses_train/concepts:	28.016361236572266
losses_train/precision:	0.11759296804666519
losses_train/total:	6.291245937347412
losses_test/task:	3.5582468509674072
losses_test/concepts:	35.99660110473633
losses_test/precision:	0.11995922029018402
losses_test/total:	7.159106731414795
calibration_test/ece:	0.09019266813993454
calibration_test/brier:	0.9409856200218201
accuracy_test/task:	18.03589920607525
accuracy_test/concepts:	84.2862548828125
map_test/concepts:	0.7447907762093977

Epoch 13
losses_train/task:	3.412066698074341
losses_train/concepts:	27.446182250976562
losses_train/precision:	0.12319327890872955
losses_train/total:	6.157916069030762
losses_test/task:	3.2450129985809326
losses_test/concepts:	29.00925064086914
losses_test/precision:	0.12725882232189178
losses_test/total:	6.147209644317627
calibration_test/ece:	0.12807314097881317
calibration_test/brier:	0.91739821434021
accuracy_test/task:	23.33448394891267
accuracy_test/concepts:	86.91374969482422
map_test/concepts:	0.8018319400874051

Epoch 14
losses_train/task:	3.2320456504821777
losses_train/concepts:	25.32170295715332
losses_train/precision:	0.1314052790403366
losses_train/total:	5.765530109405518
losses_test/task:	3.1602067947387695
losses_test/concepts:	27.49156951904297
losses_test/precision:	0.1339559108018875
losses_test/total:	5.910703659057617
calibration_test/ece:	0.12924310564994812
calibration_test/brier:	0.9079288244247437
accuracy_test/task:	24.439074905074214
accuracy_test/concepts:	87.2840347290039
map_test/concepts:	0.8065353827043014

Epoch 15
losses_train/task:	3.1315550804138184
losses_train/concepts:	24.868417739868164
losses_train/precision:	0.13715286552906036
losses_train/total:	5.6197686195373535
losses_test/task:	3.140608787536621
losses_test/concepts:	31.21712303161621
losses_test/precision:	0.1429286152124405
losses_test/total:	6.263749122619629
calibration_test/ece:	0.11807750165462494
calibration_test/brier:	0.8981135487556458
accuracy_test/task:	25.060407317915086
accuracy_test/concepts:	88.11341094970703
map_test/concepts:	0.8089859528975053

Epoch 16
losses_train/task:	3.0573716163635254
losses_train/concepts:	24.76298713684082
losses_train/precision:	0.1490960419178009
losses_train/total:	5.53516149520874
losses_test/task:	3.0355825424194336
losses_test/concepts:	29.90762710571289
losses_test/precision:	0.1551479995250702
losses_test/total:	6.027897357940674
calibration_test/ece:	0.11951706558465958
calibration_test/brier:	0.8823121786117554
accuracy_test/task:	26.49292371418709
accuracy_test/concepts:	88.05974578857422
map_test/concepts:	0.8168291774663058

Epoch 17
losses_train/task:	2.9599287509918213
losses_train/concepts:	23.893220901489258
losses_train/precision:	0.158523827791214
losses_train/total:	5.350835800170898
losses_test/task:	2.9161128997802734
losses_test/concepts:	27.376110076904297
losses_test/precision:	0.16311362385749817
losses_test/total:	5.655355930328369
calibration_test/ece:	0.13887982070446014
calibration_test/brier:	0.8688958883285522
accuracy_test/task:	29.56506731101139
accuracy_test/concepts:	88.15264892578125
map_test/concepts:	0.8168437589298595

Epoch 18
losses_train/task:	2.8459510803222656
losses_train/concepts:	23.258590698242188
losses_train/precision:	0.16633117198944092
losses_train/total:	5.173473358154297
losses_test/task:	3.0411596298217773
losses_test/concepts:	33.280975341796875
losses_test/precision:	0.16762682795524597
losses_test/total:	6.370934009552002
calibration_test/ece:	0.10377668589353561
calibration_test/brier:	0.8677346110343933
accuracy_test/task:	28.39143942008975
accuracy_test/concepts:	88.03810119628906
map_test/concepts:	0.8138763492757624

Epoch 19
losses_train/task:	2.7604944705963135
losses_train/concepts:	22.548553466796875
losses_train/precision:	0.16583536565303802
losses_train/total:	5.0170087814331055
losses_test/task:	2.6811277866363525
losses_test/concepts:	25.118467330932617
losses_test/precision:	0.16546586155891418
losses_test/total:	5.19462776184082
calibration_test/ece:	0.1357363611459732
calibration_test/brier:	0.8256286382675171
accuracy_test/task:	34.22506040731791
accuracy_test/concepts:	89.76934814453125
map_test/concepts:	0.8550313494422219

Epoch 20
losses_train/task:	2.6755077838897705
losses_train/concepts:	21.681381225585938
losses_train/precision:	0.16511516273021698
losses_train/total:	4.845297336578369
losses_test/task:	2.9497804641723633
losses_test/concepts:	34.17621612548828
losses_test/precision:	0.16645196080207825
losses_test/total:	6.369067192077637
calibration_test/ece:	0.0973617359995842
calibration_test/brier:	0.8454746007919312
accuracy_test/task:	30.30721435968243
accuracy_test/concepts:	88.60293579101562
map_test/concepts:	0.8015132253820246

Epoch 21
losses_train/task:	2.6146321296691895
losses_train/concepts:	21.450056076049805
losses_train/precision:	0.16982555389404297
losses_train/total:	4.7613372802734375
losses_test/task:	2.7418999671936035
losses_test/concepts:	30.424165725708008
losses_test/precision:	0.172761932015419
losses_test/total:	5.786043167114258
calibration_test/ece:	0.08762206137180328
calibration_test/brier:	0.8281009197235107
accuracy_test/task:	32.72350707628581
accuracy_test/concepts:	88.35253143310547
map_test/concepts:	0.8219746958125721

Epoch 22
losses_train/task:	2.5470588207244873
losses_train/concepts:	20.40056037902832
losses_train/precision:	0.17569220066070557
losses_train/total:	4.588871479034424
losses_test/task:	2.7282521724700928
losses_test/concepts:	29.359636306762695
losses_test/precision:	0.17925076186656952
losses_test/total:	5.666008472442627
calibration_test/ece:	0.11013828217983246
calibration_test/brier:	0.8028575778007507
accuracy_test/task:	35.62305833620987
accuracy_test/concepts:	89.4966812133789
map_test/concepts:	0.8456433675505898

Epoch 23
losses_train/task:	2.466952085494995
losses_train/concepts:	20.09369468688965
losses_train/precision:	0.1854250133037567
losses_train/total:	4.478176593780518
losses_test/task:	2.539112091064453
losses_test/concepts:	27.29515838623047
losses_test/precision:	0.19388379156589508
losses_test/total:	5.270566463470459
calibration_test/ece:	0.11442475765943527
calibration_test/brier:	0.777655303478241
accuracy_test/task:	38.798757335174315
accuracy_test/concepts:	90.35962677001953
map_test/concepts:	0.8524304866790772

Epoch 24
losses_train/task:	2.3810582160949707
losses_train/concepts:	19.028650283813477
losses_train/precision:	0.20050504803657532
losses_train/total:	4.285929203033447
losses_test/task:	2.56388521194458
losses_test/concepts:	26.920347213745117
losses_test/precision:	0.2018485963344574
losses_test/total:	5.257938385009766
calibration_test/ece:	0.09867904335260391
calibration_test/brier:	0.7694169878959656
accuracy_test/task:	38.781498101484296
accuracy_test/concepts:	89.53997039794922
map_test/concepts:	0.8506791537458246

Epoch 25
losses_train/task:	2.4233009815216064
losses_train/concepts:	20.139673233032227
losses_train/precision:	0.20169076323509216
losses_train/total:	4.439285755157471
losses_test/task:	2.901294231414795
losses_test/concepts:	39.37965393066406
losses_test/precision:	0.20508965849876404
losses_test/total:	6.841310501098633
calibration_test/ece:	0.06545128673315048
calibration_test/brier:	0.8090873956680298
accuracy_test/task:	33.81083879875734
accuracy_test/concepts:	89.18848419189453
map_test/concepts:	0.8091759118166837

Epoch 26
losses_train/task:	2.320467233657837
losses_train/concepts:	19.554899215698242
losses_train/precision:	0.20770129561424255
losses_train/total:	4.278034210205078
losses_test/task:	2.573640823364258
losses_test/concepts:	31.023517608642578
losses_test/precision:	0.21035893261432648
losses_test/total:	5.678096771240234
calibration_test/ece:	0.10037016123533249
calibration_test/brier:	0.784041702747345
accuracy_test/task:	38.90231273731446
accuracy_test/concepts:	89.9560775756836
map_test/concepts:	0.8407847707921808

Epoch 27
losses_train/task:	2.23681902885437
losses_train/concepts:	18.416004180908203
losses_train/precision:	0.21656957268714905
losses_train/total:	4.08058500289917
losses_test/task:	2.6775519847869873
losses_test/concepts:	34.36109924316406
losses_test/precision:	0.22547057271003723
losses_test/total:	6.1159162521362305
calibration_test/ece:	0.033449936658144
calibration_test/brier:	0.7789100408554077
accuracy_test/task:	36.7103900586814
accuracy_test/concepts:	88.93778228759766
map_test/concepts:	0.8251746275208213

Epoch 28
losses_train/task:	2.246799945831299
losses_train/concepts:	18.947202682495117
losses_train/precision:	0.23257245123386383
losses_train/total:	4.143846035003662
losses_test/task:	2.302347421646118
losses_test/concepts:	26.066823959350586
losses_test/precision:	0.2351938784122467
losses_test/total:	4.91138219833374
calibration_test/ece:	0.07055909931659698
calibration_test/brier:	0.7234595417976379
accuracy_test/task:	42.682084915429755
accuracy_test/concepts:	91.07038879394531
map_test/concepts:	0.8688027349385348

Epoch 29
losses_train/task:	2.16558837890625
losses_train/concepts:	18.343305587768555
losses_train/precision:	0.23531457781791687
losses_train/total:	4.00227165222168
losses_test/task:	2.8196301460266113
losses_test/concepts:	38.42618179321289
losses_test/precision:	0.23778913915157318
losses_test/total:	6.664626598358154
calibration_test/ece:	0.03480169177055359
calibration_test/brier:	0.7787352800369263
accuracy_test/task:	35.881946841560236
accuracy_test/concepts:	89.3083724975586
map_test/concepts:	0.8270802866328847

Epoch 30
losses_train/task:	2.127300977706909
losses_train/concepts:	17.841964721679688
losses_train/precision:	0.2393835037946701
losses_train/total:	3.913891553878784
losses_test/task:	2.4938228130340576
losses_test/concepts:	29.662336349487305
losses_test/precision:	0.24271009862422943
losses_test/total:	5.462483882904053
calibration_test/ece:	0.03917389363050461
calibration_test/brier:	0.7554091811180115
accuracy_test/task:	39.76527442181567
accuracy_test/concepts:	89.82177734375
map_test/concepts:	0.840856595472856

Epoch 31
losses_train/task:	2.102092981338501
losses_train/concepts:	18.27159881591797
losses_train/precision:	0.24308501183986664
losses_train/total:	3.9316840171813965
losses_test/task:	2.2018589973449707
losses_test/concepts:	24.59409523010254
losses_test/precision:	0.24293294548988342
losses_test/total:	4.663698196411133
calibration_test/ece:	0.08542762696743011
calibration_test/brier:	0.6926803588867188
accuracy_test/task:	46.06489471867449
accuracy_test/concepts:	91.29821014404297
map_test/concepts:	0.8767833449623802

Epoch 32
losses_train/task:	2.0358364582061768
losses_train/concepts:	17.013731002807617
losses_train/precision:	0.24459809064865112
losses_train/total:	3.7396554946899414
losses_test/task:	2.1674656867980957
losses_test/concepts:	25.550434112548828
losses_test/precision:	0.2465401589870453
losses_test/total:	4.724973201751709
calibration_test/ece:	0.06345594674348831
calibration_test/brier:	0.6736449599266052
accuracy_test/task:	47.75629962029686
accuracy_test/concepts:	91.73503875732422
map_test/concepts:	0.880382257158106

Epoch 33
losses_train/task:	1.9474693536758423
losses_train/concepts:	16.022138595581055
losses_train/precision:	0.24790509045124054
losses_train/total:	3.5521624088287354
losses_test/task:	2.288862943649292
losses_test/concepts:	29.77723503112793
losses_test/precision:	0.24897965788841248
losses_test/total:	5.269076824188232
calibration_test/ece:	0.061247874051332474
calibration_test/brier:	0.6883073449134827
accuracy_test/task:	45.15015533310321
accuracy_test/concepts:	91.29351806640625
map_test/concepts:	0.8693809856068004

Epoch 34
losses_train/task:	1.9441611766815186
losses_train/concepts:	15.950182914733887
losses_train/precision:	0.2525502145290375
losses_train/total:	3.5417044162750244
losses_test/task:	2.121840715408325
losses_test/concepts:	26.001144409179688
losses_test/precision:	0.2570972740650177
losses_test/total:	4.724526405334473
calibration_test/ece:	0.08036937564611435
calibration_test/brier:	0.6483475565910339
accuracy_test/task:	49.94822229892993
accuracy_test/concepts:	92.50415802001953
map_test/concepts:	0.8932197906754233

Epoch 35
losses_train/task:	1.9297215938568115
losses_train/concepts:	16.299945831298828
losses_train/precision:	0.26002076268196106
losses_train/total:	3.5623161792755127
losses_test/task:	2.0388035774230957
losses_test/concepts:	23.345233917236328
losses_test/precision:	0.26718416810035706
losses_test/total:	4.3759989738464355
calibration_test/ece:	0.0532570406794548
calibration_test/brier:	0.6449537873268127
accuracy_test/task:	49.91370383154988
accuracy_test/concepts:	92.15363311767578
map_test/concepts:	0.8945487802678889

Epoch 36
losses_train/task:	1.8953146934509277
losses_train/concepts:	16.03408432006836
losses_train/precision:	0.27129408717155457
losses_train/total:	3.501436471939087
losses_test/task:	2.2122111320495605
losses_test/concepts:	27.8431453704834
losses_test/precision:	0.2777588963508606
losses_test/total:	4.999304294586182
calibration_test/ece:	0.04464372992515564
calibration_test/brier:	0.6680426597595215
accuracy_test/task:	47.22126337590611
accuracy_test/concepts:	91.9471664428711
map_test/concepts:	0.8807806502689015

Epoch 37
losses_train/task:	1.8516370058059692
losses_train/concepts:	15.619208335876465
losses_train/precision:	0.28195229172706604
losses_train/total:	3.416377067565918
losses_test/task:	1.98439359664917
losses_test/concepts:	23.103771209716797
losses_test/precision:	0.28559407591819763
losses_test/total:	4.297626972198486
calibration_test/ece:	0.05654606595635414
calibration_test/brier:	0.6298562288284302
accuracy_test/task:	51.018294787711426
accuracy_test/concepts:	92.34818267822266
map_test/concepts:	0.8986859126524491

Epoch 38
losses_train/task:	1.7525849342346191
losses_train/concepts:	14.430456161499023
losses_train/precision:	0.2932252585887909
losses_train/total:	3.1985626220703125
losses_test/task:	2.0278995037078857
losses_test/concepts:	25.275232315063477
losses_test/precision:	0.30301377177238464
losses_test/total:	4.55845308303833
calibration_test/ece:	0.05254503712058067
calibration_test/brier:	0.6291816830635071
accuracy_test/task:	52.209181912323096
accuracy_test/concepts:	92.7906494140625
map_test/concepts:	0.893317128311504

Epoch 39
losses_train/task:	1.743353009223938
losses_train/concepts:	14.150567054748535
losses_train/precision:	0.30794161558151245
losses_train/total:	3.161489248275757
losses_test/task:	2.1793463230133057
losses_test/concepts:	29.65822982788086
losses_test/precision:	0.31360700726509094
losses_test/total:	5.1483049392700195
calibration_test/ece:	0.03586703911423683
calibration_test/brier:	0.6544520854949951
accuracy_test/task:	49.257852951328964
accuracy_test/concepts:	91.9531021118164
map_test/concepts:	0.8773943749341098

Epoch 40
losses_train/task:	1.6507785320281982
losses_train/concepts:	13.414312362670898
losses_train/precision:	0.31218233704566956
losses_train/total:	2.9953317642211914
losses_test/task:	2.24687123298645
losses_test/concepts:	30.81298065185547
losses_test/precision:	0.31592077016830444
losses_test/total:	5.331328392028809
calibration_test/ece:	0.03885703533887863
calibration_test/brier:	0.6470189094543457
accuracy_test/task:	50.0690369347601
accuracy_test/concepts:	92.0626449584961
map_test/concepts:	0.8800173098390752

Epoch 41
losses_train/task:	1.695127248764038
losses_train/concepts:	14.155437469482422
losses_train/precision:	0.3188830018043518
losses_train/total:	3.1138596534729004
losses_test/task:	2.1170051097869873
losses_test/concepts:	28.00837516784668
losses_test/precision:	0.31593793630599976
losses_test/total:	4.92100191116333
calibration_test/ece:	0.03265328332781792
calibration_test/brier:	0.6443541049957275
accuracy_test/task:	50.08629616845012
accuracy_test/concepts:	92.2694320678711
map_test/concepts:	0.8875914931297302

Epoch 42
losses_train/task:	1.651341438293457
losses_train/concepts:	13.761369705200195
losses_train/precision:	0.31609219312667847
losses_train/total:	3.030639410018921
losses_test/task:	1.829702615737915
losses_test/concepts:	21.980024337768555
losses_test/precision:	0.31040289998054504
losses_test/total:	4.03080940246582
calibration_test/ece:	0.041093919426202774
calibration_test/brier:	0.5765799283981323
accuracy_test/task:	56.36865723161892
accuracy_test/concepts:	93.22840118408203
map_test/concepts:	0.912518952109597

Epoch 43
losses_train/task:	1.6527758836746216
losses_train/concepts:	14.20198917388916
losses_train/precision:	0.31192678213119507
losses_train/total:	3.076093912124634
losses_test/task:	2.310471534729004
losses_test/concepts:	28.97528648376465
losses_test/precision:	0.3176915645599365
losses_test/total:	5.211175441741943
calibration_test/ece:	0.03174593299627304
calibration_test/brier:	0.6673066020011902
accuracy_test/task:	48.205039696237485
accuracy_test/concepts:	91.35720825195312
map_test/concepts:	0.8714344371448863

Epoch 44
losses_train/task:	1.5721755027770996
losses_train/concepts:	12.97707462310791
losses_train/precision:	0.31748542189598083
losses_train/total:	2.8730576038360596
losses_test/task:	2.282116413116455
losses_test/concepts:	31.240999221801758
losses_test/precision:	0.3161773085594177
losses_test/total:	5.409378528594971
calibration_test/ece:	0.04358813166618347
calibration_test/brier:	0.6717451810836792
accuracy_test/task:	48.481187435277874
accuracy_test/concepts:	91.53982543945312
map_test/concepts:	0.8629668073220687

Epoch 45
losses_train/task:	1.5894888639450073
losses_train/concepts:	13.476041793823242
losses_train/precision:	0.317609965801239
losses_train/total:	2.9402689933776855
losses_test/task:	1.7945300340652466
losses_test/concepts:	24.00245475769043
losses_test/precision:	0.3234338164329529
losses_test/total:	4.198009967803955
calibration_test/ece:	0.05782646685838699
calibration_test/brier:	0.5526391267776489
accuracy_test/task:	57.93924749741112
accuracy_test/concepts:	93.95675659179688
map_test/concepts:	0.9122034278782931

Epoch 46
losses_train/task:	1.6104240417480469
losses_train/concepts:	13.495867729187012
losses_train/precision:	0.32898610830307007
losses_train/total:	2.9633002281188965
losses_test/task:	2.473377227783203
losses_test/concepts:	35.81817626953125
losses_test/precision:	0.33102887868881226
losses_test/total:	6.058505058288574
calibration_test/ece:	0.04252631589770317
calibration_test/brier:	0.6749288439750671
accuracy_test/task:	47.65274421815671
accuracy_test/concepts:	90.93701934814453
map_test/concepts:	0.866683385588906

Epoch 47
losses_train/task:	1.668027400970459
losses_train/concepts:	14.430487632751465
losses_train/precision:	0.3328070640563965
losses_train/total:	3.1144042015075684
losses_test/task:	2.376614809036255
losses_test/concepts:	30.05683135986328
losses_test/precision:	0.3362562954425812
losses_test/total:	5.3856611251831055
calibration_test/ece:	0.05284138396382332
calibration_test/brier:	0.6838347911834717
accuracy_test/task:	47.04867103900587
accuracy_test/concepts:	90.96903228759766
map_test/concepts:	0.8655318639495156

Epoch 48
losses_train/task:	1.568835735321045
losses_train/concepts:	13.612597465515137
losses_train/precision:	0.33816805481910706
losses_train/total:	2.933476448059082
losses_test/task:	1.857650637626648
losses_test/concepts:	25.82652473449707
losses_test/precision:	0.3441736698150635
losses_test/total:	4.443745136260986
calibration_test/ece:	0.025564182549715042
calibration_test/brier:	0.5711650252342224
accuracy_test/task:	56.55850880220918
accuracy_test/concepts:	93.66304016113281
map_test/concepts:	0.9112605831839822

Epoch 49
losses_train/task:	1.5898892879486084
losses_train/concepts:	13.540934562683105
losses_train/precision:	0.3482091426849365
losses_train/total:	2.9474644660949707
losses_test/task:	1.9779576063156128
losses_test/concepts:	24.232913970947266
losses_test/precision:	0.3524797260761261
losses_test/total:	4.404774188995361
calibration_test/ece:	0.030687160789966583
calibration_test/brier:	0.5948107242584229
accuracy_test/task:	53.84880911287539
accuracy_test/concepts:	92.4470443725586
map_test/concepts:	0.9016123522411693

Epoch 50
losses_train/task:	1.5179088115692139
losses_train/concepts:	12.90099811553955
losses_train/precision:	0.3495299220085144
losses_train/total:	2.8115036487579346
losses_test/task:	1.9319748878479004
losses_test/concepts:	27.634994506835938
losses_test/precision:	0.34339118003845215
losses_test/total:	4.698907852172852
calibration_test/ece:	0.034323085099458694
calibration_test/brier:	0.5748279690742493
accuracy_test/task:	55.816361753538146
accuracy_test/concepts:	93.43395233154297
map_test/concepts:	0.8978748527440158

Epoch 51
losses_train/task:	1.5650049448013306
losses_train/concepts:	13.575873374938965
losses_train/precision:	0.34478285908699036
losses_train/total:	2.9260404109954834
losses_test/task:	2.0608363151550293
losses_test/concepts:	27.05087661743164
losses_test/precision:	0.347989946603775
losses_test/total:	4.76940393447876
calibration_test/ece:	0.03435903415083885
calibration_test/brier:	0.6143251657485962
accuracy_test/task:	52.65792198826372
accuracy_test/concepts:	92.53742980957031
map_test/concepts:	0.889798168702559

Epoch 52
losses_train/task:	1.5074759721755981
losses_train/concepts:	12.97294807434082
losses_train/precision:	0.344503790140152
losses_train/total:	2.8082165718078613
losses_test/task:	2.140333890914917
losses_test/concepts:	31.58950424194336
losses_test/precision:	0.34226587414741516
losses_test/total:	5.302706718444824
calibration_test/ece:	0.044795047491788864
calibration_test/brier:	0.6192065477371216
accuracy_test/task:	52.934069727304106
accuracy_test/concepts:	92.57697296142578
map_test/concepts:	0.8922012979334051

Epoch 53
losses_train/task:	1.511691927909851
losses_train/concepts:	12.992505073547363
losses_train/precision:	0.34730076789855957
losses_train/total:	2.814415216445923
losses_test/task:	1.8768365383148193
losses_test/concepts:	26.35972023010254
losses_test/precision:	0.3478231430053711
losses_test/total:	4.516286849975586
calibration_test/ece:	0.02386365458369255
calibration_test/brier:	0.5750665664672852
accuracy_test/task:	56.523990334829136
accuracy_test/concepts:	93.30718231201172
map_test/concepts:	0.9036096995527094

Epoch 54
losses_train/task:	1.5259168148040771
losses_train/concepts:	13.753029823303223
losses_train/precision:	0.34970059990882874
losses_train/total:	2.904716730117798
losses_test/task:	2.1175835132598877
losses_test/concepts:	30.10382652282715
losses_test/precision:	0.35439321398735046
losses_test/total:	5.1315083503723145
calibration_test/ece:	0.04040268808603287
calibration_test/brier:	0.607115626335144
accuracy_test/task:	53.88332758025544
accuracy_test/concepts:	92.57884979248047
map_test/concepts:	0.8903989445079457

Epoch 55
losses_train/task:	1.4146714210510254
losses_train/concepts:	11.891229629516602
losses_train/precision:	0.3615882098674774
losses_train/total:	2.607409715652466
losses_test/task:	1.8538587093353271
losses_test/concepts:	25.486291885375977
losses_test/precision:	0.3694256544113159
losses_test/total:	4.406182289123535
calibration_test/ece:	0.041690029203891754
calibration_test/brier:	0.5605995655059814
accuracy_test/task:	57.09354504659993
accuracy_test/concepts:	93.23502349853516
map_test/concepts:	0.9069896470416676

Epoch 56
losses_train/task:	1.3631528615951538
losses_train/concepts:	11.617156028747559
losses_train/precision:	0.37878939509391785
losses_train/total:	2.528656482696533
losses_test/task:	1.7925381660461426
losses_test/concepts:	23.61638832092285
losses_test/precision:	0.3880206346511841
losses_test/total:	4.158055782318115
calibration_test/ece:	0.025629205629229546
calibration_test/brier:	0.5569139719009399
accuracy_test/task:	58.094580600621335
accuracy_test/concepts:	93.76251220703125
map_test/concepts:	0.9096047412265431

Epoch 57
losses_train/task:	1.3753893375396729
losses_train/concepts:	11.24095630645752
losses_train/precision:	0.38731324672698975
losses_train/total:	2.5033578872680664
losses_test/task:	1.7107542753219604
losses_test/concepts:	24.38336181640625
losses_test/precision:	0.384488970041275
losses_test/total:	4.152935028076172
calibration_test/ece:	0.036988794803619385
calibration_test/brier:	0.5169662833213806
accuracy_test/task:	61.23576113220573
accuracy_test/concepts:	94.41300964355469
map_test/concepts:	0.9220984253016385

Epoch 58
losses_train/task:	1.3582053184509277
losses_train/concepts:	11.287211418151855
losses_train/precision:	0.38425153493881226
losses_train/total:	2.490769386291504
losses_test/task:	1.7022937536239624
losses_test/concepts:	24.670047760009766
losses_test/precision:	0.38647013902664185
losses_test/total:	4.173162937164307
calibration_test/ece:	0.02380640059709549
calibration_test/brier:	0.5201165080070496
accuracy_test/task:	61.132205730065586
accuracy_test/concepts:	94.29346466064453
map_test/concepts:	0.9218661893497814

Epoch 59
losses_train/task:	1.3500401973724365
losses_train/concepts:	11.39319896697998
losses_train/precision:	0.3900386691093445
losses_train/total:	2.493260622024536
losses_test/task:	1.9246692657470703
losses_test/concepts:	28.82077407836914
losses_test/precision:	0.3953535258769989
losses_test/total:	4.810700416564941
calibration_test/ece:	0.03732237219810486
calibration_test/brier:	0.5663967132568359
accuracy_test/task:	56.98998964445978
accuracy_test/concepts:	93.72798919677734
map_test/concepts:	0.9087774352593856

Epoch 60
losses_train/task:	1.3275038003921509
losses_train/concepts:	11.295310020446777
losses_train/precision:	0.40374332666397095
losses_train/total:	2.4610726833343506
losses_test/task:	1.925637125968933
losses_test/concepts:	26.072771072387695
losses_test/precision:	0.41459909081459045
losses_test/total:	4.537060260772705
calibration_test/ece:	0.046602316200733185
calibration_test/brier:	0.569271981716156
accuracy_test/task:	56.59302726958923
accuracy_test/concepts:	93.41887664794922
map_test/concepts:	0.9048760229890996

Epoch 61
losses_train/task:	1.4190093278884888
losses_train/concepts:	12.699954986572266
losses_train/precision:	0.4133675694465637
losses_train/total:	2.693138360977173
losses_test/task:	2.0185461044311523
losses_test/concepts:	26.143152236938477
losses_test/precision:	0.41234949231147766
losses_test/total:	4.636984348297119
calibration_test/ece:	0.05091967061161995
calibration_test/brier:	0.5867770314216614
accuracy_test/task:	56.00621332412841
accuracy_test/concepts:	92.36515808105469
map_test/concepts:	0.892188916423104

Epoch 62
losses_train/task:	1.4050132036209106
losses_train/concepts:	12.249223709106445
losses_train/precision:	0.4142143726348877
losses_train/total:	2.63407826423645
losses_test/task:	1.9974275827407837
losses_test/concepts:	29.896089553833008
losses_test/precision:	0.4208420217037201
losses_test/total:	4.991244792938232
calibration_test/ece:	0.044033702462911606
calibration_test/brier:	0.5703790187835693
accuracy_test/task:	56.334138764238865
accuracy_test/concepts:	93.28646850585938
map_test/concepts:	0.8982119549404491

Epoch 63
losses_train/task:	1.2678252458572388
losses_train/concepts:	10.79221248626709
losses_train/precision:	0.42407551407814026
losses_train/total:	2.351287603378296
losses_test/task:	2.027116537094116
losses_test/concepts:	31.363929748535156
losses_test/precision:	0.4268665015697479
losses_test/total:	5.167778015136719
calibration_test/ece:	0.04809897765517235
calibration_test/brier:	0.5823986530303955
accuracy_test/task:	55.86813945460822
accuracy_test/concepts:	93.29057312011719
map_test/concepts:	0.8977000334046104

Epoch 64
losses_train/task:	1.357216477394104
losses_train/concepts:	12.27729606628418
losses_train/precision:	0.4268649220466614
losses_train/total:	2.589214563369751
losses_test/task:	2.0035159587860107
losses_test/concepts:	26.597267150878906
losses_test/precision:	0.4243929088115692
losses_test/total:	4.66748571395874
calibration_test/ece:	0.032055988907814026
calibration_test/brier:	0.5789303779602051
accuracy_test/task:	55.54021401449776
accuracy_test/concepts:	92.88135528564453
map_test/concepts:	0.9030971906401895

Epoch 65
losses_train/task:	1.353677749633789
losses_train/concepts:	11.959160804748535
losses_train/precision:	0.4266495704650879
losses_train/total:	2.5538601875305176
losses_test/task:	2.363826036453247
losses_test/concepts:	40.87506103515625
losses_test/precision:	0.43143078684806824
losses_test/total:	6.455646991729736
calibration_test/ece:	0.07650668919086456
calibration_test/brier:	0.626144289970398
accuracy_test/task:	52.32999654815326
accuracy_test/concepts:	92.25027465820312
map_test/concepts:	0.8724811369722539

Epoch 66
losses_train/task:	1.3794821500778198
losses_train/concepts:	12.104863166809082
losses_train/precision:	0.43000924587249756
losses_train/total:	2.594268560409546
losses_test/task:	1.8341870307922363
losses_test/concepts:	24.602619171142578
losses_test/precision:	0.42335203289985657
losses_test/total:	4.29868221282959
calibration_test/ece:	0.050001997500658035
calibration_test/brier:	0.5439507961273193
accuracy_test/task:	58.508802209181916
accuracy_test/concepts:	93.609375
map_test/concepts:	0.9120645848187533

Epoch 67
losses_train/task:	1.320041537284851
losses_train/concepts:	11.814469337463379
losses_train/precision:	0.42355215549468994
losses_train/total:	2.505723476409912
losses_test/task:	2.0891830921173096
losses_test/concepts:	30.566341400146484
losses_test/precision:	0.4223272502422333
losses_test/total:	5.150040149688721
calibration_test/ece:	0.07307542115449905
calibration_test/brier:	0.5938608646392822
accuracy_test/task:	54.67725232999655
accuracy_test/concepts:	92.4272689819336
map_test/concepts:	0.8904303117231889

Epoch 68
losses_train/task:	1.355063796043396
losses_train/concepts:	12.160865783691406
losses_train/precision:	0.427371084690094
losses_train/total:	2.5754239559173584
losses_test/task:	2.8792994022369385
losses_test/concepts:	41.173099517822266
losses_test/precision:	0.43393903970718384
losses_test/total:	7.000948905944824
calibration_test/ece:	0.12311581522226334
calibration_test/brier:	0.7414296269416809
accuracy_test/task:	42.37141870900932
accuracy_test/concepts:	89.59110260009766
map_test/concepts:	0.8281622745774009

Epoch 69
losses_train/task:	1.34358549118042
losses_train/concepts:	12.296429634094238
losses_train/precision:	0.4338018596172333
losses_train/total:	2.577566623687744
losses_test/task:	1.9919179677963257
losses_test/concepts:	30.88797378540039
losses_test/precision:	0.43590620160102844
losses_test/total:	5.085075378417969
calibration_test/ece:	0.07107735425233841
calibration_test/brier:	0.5823094844818115
accuracy_test/task:	55.764584052468074
accuracy_test/concepts:	93.16629791259766
map_test/concepts:	0.9039426814426076

Epoch 70
losses_train/task:	1.3461813926696777
losses_train/concepts:	12.174934387207031
losses_train/precision:	0.43557843565940857
losses_train/total:	2.568030834197998
losses_test/task:	1.834136724472046
losses_test/concepts:	24.88819122314453
losses_test/precision:	0.43183961510658264
losses_test/total:	4.327273368835449
calibration_test/ece:	0.05579640343785286
calibration_test/brier:	0.5476436018943787
accuracy_test/task:	58.76769071453227
accuracy_test/concepts:	93.63824462890625
map_test/concepts:	0.9109115795655685

Epoch 71
losses_train/task:	1.2299607992172241
losses_train/concepts:	10.561505317687988
losses_train/precision:	0.4303241968154907
losses_train/total:	2.290414810180664
losses_test/task:	1.8136460781097412
losses_test/concepts:	25.60308265686035
losses_test/precision:	0.43192097544670105
losses_test/total:	4.3782734870910645
calibration_test/ece:	0.05425161495804787
calibration_test/brier:	0.5399386286735535
accuracy_test/task:	58.95754228512254
accuracy_test/concepts:	93.94232940673828
map_test/concepts:	0.9149022459983825

Epoch 72
losses_train/task:	1.2132344245910645
losses_train/concepts:	10.615667343139648
losses_train/precision:	0.4370235800743103
losses_train/total:	2.2791714668273926
losses_test/task:	1.8873111009597778
losses_test/concepts:	28.357868194580078
losses_test/precision:	0.44620704650878906
losses_test/total:	4.727558612823486
calibration_test/ece:	0.05862002074718475
calibration_test/brier:	0.5533745884895325
accuracy_test/task:	58.45702450811184
accuracy_test/concepts:	93.44305419921875
map_test/concepts:	0.9054885875095021

Epoch 73
losses_train/task:	1.2476662397384644
losses_train/concepts:	10.789496421813965
losses_train/precision:	0.45717576146125793
losses_train/total:	2.3311874866485596
losses_test/task:	1.7903962135314941
losses_test/concepts:	27.0526123046875
losses_test/precision:	0.46456199884414673
losses_test/total:	4.500304222106934
calibration_test/ece:	0.04791167005896568
calibration_test/brier:	0.519071102142334
accuracy_test/task:	61.32205730065585
accuracy_test/concepts:	93.91722106933594
map_test/concepts:	0.9144459507682107

Epoch 74
losses_train/task:	1.2271651029586792
losses_train/concepts:	11.264880180358887
losses_train/precision:	0.46996504068374634
losses_train/total:	2.3583524227142334
losses_test/task:	1.8885279893875122
losses_test/concepts:	28.817224502563477
losses_test/precision:	0.4767811894416809
losses_test/total:	4.775018692016602
calibration_test/ece:	0.0704004168510437
calibration_test/brier:	0.5520420074462891
accuracy_test/task:	58.42250604073179
accuracy_test/concepts:	93.6065673828125
map_test/concepts:	0.907808967070146

Epoch 75
losses_train/task:	1.1928209066390991
losses_train/concepts:	10.454156875610352
losses_train/precision:	0.48128485679626465
losses_train/total:	2.243049144744873
losses_test/task:	1.7303074598312378
losses_test/concepts:	24.090927124023438
losses_test/precision:	0.4883367419242859
losses_test/total:	4.144283771514893
calibration_test/ece:	0.04915992170572281
calibration_test/brier:	0.5294220447540283
accuracy_test/task:	60.56265101829479
accuracy_test/concepts:	93.88709259033203
map_test/concepts:	0.9169592673128302

Epoch 76
losses_train/task:	1.2514595985412598
losses_train/concepts:	11.150914192199707
losses_train/precision:	0.5020526051521301
losses_train/total:	2.3715713024139404
losses_test/task:	1.8051716089248657
losses_test/concepts:	24.638452529907227
losses_test/precision:	0.5115934014320374
losses_test/total:	4.274133205413818
calibration_test/ece:	0.051219332963228226
calibration_test/brier:	0.5298007726669312
accuracy_test/task:	60.355540214014496
accuracy_test/concepts:	93.46942138671875
map_test/concepts:	0.9172550483183427

Epoch 77
losses_train/task:	1.227699637413025
losses_train/concepts:	10.595792770385742
losses_train/precision:	0.5084855556488037
losses_train/total:	2.2923636436462402
losses_test/task:	1.8137824535369873
losses_test/concepts:	26.465879440307617
losses_test/precision:	0.5006529688835144
losses_test/total:	4.4653778076171875
calibration_test/ece:	0.0492606982588768
calibration_test/brier:	0.53307044506073
accuracy_test/task:	60.97687262685537
accuracy_test/concepts:	93.74651336669922
map_test/concepts:	0.9116756222464821

Epoch 78
losses_train/task:	1.1367075443267822
losses_train/concepts:	10.18266487121582
losses_train/precision:	0.5065875053405762
losses_train/total:	2.1600399017333984
losses_test/task:	1.6870396137237549
losses_test/concepts:	26.62066650390625
losses_test/precision:	0.511833131313324
losses_test/total:	4.354224681854248
calibration_test/ece:	0.05154484882950783
calibration_test/brier:	0.510258674621582
accuracy_test/task:	62.2885743872972
accuracy_test/concepts:	94.31072235107422
map_test/concepts:	0.9211335756561972

Epoch 79
losses_train/task:	1.1628835201263428
losses_train/concepts:	10.29744815826416
losses_train/precision:	0.5077459216117859
losses_train/total:	2.1977062225341797
losses_test/task:	1.7859063148498535
losses_test/concepts:	28.602088928222656
losses_test/precision:	0.5125712752342224
losses_test/total:	4.651240825653076
calibration_test/ece:	0.060151826590299606
calibration_test/brier:	0.5261179208755493
accuracy_test/task:	60.89057645840525
accuracy_test/concepts:	94.20372009277344
map_test/concepts:	0.9129705645821311

Epoch 80
losses_train/task:	1.1015383005142212
losses_train/concepts:	9.828831672668457
losses_train/precision:	0.5152118802070618
losses_train/total:	2.089573860168457
losses_test/task:	1.9456740617752075
losses_test/concepts:	28.519311904907227
losses_test/precision:	0.5115049481391907
losses_test/total:	4.80272102355957
calibration_test/ece:	0.08284859359264374
calibration_test/brier:	0.5580578446388245
accuracy_test/task:	58.49154297549189
accuracy_test/concepts:	93.27235412597656
map_test/concepts:	0.9068858287551186

Epoch 81
losses_train/task:	1.1143943071365356
losses_train/concepts:	10.13304328918457
losses_train/precision:	0.5190330743789673
losses_train/total:	2.1328890323638916
losses_test/task:	1.7019555568695068
losses_test/concepts:	25.44734001159668
losses_test/precision:	0.5259247422218323
losses_test/total:	4.251949310302734
calibration_test/ece:	0.05889445170760155
calibration_test/brier:	0.5121990442276001
accuracy_test/task:	62.21953745253711
accuracy_test/concepts:	94.11963653564453
map_test/concepts:	0.9215162851593711

Epoch 82
losses_train/task:	1.0916366577148438
losses_train/concepts:	9.793726921081543
losses_train/precision:	0.5324386358261108
losses_train/total:	2.076333522796631
losses_test/task:	1.9216264486312866
losses_test/concepts:	29.025197982788086
losses_test/precision:	0.5436250567436218
losses_test/total:	4.8295817375183105
calibration_test/ece:	0.07561603933572769
calibration_test/brier:	0.5505028367042542
accuracy_test/task:	58.99206075250259
accuracy_test/concepts:	93.53468322753906
map_test/concepts:	0.9032549305395646

Epoch 83
losses_train/task:	1.2456735372543335
losses_train/concepts:	11.123640060424805
losses_train/precision:	0.552614152431488
losses_train/total:	2.363563299179077
losses_test/task:	1.7727192640304565
losses_test/concepts:	26.77695083618164
losses_test/precision:	0.5578860640525818
losses_test/total:	4.45599365234375
calibration_test/ece:	0.06942898035049438
calibration_test/brier:	0.5284650325775146
accuracy_test/task:	61.25302036589576
accuracy_test/concepts:	93.83090209960938
map_test/concepts:	0.9125638560815291

Epoch 84
losses_train/task:	1.0823516845703125
losses_train/concepts:	9.57028579711914
losses_train/precision:	0.5495019555091858
losses_train/total:	2.044875144958496
losses_test/task:	1.7109322547912598
losses_test/concepts:	26.39573097229004
losses_test/precision:	0.5418896675109863
losses_test/total:	4.355924129486084
calibration_test/ece:	0.0614781491458416
calibration_test/brier:	0.5057678818702698
accuracy_test/task:	62.58198136002761
accuracy_test/concepts:	94.42932891845703
map_test/concepts:	0.9231768640604886

Epoch 85
losses_train/task:	1.1598145961761475
losses_train/concepts:	10.350839614868164
losses_train/precision:	0.5431830286979675
losses_train/total:	2.2003304958343506
losses_test/task:	1.6388002634048462
losses_test/concepts:	23.6023006439209
losses_test/precision:	0.5543454885482788
losses_test/total:	4.004573822021484
calibration_test/ece:	0.05821061134338379
calibration_test/brier:	0.4950729012489319
accuracy_test/task:	63.70383154987918
accuracy_test/concepts:	94.39543914794922
map_test/concepts:	0.9245567180893638

Epoch 86
losses_train/task:	1.1060253381729126
losses_train/concepts:	9.585009574890137
losses_train/precision:	0.5654941201210022
losses_train/total:	2.070180892944336
losses_test/task:	1.9186370372772217
losses_test/concepts:	27.931293487548828
losses_test/precision:	0.5841001868247986
losses_test/total:	4.717607498168945
calibration_test/ece:	0.07595572620630264
calibration_test/brier:	0.550404965877533
accuracy_test/task:	58.76769071453227
accuracy_test/concepts:	93.4267349243164
map_test/concepts:	0.9070142074064775

Epoch 87
losses_train/task:	1.100160837173462
losses_train/concepts:	9.642119407653809
losses_train/precision:	0.5813857316970825
losses_train/total:	2.0701870918273926
losses_test/task:	1.54636549949646
losses_test/concepts:	24.249237060546875
losses_test/precision:	0.5758241415023804
losses_test/total:	3.9770472049713135
calibration_test/ece:	0.04641473665833473
calibration_test/brier:	0.46304577589035034
accuracy_test/task:	66.39627200552296
accuracy_test/concepts:	95.20349884033203
map_test/concepts:	0.9349903865294023

Epoch 88
losses_train/task:	1.073362112045288
losses_train/concepts:	9.237098693847656
losses_train/precision:	0.5580934286117554
losses_train/total:	2.002652883529663
losses_test/task:	1.7330868244171143
losses_test/concepts:	28.066648483276367
losses_test/precision:	0.5484693646430969
losses_test/total:	4.545236110687256
calibration_test/ece:	0.057703178375959396
calibration_test/brier:	0.4949241280555725
accuracy_test/task:	63.617535381429065
accuracy_test/concepts:	94.50374603271484
map_test/concepts:	0.9247156175700101

Epoch 89
losses_train/task:	1.0522024631500244
losses_train/concepts:	9.254189491271973
losses_train/precision:	0.5517215132713318
losses_train/total:	1.9831384420394897
losses_test/task:	1.8068608045578003
losses_test/concepts:	27.07412338256836
losses_test/precision:	0.5479779243469238
losses_test/total:	4.519752502441406
calibration_test/ece:	0.0691818818449974
calibration_test/brier:	0.5240559577941895
accuracy_test/task:	60.90783569209527
accuracy_test/concepts:	93.37747955322266
map_test/concepts:	0.9138276609507474

Epoch 90
losses_train/task:	1.0847642421722412
losses_train/concepts:	9.463912010192871
losses_train/precision:	0.5479027628898621
losses_train/total:	2.036634683609009
losses_test/task:	1.5219755172729492
losses_test/concepts:	23.681116104125977
losses_test/precision:	0.5470753312110901
losses_test/total:	3.8955578804016113
calibration_test/ece:	0.05128549784421921
calibration_test/brier:	0.46370184421539307
accuracy_test/task:	66.08560579910252
accuracy_test/concepts:	95.07514953613281
map_test/concepts:	0.9353205442428589

Epoch 91
losses_train/task:	1.0194509029388428
losses_train/concepts:	8.71258544921875
losses_train/precision:	0.5604550242424011
losses_train/total:	1.8963141441345215
losses_test/task:	1.680836796760559
losses_test/concepts:	27.318758010864258
losses_test/precision:	0.5751686692237854
losses_test/total:	4.418464183807373
calibration_test/ece:	0.06656567007303238
calibration_test/brier:	0.4934891164302826
accuracy_test/task:	63.49672074559889
accuracy_test/concepts:	94.54232788085938
map_test/concepts:	0.9244614601135254

Epoch 92
losses_train/task:	1.0365772247314453
losses_train/concepts:	9.20498275756836
losses_train/precision:	0.5786373019218445
losses_train/total:	1.9628617763519287
losses_test/task:	1.6882400512695312
losses_test/concepts:	26.401981353759766
losses_test/precision:	0.5860729813575745
losses_test/total:	4.334299087524414
calibration_test/ece:	0.07717013359069824
calibration_test/brier:	0.49894919991493225
accuracy_test/task:	63.60027614773904
accuracy_test/concepts:	94.41238403320312
map_test/concepts:	0.9268471327694979

Epoch 93
losses_train/task:	1.0752906799316406
losses_train/concepts:	9.783257484436035
losses_train/precision:	0.5986140370368958
losses_train/total:	2.059603214263916
losses_test/task:	1.9569679498672485
losses_test/concepts:	32.17815017700195
losses_test/precision:	0.614862859249115
losses_test/total:	5.180931568145752
calibration_test/ece:	0.08904614299535751
calibration_test/brier:	0.5516616702079773
accuracy_test/task:	59.440800828443216
accuracy_test/concepts:	93.49923706054688
map_test/concepts:	0.9078515724702315

Epoch 94
losses_train/task:	1.0606679916381836
losses_train/concepts:	9.76888370513916
losses_train/precision:	0.6123283505439758
losses_train/total:	2.043679714202881
losses_test/task:	1.8437058925628662
losses_test/concepts:	30.54944610595703
losses_test/precision:	0.6131345629692078
losses_test/total:	4.904781341552734
calibration_test/ece:	0.0881732776761055
calibration_test/brier:	0.5279628038406372
accuracy_test/task:	61.61546427338626
accuracy_test/concepts:	94.08258819580078
map_test/concepts:	0.9156266136602922

Epoch 95
losses_train/task:	1.0235700607299805
losses_train/concepts:	8.896059036254883
losses_train/precision:	0.6182463765144348
losses_train/total:	1.919358730316162
losses_test/task:	1.8002479076385498
losses_test/concepts:	27.9061279296875
losses_test/precision:	0.6248606443405151
losses_test/total:	4.597109794616699
calibration_test/ece:	0.07421723753213882
calibration_test/brier:	0.5138114094734192
accuracy_test/task:	63.20331377286848
accuracy_test/concepts:	94.12841033935547
map_test/concepts:	0.9134549097581344

Epoch 96
losses_train/task:	0.9912676811218262
losses_train/concepts:	8.606595993041992
losses_train/precision:	0.6247320175170898
losses_train/total:	1.8581749200820923
losses_test/task:	1.700365662574768
losses_test/concepts:	30.535133361816406
losses_test/precision:	0.6216731667518616
losses_test/total:	4.760095596313477
calibration_test/ece:	0.07585496455430984
calibration_test/brier:	0.4938279390335083
accuracy_test/task:	64.61857093545046
accuracy_test/concepts:	94.68981170654297
map_test/concepts:	0.9227999427101828

Epoch 97
losses_train/task:	0.9661985039710999
losses_train/concepts:	8.183625221252441
losses_train/precision:	0.6132304668426514
losses_train/total:	1.7906934022903442
losses_test/task:	1.9424467086791992
losses_test/concepts:	33.90763473510742
losses_test/precision:	0.6062489151954651
losses_test/total:	5.339272499084473
calibration_test/ece:	0.10503023117780685
calibration_test/brier:	0.537472128868103
accuracy_test/task:	60.56265101829479
accuracy_test/concepts:	94.18269348144531
map_test/concepts:	0.9098044189539822

Epoch 98
losses_train/task:	0.957378089427948
losses_train/concepts:	8.491703987121582
losses_train/precision:	0.6038615107536316
losses_train/total:	1.8125874996185303
losses_test/task:	1.9472044706344604
losses_test/concepts:	33.635074615478516
losses_test/precision:	0.6021961569786072
losses_test/total:	5.31673526763916
calibration_test/ece:	0.10525047779083252
calibration_test/brier:	0.5525955557823181
accuracy_test/task:	59.7859855022437
accuracy_test/concepts:	93.47822570800781
map_test/concepts:	0.8978825384920294

Epoch 99
losses_train/task:	1.0416998863220215
losses_train/concepts:	9.470431327819824
losses_train/precision:	0.6115529537200928
losses_train/total:	1.9948582649230957
losses_test/task:	1.9112322330474854
losses_test/concepts:	27.645349502563477
losses_test/precision:	0.6383780241012573
losses_test/total:	4.6821513175964355
calibration_test/ece:	0.09778434038162231
calibration_test/brier:	0.5477107763290405
accuracy_test/task:	59.734207801173625
accuracy_test/concepts:	93.26763153076172
map_test/concepts:	0.9089303190057928

Epoch 100
losses_train/task:	1.0514744520187378
losses_train/concepts:	9.543338775634766
losses_train/precision:	0.652672529220581
losses_train/total:	2.0123348236083984
losses_test/task:	1.8157234191894531
losses_test/concepts:	27.34421157836914
losses_test/precision:	0.6665282845497131
losses_test/total:	4.556809902191162
calibration_train/ece:	0.03524169698357582
calibration_train/brier:	0.36670127511024475
accuracy_train/task:	71.00929054054055
calibration_test/ece:	0.09107938408851624
calibration_test/brier:	0.528046727180481
accuracy_test/task:	61.66724197445633
accuracy_train/concepts:	93.67090606689453
map_train/concepts:	0.9600614265962081
accuracy_test/concepts:	93.75342559814453
map_test/concepts:	0.9141461123119701
accuracy_test/nuisances_task:	0.038151887425205165
accuracy_test/nuisances_nontask:	0.0
mutual_inf_test/nuisances_task:	0.005022909472368726
mutual_inf_test/nuisances_nontask:	0.0

Epoch 101
losses_train/task:	0.9947580099105835
losses_train/concepts:	9.085594177246094
losses_train/precision:	0.6653631925582886
losses_train/total:	1.9099708795547485
losses_test/task:	1.4288489818572998
losses_test/concepts:	22.34174919128418
losses_test/precision:	0.6633130311965942
losses_test/total:	3.6696574687957764
calibration_test/ece:	0.057735271751880646
calibration_test/brier:	0.43396058678627014
accuracy_test/task:	68.24301001035553
accuracy_test/concepts:	95.45831298828125
map_test/concepts:	0.9417740832675587

Epoch 102
losses_train/task:	0.9146977066993713
losses_train/concepts:	8.090254783630371
losses_train/precision:	0.6595639586448669
losses_train/total:	1.7303189039230347
losses_test/task:	1.38386070728302
losses_test/concepts:	21.636423110961914
losses_test/precision:	0.6558642983436584
losses_test/total:	3.5540623664855957
calibration_test/ece:	0.0487661249935627
calibration_test/brier:	0.41872793436050415
accuracy_test/task:	69.58923023817742
accuracy_test/concepts:	95.66635131835938
map_test/concepts:	0.9445798180320046

Epoch 103
losses_train/task:	0.9250561594963074
losses_train/concepts:	8.177739143371582
losses_train/precision:	0.6547300219535828
losses_train/total:	1.7493773698806763
losses_test/task:	1.3593803644180298
losses_test/concepts:	21.486114501953125
losses_test/precision:	0.6529269218444824
losses_test/total:	3.514521360397339
calibration_test/ece:	0.04795146733522415
calibration_test/brier:	0.41317257285118103
accuracy_test/task:	70.02071108042803
accuracy_test/concepts:	95.7633285522461
map_test/concepts:	0.9468437996777621

Epoch 104
losses_train/task:	0.8561568260192871
losses_train/concepts:	7.560407638549805
losses_train/precision:	0.6507236957550049
losses_train/total:	1.618704915046692
losses_test/task:	1.3421794176101685
losses_test/concepts:	21.404052734375
losses_test/precision:	0.648622989654541
losses_test/total:	3.489070415496826
calibration_test/ece:	0.050529345870018005
calibration_test/brier:	0.4084976315498352
accuracy_test/task:	70.34863652053849
accuracy_test/concepts:	95.88822174072266
map_test/concepts:	0.9485553687269037

Epoch 105
losses_train/task:	0.841026246547699
losses_train/concepts:	7.288345813751221
losses_train/precision:	0.6469263434410095
losses_train/total:	1.5763300657272339
losses_test/task:	1.3241775035858154
losses_test/concepts:	21.925878524780273
losses_test/precision:	0.6448245644569397
losses_test/total:	3.52321457862854
calibration_test/ece:	0.049134790897369385
calibration_test/brier:	0.4015354812145233
accuracy_test/task:	70.91819123230928
accuracy_test/concepts:	96.03131866455078
map_test/concepts:	0.9493327325040644

Epoch 106
losses_train/task:	0.8238705396652222
losses_train/concepts:	7.016610145568848
losses_train/precision:	0.6426694989204407
losses_train/total:	1.5319582223892212
losses_test/task:	1.3401992321014404
losses_test/concepts:	22.797151565551758
losses_test/precision:	0.6412924528121948
losses_test/total:	3.626326560974121
calibration_test/ece:	0.04886157065629959
calibration_test/brier:	0.4020969867706299
accuracy_test/task:	71.1425612702796
accuracy_test/concepts:	96.06803894042969
map_test/concepts:	0.9494756644422357

Epoch 107
losses_train/task:	0.7706167697906494
losses_train/concepts:	6.438899993896484
losses_train/precision:	0.6411895155906677
losses_train/total:	1.420918583869934
losses_test/task:	1.3224233388900757
losses_test/concepts:	21.85089111328125
losses_test/precision:	0.6404742002487183
losses_test/total:	3.5139174461364746
calibration_test/ece:	0.04953058436512947
calibration_test/brier:	0.4006408452987671
accuracy_test/task:	71.21159820503969
accuracy_test/concepts:	96.03633880615234
map_test/concepts:	0.949802938374606

Epoch 108
losses_train/task:	0.8205469846725464
losses_train/concepts:	6.887521743774414
losses_train/precision:	0.6400066018104553
losses_train/total:	1.5156992673873901
losses_test/task:	1.3236991167068481
losses_test/concepts:	22.760684967041016
losses_test/precision:	0.6390228271484375
losses_test/total:	3.606157064437866
calibration_test/ece:	0.04912428557872772
calibration_test/brier:	0.4008631408214569
accuracy_test/task:	71.19433897134967
accuracy_test/concepts:	96.0859375
map_test/concepts:	0.9493569341572848

Epoch 109
losses_train/task:	0.7685338258743286
losses_train/concepts:	6.586014270782471
losses_train/precision:	0.637175977230072
losses_train/total:	1.4335070848464966
losses_test/task:	1.3069794178009033
losses_test/concepts:	22.4924373626709
losses_test/precision:	0.6352767944335938
losses_test/total:	3.562575578689575
calibration_test/ece:	0.0492413267493248
calibration_test/brier:	0.3970693051815033
accuracy_test/task:	71.45322747670004
accuracy_test/concepts:	96.13550567626953
map_test/concepts:	0.9497712774710222

Epoch 110
losses_train/task:	0.7840275764465332
losses_train/concepts:	6.666961193084717
losses_train/precision:	0.6330673098564148
losses_train/total:	1.4570543766021729
losses_test/task:	1.30922532081604
losses_test/concepts:	22.627410888671875
losses_test/precision:	0.6308627128601074
losses_test/total:	3.578275442123413
calibration_test/ece:	0.05027336627244949
calibration_test/brier:	0.39676931500434875
accuracy_test/task:	71.38419054193994
accuracy_test/concepts:	96.15338134765625
map_test/concepts:	0.9499349149790677

Epoch 111
losses_train/task:	0.7675693035125732
losses_train/concepts:	6.644506931304932
losses_train/precision:	0.6300066709518433
losses_train/total:	1.4383200407028198
losses_test/task:	1.2960368394851685
losses_test/concepts:	22.662717819213867
losses_test/precision:	0.6294723153114319
losses_test/total:	3.568603277206421
calibration_test/ece:	0.04954161122441292
calibration_test/brier:	0.39402756094932556
accuracy_test/task:	71.38419054193994
accuracy_test/concepts:	96.20986938476562
map_test/concepts:	0.9508261073719372

Epoch 112
losses_train/task:	0.7525359988212585
losses_train/concepts:	6.2618913650512695
losses_train/precision:	0.627096951007843
losses_train/total:	1.3849960565567017
losses_test/task:	1.2990102767944336
losses_test/concepts:	22.80465316772461
losses_test/precision:	0.6243576407432556
losses_test/total:	3.5857183933258057
calibration_test/ece:	0.04972708970308304
calibration_test/brier:	0.39425086975097656
accuracy_test/task:	71.48774594408009
accuracy_test/concepts:	96.21614837646484
map_test/concepts:	0.9506088549440558

Epoch 113
losses_train/task:	0.7765102386474609
losses_train/concepts:	6.636647701263428
losses_train/precision:	0.6224683523178101
losses_train/total:	1.4463995695114136
losses_test/task:	1.2951198816299438
losses_test/concepts:	22.28680992126465
losses_test/precision:	0.6207466721534729
losses_test/total:	3.530007839202881
calibration_test/ece:	0.049435656517744064
calibration_test/brier:	0.3939659297466278
accuracy_test/task:	71.69485674836038
accuracy_test/concepts:	96.19731903076172
map_test/concepts:	0.9504420562223954

Epoch 114
losses_train/task:	0.786098062992096
losses_train/concepts:	6.707146167755127
losses_train/precision:	0.6193877458572388
losses_train/total:	1.463006615638733
losses_test/task:	1.2938071489334106
losses_test/concepts:	22.92945671081543
losses_test/precision:	0.617885172367096
losses_test/total:	3.5929324626922607
calibration_test/ece:	0.04997558891773224
calibration_test/brier:	0.39350420236587524
accuracy_test/task:	71.52226441146013
accuracy_test/concepts:	96.2274398803711
map_test/concepts:	0.9502275824546814

Epoch 115
losses_train/task:	0.7375813126564026
losses_train/concepts:	5.998965740203857
losses_train/precision:	0.6161759495735168
losses_train/total:	1.3436397314071655
losses_test/task:	1.3020468950271606
losses_test/concepts:	23.291545867919922
losses_test/precision:	0.6138091683387756
losses_test/total:	3.6373400688171387
calibration_test/ece:	0.04939453676342964
calibration_test/brier:	0.396638423204422
accuracy_test/task:	71.74663444943045
accuracy_test/concepts:	96.21929168701172
map_test/concepts:	0.9500802755355835

Epoch 116
losses_train/task:	0.756554365158081
losses_train/concepts:	6.387915134429932
losses_train/precision:	0.611730694770813
losses_train/total:	1.401463270187378
losses_test/task:	1.2964918613433838
losses_test/concepts:	23.06557846069336
losses_test/precision:	0.6102389693260193
losses_test/total:	3.60915207862854
calibration_test/ece:	0.05186428129673004
calibration_test/brier:	0.39419683814048767
accuracy_test/task:	71.62581981360027
accuracy_test/concepts:	96.23686981201172
map_test/concepts:	0.9505087874152444

Epoch 117
losses_train/task:	0.7145944833755493
losses_train/concepts:	6.005753993988037
losses_train/precision:	0.6089421510696411
losses_train/total:	1.3212591409683228
losses_test/task:	1.3043920993804932
losses_test/concepts:	22.78959083557129
losses_test/precision:	0.6083468198776245
losses_test/total:	3.5894341468811035
calibration_test/ece:	0.05203571915626526
calibration_test/brier:	0.3967653512954712
accuracy_test/task:	71.66033828098033
accuracy_test/concepts:	96.20267486572266
map_test/concepts:	0.9501285910606384

Epoch 118
losses_train/task:	0.753649115562439
losses_train/concepts:	6.285584926605225
losses_train/precision:	0.6090991497039795
losses_train/total:	1.3882986307144165
losses_test/task:	1.3039321899414062
losses_test/concepts:	23.917932510375977
losses_test/precision:	0.6090050339698792
losses_test/total:	3.701815128326416
calibration_test/ece:	0.051323793828487396
calibration_test/brier:	0.39305320382118225
accuracy_test/task:	71.7811529168105
accuracy_test/concepts:	96.2516098022461
map_test/concepts:	0.9501159245317633

Epoch 119
losses_train/task:	0.6978058815002441
losses_train/concepts:	6.002155303955078
losses_train/precision:	0.6078296303749084
losses_train/total:	1.3040999174118042
losses_test/task:	1.2985525131225586
losses_test/concepts:	22.9268798828125
losses_test/precision:	0.6057299971580505
losses_test/total:	3.5972981452941895
calibration_test/ece:	0.05540243163704872
calibration_test/brier:	0.39646005630493164
accuracy_test/task:	71.5050051777701
accuracy_test/concepts:	96.2283935546875
map_test/concepts:	0.9505140239542181

Epoch 120
losses_train/task:	0.7162619233131409
losses_train/concepts:	5.8871049880981445
losses_train/precision:	0.6043627858161926
losses_train/total:	1.3110159635543823
losses_test/task:	1.3032065629959106
losses_test/concepts:	23.25520896911621
losses_test/precision:	0.6024361848831177
losses_test/total:	3.6347525119781494
calibration_test/ece:	0.05378996580839157
calibration_test/brier:	0.39513134956359863
accuracy_test/task:	71.6430790472903
accuracy_test/concepts:	96.24407196044922
map_test/concepts:	0.95067950703881

Epoch 121
losses_train/task:	0.7064705491065979
losses_train/concepts:	6.06185245513916
losses_train/precision:	0.6011278629302979
losses_train/total:	1.3186672925949097
losses_test/task:	1.3030422925949097
losses_test/concepts:	23.26177406311035
losses_test/precision:	0.5998572707176208
losses_test/total:	3.635218381881714
calibration_test/ece:	0.052531421184539795
calibration_test/brier:	0.39525043964385986
accuracy_test/task:	71.79841215050052
accuracy_test/concepts:	96.21392822265625
map_test/concepts:	0.9504223715175282

Epoch 122
losses_train/task:	0.7250904440879822
losses_train/concepts:	5.822897911071777
losses_train/precision:	0.5984180569648743
losses_train/total:	1.3133642673492432
losses_test/task:	1.2980291843414307
losses_test/concepts:	23.43708610534668
losses_test/precision:	0.5972461700439453
losses_test/total:	3.647709846496582
calibration_test/ece:	0.05325697362422943
calibration_test/brier:	0.39466696977615356
accuracy_test/task:	71.95374525371074
accuracy_test/concepts:	96.25035858154297
map_test/concepts:	0.9502930717034773

Epoch 123
losses_train/task:	0.7248458862304688
losses_train/concepts:	5.992371082305908
losses_train/precision:	0.5959891676902771
losses_train/total:	1.330042839050293
losses_test/task:	1.3180053234100342
losses_test/concepts:	23.899194717407227
losses_test/precision:	0.5946693420410156
losses_test/total:	3.7138710021972656
calibration_test/ece:	0.05495816096663475
calibration_test/brier:	0.3990683853626251
accuracy_test/task:	71.67759751467035
accuracy_test/concepts:	96.19511413574219
map_test/concepts:	0.9494682344523343

Epoch 124
losses_train/task:	0.6576257944107056
losses_train/concepts:	5.456925392150879
losses_train/precision:	0.5929211974143982
losses_train/total:	1.2092475891113281
losses_test/task:	1.3267837762832642
losses_test/concepts:	23.87181854248047
losses_test/precision:	0.5920467972755432
losses_test/total:	3.719886302947998
calibration_test/ece:	0.057068247348070145
calibration_test/brier:	0.3998132348060608
accuracy_test/task:	71.33241284086986
accuracy_test/concepts:	96.20234680175781
map_test/concepts:	0.9496379472992637

Epoch 125
losses_train/task:	0.6920050382614136
losses_train/concepts:	5.557641983032227
losses_train/precision:	0.5904608964920044
losses_train/total:	1.2536741495132446
losses_test/task:	1.3195617198944092
losses_test/concepts:	24.308456420898438
losses_test/precision:	0.5889016389846802
losses_test/total:	3.7562966346740723
calibration_test/ece:	0.05719531327486038
calibration_test/brier:	0.3978453576564789
accuracy_test/task:	71.48774594408009
accuracy_test/concepts:	96.25883483886719
map_test/concepts:	0.9499333164908669

Epoch 126
losses_train/task:	0.7187520861625671
losses_train/concepts:	5.933845043182373
losses_train/precision:	0.5876757502555847
losses_train/total:	1.3180134296417236
losses_test/task:	1.3056622743606567
losses_test/concepts:	23.793752670288086
losses_test/precision:	0.5866984724998474
losses_test/total:	3.690903663635254
calibration_test/ece:	0.05680691823363304
calibration_test/brier:	0.3971094787120819
accuracy_test/task:	71.79841215050052
accuracy_test/concepts:	96.26133728027344
map_test/concepts:	0.9500344601544467

Epoch 127
losses_train/task:	0.7034415602684021
losses_train/concepts:	5.940884590148926
losses_train/precision:	0.5856144428253174
losses_train/total:	1.3033863306045532
losses_test/task:	1.3097048997879028
losses_test/concepts:	24.013505935668945
losses_test/precision:	0.5845151543617249
losses_test/total:	3.716900110244751
calibration_test/ece:	0.05562952160835266
calibration_test/brier:	0.3966944217681885
accuracy_test/task:	71.72937521574042
accuracy_test/concepts:	96.26884460449219
map_test/concepts:	0.9503965854644776

Epoch 128
losses_train/task:	0.6888216733932495
losses_train/concepts:	5.510499000549316
losses_train/precision:	0.5839071273803711
losses_train/total:	1.2457104921340942
losses_test/task:	1.305574655532837
losses_test/concepts:	23.63241195678711
losses_test/precision:	0.5825138688087463
losses_test/total:	3.674640655517578
calibration_test/ece:	0.05360211059451103
calibration_test/brier:	0.3945842683315277
accuracy_test/task:	72.07455988954091
accuracy_test/concepts:	96.2654037475586
map_test/concepts:	0.9497790520841425

Epoch 129
losses_train/task:	0.6811837553977966
losses_train/concepts:	5.660124778747559
losses_train/precision:	0.5811355113983154
losses_train/total:	1.2530075311660767
losses_test/task:	1.300439476966858
losses_test/concepts:	23.856159210205078
losses_test/precision:	0.5800247192382812
losses_test/total:	3.6918554306030273
calibration_test/ece:	0.05484345182776451
calibration_test/brier:	0.392202764749527
accuracy_test/task:	71.98826372109079
accuracy_test/concepts:	96.29208374023438
map_test/concepts:	0.9501444794914939

Epoch 130
losses_train/task:	0.723744809627533
losses_train/concepts:	6.007638931274414
losses_train/precision:	0.5787771344184875
losses_train/total:	1.330296516418457
losses_test/task:	1.302037239074707
losses_test/concepts:	23.838777542114258
losses_test/precision:	0.5769194960594177
losses_test/total:	3.691683530807495
calibration_test/ece:	0.05469260364770889
calibration_test/brier:	0.3929699957370758
accuracy_test/task:	72.10907835692095
accuracy_test/concepts:	96.3102798461914
map_test/concepts:	0.950855226950212

Epoch 131
losses_train/task:	0.7593162655830383
losses_train/concepts:	6.1962456703186035
losses_train/precision:	0.5751236081123352
losses_train/total:	1.3846919536590576
losses_test/task:	1.302685260772705
losses_test/concepts:	23.7745361328125
losses_test/precision:	0.5731105208396912
losses_test/total:	3.6858694553375244
calibration_test/ece:	0.055318135768175125
calibration_test/brier:	0.3942338526248932
accuracy_test/task:	72.05730065585088
accuracy_test/concepts:	96.28831481933594
map_test/concepts:	0.9504848274317654

Epoch 132
losses_train/task:	0.6696410775184631
losses_train/concepts:	5.448368072509766
losses_train/precision:	0.5726141929626465
losses_train/total:	1.2202039957046509
losses_test/task:	1.3029744625091553
losses_test/concepts:	23.589319229125977
losses_test/precision:	0.5718236565589905
losses_test/total:	3.6676249504089355
calibration_test/ece:	0.05726304650306702
calibration_test/brier:	0.3958200514316559
accuracy_test/task:	71.7811529168105
accuracy_test/concepts:	96.23908233642578
map_test/concepts:	0.9503480466929349

Epoch 133
losses_train/task:	0.6892924904823303
losses_train/concepts:	5.59041690826416
losses_train/precision:	0.5703517198562622
losses_train/total:	1.2540373802185059
losses_test/task:	1.3017991781234741
losses_test/concepts:	23.876628875732422
losses_test/precision:	0.5692560076713562
losses_test/total:	3.695155382156372
calibration_test/ece:	0.05395982414484024
calibration_test/brier:	0.3909825384616852
accuracy_test/task:	72.22989299275112
accuracy_test/concepts:	96.3300552368164
map_test/concepts:	0.9510187625885009

Epoch 134
losses_train/task:	0.7197408676147461
losses_train/concepts:	6.061131477355957
losses_train/precision:	0.5672001838684082
losses_train/total:	1.3315259218215942
losses_test/task:	1.2962579727172852
losses_test/concepts:	23.563283920288086
losses_test/precision:	0.5648389458656311
losses_test/total:	3.6582350730895996
calibration_test/ece:	0.05509469658136368
calibration_test/brier:	0.391828715801239
accuracy_test/task:	71.95374525371074
accuracy_test/concepts:	96.27452087402344
map_test/concepts:	0.9501839453523809

Epoch 135
losses_train/task:	0.6684109568595886
losses_train/concepts:	5.402528285980225
losses_train/precision:	0.5633898973464966
losses_train/total:	1.2142975330352783
losses_test/task:	1.3119155168533325
losses_test/concepts:	24.057540893554688
losses_test/precision:	0.5625646710395813
losses_test/total:	3.723294973373413
calibration_test/ece:	0.0592183992266655
calibration_test/brier:	0.39627721905708313
accuracy_test/task:	71.7811529168105
accuracy_test/concepts:	96.26070404052734
map_test/concepts:	0.9495614441958341

Epoch 136
losses_train/task:	0.7328999042510986
losses_train/concepts:	6.046774387359619
losses_train/precision:	0.5609307885169983
losses_train/total:	1.343186378479004
losses_test/task:	1.3071479797363281
losses_test/concepts:	24.012102127075195
losses_test/precision:	0.5599974989891052
losses_test/total:	3.713958740234375
calibration_test/ece:	0.05639699473977089
calibration_test/brier:	0.39368152618408203
accuracy_test/task:	71.72937521574042
accuracy_test/concepts:	96.24658203125
map_test/concepts:	0.9499248081987555

Epoch 137
losses_train/task:	0.698053240776062
losses_train/concepts:	5.741832733154297
losses_train/precision:	0.5580635070800781
losses_train/total:	1.2778172492980957
losses_test/task:	1.316537618637085
losses_test/concepts:	24.65773582458496
losses_test/precision:	0.5561332702636719
losses_test/total:	3.787872076034546
calibration_test/ece:	0.05633409693837166
calibration_test/brier:	0.3955647349357605
accuracy_test/task:	71.91922678633068
accuracy_test/concepts:	96.26226806640625
map_test/concepts:	0.9500704700296575

Epoch 138
losses_train/task:	0.6639628410339355
losses_train/concepts:	5.572141647338867
losses_train/precision:	0.5548591613769531
losses_train/total:	1.2267255783081055
losses_test/task:	1.3061537742614746
losses_test/concepts:	24.34300994873047
losses_test/precision:	0.5539488196372986
losses_test/total:	3.745995044708252
calibration_test/ece:	0.05788705497980118
calibration_test/brier:	0.3953476846218109
accuracy_test/task:	71.72937521574042
accuracy_test/concepts:	96.27137756347656
map_test/concepts:	0.9502891280434348

Epoch 139
losses_train/task:	0.6729671955108643
losses_train/concepts:	5.580559253692627
losses_train/precision:	0.5529725551605225
losses_train/total:	1.2365528345108032
losses_test/task:	1.3140573501586914
losses_test/concepts:	24.219194412231445
losses_test/precision:	0.5519765615463257
losses_test/total:	3.741497039794922
calibration_test/ece:	0.060292232781648636
calibration_test/brier:	0.3978087902069092
accuracy_test/task:	71.71211598205039
accuracy_test/concepts:	96.26416778564453
map_test/concepts:	0.9501572435552423

Epoch 140
losses_train/task:	0.7157928347587585
losses_train/concepts:	5.825927734375
losses_train/precision:	0.5500182509422302
losses_train/total:	1.303885579109192
losses_test/task:	1.3027288913726807
losses_test/concepts:	23.580904006958008
losses_test/precision:	0.548119068145752
losses_test/total:	3.666300058364868
calibration_test/ece:	0.05696195363998413
calibration_test/brier:	0.3935222923755646
accuracy_test/task:	71.88470831895064
accuracy_test/concepts:	96.23715209960938
map_test/concepts:	0.9505591728470543

Epoch 141
losses_train/task:	0.6660585999488831
losses_train/concepts:	5.409127235412598
losses_train/precision:	0.5475766062736511
losses_train/total:	1.212447166442871
losses_test/task:	1.303308129310608
losses_test/concepts:	24.52341651916504
losses_test/precision:	0.5468503832817078
losses_test/total:	3.7611169815063477
calibration_test/ece:	0.05663688853383064
calibration_test/brier:	0.3933660387992859
accuracy_test/task:	71.91922678633068
accuracy_test/concepts:	96.29774475097656
map_test/concepts:	0.9502504933964122

Epoch 142
losses_train/task:	0.6826382875442505
losses_train/concepts:	5.723257064819336
losses_train/precision:	0.5462523102760315
losses_train/total:	1.2604265213012695
losses_test/task:	1.300910472869873
losses_test/concepts:	24.625465393066406
losses_test/precision:	0.5462015271186829
losses_test/total:	3.7689197063446045
calibration_test/ece:	0.05728945881128311
calibration_test/brier:	0.3927392065525055
accuracy_test/task:	72.02278218847083
accuracy_test/concepts:	96.31748962402344
map_test/concepts:	0.9508785106919029

Epoch 143
losses_train/task:	0.6478350758552551
losses_train/concepts:	5.315551280975342
losses_train/precision:	0.5455968976020813
losses_train/total:	1.1848461627960205
losses_test/task:	1.3089485168457031
losses_test/concepts:	24.380769729614258
losses_test/precision:	0.5442256331443787
losses_test/total:	3.752467632293701
calibration_test/ece:	0.0552816167473793
calibration_test/brier:	0.3929550349712372
accuracy_test/task:	72.07455988954091
accuracy_test/concepts:	96.27641296386719
map_test/concepts:	0.9503325115550648

Epoch 144
losses_train/task:	0.6716718673706055
losses_train/concepts:	5.587703704833984
losses_train/precision:	0.5432581901550293
losses_train/total:	1.2358745336532593
losses_test/task:	1.3056108951568604
losses_test/concepts:	24.52593421936035
losses_test/precision:	0.5425795912742615
losses_test/total:	3.763629198074341
calibration_test/ece:	0.05469996854662895
calibration_test/brier:	0.3922628164291382
accuracy_test/task:	72.24715222644114
accuracy_test/concepts:	96.26289367675781
map_test/concepts:	0.949995790828358

Epoch 145
losses_train/task:	0.7233017683029175
losses_train/concepts:	6.1241455078125
losses_train/precision:	0.5410165190696716
losses_train/total:	1.3411264419555664
losses_test/task:	1.288711667060852
losses_test/concepts:	24.1092472076416
losses_test/precision:	0.5391896963119507
losses_test/total:	3.7050278186798096
calibration_test/ece:	0.05659475922584534
calibration_test/brier:	0.3901025354862213
accuracy_test/task:	72.09181912323093
accuracy_test/concepts:	96.32220458984375
map_test/concepts:	0.9508650042793968

Epoch 146
losses_train/task:	0.7052808403968811
losses_train/concepts:	5.787014484405518
losses_train/precision:	0.5387033820152283
losses_train/total:	1.2893692255020142
losses_test/task:	1.2908796072006226
losses_test/concepts:	24.632009506225586
losses_test/precision:	0.5378015637397766
losses_test/total:	3.7594587802886963
calibration_test/ece:	0.05661504343152046
calibration_test/brier:	0.3915102183818817
accuracy_test/task:	72.143596824301
accuracy_test/concepts:	96.35360717773438
map_test/concepts:	0.9509064197540283

Epoch 147
losses_train/task:	0.6560882329940796
losses_train/concepts:	5.285788536071777
losses_train/precision:	0.5376325845718384
losses_train/total:	1.1900434494018555
losses_test/task:	1.3088581562042236
losses_test/concepts:	24.15479850769043
losses_test/precision:	0.5374813079833984
losses_test/total:	3.72971248626709
calibration_test/ece:	0.059434738010168076
calibration_test/brier:	0.3937309980392456
accuracy_test/task:	71.83293061788056
accuracy_test/concepts:	96.30274200439453
map_test/concepts:	0.9502131960608743

Epoch 148
losses_train/task:	0.6627340912818909
losses_train/concepts:	5.384305477142334
losses_train/precision:	0.5361615419387817
losses_train/total:	1.2065263986587524
losses_test/task:	1.3073712587356567
losses_test/concepts:	24.235336303710938
losses_test/precision:	0.5347939133644104
losses_test/total:	3.7362518310546875
calibration_test/ece:	0.05968085303902626
calibration_test/brier:	0.39449530839920044
accuracy_test/task:	71.86744908526062
accuracy_test/concepts:	96.30213165283203
map_test/concepts:	0.9504075570539995

Epoch 149
losses_train/task:	0.6356528997421265
losses_train/concepts:	5.1676106452941895
losses_train/precision:	0.5337600708007812
losses_train/total:	1.1577515602111816
losses_test/task:	1.3045985698699951
losses_test/concepts:	24.13079261779785
losses_test/precision:	0.5326200127601624
losses_test/total:	3.7230043411254883
calibration_test/ece:	0.05835132673382759
calibration_test/brier:	0.39246368408203125
accuracy_test/task:	72.05730065585088
accuracy_test/concepts:	96.32252502441406
map_test/concepts:	0.9509621696038679

Epoch 150
losses_train/task:	0.6873130798339844
losses_train/concepts:	5.500826835632324
losses_train/precision:	0.531586766242981
losses_train/total:	1.2427115440368652
losses_test/task:	1.299955129623413
losses_test/concepts:	24.240442276000977
losses_test/precision:	0.5307077169418335
losses_test/total:	3.729307174682617
calibration_test/ece:	0.0576782189309597
calibration_test/brier:	0.3915709853172302
accuracy_test/task:	72.10907835692095
accuracy_test/concepts:	96.3218765258789
map_test/concepts:	0.9508202986283736

Epoch 151
losses_train/task:	0.6702120304107666
losses_train/concepts:	5.453917026519775
losses_train/precision:	0.5299902558326721
losses_train/total:	1.2209036350250244
losses_test/task:	1.308843970298767
losses_test/concepts:	24.262632369995117
losses_test/precision:	0.5291213393211365
losses_test/total:	3.7403995990753174
calibration_test/ece:	0.05907236784696579
calibration_test/brier:	0.3946935534477234
accuracy_test/task:	71.98826372109079
accuracy_test/concepts:	96.31341552734375
map_test/concepts:	0.9508270209485834

Epoch 152
losses_train/task:	0.6009210348129272
losses_train/concepts:	4.831684589385986
losses_train/precision:	0.5282117128372192
losses_train/total:	1.089371681213379
losses_test/task:	1.3283982276916504
losses_test/concepts:	24.196260452270508
losses_test/precision:	0.5272617936134338
losses_test/total:	3.7532966136932373
calibration_test/ece:	0.06221436709165573
calibration_test/brier:	0.39774999022483826
accuracy_test/task:	71.83293061788056
accuracy_test/concepts:	96.26194763183594
map_test/concepts:	0.950560643456199

Epoch 153
losses_train/task:	0.6236169934272766
losses_train/concepts:	4.9364190101623535
losses_train/precision:	0.526665210723877
losses_train/total:	1.1225255727767944
losses_test/task:	1.3299554586410522
losses_test/concepts:	24.663389205932617
losses_test/precision:	0.525709331035614
losses_test/total:	3.801551580429077
calibration_test/ece:	0.061812546104192734
calibration_test/brier:	0.3969028890132904
accuracy_test/task:	71.85018985157059
accuracy_test/concepts:	96.27955627441406
map_test/concepts:	0.9503294272856279

Epoch 154
losses_train/task:	0.6928401589393616
losses_train/concepts:	5.561070919036865
losses_train/precision:	0.5255709290504456
losses_train/total:	1.2542028427124023
losses_test/task:	1.32095468044281
losses_test/concepts:	25.5360050201416
losses_test/precision:	0.5251312255859375
losses_test/total:	3.8798069953918457
calibration_test/ece:	0.06349547207355499
calibration_test/brier:	0.39644327759742737
accuracy_test/task:	71.5050051777701
accuracy_test/concepts:	96.3278579711914
map_test/concepts:	0.9500816930424083

Epoch 155
losses_train/task:	0.6680724024772644
losses_train/concepts:	5.438897132873535
losses_train/precision:	0.5243556499481201
losses_train/total:	1.2172058820724487
losses_test/task:	1.3143928050994873
losses_test/concepts:	25.416032791137695
losses_test/precision:	0.5231627821922302
losses_test/total:	3.8612279891967773
calibration_test/ece:	0.0662321150302887
calibration_test/brier:	0.3948134481906891
accuracy_test/task:	71.69485674836038
accuracy_test/concepts:	96.3526611328125
map_test/concepts:	0.950572098385204

Epoch 156
losses_train/task:	0.6401066780090332
losses_train/concepts:	5.11066198348999
losses_train/precision:	0.5219352841377258
losses_train/total:	1.156392216682434
losses_test/task:	1.3266716003417969
losses_test/concepts:	25.668386459350586
losses_test/precision:	0.5206300616264343
losses_test/total:	3.8987162113189697
calibration_test/ece:	0.06754329800605774
calibration_test/brier:	0.39556169509887695
accuracy_test/task:	71.69485674836038
accuracy_test/concepts:	96.35391235351562
map_test/concepts:	0.9507750901308927

Epoch 157
losses_train/task:	0.6686431169509888
losses_train/concepts:	5.374729633331299
losses_train/precision:	0.5201056599617004
losses_train/total:	1.2113171815872192
losses_test/task:	1.3239026069641113
losses_test/concepts:	25.91152572631836
losses_test/precision:	0.519126832485199
losses_test/total:	3.9202470779418945
calibration_test/ece:	0.06194431334733963
calibration_test/brier:	0.3941819667816162
accuracy_test/task:	72.0055229547808
accuracy_test/concepts:	96.35769653320312
map_test/concepts:	0.950872185013511

Epoch 158
losses_train/task:	0.6525352001190186
losses_train/concepts:	5.358191967010498
losses_train/precision:	0.5172485709190369
losses_train/total:	1.1935269832611084
losses_test/task:	1.3100407123565674
losses_test/concepts:	25.12353515625
losses_test/precision:	0.5152783989906311
losses_test/total:	3.827547311782837
calibration_test/ece:	0.06365298479795456
calibration_test/brier:	0.3930521309375763
accuracy_test/task:	72.0055229547808
accuracy_test/concepts:	96.34856414794922
map_test/concepts:	0.9511760592460632

Epoch 159
losses_train/task:	0.6401832103729248
losses_train/concepts:	5.212779998779297
losses_train/precision:	0.5146009922027588
losses_train/total:	1.1666072607040405
losses_test/task:	1.3080730438232422
losses_test/concepts:	24.96265411376953
losses_test/precision:	0.5138067007064819
losses_test/total:	3.809476852416992
calibration_test/ece:	0.06031579524278641
calibration_test/brier:	0.39298808574676514
accuracy_test/task:	72.12633759061097
accuracy_test/concepts:	96.33475494384766
map_test/concepts:	0.9509861220013012

Epoch 160
losses_train/task:	0.6333054304122925
losses_train/concepts:	5.050230026245117
losses_train/precision:	0.5117512941360474
losses_train/total:	1.1434459686279297
losses_test/task:	1.3083322048187256
losses_test/concepts:	24.474578857421875
losses_test/precision:	0.5096163749694824
losses_test/total:	3.7608861923217773
calibration_test/ece:	0.0610903762280941
calibration_test/brier:	0.39332613348960876
accuracy_test/task:	72.05730065585088
accuracy_test/concepts:	96.33130645751953
map_test/concepts:	0.9508295644413342

Epoch 161
losses_train/task:	0.6131435036659241
losses_train/concepts:	4.837765693664551
losses_train/precision:	0.5087707042694092
losses_train/total:	1.1020078659057617
losses_test/task:	1.3178503513336182
losses_test/concepts:	25.135339736938477
losses_test/precision:	0.5085932612419128
losses_test/total:	3.836469888687134
calibration_test/ece:	0.06551462411880493
calibration_test/brier:	0.39537522196769714
accuracy_test/task:	71.88470831895064
accuracy_test/concepts:	96.35453796386719
map_test/concepts:	0.950819037177346

Epoch 162
losses_train/task:	0.6264918446540833
losses_train/concepts:	5.043068885803223
losses_train/precision:	0.5081275105476379
losses_train/total:	1.1358797550201416
losses_test/task:	1.316163182258606
losses_test/concepts:	25.23796272277832
losses_test/precision:	0.5072078108787537
losses_test/total:	3.845032215118408
calibration_test/ece:	0.06075434759259224
calibration_test/brier:	0.39332446455955505
accuracy_test/task:	72.24715222644114
accuracy_test/concepts:	96.33604431152344
map_test/concepts:	0.9504538676955483

Epoch 163
losses_train/task:	0.6477336883544922
losses_train/concepts:	5.161495685577393
losses_train/precision:	0.5057576894760132
losses_train/total:	1.1689406633377075
losses_test/task:	1.3248846530914307
losses_test/concepts:	25.705062866210938
losses_test/precision:	0.5039735436439514
losses_test/total:	3.900430202484131
calibration_test/ece:	0.06426205486059189
calibration_test/brier:	0.39507776498794556
accuracy_test/task:	71.93648602002071
accuracy_test/concepts:	96.34732818603516
map_test/concepts:	0.950195971402255

Epoch 164
losses_train/task:	0.6224972605705261
losses_train/concepts:	5.062481880187988
losses_train/precision:	0.5023897886276245
losses_train/total:	1.1337695121765137
losses_test/task:	1.3071073293685913
losses_test/concepts:	24.88910484313965
losses_test/precision:	0.5011495351791382
losses_test/total:	3.8010292053222656
calibration_test/ece:	0.06283730268478394
calibration_test/brier:	0.3923429250717163
accuracy_test/task:	72.09181912323093
accuracy_test/concepts:	96.33602905273438
map_test/concepts:	0.9502965634519404

Epoch 165
losses_train/task:	0.6417942643165588
losses_train/concepts:	5.316000461578369
losses_train/precision:	0.5005862712860107
losses_train/total:	1.1784001588821411
losses_test/task:	1.3087106943130493
losses_test/concepts:	25.14203453063965
losses_test/precision:	0.5000362992286682
losses_test/total:	3.8279144763946533
calibration_test/ece:	0.06117527186870575
calibration_test/brier:	0.39219632744789124
accuracy_test/task:	72.22989299275112
accuracy_test/concepts:	96.33226776123047
map_test/concepts:	0.9506048039956526

Epoch 166
losses_train/task:	0.6677231788635254
losses_train/concepts:	5.567275047302246
losses_train/precision:	0.49971577525138855
losses_train/total:	1.229447841644287
losses_test/task:	1.3017505407333374
losses_test/concepts:	24.23201560974121
losses_test/precision:	0.49920469522476196
losses_test/total:	3.7299444675445557
calibration_test/ece:	0.0613664872944355
calibration_test/brier:	0.3912188410758972
accuracy_test/task:	72.2816706938212
accuracy_test/concepts:	96.31405639648438
map_test/concepts:	0.9505412459373475

Epoch 167
losses_train/task:	0.5924645662307739
losses_train/concepts:	4.789719581604004
losses_train/precision:	0.49821993708610535
losses_train/total:	1.0764187574386597
losses_test/task:	1.3052446842193604
losses_test/concepts:	24.735925674438477
losses_test/precision:	0.4978143572807312
losses_test/total:	3.783815622329712
calibration_test/ece:	0.06472275406122208
calibration_test/brier:	0.39198219776153564
accuracy_test/task:	72.19537452537108
accuracy_test/concepts:	96.34888458251953
map_test/concepts:	0.9502347848632119

Epoch 168
losses_train/task:	0.6631477475166321
losses_train/concepts:	5.250281810760498
losses_train/precision:	0.4976853132247925
losses_train/total:	1.193152666091919
losses_test/task:	1.3335332870483398
losses_test/concepts:	25.983627319335938
losses_test/precision:	0.49726423621177673
losses_test/total:	3.9368677139282227
calibration_test/ece:	0.06559988111257553
calibration_test/brier:	0.39674949645996094
accuracy_test/task:	71.85018985157059
accuracy_test/concepts:	96.32032775878906
map_test/concepts:	0.9497433478182012

Epoch 169
losses_train/task:	0.6521223783493042
losses_train/concepts:	5.310449600219727
losses_train/precision:	0.49701619148254395
losses_train/total:	1.188137412071228
losses_test/task:	1.3237745761871338
losses_test/concepts:	25.31595802307129
losses_test/precision:	0.4969622790813446
losses_test/total:	3.860339641571045
calibration_test/ece:	0.06448803842067719
calibration_test/brier:	0.3959730863571167
accuracy_test/task:	72.21263375906109
accuracy_test/concepts:	96.32787322998047
map_test/concepts:	0.9505152182145552

Epoch 170
losses_train/task:	0.609595000743866
losses_train/concepts:	4.9897141456604
losses_train/precision:	0.49638310074806213
losses_train/total:	1.113530158996582
losses_test/task:	1.324474573135376
losses_test/concepts:	24.73971939086914
losses_test/precision:	0.49560102820396423
losses_test/total:	3.8034024238586426
calibration_test/ece:	0.06510397791862488
calibration_test/brier:	0.3960149586200714
accuracy_test/task:	72.0055229547808
accuracy_test/concepts:	96.28831481933594
map_test/concepts:	0.9499896775592457

Epoch 171
losses_train/task:	0.6350324153900146
losses_train/concepts:	5.137199401855469
losses_train/precision:	0.4943809509277344
losses_train/total:	1.153696060180664
losses_test/task:	1.3223633766174316
losses_test/concepts:	25.84356689453125
losses_test/precision:	0.4930470883846283
losses_test/total:	3.9116504192352295
calibration_test/ece:	0.06533744931221008
calibration_test/brier:	0.3938676714897156
accuracy_test/task:	71.85018985157059
accuracy_test/concepts:	96.3395004272461
map_test/concepts:	0.9500222086906434

Epoch 172
losses_train/task:	0.6202445030212402
losses_train/concepts:	5.07767915725708
losses_train/precision:	0.49156802892684937
losses_train/total:	1.1329278945922852
losses_test/task:	1.3171559572219849
losses_test/concepts:	25.158939361572266
losses_test/precision:	0.49076515436172485
losses_test/total:	3.8379576206207275
calibration_test/ece:	0.06742597371339798
calibration_test/brier:	0.3952336609363556
accuracy_test/task:	71.7811529168105
accuracy_test/concepts:	96.30369567871094
map_test/concepts:	0.9496852679686113

Epoch 173
losses_train/task:	0.619097113609314
losses_train/concepts:	5.12355375289917
losses_train/precision:	0.4905676543712616
losses_train/total:	1.1363580226898193
losses_test/task:	1.3237100839614868
losses_test/concepts:	24.931034088134766
losses_test/precision:	0.4900818467140198
losses_test/total:	3.8217146396636963
calibration_test/ece:	0.06792084127664566
calibration_test/brier:	0.39502817392349243
accuracy_test/task:	71.83293061788056
accuracy_test/concepts:	96.29458618164062
map_test/concepts:	0.9501359907063571

Epoch 174
losses_train/task:	0.6588638424873352
losses_train/concepts:	5.30129337310791
losses_train/precision:	0.48983487486839294
losses_train/total:	1.1938917636871338
losses_test/task:	1.3462579250335693
losses_test/concepts:	26.21788787841797
losses_test/precision:	0.48943135142326355
losses_test/total:	3.97294020652771
calibration_test/ece:	0.06772608309984207
calibration_test/brier:	0.4019325077533722
accuracy_test/task:	71.59130134622023
accuracy_test/concepts:	96.30463409423828
map_test/concepts:	0.9493397040800615

Epoch 175
losses_train/task:	0.6321410536766052
losses_train/concepts:	5.277781009674072
losses_train/precision:	0.4888787269592285
losses_train/total:	1.1648080348968506
losses_test/task:	1.3267979621887207
losses_test/concepts:	25.666534423828125
losses_test/precision:	0.4880440831184387
losses_test/total:	3.8983314037323
calibration_test/ece:	0.06684429198503494
calibration_test/brier:	0.39704185724258423
accuracy_test/task:	72.09181912323093
accuracy_test/concepts:	96.33790588378906
map_test/concepts:	0.9498477664860812

Epoch 176
losses_train/task:	0.6281808614730835
losses_train/concepts:	5.098542213439941
losses_train/precision:	0.4877151846885681
losses_train/total:	1.1429122686386108
losses_test/task:	1.331933856010437
losses_test/concepts:	25.301477432250977
losses_test/precision:	0.4871080815792084
losses_test/total:	3.8669519424438477
calibration_test/ece:	0.07020827382802963
calibration_test/brier:	0.3972601890563965
accuracy_test/task:	71.79841215050052
accuracy_test/concepts:	96.30524444580078
map_test/concepts:	0.9493856635960666

Epoch 177
losses_train/task:	0.6695810556411743
losses_train/concepts:	5.387287139892578
losses_train/precision:	0.4865383207798004
losses_train/total:	1.2131751775741577
losses_test/task:	1.3293020725250244
losses_test/concepts:	24.968524932861328
losses_test/precision:	0.4852861762046814
losses_test/total:	3.831007719039917
calibration_test/ece:	0.07137508690357208
calibration_test/brier:	0.39803802967071533
accuracy_test/task:	71.72937521574042
accuracy_test/concepts:	96.30278015136719
map_test/concepts:	0.9499761147932573

Epoch 178
losses_train/task:	0.6393301486968994
losses_train/concepts:	4.979824066162109
losses_train/precision:	0.4847518503665924
losses_train/total:	1.1421599388122559
losses_test/task:	1.3519444465637207
losses_test/concepts:	25.564634323120117
losses_test/precision:	0.4846198856830597
losses_test/total:	3.913254737854004
calibration_test/ece:	0.07106401026248932
calibration_test/brier:	0.4015834331512451
accuracy_test/task:	71.66033828098033
accuracy_test/concepts:	96.28519439697266
map_test/concepts:	0.9493357680060647

Epoch 179
losses_train/task:	0.6146680116653442
losses_train/concepts:	4.9919633865356445
losses_train/precision:	0.48470044136047363
losses_train/total:	1.1187111139297485
losses_test/task:	1.3501827716827393
losses_test/concepts:	26.222951889038086
losses_test/precision:	0.48406025767326355
losses_test/total:	3.977318286895752
calibration_test/ece:	0.0711260586977005
calibration_test/brier:	0.39983028173446655
accuracy_test/task:	71.67759751467035
accuracy_test/concepts:	96.32284545898438
map_test/concepts:	0.9493021683259444

Epoch 180
losses_train/task:	0.6410197019577026
losses_train/concepts:	5.189259052276611
losses_train/precision:	0.4831611216068268
losses_train/total:	1.1647770404815674
losses_test/task:	1.3243868350982666
losses_test/concepts:	24.521474838256836
losses_test/precision:	0.48258957266807556
losses_test/total:	3.781360626220703
calibration_test/ece:	0.06743915379047394
calibration_test/brier:	0.3962251842021942
accuracy_test/task:	71.97100448740076
accuracy_test/concepts:	96.29804992675781
map_test/concepts:	0.9496712662956931

Epoch 181
losses_train/task:	0.6273193359375
losses_train/concepts:	5.0747504234313965
losses_train/precision:	0.48239898681640625
losses_train/total:	1.139618158340454
losses_test/task:	1.3477880954742432
losses_test/concepts:	26.382173538208008
losses_test/precision:	0.4819405674934387
losses_test/total:	3.9908244609832764
calibration_test/ece:	0.06908337771892548
calibration_test/brier:	0.398406445980072
accuracy_test/task:	71.95374525371074
accuracy_test/concepts:	96.31061553955078
map_test/concepts:	0.9488413539799777

Epoch 182
losses_train/task:	0.574142575263977
losses_train/concepts:	4.593105792999268
losses_train/precision:	0.4820919632911682
losses_train/total:	1.0382740497589111
losses_test/task:	1.3416043519973755
losses_test/concepts:	25.70034408569336
losses_test/precision:	0.48219093680381775
losses_test/total:	3.9164602756500244
calibration_test/ece:	0.07062269747257233
calibration_test/brier:	0.39828455448150635
accuracy_test/task:	71.83293061788056
accuracy_test/concepts:	96.31781768798828
map_test/concepts:	0.9492234706878662

Epoch 183
losses_train/task:	0.5989302396774292
losses_train/concepts:	4.849175930023193
losses_train/precision:	0.4814821183681488
losses_train/total:	1.0886625051498413
losses_test/task:	1.3427298069000244
losses_test/concepts:	25.627832412719727
losses_test/precision:	0.48058265447616577
losses_test/total:	3.9103195667266846
calibration_test/ece:	0.07197535037994385
calibration_test/brier:	0.399236798286438
accuracy_test/task:	71.79841215050052
accuracy_test/concepts:	96.29869842529297
map_test/concepts:	0.9489161740649831

Epoch 184
losses_train/task:	0.6369727849960327
losses_train/concepts:	5.111419200897217
losses_train/precision:	0.4799348711967468
losses_train/total:	1.1529138088226318
losses_test/task:	1.3478572368621826
losses_test/concepts:	26.36423683166504
losses_test/precision:	0.4794119596481323
losses_test/total:	3.98907470703125
calibration_test/ece:	0.07218379527330399
calibration_test/brier:	0.3996069133281708
accuracy_test/task:	71.81567138419054
accuracy_test/concepts:	96.3159408569336
map_test/concepts:	0.9491765564138239

Epoch 185
losses_train/task:	0.636457622051239
losses_train/concepts:	5.221090316772461
losses_train/precision:	0.47911980748176575
losses_train/total:	1.1633579730987549
losses_test/task:	1.3400605916976929
losses_test/concepts:	25.083026885986328
losses_test/precision:	0.47910377383232117
losses_test/total:	3.853154182434082
calibration_test/ece:	0.07399089634418488
calibration_test/brier:	0.39968693256378174
accuracy_test/task:	71.40144977562996
accuracy_test/concepts:	96.2629165649414
map_test/concepts:	0.949020808393305

Epoch 186
losses_train/task:	0.6324419975280762
losses_train/concepts:	5.049156188964844
losses_train/precision:	0.47887879610061646
losses_train/total:	1.1421464681625366
losses_test/task:	1.337289810180664
losses_test/concepts:	25.53581428527832
losses_test/precision:	0.4777202308177948
losses_test/total:	3.895648956298828
calibration_test/ece:	0.07396174222230911
calibration_test/brier:	0.39824536442756653
accuracy_test/task:	71.59130134622023
accuracy_test/concepts:	96.30811309814453
map_test/concepts:	0.9491216258569197

Epoch 187
losses_train/task:	0.5969944000244141
losses_train/concepts:	4.769191741943359
losses_train/precision:	0.4764343202114105
losses_train/total:	1.0786778926849365
losses_test/task:	1.352097988128662
losses_test/concepts:	26.504262924194336
losses_test/precision:	0.47534769773483276
losses_test/total:	4.007277965545654
calibration_test/ece:	0.07030240446329117
calibration_test/brier:	0.3977419137954712
accuracy_test/task:	71.93648602002071
accuracy_test/concepts:	96.31781005859375
map_test/concepts:	0.9491355993530967

Epoch 188
losses_train/task:	0.6128556728363037
losses_train/concepts:	4.930877685546875
losses_train/precision:	0.4743051528930664
losses_train/total:	1.1106867790222168
losses_test/task:	1.3508551120758057
losses_test/concepts:	25.86126136779785
losses_test/precision:	0.47358962893486023
losses_test/total:	3.9417173862457275
calibration_test/ece:	0.07647670060396194
calibration_test/brier:	0.4010148048400879
accuracy_test/task:	71.52226441146013
accuracy_test/concepts:	96.3240966796875
map_test/concepts:	0.9496001330288973

Epoch 189
losses_train/task:	0.5761406421661377
losses_train/concepts:	4.778282642364502
losses_train/precision:	0.47323834896087646
losses_train/total:	1.0587011575698853
losses_test/task:	1.3479712009429932
losses_test/concepts:	25.68971824645996
losses_test/precision:	0.4730643928050995
losses_test/total:	3.9216744899749756
calibration_test/ece:	0.07572066783905029
calibration_test/brier:	0.40217888355255127
accuracy_test/task:	71.45322747670004
accuracy_test/concepts:	96.29869842529297
map_test/concepts:	0.9492666146971963

Epoch 190
losses_train/task:	0.6305131316184998
losses_train/concepts:	5.256774425506592
losses_train/precision:	0.47246429324150085
losses_train/total:	1.1609152555465698
losses_test/task:	1.3368512392044067
losses_test/concepts:	25.20975685119629
losses_test/precision:	0.47212618589401245
losses_test/total:	3.862548589706421
calibration_test/ece:	0.07463112473487854
calibration_test/brier:	0.4001465141773224
accuracy_test/task:	71.69485674836038
accuracy_test/concepts:	96.28080749511719
map_test/concepts:	0.9491755127906799

Epoch 191
losses_train/task:	0.6162940263748169
losses_train/concepts:	4.88559103012085
losses_train/precision:	0.4715045392513275
losses_train/total:	1.1095681190490723
losses_test/task:	1.3554253578186035
losses_test/concepts:	25.7945556640625
losses_test/precision:	0.4701460301876068
losses_test/total:	3.9395828247070312
calibration_test/ece:	0.07476488500833511
calibration_test/brier:	0.4024433195590973
accuracy_test/task:	71.72937521574042
accuracy_test/concepts:	96.29803466796875
map_test/concepts:	0.9493380600755865

Epoch 192
losses_train/task:	0.6673063039779663
losses_train/concepts:	5.473377704620361
losses_train/precision:	0.46836066246032715
losses_train/total:	1.2193275690078735
losses_test/task:	1.3615386486053467
losses_test/concepts:	25.81441307067871
losses_test/precision:	0.46716636419296265
losses_test/total:	3.947652578353882
calibration_test/ece:	0.07515107840299606
calibration_test/brier:	0.40169432759284973
accuracy_test/task:	71.62581981360027
accuracy_test/concepts:	96.29802703857422
map_test/concepts:	0.9496296102350409

Epoch 193
losses_train/task:	0.6000243425369263
losses_train/concepts:	4.722283363342285
losses_train/precision:	0.4659852385520935
losses_train/total:	1.076912522315979
losses_test/task:	1.3512046337127686
losses_test/concepts:	25.395275115966797
losses_test/precision:	0.4651699662208557
losses_test/total:	3.895383834838867
calibration_test/ece:	0.07305116206407547
calibration_test/brier:	0.3985280990600586
accuracy_test/task:	71.97100448740076
accuracy_test/concepts:	96.30839538574219
map_test/concepts:	0.9495524059642445

Epoch 194
losses_train/task:	0.6448309421539307
losses_train/concepts:	5.273321151733398
losses_train/precision:	0.4643205404281616
losses_train/total:	1.1768064498901367
losses_test/task:	1.3423292636871338
losses_test/concepts:	25.150733947753906
losses_test/precision:	0.463081955909729
losses_test/total:	3.8620331287384033
calibration_test/ece:	0.0758022740483284
calibration_test/brier:	0.39829984307289124
accuracy_test/task:	71.79841215050052
accuracy_test/concepts:	96.30998229980469
map_test/concepts:	0.9500660408626903

Epoch 195
losses_train/task:	0.6262800097465515
losses_train/concepts:	4.966701507568359
losses_train/precision:	0.46228110790252686
losses_train/total:	1.1275728940963745
losses_test/task:	1.3378762006759644
losses_test/concepts:	25.59151840209961
losses_test/precision:	0.4610479176044464
losses_test/total:	3.9016385078430176
calibration_test/ece:	0.07437071949243546
calibration_test/brier:	0.39534443616867065
accuracy_test/task:	72.19537452537108
accuracy_test/concepts:	96.35076904296875
map_test/concepts:	0.9503433108329773

Epoch 196
losses_train/task:	0.6194829344749451
losses_train/concepts:	5.089920520782471
losses_train/precision:	0.4600183665752411
losses_train/total:	1.1330749988555908
losses_test/task:	1.3421180248260498
losses_test/concepts:	26.01670265197754
losses_test/precision:	0.45964500308036804
losses_test/total:	3.948385000228882
calibration_test/ece:	0.07420755922794342
calibration_test/brier:	0.39758676290512085
accuracy_test/task:	72.02278218847083
accuracy_test/concepts:	96.34480285644531
map_test/concepts:	0.9495160427960483

Epoch 197
losses_train/task:	0.6091986298561096
losses_train/concepts:	4.95596981048584
losses_train/precision:	0.45953235030174255
losses_train/total:	1.1093909740447998
losses_test/task:	1.3388431072235107
losses_test/concepts:	25.457435607910156
losses_test/precision:	0.4592125713825226
losses_test/total:	3.889178514480591
calibration_test/ece:	0.07085856795310974
calibration_test/brier:	0.3970959782600403
accuracy_test/task:	72.16085605799103
accuracy_test/concepts:	96.3328857421875
map_test/concepts:	0.9496859322894703

Epoch 198
losses_train/task:	0.6247313618659973
losses_train/concepts:	5.066644668579102
losses_train/precision:	0.4588853120803833
losses_train/total:	1.1359846591949463
losses_test/task:	1.3407539129257202
losses_test/concepts:	25.997861862182617
losses_test/precision:	0.45794937014579773
losses_test/total:	3.945120096206665
calibration_test/ece:	0.07374244928359985
calibration_test/brier:	0.39866089820861816
accuracy_test/task:	71.98826372109079
accuracy_test/concepts:	96.34010314941406
map_test/concepts:	0.9494865189899098

Epoch 199
losses_train/task:	0.6107332706451416
losses_train/concepts:	5.008808612823486
losses_train/precision:	0.45709607005119324
losses_train/total:	1.1161850690841675
losses_test/task:	1.3573683500289917
losses_test/concepts:	25.363449096679688
losses_test/precision:	0.456586629152298
losses_test/total:	3.8982794284820557
calibration_test/ece:	0.07684243470430374
calibration_test/brier:	0.40196284651756287
accuracy_test/task:	71.83293061788056
accuracy_test/concepts:	96.3065185546875
map_test/concepts:	0.9496723966165023

Epoch 200
losses_train/task:	0.6155143976211548
losses_train/concepts:	5.0201287269592285
losses_train/precision:	0.45617789030075073
losses_train/total:	1.122089147567749
losses_test/task:	1.3498889207839966
losses_test/concepts:	25.28019142150879
losses_test/precision:	0.45547938346862793
losses_test/total:	3.882462501525879
calibration_train/ece:	0.0564543642103672
calibration_train/brier:	0.16317839920520782
accuracy_train/task:	87.69003378378379
calibration_test/ece:	0.07829374819993973
calibration_test/brier:	0.400408536195755
accuracy_test/task:	71.74663444943045
accuracy_train/concepts:	97.48387145996094
map_train/concepts:	0.9913230462507768
accuracy_test/concepts:	96.3153076171875
map_test/concepts:	0.9501380627805537
accuracy_test/nuisances_task:	0.009689519279881528
accuracy_test/nuisances_nontask:	0.0
mutual_inf_test/nuisances_task:	0.0009643265922690084
mutual_inf_test/nuisances_nontask:	0.0

Epoch 201
losses_train/task:	0.598236620426178
losses_train/concepts:	4.807107448577881
losses_train/precision:	0.4554254412651062
losses_train/total:	1.0835015773773193
losses_test/task:	1.3483448028564453
losses_test/concepts:	25.41500473022461
losses_test/precision:	0.4553644061088562
losses_test/total:	3.894399881362915
calibration_test/ece:	0.0760708749294281
calibration_test/brier:	0.39975908398628235
accuracy_test/task:	71.88470831895064
accuracy_test/concepts:	96.30245971679688
map_test/concepts:	0.950092042576183

Epoch 202
losses_train/task:	0.5912036895751953
losses_train/concepts:	4.663325786590576
losses_train/precision:	0.4553920328617096
losses_train/total:	1.0620901584625244
losses_test/task:	1.3501644134521484
losses_test/concepts:	25.35879135131836
losses_test/precision:	0.4553534984588623
losses_test/total:	3.890596866607666
calibration_test/ece:	0.07673867791891098
calibration_test/brier:	0.40016114711761475
accuracy_test/task:	71.72937521574042
accuracy_test/concepts:	96.3109130859375
map_test/concepts:	0.9497562874447215

Epoch 203
losses_train/task:	0.5958114266395569
losses_train/concepts:	4.698334693908691
losses_train/precision:	0.45528969168663025
losses_train/total:	1.0701981782913208
losses_test/task:	1.3501691818237305
losses_test/concepts:	25.79363441467285
losses_test/precision:	0.4552021622657776
losses_test/total:	3.9340858459472656
calibration_test/ece:	0.07564428448677063
calibration_test/brier:	0.4007151126861572
accuracy_test/task:	71.74663444943045
accuracy_test/concepts:	96.29803466796875
map_test/concepts:	0.949776233326305

Epoch 204
losses_train/task:	0.6011192202568054
losses_train/concepts:	5.0414910316467285
losses_train/precision:	0.4551725387573242
losses_train/total:	1.109820008277893
losses_test/task:	1.3544918298721313
losses_test/concepts:	25.941207885742188
losses_test/precision:	0.4551384150981903
losses_test/total:	3.9531638622283936
calibration_test/ece:	0.07636530697345734
calibration_test/brier:	0.40041136741638184
accuracy_test/task:	71.79841215050052
accuracy_test/concepts:	96.32975006103516
map_test/concepts:	0.9501494039188731

Epoch 205
losses_train/task:	0.5913043022155762
losses_train/concepts:	4.7628045082092285
losses_train/precision:	0.4550859332084656
losses_train/total:	1.0721356868743896
losses_test/task:	1.346185326576233
losses_test/concepts:	25.29806900024414
losses_test/precision:	0.4550629258155823
losses_test/total:	3.880542278289795
calibration_test/ece:	0.07563785463571548
calibration_test/brier:	0.3996685743331909
accuracy_test/task:	71.83293061788056
accuracy_test/concepts:	96.30370330810547
map_test/concepts:	0.9498230717398903

Epoch 206
losses_train/task:	0.580231249332428
losses_train/concepts:	4.646809101104736
losses_train/precision:	0.4549969434738159
losses_train/total:	1.049462080001831
losses_test/task:	1.3496291637420654
losses_test/concepts:	25.744274139404297
losses_test/precision:	0.45490843057632446
losses_test/total:	3.9286062717437744
calibration_test/ece:	0.07474586367607117
calibration_test/brier:	0.3990314304828644
accuracy_test/task:	71.93648602002071
accuracy_test/concepts:	96.32411193847656
map_test/concepts:	0.9497118613936685

Epoch 207
losses_train/task:	0.6276322603225708
losses_train/concepts:	4.996297359466553
losses_train/precision:	0.45482704043388367
losses_train/total:	1.1318104267120361
losses_test/task:	1.3429584503173828
losses_test/concepts:	25.71210289001465
losses_test/precision:	0.45476147532463074
losses_test/total:	3.9187171459198
calibration_test/ece:	0.07435382157564163
calibration_test/brier:	0.39795413613319397
accuracy_test/task:	72.09181912323093
accuracy_test/concepts:	96.3218994140625
map_test/concepts:	0.9499565612186085

Epoch 208
losses_train/task:	0.6373067498207092
losses_train/concepts:	5.071047306060791
losses_train/precision:	0.4546421766281128
losses_train/total:	1.14895761013031
losses_test/task:	1.3546286821365356
losses_test/concepts:	25.40845489501953
losses_test/precision:	0.4545763432979584
losses_test/total:	3.9000205993652344
calibration_test/ece:	0.07698306441307068
calibration_test/brier:	0.40132826566696167
accuracy_test/task:	71.7811529168105
accuracy_test/concepts:	96.30496978759766
map_test/concepts:	0.9497852596369657

Epoch 209
losses_train/task:	0.589970052242279
losses_train/concepts:	4.762697696685791
losses_train/precision:	0.4544505178928375
losses_train/total:	1.070784330368042
losses_test/task:	1.3411083221435547
losses_test/concepts:	24.923154830932617
losses_test/precision:	0.45437830686569214
losses_test/total:	3.83796763420105
calibration_test/ece:	0.07348888367414474
calibration_test/brier:	0.39657557010650635
accuracy_test/task:	72.19537452537108
accuracy_test/concepts:	96.31937408447266
map_test/concepts:	0.950134918906472

Epoch 210
losses_train/task:	0.6317904591560364
losses_train/concepts:	4.997580051422119
losses_train/precision:	0.45422178506851196
losses_train/total:	1.1360905170440674
losses_test/task:	1.3441013097763062
losses_test/concepts:	25.561670303344727
losses_test/precision:	0.4541284441947937
losses_test/total:	3.9048097133636475
calibration_test/ece:	0.07610511779785156
calibration_test/brier:	0.3994561433792114
accuracy_test/task:	71.88470831895064
accuracy_test/concepts:	96.32878875732422
map_test/concepts:	0.9500960599292408

Epoch 211
losses_train/task:	0.5925647616386414
losses_train/concepts:	4.7640862464904785
losses_train/precision:	0.45411378145217896
losses_train/total:	1.0735143423080444
losses_test/task:	1.3390445709228516
losses_test/concepts:	25.24637794494629
losses_test/precision:	0.45406168699264526
losses_test/total:	3.8682241439819336
calibration_test/ece:	0.0740705206990242
calibration_test/brier:	0.3967945873737335
accuracy_test/task:	71.98826372109079
accuracy_test/concepts:	96.32941436767578
map_test/concepts:	0.9501747792417353

Epoch 212
losses_train/task:	0.5875774621963501
losses_train/concepts:	4.793309211730957
losses_train/precision:	0.4539944529533386
losses_train/total:	1.0714483261108398
losses_test/task:	1.3383197784423828
losses_test/concepts:	25.340913772583008
losses_test/precision:	0.45394712686538696
losses_test/total:	3.87695050239563
calibration_test/ece:	0.07659558206796646
calibration_test/brier:	0.39761942625045776
accuracy_test/task:	71.76389368312047
accuracy_test/concepts:	96.33382415771484
map_test/concepts:	0.9500869230790572

Epoch 213
losses_train/task:	0.5821605920791626
losses_train/concepts:	4.611882209777832
losses_train/precision:	0.4539414048194885
losses_train/total:	1.047888159751892
losses_test/task:	1.3393981456756592
losses_test/concepts:	25.594257354736328
losses_test/precision:	0.4538593888282776
losses_test/total:	3.90336275100708
calibration_test/ece:	0.07364462316036224
calibration_test/brier:	0.3973706066608429
accuracy_test/task:	72.05730065585088
accuracy_test/concepts:	96.34294891357422
map_test/concepts:	0.9501469731330872

Epoch 214
losses_train/task:	0.5946471691131592
losses_train/concepts:	4.876034259796143
losses_train/precision:	0.4538552761077881
losses_train/total:	1.0867891311645508
losses_test/task:	1.3367153406143188
losses_test/concepts:	25.21467399597168
losses_test/precision:	0.4538867473602295
losses_test/total:	3.8627214431762695
calibration_test/ece:	0.07506964355707169
calibration_test/brier:	0.39696550369262695
accuracy_test/task:	71.95374525371074
accuracy_test/concepts:	96.32786560058594
map_test/concepts:	0.9499078523028981

Epoch 215
losses_train/task:	0.5995688438415527
losses_train/concepts:	4.928276062011719
losses_train/precision:	0.453857958316803
losses_train/total:	1.0969350337982178
losses_test/task:	1.3413838148117065
losses_test/concepts:	25.27774429321289
losses_test/precision:	0.4537944495677948
losses_test/total:	3.8736953735351562
calibration_test/ece:	0.07545648515224457
calibration_test/brier:	0.39848870038986206
accuracy_test/task:	71.91922678633068
accuracy_test/concepts:	96.33069610595703
map_test/concepts:	0.9500833424654874

Epoch 216
losses_train/task:	0.6353315711021423
losses_train/concepts:	5.245451927185059
losses_train/precision:	0.45377326011657715
losses_train/total:	1.1644142866134644
losses_test/task:	1.3386987447738647
losses_test/concepts:	25.474275588989258
losses_test/precision:	0.45376211404800415
losses_test/total:	3.8906641006469727
calibration_test/ece:	0.07339414954185486
calibration_test/brier:	0.3972935378551483
accuracy_test/task:	72.05730065585088
accuracy_test/concepts:	96.34072875976562
map_test/concepts:	0.950054284659299

Epoch 217
losses_train/task:	0.5766637921333313
losses_train/concepts:	4.641199111938477
losses_train/precision:	0.45376819372177124
losses_train/total:	1.0453212261199951
losses_test/task:	1.3377342224121094
losses_test/concepts:	25.60750961303711
losses_test/precision:	0.45371952652931213
losses_test/total:	3.903022289276123
calibration_test/ece:	0.07452555745840073
calibration_test/brier:	0.3982170522212982
accuracy_test/task:	72.09181912323093
accuracy_test/concepts:	96.34135437011719
map_test/concepts:	0.9502396962859414

Epoch 218
losses_train/task:	0.5844038724899292
losses_train/concepts:	4.769956111907959
losses_train/precision:	0.4537157118320465
losses_train/total:	1.0659364461898804
losses_test/task:	1.3429228067398071
losses_test/concepts:	25.761425018310547
losses_test/precision:	0.45367172360420227
losses_test/total:	3.9236016273498535
calibration_test/ece:	0.07503446191549301
calibration_test/brier:	0.39785340428352356
accuracy_test/task:	71.83293061788056
accuracy_test/concepts:	96.33757781982422
map_test/concepts:	0.94993619593707

Epoch 219
losses_train/task:	0.5970862507820129
losses_train/concepts:	4.689635753631592
losses_train/precision:	0.4536399841308594
losses_train/total:	1.0705862045288086
losses_test/task:	1.3401399850845337
losses_test/concepts:	25.792072296142578
losses_test/precision:	0.45360392332077026
losses_test/total:	3.923884630203247
calibration_test/ece:	0.07692092657089233
calibration_test/brier:	0.3991718888282776
accuracy_test/task:	71.7811529168105
accuracy_test/concepts:	96.34918975830078
map_test/concepts:	0.9497844154184515

Epoch 220
losses_train/task:	0.5748204588890076
losses_train/concepts:	4.593661785125732
losses_train/precision:	0.45356205105781555
losses_train/total:	1.038722276687622
losses_test/task:	1.33799147605896
losses_test/concepts:	25.10535430908203
losses_test/precision:	0.4534485638141632
losses_test/total:	3.8530619144439697
calibration_test/ece:	0.07527991384267807
calibration_test/brier:	0.3975057601928711
accuracy_test/task:	71.90196755264066
accuracy_test/concepts:	96.30995178222656
map_test/concepts:	0.9499725927006114

Epoch 221
losses_train/task:	0.6017991304397583
losses_train/concepts:	4.924474239349365
losses_train/precision:	0.4533378481864929
losses_train/total:	1.0987799167633057
losses_test/task:	1.335770845413208
losses_test/concepts:	25.046743392944336
losses_test/precision:	0.45320507884025574
losses_test/total:	3.844977378845215
calibration_test/ece:	0.07475169003009796
calibration_test/brier:	0.39792966842651367
accuracy_test/task:	71.86744908526062
accuracy_test/concepts:	96.31311798095703
map_test/concepts:	0.950190928849307

Epoch 222
losses_train/task:	0.575400710105896
losses_train/concepts:	4.606374263763428
losses_train/precision:	0.4531916677951813
losses_train/total:	1.0405701398849487
losses_test/task:	1.3459267616271973
losses_test/concepts:	25.7025146484375
losses_test/precision:	0.4531114995479584
losses_test/total:	3.9207098484039307
calibration_test/ece:	0.07391694188117981
calibration_test/brier:	0.3970184028148651
accuracy_test/task:	72.0055229547808
accuracy_test/concepts:	96.33634948730469
map_test/concepts:	0.9497768911448392

Epoch 223
losses_train/task:	0.5825005769729614
losses_train/concepts:	4.798205375671387
losses_train/precision:	0.45298531651496887
losses_train/total:	1.0668509006500244
losses_test/task:	1.3370541334152222
losses_test/concepts:	24.84334373474121
losses_test/precision:	0.45293232798576355
losses_test/total:	3.8259167671203613
calibration_test/ece:	0.07522163540124893
calibration_test/brier:	0.3977354168891907
accuracy_test/task:	71.98826372109079
accuracy_test/concepts:	96.31433868408203
map_test/concepts:	0.9499774011698636

Epoch 224
losses_train/task:	0.5811559557914734
losses_train/concepts:	4.730733871459961
losses_train/precision:	0.4528196156024933
losses_train/total:	1.0587575435638428
losses_test/task:	1.3373967409133911
losses_test/concepts:	25.109853744506836
losses_test/precision:	0.4526773691177368
losses_test/total:	3.8529086112976074
calibration_test/ece:	0.07586603611707687
calibration_test/brier:	0.3977106809616089
accuracy_test/task:	71.85018985157059
accuracy_test/concepts:	96.30557250976562
map_test/concepts:	0.9498494841835715

Epoch 225
losses_train/task:	0.5926810503005981
losses_train/concepts:	4.724359035491943
losses_train/precision:	0.45261508226394653
losses_train/total:	1.069643259048462
losses_test/task:	1.3378033638000488
losses_test/concepts:	25.811697006225586
losses_test/precision:	0.45255476236343384
losses_test/total:	3.9234981536865234
calibration_test/ece:	0.07375767827033997
calibration_test/brier:	0.3952479660511017
accuracy_test/task:	72.16085605799103
accuracy_test/concepts:	96.3510971069336
map_test/concepts:	0.9499377120624889

Epoch 226
losses_train/task:	0.5928530693054199
losses_train/concepts:	4.761532306671143
losses_train/precision:	0.4524693489074707
losses_train/total:	1.073531150817871
losses_test/task:	1.3375895023345947
losses_test/concepts:	25.17371940612793
losses_test/precision:	0.4523976147174835
losses_test/total:	3.859485149383545
calibration_test/ece:	0.0756751000881195
calibration_test/brier:	0.3973025977611542
accuracy_test/task:	71.85018985157059
accuracy_test/concepts:	96.330078125
map_test/concepts:	0.9501911878585816

Epoch 227
losses_train/task:	0.5332690477371216
losses_train/concepts:	4.345401763916016
losses_train/precision:	0.45234623551368713
losses_train/total:	0.972332775592804
losses_test/task:	1.3275961875915527
losses_test/concepts:	24.73794174194336
losses_test/precision:	0.4522783160209656
losses_test/total:	3.805913209915161
calibration_test/ece:	0.0753578171133995
calibration_test/brier:	0.39635422825813293
accuracy_test/task:	72.10907835692095
accuracy_test/concepts:	96.33163452148438
map_test/concepts:	0.9505117600614374

Epoch 228
losses_train/task:	0.6018800735473633
losses_train/concepts:	4.749365329742432
losses_train/precision:	0.4521903991699219
losses_train/total:	1.0813384056091309
losses_test/task:	1.3411569595336914
losses_test/concepts:	25.653358459472656
losses_test/precision:	0.45207592844963074
losses_test/total:	3.91101336479187
calibration_test/ece:	0.07518577575683594
calibration_test/brier:	0.39617499709129333
accuracy_test/task:	71.97100448740076
accuracy_test/concepts:	96.34733581542969
map_test/concepts:	0.950017680905082

Epoch 229
losses_train/task:	0.5895711779594421
losses_train/concepts:	4.688840389251709
losses_train/precision:	0.4519574046134949
losses_train/total:	1.0629749298095703
losses_test/task:	1.3421339988708496
losses_test/concepts:	25.668352127075195
losses_test/precision:	0.45183876156806946
losses_test/total:	3.9134883880615234
calibration_test/ece:	0.07460308820009232
calibration_test/brier:	0.39786073565483093
accuracy_test/task:	71.97100448740076
accuracy_test/concepts:	96.3294677734375
map_test/concepts:	0.9500687729228626

Epoch 230
losses_train/task:	0.5712485313415527
losses_train/concepts:	4.495842933654785
losses_train/precision:	0.4518068730831146
losses_train/total:	1.02535080909729
losses_test/task:	1.3413172960281372
losses_test/concepts:	25.586458206176758
losses_test/precision:	0.45176300406455994
losses_test/total:	3.9044806957244873
calibration_test/ece:	0.07578960061073303
calibration_test/brier:	0.3979923129081726
accuracy_test/task:	71.88470831895064
accuracy_test/concepts:	96.34259796142578
map_test/concepts:	0.9500221046534452

Epoch 231
losses_train/task:	0.5918698906898499
losses_train/concepts:	4.795325756072998
losses_train/precision:	0.4516267776489258
losses_train/total:	1.0759186744689941
losses_test/task:	1.3345671892166138
losses_test/concepts:	25.011722564697266
losses_test/precision:	0.4515267014503479
losses_test/total:	3.8402538299560547
calibration_test/ece:	0.07405778765678406
calibration_test/brier:	0.3952436149120331
accuracy_test/task:	72.24715222644114
accuracy_test/concepts:	96.36143493652344
map_test/concepts:	0.9504651817408475

Epoch 232
losses_train/task:	0.5453891754150391
losses_train/concepts:	4.429906368255615
losses_train/precision:	0.45147570967674255
losses_train/total:	0.9928945899009705
losses_test/task:	1.3230067491531372
losses_test/concepts:	24.865272521972656
losses_test/precision:	0.4514101445674896
losses_test/total:	3.8140478134155273
calibration_test/ece:	0.07431026548147202
calibration_test/brier:	0.39490482211112976
accuracy_test/task:	72.143596824301
accuracy_test/concepts:	96.35111236572266
map_test/concepts:	0.9503369114615701

Epoch 233
losses_train/task:	0.584638774394989
losses_train/concepts:	4.840936183929443
losses_train/precision:	0.45140722393989563
losses_train/total:	1.0732465982437134
losses_test/task:	1.3469924926757812
losses_test/concepts:	25.91204833984375
losses_test/precision:	0.4514276385307312
losses_test/total:	3.94271183013916
calibration_test/ece:	0.07414590567350388
calibration_test/brier:	0.39755168557167053
accuracy_test/task:	72.0055229547808
accuracy_test/concepts:	96.3410415649414
map_test/concepts:	0.9498445120724764

Epoch 234
losses_train/task:	0.5781621932983398
losses_train/concepts:	4.606622219085693
losses_train/precision:	0.4513998031616211
losses_train/total:	1.043338418006897
losses_test/task:	1.3387247323989868
losses_test/concepts:	25.845247268676758
losses_test/precision:	0.4513523280620575
losses_test/total:	3.927762985229492
calibration_test/ece:	0.07444632053375244
calibration_test/brier:	0.39667651057243347
accuracy_test/task:	72.07455988954091
accuracy_test/concepts:	96.36018371582031
map_test/concepts:	0.9501345244320956

Epoch 235
losses_train/task:	0.570078432559967
losses_train/concepts:	4.708467483520508
losses_train/precision:	0.451259970664978
losses_train/total:	1.0454378128051758
losses_test/task:	1.3372690677642822
losses_test/concepts:	25.65718650817871
losses_test/precision:	0.45115211606025696
losses_test/total:	3.907498598098755
calibration_test/ece:	0.07673855125904083
calibration_test/brier:	0.39902669191360474
accuracy_test/task:	71.74663444943045
accuracy_test/concepts:	96.34261322021484
map_test/concepts:	0.950051072510806

Epoch 236
losses_train/task:	0.5642298460006714
losses_train/concepts:	4.529495716094971
losses_train/precision:	0.4511309564113617
losses_train/total:	1.0216907262802124
losses_test/task:	1.3290737867355347
losses_test/concepts:	25.27053451538086
losses_test/precision:	0.45119547843933105
losses_test/total:	3.8606395721435547
calibration_test/ece:	0.07411272823810577
calibration_test/brier:	0.39486435055732727
accuracy_test/task:	72.04004142216085
accuracy_test/concepts:	96.33695983886719
map_test/concepts:	0.9498553536155007

Epoch 237
losses_train/task:	0.5956786870956421
losses_train/concepts:	4.845149040222168
losses_train/precision:	0.45117947459220886
losses_train/total:	1.084705114364624
losses_test/task:	1.3457022905349731
losses_test/concepts:	25.60783576965332
losses_test/precision:	0.45117396116256714
losses_test/total:	3.9109978675842285
calibration_test/ece:	0.07549490034580231
calibration_test/brier:	0.39910921454429626
accuracy_test/task:	71.81567138419054
accuracy_test/concepts:	96.32127380371094
map_test/concepts:	0.9498635389588096

Epoch 238
losses_train/task:	0.612586259841919
losses_train/concepts:	5.0598931312561035
losses_train/precision:	0.4511784315109253
losses_train/total:	1.1230871677398682
losses_test/task:	1.3483871221542358
losses_test/concepts:	26.00571060180664
losses_test/precision:	0.4511910080909729
losses_test/total:	3.9534692764282227
calibration_test/ece:	0.07763994485139847
calibration_test/brier:	0.40090933442115784
accuracy_test/task:	71.76389368312047
accuracy_test/concepts:	96.33350372314453
map_test/concepts:	0.9499563054604964

Epoch 239
losses_train/task:	0.5546895861625671
losses_train/concepts:	4.455838203430176
losses_train/precision:	0.4511006474494934
losses_train/total:	1.0047844648361206
losses_test/task:	1.3350951671600342
losses_test/concepts:	25.30683708190918
losses_test/precision:	0.45113199949264526
losses_test/total:	3.8702898025512695
calibration_test/ece:	0.07511134445667267
calibration_test/brier:	0.39771679043769836
accuracy_test/task:	72.0055229547808
accuracy_test/concepts:	96.32064056396484
map_test/concepts:	0.9502398339184848

Epoch 240
losses_train/task:	0.6198365092277527
losses_train/concepts:	5.0521697998046875
losses_train/precision:	0.45104655623435974
losses_train/total:	1.129563808441162
losses_test/task:	1.3435782194137573
losses_test/concepts:	26.511642456054688
losses_test/precision:	0.4510059952735901
losses_test/total:	3.9992520809173584
calibration_test/ece:	0.07710199058055878
calibration_test/brier:	0.39916422963142395
accuracy_test/task:	71.74663444943045
accuracy_test/concepts:	96.35014343261719
map_test/concepts:	0.9493820623918013

Epoch 241
losses_train/task:	0.5796088576316833
losses_train/concepts:	4.818765640258789
losses_train/precision:	0.450968474149704
losses_train/total:	1.065995216369629
losses_test/task:	1.3352659940719604
losses_test/concepts:	25.32766342163086
losses_test/precision:	0.45099276304244995
losses_test/total:	3.8725428581237793
calibration_test/ece:	0.07498971372842789
calibration_test/brier:	0.3966779410839081
accuracy_test/task:	72.0055229547808
accuracy_test/concepts:	96.34857177734375
map_test/concepts:	0.9503599459474737

Epoch 242
losses_train/task:	0.5764771103858948
losses_train/concepts:	4.60678243637085
losses_train/precision:	0.4509536325931549
losses_train/total:	1.041664719581604
losses_test/task:	1.3421809673309326
losses_test/concepts:	26.23876953125
losses_test/precision:	0.4509340524673462
losses_test/total:	3.9705684185028076
calibration_test/ece:	0.0767153725028038
calibration_test/brier:	0.39702028036117554
accuracy_test/task:	71.81567138419054
accuracy_test/concepts:	96.36111450195312
map_test/concepts:	0.94990600455891

Epoch 243
losses_train/task:	0.57291179895401
losses_train/concepts:	4.552791118621826
losses_train/precision:	0.45082587003707886
losses_train/total:	1.0326992273330688
losses_test/task:	1.3406990766525269
losses_test/concepts:	25.500194549560547
losses_test/precision:	0.45075488090515137
losses_test/total:	3.89522647857666
calibration_test/ece:	0.07414337247610092
calibration_test/brier:	0.3976023197174072
accuracy_test/task:	72.02278218847083
accuracy_test/concepts:	96.32377624511719
map_test/concepts:	0.9495712594552473

Epoch 244
losses_train/task:	0.5932148694992065
losses_train/concepts:	4.67917537689209
losses_train/precision:	0.45061907172203064
losses_train/total:	1.065638542175293
losses_test/task:	1.339845061302185
losses_test/concepts:	25.24211311340332
losses_test/precision:	0.4505615830421448
losses_test/total:	3.868561267852783
calibration_test/ece:	0.07722733169794083
calibration_test/brier:	0.3984721004962921
accuracy_test/task:	71.81567138419054
accuracy_test/concepts:	96.34324645996094
map_test/concepts:	0.9501316005533392

Epoch 245
losses_train/task:	0.5511198043823242
losses_train/concepts:	4.347378730773926
losses_train/precision:	0.4505184292793274
losses_train/total:	0.9903628826141357
losses_test/task:	1.3339117765426636
losses_test/concepts:	25.37047576904297
losses_test/precision:	0.45051953196525574
losses_test/total:	3.8754653930664062
calibration_test/ece:	0.07460816949605942
calibration_test/brier:	0.3963148295879364
accuracy_test/task:	72.04004142216085
accuracy_test/concepts:	96.34606170654297
map_test/concepts:	0.9498996593735435

Epoch 246
losses_train/task:	0.6104233264923096
losses_train/concepts:	4.916534900665283
losses_train/precision:	0.4504720866680145
losses_train/total:	1.1065818071365356
losses_test/task:	1.3386478424072266
losses_test/concepts:	25.676496505737305
losses_test/precision:	0.4504578411579132
losses_test/total:	3.9108028411865234
calibration_test/ece:	0.0756588950753212
calibration_test/brier:	0.3984946012496948
accuracy_test/task:	71.67759751467035
accuracy_test/concepts:	96.33195495605469
map_test/concepts:	0.9496489774097095

Epoch 247
losses_train/task:	0.6035680174827576
losses_train/concepts:	4.914528846740723
losses_train/precision:	0.450370192527771
losses_train/total:	1.0995244979858398
losses_test/task:	1.3361605405807495
losses_test/concepts:	25.374706268310547
losses_test/precision:	0.4503040909767151
losses_test/total:	3.878133535385132
calibration_test/ece:	0.0758666843175888
calibration_test/brier:	0.39801520109176636
accuracy_test/task:	71.91922678633068
accuracy_test/concepts:	96.34857940673828
map_test/concepts:	0.9502003117041155

Epoch 248
losses_train/task:	0.6070303320884705
losses_train/concepts:	5.2616729736328125
losses_train/precision:	0.45017388463020325
losses_train/total:	1.1376994848251343
losses_test/task:	1.3257412910461426
losses_test/concepts:	25.178348541259766
losses_test/precision:	0.45006731152534485
losses_test/total:	3.848076581954956
calibration_test/ece:	0.074114128947258
calibration_test/brier:	0.39585670828819275
accuracy_test/task:	72.05730065585088
accuracy_test/concepts:	96.34700012207031
map_test/concepts:	0.9502797993746671

Epoch 249
losses_train/task:	0.5897418260574341
losses_train/concepts:	4.786712169647217
losses_train/precision:	0.4499797523021698
losses_train/total:	1.0729130506515503
losses_test/task:	1.344350814819336
losses_test/concepts:	25.916732788085938
losses_test/precision:	0.4498995244503021
losses_test/total:	3.9405229091644287
calibration_test/ece:	0.0745653510093689
calibration_test/brier:	0.3985588550567627
accuracy_test/task:	72.02278218847083
accuracy_test/concepts:	96.34136962890625
map_test/concepts:	0.9497550541704352

Epoch 250
losses_train/task:	0.6008670926094055
losses_train/concepts:	4.90566873550415
losses_train/precision:	0.44979968667030334
losses_train/total:	1.0959317684173584
losses_test/task:	1.3527024984359741
losses_test/concepts:	26.5056209564209
losses_test/precision:	0.4497058391571045
losses_test/total:	4.007761478424072
calibration_train/ece:	0.05681329220533371
calibration_train/brier:	0.16440239548683167
accuracy_train/task:	87.35219594594595
calibration_test/ece:	0.07915720343589783
calibration_test/brier:	0.40191492438316345
accuracy_test/task:	71.48774594408009
accuracy_train/concepts:	97.54186248779297
map_train/concepts:	0.992007297819311
accuracy_test/concepts:	96.34574127197266
map_test/concepts:	0.9496515013954856
accuracy_test/nuisances_task:	-0.009992143564056932
accuracy_test/nuisances_nontask:	0.0
mutual_inf_test/nuisances_task:	0.0014266246601123626
mutual_inf_test/nuisances_nontask:	0.0

epoch_250.pt
groups=0 err_lowconf=28.512 err_random=28.512
groups=1 err_lowconf=28.426 err_random=28.426
groups=2 err_lowconf=26.924 err_random=26.924
groups=3 err_lowconf=25.561 err_random=25.561
groups=4 err_lowconf=23.283 err_random=23.283
groups=5 err_lowconf=21.643 err_random=21.643
groups=6 err_lowconf=19.883 err_random=19.883
groups=7 err_lowconf=17.984 err_random=17.984
groups=8 err_lowconf=15.654 err_random=15.654
groups=9 err_lowconf=13.859 err_random=13.859
groups=10 err_lowconf=13.031 err_random=13.031
groups=11 err_lowconf=12.392 err_random=12.392
groups=12 err_lowconf=13.082 err_random=13.082
[1;34mwandb[0m:
[1;34mwandb[0m: You can sync this run to the cloud by running:
[1;34mwandb[0m: [1mwandb sync /research/hal-afsharim/minimal_cbm/results/cub12-shcbm/44/wandb/offline-run-20260728_171127-qj18lao6[0m
[1;34mwandb[0m: Find logs at: [1;35mresults/cub12-shcbm/44/wandb/offline-run-20260728_171127-qj18lao6/logs[0m
