
===== launch 2026-07-27 16:49:26.566811 gpu3 =====
wandb: Using wandb-core as the SDK backend.  Please refer to https://wandb.me/wandb-core for more information.
wandb: Tracking run with wandb version 0.19.0
wandb: W&B syncing is set to `offline` in this directory.  
wandb: Run `wandb online` or set WANDB_MODE=online to enable cloud syncing.
/research/hal-afsharim/miniconda3/envs/mcbm/lib/python3.10/site-packages/torchvision/models/_utils.py:208: UserWarning: The parameter 'pretrained' is deprecated since 0.13 and will be removed in 0.15, please use 'weights' instead.
  warnings.warn(
/research/hal-afsharim/miniconda3/envs/mcbm/lib/python3.10/site-packages/torchvision/models/_utils.py:223: UserWarning: Arguments other than a weight enum or `None` for 'weights' are deprecated since 0.13 and will be removed in 0.15. The current behavior is equivalent to passing `weights=Inception_V3_Weights.IMAGENET1K_V1`. You can also use `weights=Inception_V3_Weights.DEFAULT` to get the most up-to-date weights.
  warnings.warn(msg)
Epoch 1
losses_train/task:	5.370038986206055
losses_train/concepts:	83.45572662353516
losses_train/representations:	63.797115325927734
losses_train/total:	20.09532356262207
losses_test/task:	5.2877197265625
losses_test/concepts:	71.7409439086914
losses_test/representations:	49.58558654785156
losses_test/total:	17.420373916625977
calibration_test/ece:	0.001615655142813921
calibration_test/brier:	0.9948376417160034
accuracy_test/task:	0.6385916465308941
accuracy_test/concepts:	51.58237838745117
map_test/concepts:	0.2750959180916349

Epoch 2
losses_train/task:	5.114580154418945
losses_train/concepts:	69.6001205444336
losses_train/representations:	45.442405700683594
losses_train/total:	16.618831634521484
losses_test/task:	4.793377876281738
losses_test/concepts:	66.1869888305664
losses_test/representations:	46.42204666137695
losses_test/total:	16.05428123474121
calibration_test/ece:	0.011624317616224289
calibration_test/brier:	0.9879920482635498
accuracy_test/task:	2.019330341732827
accuracy_test/concepts:	65.94609069824219
map_test/concepts:	0.40942787180344264

Epoch 3
losses_train/task:	4.492048263549805
losses_train/concepts:	63.99455261230469
losses_train/representations:	42.079593658447266
losses_train/total:	15.099466323852539
losses_test/task:	4.637082576751709
losses_test/concepts:	63.37566375732422
losses_test/representations:	49.98563003540039
losses_test/total:	15.973212242126465
calibration_test/ece:	0.007716162130236626
calibration_test/brier:	0.9842777252197266
accuracy_test/task:	4.142216085605799
accuracy_test/concepts:	71.28263854980469
map_test/concepts:	0.4292056668860217

Epoch 4
losses_train/task:	4.090208530426025
losses_train/concepts:	59.385440826416016
losses_train/representations:	40.85138702392578
losses_train/total:	14.11388874053955
losses_test/task:	4.380456447601318
losses_test/concepts:	58.89813995361328
losses_test/representations:	48.540061950683594
losses_test/total:	15.124274253845215
calibration_test/ece:	0.009547363966703415
calibration_test/brier:	0.9776396751403809
accuracy_test/task:	5.67828788401795
accuracy_test/concepts:	71.52944946289062
map_test/concepts:	0.46542916962256037

Epoch 5
losses_train/task:	3.781590700149536
losses_train/concepts:	56.32067108154297
losses_train/representations:	39.40293884277344
losses_train/total:	13.353952407836914
losses_test/task:	3.713390588760376
losses_test/concepts:	53.242671966552734
losses_test/representations:	42.18181610107422
losses_test/total:	13.255838394165039
calibration_test/ece:	0.042872391641139984
calibration_test/brier:	0.9576922655105591
accuracy_test/task:	10.044874007594062
accuracy_test/concepts:	77.12431335449219
map_test/concepts:	0.565348976974686

Epoch 6
losses_train/task:	3.5028059482574463
losses_train/concepts:	53.39067077636719
losses_train/representations:	37.6827507019043
losses_train/total:	12.610148429870605
losses_test/task:	3.64561128616333
losses_test/concepts:	51.75510787963867
losses_test/representations:	42.58503341674805
losses_test/total:	13.07962703704834
calibration_test/ece:	0.01832547038793564
calibration_test/brier:	0.9402059316635132
accuracy_test/task:	14.394200897480152
accuracy_test/concepts:	76.25617980957031
map_test/concepts:	0.5907637840757768

Epoch 7
losses_train/task:	3.286642551422119
losses_train/concepts:	50.43695831298828
losses_train/representations:	37.00738525390625
losses_train/total:	12.031076431274414
losses_test/task:	3.1630592346191406
losses_test/concepts:	48.96650695800781
losses_test/representations:	36.84798812866211
losses_test/total:	11.744508743286133
calibration_test/ece:	0.03831794112920761
calibration_test/brier:	0.8872600197792053
accuracy_test/task:	21.52226441146013
accuracy_test/concepts:	79.62403869628906
map_test/concepts:	0.6491836431746681

Epoch 8
losses_train/task:	3.024169683456421
losses_train/concepts:	47.21356964111328
losses_train/representations:	35.28373336791992
losses_train/total:	11.273900032043457
losses_test/task:	3.481794595718384
losses_test/concepts:	50.4871826171875
losses_test/representations:	39.391014099121094
losses_test/total:	12.469614028930664
calibration_test/ece:	0.044411253184080124
calibration_test/brier:	0.9114245772361755
accuracy_test/task:	16.91404901622368
accuracy_test/concepts:	79.51299285888672
map_test/concepts:	0.6181513264775276

Epoch 9
losses_train/task:	2.928152322769165
losses_train/concepts:	45.7401123046875
losses_train/representations:	35.120330810546875
losses_train/total:	11.014195442199707
losses_test/task:	2.97682523727417
losses_test/concepts:	43.621803283691406
losses_test/representations:	38.352867126464844
losses_test/total:	11.174295425415039
calibration_test/ece:	0.025759737938642502
calibration_test/brier:	0.8693452477455139
accuracy_test/task:	23.12737314463238
accuracy_test/concepts:	81.31916809082031
map_test/concepts:	0.6780556994179885

Epoch 10
losses_train/task:	2.8004469871520996
losses_train/concepts:	44.31630325317383
losses_train/representations:	34.25469207763672
losses_train/total:	10.657544136047363
losses_test/task:	2.599292278289795
losses_test/concepts:	39.084312438964844
losses_test/representations:	34.78411865234375
losses_test/total:	9.986135482788086
calibration_test/ece:	0.03518036752939224
calibration_test/brier:	0.8229088187217712
accuracy_test/task:	29.09906800138074
accuracy_test/concepts:	84.28287506103516
map_test/concepts:	0.7067314052333434

Epoch 11
losses_train/task:	2.659827947616577
losses_train/concepts:	42.57746124267578
losses_train/representations:	33.2216796875
losses_train/total:	10.239741325378418
losses_test/task:	2.9221320152282715
losses_test/concepts:	42.221641540527344
losses_test/representations:	38.971153259277344
losses_test/total:	11.041412353515625
calibration_test/ece:	0.03446708619594574
calibration_test/brier:	0.8510473966598511
accuracy_test/task:	26.924404556437693
accuracy_test/concepts:	83.93424987792969
map_test/concepts:	0.6902811716000239

Epoch 12
losses_train/task:	2.5928173065185547
losses_train/concepts:	41.524383544921875
losses_train/representations:	32.46079635620117
losses_train/total:	9.991334915161133
losses_test/task:	2.8517754077911377
losses_test/concepts:	40.91751480102539
losses_test/representations:	35.8050537109375
losses_test/total:	10.524032592773438
calibration_test/ece:	0.044914551079273224
calibration_test/brier:	0.8327676057815552
accuracy_test/task:	27.545736969278565
accuracy_test/concepts:	84.95915222167969
map_test/concepts:	0.7223090671002865

Epoch 13
losses_train/task:	2.4407382011413574
losses_train/concepts:	39.640403747558594
losses_train/representations:	31.489086151123047
losses_train/total:	9.55368709564209
losses_test/task:	3.4482262134552
losses_test/concepts:	43.97333908081055
losses_test/representations:	46.23255920410156
losses_test/total:	12.468817710876465
calibration_test/ece:	0.12694206833839417
calibration_test/brier:	0.9268459677696228
accuracy_test/task:	21.88470831895064
accuracy_test/concepts:	80.66218566894531
map_test/concepts:	0.6527688545485337

Epoch 14
losses_train/task:	2.3513448238372803
losses_train/concepts:	38.39150619506836
losses_train/representations:	30.541597366333008
losses_train/total:	9.244656562805176
losses_test/task:	2.793837547302246
losses_test/concepts:	39.138973236083984
losses_test/representations:	38.184635162353516
losses_test/total:	10.526198387145996
calibration_test/ece:	0.09291940927505493
calibration_test/brier:	0.8237709403038025
accuracy_test/task:	30.790472903003106
accuracy_test/concepts:	85.70762634277344
map_test/concepts:	0.7334049100677172

Epoch 15
losses_train/task:	2.29905366897583
losses_train/concepts:	37.65452194213867
losses_train/representations:	29.867280960083008
losses_train/total:	9.05123519897461
losses_test/task:	2.4225778579711914
losses_test/concepts:	36.161415100097656
losses_test/representations:	33.293357849121094
losses_test/total:	9.36805534362793
calibration_test/ece:	0.02881518192589283
calibration_test/brier:	0.7736058235168457
accuracy_test/task:	35.24335519502934
accuracy_test/concepts:	85.0348129272461
map_test/concepts:	0.745609924942255

Epoch 16
losses_train/task:	2.2049477100372314
losses_train/concepts:	36.29638671875
losses_train/representations:	28.844472885131836
losses_train/total:	8.719033241271973
losses_test/task:	2.336575984954834
losses_test/concepts:	35.941795349121094
losses_test/representations:	31.256792068481445
losses_test/total:	9.056434631347656
calibration_test/ece:	0.04770921170711517
calibration_test/brier:	0.757612943649292
accuracy_test/task:	36.43424231964101
accuracy_test/concepts:	86.6744155883789
map_test/concepts:	0.7569003877540429

Epoch 17
losses_train/task:	2.1999685764312744
losses_train/concepts:	36.17801284790039
losses_train/representations:	28.80885887145996
losses_train/total:	8.69865608215332
losses_test/task:	2.4282259941101074
losses_test/concepts:	34.6143684387207
losses_test/representations:	33.5600471496582
losses_test/total:	9.245668411254883
calibration_test/ece:	0.06038540229201317
calibration_test/brier:	0.7434114217758179
accuracy_test/task:	38.52260959613393
accuracy_test/concepts:	86.60682678222656
map_test/concepts:	0.7681856698046128

Epoch 18
losses_train/task:	2.133833169937134
losses_train/concepts:	35.23419952392578
losses_train/representations:	27.85319709777832
losses_train/total:	8.442571640014648
losses_test/task:	2.209996223449707
losses_test/concepts:	31.66840934753418
losses_test/representations:	31.064987182617188
losses_test/total:	8.483336448669434
calibration_test/ece:	0.03381870314478874
calibration_test/brier:	0.716087818145752
accuracy_test/task:	41.612012426648256
accuracy_test/concepts:	87.26268005371094
map_test/concepts:	0.7992954178402821

Epoch 19
losses_train/task:	2.0480313301086426
losses_train/concepts:	34.138668060302734
losses_train/representations:	27.068683624267578
losses_train/total:	8.168766975402832
losses_test/task:	2.1879477500915527
losses_test/concepts:	31.786510467529297
losses_test/representations:	29.393938064575195
losses_test/total:	8.305994033813477
calibration_test/ece:	0.04049396514892578
calibration_test/brier:	0.7160850763320923
accuracy_test/task:	42.112530203658956
accuracy_test/concepts:	87.719482421875
map_test/concepts:	0.7936945309241613

Epoch 20
losses_train/task:	2.0076351165771484
losses_train/concepts:	33.411190032958984
losses_train/representations:	26.4573974609375
losses_train/total:	7.994494438171387
losses_test/task:	2.3162286281585693
losses_test/concepts:	33.85172653198242
losses_test/representations:	30.38783836364746
losses_test/total:	8.740185737609863
calibration_test/ece:	0.07580289244651794
calibration_test/brier:	0.7224219441413879
accuracy_test/task:	41.57749395926821
accuracy_test/concepts:	87.36308288574219
map_test/concepts:	0.787060942997535

Epoch 21
losses_train/task:	1.9828609228134155
losses_train/concepts:	32.74557113647461
losses_train/representations:	25.939306259155273
losses_train/total:	7.851348876953125
losses_test/task:	2.0978729724884033
losses_test/concepts:	31.3920955657959
losses_test/representations:	29.972850799560547
losses_test/total:	8.234368324279785
calibration_test/ece:	0.02343175560235977
calibration_test/brier:	0.6866750121116638
accuracy_test/task:	44.45978598550224
accuracy_test/concepts:	87.98815155029297
map_test/concepts:	0.7964585882922014

Epoch 22
losses_train/task:	1.864829421043396
losses_train/concepts:	32.04991149902344
losses_train/representations:	25.30948829650879
losses_train/total:	7.600769996643066
losses_test/task:	2.170527458190918
losses_test/concepts:	31.83982276916504
losses_test/representations:	28.005857467651367
losses_test/total:	8.155096054077148
calibration_test/ece:	0.06728874146938324
calibration_test/brier:	0.7005506753921509
accuracy_test/task:	43.683120469451154
accuracy_test/concepts:	89.27079772949219
map_test/concepts:	0.80329198812445

Epoch 23
losses_train/task:	1.8371564149856567
losses_train/concepts:	31.262653350830078
losses_train/representations:	24.938732147216797
losses_train/total:	7.457296371459961
losses_test/task:	2.4776484966278076
losses_test/concepts:	33.07122802734375
losses_test/representations:	30.65353012084961
losses_test/total:	8.850123405456543
calibration_test/ece:	0.11713486164808273
calibration_test/brier:	0.7575455904006958
accuracy_test/task:	39.19571971004488
accuracy_test/concepts:	88.73604583740234
map_test/concepts:	0.794564210747679

Epoch 24
losses_train/task:	1.8021451234817505
losses_train/concepts:	30.58938980102539
losses_train/representations:	24.243432998657227
losses_train/total:	7.285427570343018
losses_test/task:	1.9643490314483643
losses_test/concepts:	28.81077003479004
losses_test/representations:	26.805282592773438
losses_test/total:	7.5259552001953125
calibration_test/ece:	0.036262474954128265
calibration_test/brier:	0.6418827772140503
accuracy_test/task:	48.56748360372799
accuracy_test/concepts:	89.03750610351562
map_test/concepts:	0.8256974637508392

Epoch 25
losses_train/task:	1.7500019073486328
losses_train/concepts:	29.96839714050293
losses_train/representations:	23.968408584594727
losses_train/total:	7.143683433532715
losses_test/task:	1.8650760650634766
losses_test/concepts:	27.665130615234375
losses_test/representations:	24.8953914642334
losses_test/total:	7.121127605438232
calibration_test/ece:	0.043959349393844604
calibration_test/brier:	0.6313777565956116
accuracy_test/task:	50.5695547117708
accuracy_test/concepts:	90.26436614990234
map_test/concepts:	0.8337487009664376

Epoch 26
losses_train/task:	1.7090667486190796
losses_train/concepts:	29.861249923706055
losses_train/representations:	23.24105453491211
losses_train/total:	7.019297122955322
losses_test/task:	1.6815600395202637
losses_test/concepts:	25.9482364654541
losses_test/representations:	23.43075942993164
losses_test/total:	6.619462490081787
calibration_test/ece:	0.05322646349668503
calibration_test/brier:	0.5758136510848999
accuracy_test/task:	54.40110459095616
accuracy_test/concepts:	91.42302703857422
map_test/concepts:	0.854486825192968

Epoch 27
losses_train/task:	1.664049744606018
losses_train/concepts:	28.53992462158203
losses_train/representations:	22.79990005493164
losses_train/total:	6.798030853271484
losses_test/task:	1.771235466003418
losses_test/concepts:	27.44559669494629
losses_test/representations:	23.91455078125
losses_test/total:	6.90725040435791
calibration_test/ece:	0.02550366334617138
calibration_test/brier:	0.5947209000587463
accuracy_test/task:	52.76147739040387
accuracy_test/concepts:	90.67713928222656
map_test/concepts:	0.8419174262632926

Epoch 28
losses_train/task:	1.6771721839904785
losses_train/concepts:	28.516233444213867
losses_train/representations:	22.6581974029541
losses_train/total:	6.794614315032959
losses_test/task:	1.9272552728652954
losses_test/concepts:	29.8770751953125
losses_test/representations:	26.767534255981445
losses_test/total:	7.591716289520264
calibration_test/ece:	0.0732346624135971
calibration_test/brier:	0.619208574295044
accuracy_test/task:	51.104590956161545
accuracy_test/concepts:	90.73438262939453
map_test/concepts:	0.8324381922682126

Epoch 29
losses_train/task:	1.568904995918274
losses_train/concepts:	27.1296443939209
losses_train/representations:	21.728147506713867
losses_train/total:	6.454684257507324
losses_test/task:	1.9769543409347534
losses_test/concepts:	28.200023651123047
losses_test/representations:	25.630517959594727
losses_test/total:	7.360008716583252
calibration_test/ece:	0.07018867135047913
calibration_test/brier:	0.6310750842094421
accuracy_test/task:	50.75940628236106
accuracy_test/concepts:	90.1596450805664
map_test/concepts:	0.8257056886951128

Epoch 30
losses_train/task:	1.5575926303863525
losses_train/concepts:	27.349815368652344
losses_train/representations:	21.710676193237305
losses_train/total:	6.46364164352417
losses_test/task:	1.6682276725769043
losses_test/concepts:	25.52902603149414
losses_test/representations:	22.998098373413086
losses_test/total:	6.520941257476807
calibration_test/ece:	0.014563260599970818
calibration_test/brier:	0.5709977149963379
accuracy_test/task:	55.764584052468074
accuracy_test/concepts:	91.30594635009766
map_test/concepts:	0.8555615258713564

Epoch 31
losses_train/task:	1.599623203277588
losses_train/concepts:	27.790685653686523
losses_train/representations:	22.158409118652344
losses_train/total:	6.594534397125244
losses_test/task:	1.9248076677322388
losses_test/concepts:	27.682668685913086
losses_test/representations:	27.6922607421875
losses_test/total:	7.462302207946777
calibration_test/ece:	0.0958731546998024
calibration_test/brier:	0.6144751310348511
accuracy_test/task:	52.36451501553331
accuracy_test/concepts:	91.01513671875
map_test/concepts:	0.8408099922041098

Epoch 32
losses_train/task:	1.5507665872573853
losses_train/concepts:	26.848386764526367
losses_train/representations:	21.290531158447266
losses_train/total:	6.364658355712891
losses_test/task:	1.9721287488937378
losses_test/concepts:	27.86852264404297
losses_test/representations:	26.080291748046875
losses_test/total:	7.36700963973999
calibration_test/ece:	0.07552739977836609
calibration_test/brier:	0.615534245967865
accuracy_test/task:	51.82947877114256
accuracy_test/concepts:	90.40673828125
map_test/concepts:	0.8334014866501093

Epoch 33
losses_train/task:	1.563915491104126
losses_train/concepts:	26.609886169433594
losses_train/representations:	21.415775299072266
losses_train/total:	6.366482257843018
losses_test/task:	1.7937763929367065
losses_test/concepts:	26.12480354309082
losses_test/representations:	23.524181365966797
losses_test/total:	6.758674621582031
calibration_test/ece:	0.025363966822624207
calibration_test/brier:	0.5844597220420837
accuracy_test/task:	53.86606834656541
accuracy_test/concepts:	91.51103210449219
map_test/concepts:	0.8533489195009073

Epoch 34
losses_train/task:	1.4814462661743164
losses_train/concepts:	26.213579177856445
losses_train/representations:	20.607810974121094
losses_train/total:	6.163583755493164
losses_test/task:	1.804819107055664
losses_test/concepts:	27.69338035583496
losses_test/representations:	23.275564193725586
losses_test/total:	6.901713848114014
calibration_test/ece:	0.08427087962627411
calibration_test/brier:	0.6025993824005127
accuracy_test/task:	53.210217466344496
accuracy_test/concepts:	91.46215057373047
map_test/concepts:	0.8471758569280307

Epoch 35
losses_train/task:	1.4029113054275513
losses_train/concepts:	24.503543853759766
losses_train/representations:	19.450000762939453
losses_train/total:	5.79826545715332
losses_test/task:	1.8596280813217163
losses_test/concepts:	27.674240112304688
losses_test/representations:	23.582622528076172
losses_test/total:	6.985313892364502
calibration_test/ece:	0.08510450273752213
calibration_test/brier:	0.5860828161239624
accuracy_test/task:	54.211253020365895
accuracy_test/concepts:	91.79669952392578
map_test/concepts:	0.8504518667856852

Epoch 36
losses_train/task:	1.4544472694396973
losses_train/concepts:	25.055082321166992
losses_train/representations:	19.665891647338867
losses_train/total:	5.926544666290283
losses_test/task:	1.8880640268325806
losses_test/concepts:	28.240354537963867
losses_test/representations:	24.07208824157715
losses_test/total:	7.1193084716796875
calibration_test/ece:	0.1089288592338562
calibration_test/brier:	0.6051459908485413
accuracy_test/task:	53.003106662064205
accuracy_test/concepts:	91.60885620117188
map_test/concepts:	0.8447441883385182

Epoch 37
losses_train/task:	1.3800402879714966
losses_train/concepts:	24.62315559387207
losses_train/representations:	19.265361785888672
losses_train/total:	5.768891334533691
losses_test/task:	2.051208972930908
losses_test/concepts:	29.437788009643555
losses_test/representations:	26.137306213378906
losses_test/total:	7.608718395233154
calibration_test/ece:	0.09512113779783249
calibration_test/brier:	0.6215898394584656
accuracy_test/task:	52.34725578184329
accuracy_test/concepts:	91.12702178955078
map_test/concepts:	0.8357624974101782

Epoch 38
losses_train/task:	1.3483827114105225
losses_train/concepts:	23.594449996948242
losses_train/representations:	18.711469650268555
losses_train/total:	5.578975200653076
losses_test/task:	1.6976224184036255
losses_test/concepts:	24.61764144897461
losses_test/representations:	22.46525001525879
losses_test/total:	6.405912399291992
calibration_test/ece:	0.08120403438806534
calibration_test/brier:	0.563650906085968
accuracy_test/task:	56.36865723161892
accuracy_test/concepts:	91.94770812988281
map_test/concepts:	0.8551826453457276

Epoch 39
losses_train/task:	1.3600517511367798
losses_train/concepts:	23.835004806518555
losses_train/representations:	18.86435317993164
losses_train/total:	5.629988670349121
losses_test/task:	1.7872058153152466
losses_test/concepts:	27.421846389770508
losses_test/representations:	22.798770904541016
losses_test/total:	6.809267044067383
calibration_test/ece:	0.09250456839799881
calibration_test/brier:	0.5809433460235596
accuracy_test/task:	55.764584052468074
accuracy_test/concepts:	92.31417083740234
map_test/concepts:	0.8447929122795661

Epoch 40
losses_train/task:	1.3041259050369263
losses_train/concepts:	23.25581169128418
losses_train/representations:	18.375904083251953
losses_train/total:	5.467297554016113
losses_test/task:	1.6434437036514282
losses_test/concepts:	25.84075355529785
losses_test/representations:	21.227466583251953
losses_test/total:	6.350266933441162
calibration_test/ece:	0.0643976554274559
calibration_test/brier:	0.5443533062934875
accuracy_test/task:	58.45702450811184
accuracy_test/concepts:	92.3633804321289
map_test/concepts:	0.8601606172819932

Epoch 41
losses_train/task:	1.396775722503662
losses_train/concepts:	24.792037963867188
losses_train/representations:	19.131935119628906
losses_train/total:	5.789173603057861
losses_test/task:	2.007429599761963
losses_test/concepts:	28.86581039428711
losses_test/representations:	26.0833683013916
losses_test/total:	7.502348899841309
calibration_test/ece:	0.11353324353694916
calibration_test/brier:	0.6179025769233704
accuracy_test/task:	51.46703486365205
accuracy_test/concepts:	90.71049499511719
map_test/concepts:	0.8356476386388143

Epoch 42
losses_train/task:	1.2751734256744385
losses_train/concepts:	22.900875091552734
losses_train/representations:	17.744304656982422
losses_train/total:	5.339691638946533
losses_test/task:	1.8120311498641968
losses_test/concepts:	28.00288963317871
losses_test/representations:	22.69509506225586
losses_test/total:	6.881830215454102
calibration_test/ece:	0.08043857663869858
calibration_test/brier:	0.5713459253311157
accuracy_test/task:	56.1442871936486
accuracy_test/concepts:	92.01903533935547
map_test/concepts:	0.8498234197497367

Epoch 43
losses_train/task:	1.2733317613601685
losses_train/concepts:	22.723411560058594
losses_train/representations:	17.7342586517334
losses_train/total:	5.319099426269531
losses_test/task:	1.688991904258728
losses_test/concepts:	24.121105194091797
losses_test/representations:	21.57247543334961
losses_test/total:	6.258349895477295
calibration_test/ece:	0.07718158513307571
calibration_test/brier:	0.5332436561584473
accuracy_test/task:	59.423541594753196
accuracy_test/concepts:	92.74134826660156
map_test/concepts:	0.8703739076852799

Epoch 44
losses_train/task:	1.2863472700119019
losses_train/concepts:	23.0483341217041
losses_train/representations:	17.770238876342773
losses_train/total:	5.3682050704956055
losses_test/task:	1.845329761505127
losses_test/concepts:	26.62386703491211
losses_test/representations:	22.79250717163086
losses_test/total:	6.786968231201172
calibration_test/ece:	0.09230919927358627
calibration_test/brier:	0.5829440355300903
accuracy_test/task:	55.24680704176735
accuracy_test/concepts:	91.96728515625
map_test/concepts:	0.8536855727434158

Epoch 45
losses_train/task:	1.29771089553833
losses_train/concepts:	22.923913955688477
losses_train/representations:	17.785825729370117
losses_train/total:	5.368684768676758
losses_test/task:	2.127577304840088
losses_test/concepts:	31.429725646972656
losses_test/representations:	25.06273651123047
losses_test/total:	7.776824951171875
calibration_test/ece:	0.12995314598083496
calibration_test/brier:	0.623307466506958
accuracy_test/task:	53.15843976527442
accuracy_test/concepts:	92.14762878417969
map_test/concepts:	0.8432935575644175

Epoch 46
losses_train/task:	1.2620805501937866
losses_train/concepts:	22.87388038635254
losses_train/representations:	17.678422927856445
losses_train/total:	5.317311763763428
losses_test/task:	1.4733728170394897
losses_test/concepts:	22.687286376953125
losses_test/representations:	19.029369354248047
losses_test/total:	5.645037651062012
calibration_test/ece:	0.08741689473390579
calibration_test/brier:	0.49436625838279724
accuracy_test/task:	62.32309285467725
accuracy_test/concepts:	93.80740356445312
map_test/concepts:	0.8943154841661454

Epoch 47
losses_train/task:	1.2286931276321411
losses_train/concepts:	22.136600494384766
losses_train/representations:	17.245744705200195
losses_train/total:	5.166927337646484
losses_test/task:	1.6461011171340942
losses_test/concepts:	24.41376495361328
losses_test/representations:	21.024744033813477
losses_test/total:	6.189952373504639
calibration_test/ece:	0.10376061499118805
calibration_test/brier:	0.5374709963798523
accuracy_test/task:	59.97583707283397
accuracy_test/concepts:	92.91449737548828
map_test/concepts:	0.8756903608640035

Epoch 48
losses_train/task:	1.1952159404754639
losses_train/concepts:	21.3734188079834
losses_train/representations:	16.598690032958984
losses_train/total:	4.992427825927734
losses_test/task:	1.5278434753417969
losses_test/concepts:	22.68593978881836
losses_test/representations:	18.98328399658203
losses_test/total:	5.694765090942383
calibration_test/ece:	0.08677514642477036
calibration_test/brier:	0.4959566295146942
accuracy_test/task:	62.39212978943735
accuracy_test/concepts:	93.56863403320312
map_test/concepts:	0.8936725457509359

Epoch 49
losses_train/task:	1.2323904037475586
losses_train/concepts:	22.18248176574707
losses_train/representations:	17.10964584350586
losses_train/total:	5.1616034507751465
losses_test/task:	1.5003783702850342
losses_test/concepts:	22.81404685974121
losses_test/representations:	19.622879028320312
losses_test/total:	5.744071006774902
calibration_test/ece:	0.10061866044998169
calibration_test/brier:	0.5043751001358032
accuracy_test/task:	62.66827752847774
accuracy_test/concepts:	93.61666870117188
map_test/concepts:	0.8917582174142201

Epoch 50
losses_train/task:	1.1529908180236816
losses_train/concepts:	21.130674362182617
losses_train/representations:	16.191282272338867
losses_train/total:	4.885187149047852
losses_test/task:	1.6837323904037476
losses_test/concepts:	23.87786865234375
losses_test/representations:	20.883033752441406
losses_test/total:	6.159823894500732
calibration_test/ece:	0.12350472807884216
calibration_test/brier:	0.5363727807998657
accuracy_test/task:	60.59716948567483
accuracy_test/concepts:	93.41128540039062
map_test/concepts:	0.8854292094707489

Epoch 51
losses_train/task:	1.1886365413665771
losses_train/concepts:	21.170001983642578
losses_train/representations:	16.369394302368164
losses_train/total:	4.942575931549072
losses_test/task:	1.4210082292556763
losses_test/concepts:	21.695777893066406
losses_test/representations:	17.901111602783203
losses_test/total:	5.380696773529053
calibration_test/ece:	0.06759443879127502
calibration_test/brier:	0.4735364317893982
accuracy_test/task:	64.91197790818087
accuracy_test/concepts:	94.181640625
map_test/concepts:	0.9033141334851583

Epoch 52
losses_train/task:	1.1258403062820435
losses_train/concepts:	20.57921600341797
losses_train/representations:	15.737199783325195
losses_train/total:	4.757482528686523
losses_test/task:	1.7805134057998657
losses_test/concepts:	27.10724639892578
losses_test/representations:	22.138185501098633
losses_test/total:	6.705056190490723
calibration_test/ece:	0.11643122881650925
calibration_test/brier:	0.547330915927887
accuracy_test/task:	59.83776320331377
accuracy_test/concepts:	93.00598907470703
map_test/concepts:	0.8734187920888264

Epoch 53
losses_train/task:	1.0995142459869385
losses_train/concepts:	19.977693557739258
losses_train/representations:	15.357378005981445
losses_train/total:	4.633021354675293
losses_test/task:	1.4653306007385254
losses_test/concepts:	22.011796951293945
losses_test/representations:	18.153474807739258
losses_test/total:	5.4818572998046875
calibration_test/ece:	0.08884996175765991
calibration_test/brier:	0.48293426632881165
accuracy_test/task:	64.67034863652054
accuracy_test/concepts:	94.08641815185547
map_test/concepts:	0.9038586556911469

Epoch 54
losses_train/task:	1.075561761856079
losses_train/concepts:	19.405933380126953
losses_train/representations:	14.904791831970215
losses_train/total:	4.506634712219238
losses_test/task:	1.6376146078109741
losses_test/concepts:	26.230764389038086
losses_test/representations:	19.739238739013672
losses_test/total:	6.23461389541626
calibration_test/ece:	0.08770334720611572
calibration_test/brier:	0.5297545790672302
accuracy_test/task:	59.440800828443216
accuracy_test/concepts:	93.40753936767578
map_test/concepts:	0.8791731049617132

Epoch 55
losses_train/task:	1.0926584005355835
losses_train/concepts:	19.931659698486328
losses_train/representations:	15.462135314941406
losses_train/total:	4.63203763961792
losses_test/task:	1.7318538427352905
losses_test/concepts:	27.22842025756836
losses_test/representations:	21.014368057250977
losses_test/total:	6.556133270263672
calibration_test/ece:	0.09670313447713852
calibration_test/brier:	0.5246171355247498
accuracy_test/task:	61.02865032792544
accuracy_test/concepts:	93.26457214355469
map_test/concepts:	0.8684002329905828

Epoch 56
losses_train/task:	1.0950520038604736
losses_train/concepts:	20.213335037231445
losses_train/representations:	15.571616172790527
losses_train/total:	4.67354679107666
losses_test/task:	1.576642394065857
losses_test/concepts:	24.17078971862793
losses_test/representations:	18.911523818969727
losses_test/total:	5.884873390197754
calibration_test/ece:	0.11401024460792542
calibration_test/brier:	0.5072870850563049
accuracy_test/task:	62.840869865377975
accuracy_test/concepts:	94.08525085449219
map_test/concepts:	0.8939355701208115

Epoch 57
losses_train/task:	1.1202179193496704
losses_train/concepts:	20.194374084472656
losses_train/representations:	15.61633014678955
losses_train/total:	4.701288223266602
losses_test/task:	1.7833837270736694
losses_test/concepts:	27.23280143737793
losses_test/representations:	21.871240615844727
losses_test/total:	6.693788051605225
calibration_test/ece:	0.11970300227403641
calibration_test/brier:	0.5402866005897522
accuracy_test/task:	60.75250258888505
accuracy_test/concepts:	93.2576904296875
map_test/concepts:	0.8766945491234461

Epoch 58
losses_train/task:	1.0562137365341187
losses_train/concepts:	19.51947784423828
losses_train/representations:	14.849403381347656
losses_train/total:	4.493102073669434
losses_test/task:	1.554599642753601
losses_test/concepts:	23.930330276489258
losses_test/representations:	19.04625129699707
losses_test/total:	5.852257251739502
calibration_test/ece:	0.10524997860193253
calibration_test/brier:	0.4951111972332001
accuracy_test/task:	63.87642388677943
accuracy_test/concepts:	93.98084259033203
map_test/concepts:	0.8952314913272857

Epoch 59
losses_train/task:	1.0620354413986206
losses_train/concepts:	19.620540618896484
losses_train/representations:	15.095452308654785
losses_train/total:	4.533635139465332
losses_test/task:	1.6501609086990356
losses_test/concepts:	24.662858963012695
losses_test/representations:	19.78460693359375
losses_test/total:	6.094907283782959
calibration_test/ece:	0.12936317920684814
calibration_test/brier:	0.5282403230667114
accuracy_test/task:	61.51190887124611
accuracy_test/concepts:	93.41129302978516
map_test/concepts:	0.883455773194631

Epoch 60
losses_train/task:	1.0796902179718018
losses_train/concepts:	19.477630615234375
losses_train/representations:	14.751324653625488
losses_train/total:	4.502586841583252
losses_test/task:	1.48630952835083
losses_test/concepts:	22.613122940063477
losses_test/representations:	18.276103973388672
losses_test/total:	5.575232028961182
calibration_test/ece:	0.09615831822156906
calibration_test/brier:	0.478994756937027
accuracy_test/task:	64.67034863652054
accuracy_test/concepts:	94.38239288330078
map_test/concepts:	0.9044332663218181

Epoch 61
losses_train/task:	1.0137654542922974
losses_train/concepts:	18.95033073425293
losses_train/representations:	14.44970703125
losses_train/total:	4.353769302368164
losses_test/task:	1.6004879474639893
losses_test/concepts:	23.476776123046875
losses_test/representations:	19.100671768188477
losses_test/total:	5.858232498168945
calibration_test/ece:	0.1271868497133255
calibration_test/brier:	0.5106040835380554
accuracy_test/task:	62.909906800138074
accuracy_test/concepts:	94.01766967773438
map_test/concepts:	0.8938653121391932

Epoch 62
losses_train/task:	1.012953519821167
losses_train/concepts:	18.899459838867188
losses_train/representations:	14.35536003112793
losses_train/total:	4.338435649871826
losses_test/task:	1.4666239023208618
losses_test/concepts:	21.368642807006836
losses_test/representations:	18.122058868408203
losses_test/total:	5.415694236755371
calibration_test/ece:	0.09842537343502045
calibration_test/brier:	0.4714411795139313
accuracy_test/task:	65.08457024508112
accuracy_test/concepts:	94.0728759765625
map_test/concepts:	0.8976651738087337

Epoch 63
losses_train/task:	0.9995642304420471
losses_train/concepts:	18.42487907409668
losses_train/representations:	13.934435844421387
losses_train/total:	4.2354960441589355
losses_test/task:	1.6824755668640137
losses_test/concepts:	24.42117691040039
losses_test/representations:	19.35573959350586
losses_test/total:	6.060166835784912
calibration_test/ece:	0.12349569797515869
calibration_test/brier:	0.5293721556663513
accuracy_test/task:	61.58094580600621
accuracy_test/concepts:	93.68771362304688
map_test/concepts:	0.8841666638851166

Epoch 64
losses_train/task:	1.006438970565796
losses_train/concepts:	18.690311431884766
losses_train/representations:	14.086551666259766
losses_train/total:	4.284124851226807
losses_test/task:	1.525931715965271
losses_test/concepts:	23.494510650634766
losses_test/representations:	18.202634811401367
losses_test/total:	5.695647716522217
calibration_test/ece:	0.09778942912817001
calibration_test/brier:	0.47588738799095154
accuracy_test/task:	64.98101484294098
accuracy_test/concepts:	94.18508911132812
map_test/concepts:	0.8992573112249375

Epoch 65
losses_train/task:	1.0171865224838257
losses_train/concepts:	18.53635025024414
losses_train/representations:	14.070764541625977
losses_train/total:	4.27789831161499
losses_test/task:	1.6693683862686157
losses_test/concepts:	23.25925064086914
losses_test/representations:	20.363048553466797
losses_test/total:	6.031599044799805
calibration_test/ece:	0.11749538779258728
calibration_test/brier:	0.5137963891029358
accuracy_test/task:	62.80635139799793
accuracy_test/concepts:	93.21943664550781
map_test/concepts:	0.8853905707597732

Epoch 66
losses_train/task:	0.9796238541603088
losses_train/concepts:	18.59482192993164
losses_train/representations:	14.147675514221191
losses_train/total:	4.253873825073242
losses_test/task:	1.5768780708312988
losses_test/concepts:	22.91695785522461
losses_test/representations:	18.240983963012695
losses_test/total:	5.6926727294921875
calibration_test/ece:	0.12202800810337067
calibration_test/brier:	0.4924907982349396
accuracy_test/task:	65.18812564722127
accuracy_test/concepts:	94.27482604980469
map_test/concepts:	0.9002212464809418

Epoch 67
losses_train/task:	0.9877758026123047
losses_train/concepts:	18.06070899963379
losses_train/representations:	13.87787914276123
losses_train/total:	4.181633949279785
losses_test/task:	1.7543762922286987
losses_test/concepts:	25.81622314453125
losses_test/representations:	20.613651275634766
losses_test/total:	6.397363662719727
calibration_test/ece:	0.1063123345375061
calibration_test/brier:	0.5270299911499023
accuracy_test/task:	61.37383500172592
accuracy_test/concepts:	93.00481414794922
map_test/concepts:	0.878144175807635

Epoch 68
losses_train/task:	0.9652937054634094
losses_train/concepts:	18.21083641052246
losses_train/representations:	13.618135452270508
losses_train/total:	4.148191452026367
losses_test/task:	1.6708695888519287
losses_test/concepts:	24.2410888671875
losses_test/representations:	18.76630401611328
losses_test/total:	5.971608638763428
calibration_test/ece:	0.13296478986740112
calibration_test/brier:	0.5026490688323975
accuracy_test/task:	64.16983085950984
accuracy_test/concepts:	94.31767272949219
map_test/concepts:	0.89688234825929

Epoch 69
losses_train/task:	0.9596584439277649
losses_train/concepts:	17.969478607177734
losses_train/representations:	13.469720840454102
losses_train/total:	4.103578567504883
losses_test/task:	1.5522205829620361
losses_test/concepts:	23.72325325012207
losses_test/representations:	17.848960876464844
losses_test/total:	5.7094407081604
calibration_test/ece:	0.10693059861660004
calibration_test/brier:	0.4950083792209625
accuracy_test/task:	64.04901622367967
accuracy_test/concepts:	94.27452087402344
map_test/concepts:	0.8921309659878413

Epoch 70
losses_train/task:	0.9916673898696899
losses_train/concepts:	18.01747703552246
losses_train/representations:	13.538751602172852
losses_train/total:	4.147289752960205
losses_test/task:	1.7701627016067505
losses_test/concepts:	27.51772689819336
losses_test/representations:	20.50212287902832
losses_test/total:	6.572146415710449
calibration_test/ece:	0.122441366314888
calibration_test/brier:	0.5326874256134033
accuracy_test/task:	61.32205730065585
accuracy_test/concepts:	93.39029693603516
map_test/concepts:	0.8761806646982829

Epoch 71
losses_train/task:	0.9438983798027039
losses_train/concepts:	17.850997924804688
losses_train/representations:	13.811156272888184
losses_train/total:	4.110113620758057
losses_test/task:	1.6312063932418823
losses_test/concepts:	23.53994369506836
losses_test/representations:	19.08437728881836
losses_test/total:	5.893639087677002
calibration_test/ece:	0.12993891537189484
calibration_test/brier:	0.49587637186050415
accuracy_test/task:	64.89471867449085
accuracy_test/concepts:	94.21411895751953
map_test/concepts:	0.9015862176815669

Epoch 72
losses_train/task:	0.9441146850585938
losses_train/concepts:	17.93104362487793
losses_train/representations:	13.784526824951172
losses_train/total:	4.1156721115112305
losses_test/task:	1.5639421939849854
losses_test/concepts:	23.248931884765625
losses_test/representations:	18.416250228881836
losses_test/total:	5.730461120605469
calibration_test/ece:	0.12444210052490234
calibration_test/brier:	0.4991231858730316
accuracy_test/task:	63.617535381429065
accuracy_test/concepts:	94.0291519165039
map_test/concepts:	0.8984405825535456

Epoch 73
losses_train/task:	0.9409785866737366
losses_train/concepts:	17.737693786621094
losses_train/representations:	13.321056365966797
losses_train/total:	4.046853542327881
losses_test/task:	1.95899498462677
losses_test/concepts:	29.75937271118164
losses_test/representations:	21.554458618164062
losses_test/total:	7.090378761291504
calibration_test/ece:	0.1407179981470108
calibration_test/brier:	0.5633775591850281
accuracy_test/task:	58.733172247152226
accuracy_test/concepts:	93.14492797851562
map_test/concepts:	0.8655541678269704

Epoch 74
losses_train/task:	0.9153848886489868
losses_train/concepts:	17.285449981689453
losses_train/representations:	12.90776252746582
losses_train/total:	3.934705972671509
losses_test/task:	1.4599069356918335
losses_test/concepts:	21.302183151245117
losses_test/representations:	16.86014175415039
losses_test/total:	5.276139736175537
calibration_test/ece:	0.11027287691831589
calibration_test/brier:	0.4818452298641205
accuracy_test/task:	65.29168104936142
accuracy_test/concepts:	94.33350372314453
map_test/concepts:	0.9017378906408946

Epoch 75
losses_train/task:	0.9620531797409058
losses_train/concepts:	17.92074966430664
losses_train/representations:	13.366204261779785
losses_train/total:	4.090748310089111
losses_test/task:	1.6592813730239868
losses_test/concepts:	24.74086570739746
losses_test/representations:	19.614389419555664
losses_test/total:	6.094807147979736
calibration_test/ece:	0.12279816716909409
calibration_test/brier:	0.5046801567077637
accuracy_test/task:	63.97997928891957
accuracy_test/concepts:	94.11030578613281
map_test/concepts:	0.8979566176732381

Epoch 76
losses_train/task:	0.9019643664360046
losses_train/concepts:	16.654104232788086
losses_train/representations:	13.065439224243164
losses_train/total:	3.8739187717437744
losses_test/task:	1.37693452835083
losses_test/concepts:	20.54001235961914
losses_test/representations:	16.142934799194336
losses_test/total:	5.045229434967041
calibration_test/ece:	0.08926160633563995
calibration_test/brier:	0.45228397846221924
accuracy_test/task:	67.55264066275457
accuracy_test/concepts:	94.76469421386719
map_test/concepts:	0.9106277833382289

Epoch 77
losses_train/task:	0.9147734045982361
losses_train/concepts:	17.40894317626953
losses_train/representations:	12.864733695983887
losses_train/total:	3.94214129447937
losses_test/task:	1.4998667240142822
losses_test/concepts:	22.27814483642578
losses_test/representations:	17.777475357055664
losses_test/total:	5.505428791046143
calibration_test/ece:	0.12330904603004456
calibration_test/brier:	0.47315722703933716
accuracy_test/task:	67.03486365205384
accuracy_test/concepts:	94.60245513916016
map_test/concepts:	0.9090490698814392

Epoch 78
losses_train/task:	0.9094160199165344
losses_train/concepts:	17.164859771728516
losses_train/representations:	13.015202522277832
losses_train/total:	3.927422285079956
losses_test/task:	1.576395869255066
losses_test/concepts:	26.01113510131836
losses_test/representations:	17.823959350585938
losses_test/total:	5.95990514755249
calibration_test/ece:	0.11903636157512665
calibration_test/brier:	0.4817085266113281
accuracy_test/task:	65.11908871246116
accuracy_test/concepts:	94.5765609741211
map_test/concepts:	0.898306335012118

Epoch 79
losses_train/task:	0.8758404850959778
losses_train/concepts:	16.500198364257812
losses_train/representations:	12.35878849029541
losses_train/total:	3.7617385387420654
losses_test/task:	1.5061925649642944
losses_test/concepts:	23.182170867919922
losses_test/representations:	17.559249877929688
losses_test/total:	5.580334186553955
calibration_test/ece:	0.11866261810064316
calibration_test/brier:	0.46593543887138367
accuracy_test/task:	66.9313082499137
accuracy_test/concepts:	94.46351623535156
map_test/concepts:	0.902123502890269

Epoch 80
losses_train/task:	0.8718514442443848
losses_train/concepts:	16.322418212890625
losses_train/representations:	12.169281959533691
losses_train/total:	3.7210216522216797
losses_test/task:	1.4138480424880981
losses_test/concepts:	20.890148162841797
losses_test/representations:	16.081571578979492
losses_test/total:	5.111019611358643
calibration_test/ece:	0.11355386674404144
calibration_test/brier:	0.4558653235435486
accuracy_test/task:	67.88056610286503
accuracy_test/concepts:	94.83432006835938
map_test/concepts:	0.91204301516215

Epoch 81
losses_train/task:	0.851183295249939
losses_train/concepts:	16.11799430847168
losses_train/representations:	12.100786209106445
losses_train/total:	3.6730611324310303
losses_test/task:	1.3934118747711182
losses_test/concepts:	19.51586151123047
losses_test/representations:	15.896150588989258
losses_test/total:	4.9346137046813965
calibration_test/ece:	0.1216697245836258
calibration_test/brier:	0.45324328541755676
accuracy_test/task:	68.01863997238523
accuracy_test/concepts:	94.83516693115234
map_test/concepts:	0.9151951730251312

Epoch 82
losses_train/task:	0.8582614660263062
losses_train/concepts:	16.52939796447754
losses_train/representations:	12.191437721252441
losses_train/total:	3.7303454875946045
losses_test/task:	1.6341949701309204
losses_test/concepts:	22.81658935546875
losses_test/representations:	17.839183807373047
losses_test/total:	5.699772357940674
calibration_test/ece:	0.14037007093429565
calibration_test/brier:	0.494520366191864
accuracy_test/task:	64.91197790818087
accuracy_test/concepts:	94.39994812011719
map_test/concepts:	0.8968913594881693

Epoch 83
losses_train/task:	0.8745112419128418
losses_train/concepts:	16.469528198242188
losses_train/representations:	12.26396656036377
losses_train/total:	3.7478606700897217
losses_test/task:	1.431008219718933
losses_test/concepts:	21.739599227905273
losses_test/representations:	16.714628219604492
losses_test/total:	5.276430130004883
calibration_test/ece:	0.10658945143222809
calibration_test/brier:	0.44846466183662415
accuracy_test/task:	67.55264066275457
accuracy_test/concepts:	94.66227722167969
map_test/concepts:	0.9071624338626861

Epoch 84
losses_train/task:	0.8537164926528931
losses_train/concepts:	16.33986473083496
losses_train/representations:	12.273455619812012
losses_train/total:	3.7150487899780273
losses_test/task:	1.477232575416565
losses_test/concepts:	22.324434280395508
losses_test/representations:	16.688846588134766
losses_test/total:	5.378560543060303
calibration_test/ece:	0.12341263890266418
calibration_test/brier:	0.4596374034881592
accuracy_test/task:	67.7079737659648
accuracy_test/concepts:	94.86652374267578
map_test/concepts:	0.9084050516287486

Epoch 85
losses_train/task:	0.8910616636276245
losses_train/concepts:	17.1179141998291
losses_train/representations:	12.708770751953125
losses_train/total:	3.873729944229126
losses_test/task:	1.6326512098312378
losses_test/concepts:	23.71202850341797
losses_test/representations:	18.422147750854492
losses_test/total:	5.8460693359375
calibration_test/ece:	0.1245039701461792
calibration_test/brier:	0.49386540055274963
accuracy_test/task:	64.72212633759061
accuracy_test/concepts:	94.1266860961914
map_test/concepts:	0.8971174041430156

Epoch 86
losses_train/task:	0.8533867001533508
losses_train/concepts:	16.321306228637695
losses_train/representations:	12.407537460327148
losses_train/total:	3.726270914077759
losses_test/task:	1.5255824327468872
losses_test/concepts:	23.117477416992188
losses_test/representations:	17.186344146728516
losses_test/total:	5.555964946746826
calibration_test/ece:	0.12712515890598297
calibration_test/brier:	0.4773751199245453
accuracy_test/task:	66.37901277183293
accuracy_test/concepts:	94.56105041503906
map_test/concepts:	0.9019029359022777

Epoch 87
losses_train/task:	0.8004265427589417
losses_train/concepts:	15.74702262878418
losses_train/representations:	11.836553573608398
losses_train/total:	3.558784246444702
losses_test/task:	1.6785855293273926
losses_test/concepts:	26.04144287109375
losses_test/representations:	18.493593215942383
losses_test/total:	6.132088661193848
calibration_test/ece:	0.13343830406665802
calibration_test/brier:	0.5036728382110596
accuracy_test/task:	64.72212633759061
accuracy_test/concepts:	94.16751098632812
map_test/concepts:	0.8904044946034749

Epoch 88
losses_train/task:	0.8550764322280884
losses_train/concepts:	16.220523834228516
losses_train/representations:	12.039224624633789
losses_train/total:	3.68105149269104
losses_test/task:	1.5316330194473267
losses_test/concepts:	21.944774627685547
losses_test/representations:	17.14761734008789
losses_test/total:	5.4408721923828125
calibration_test/ece:	0.11897899210453033
calibration_test/brier:	0.4710359573364258
accuracy_test/task:	66.51708664135312
accuracy_test/concepts:	94.46121978759766
map_test/concepts:	0.9052287062009176

Epoch 89
losses_train/task:	0.8275848031044006
losses_train/concepts:	16.177743911743164
losses_train/representations:	12.282126426696777
losses_train/total:	3.6735708713531494
losses_test/task:	1.5078582763671875
losses_test/concepts:	23.279314041137695
losses_test/representations:	16.59584617614746
losses_test/total:	5.495375156402588
calibration_test/ece:	0.11977565288543701
calibration_test/brier:	0.4687005281448364
accuracy_test/task:	67.03486365205384
accuracy_test/concepts:	94.83487701416016
map_test/concepts:	0.9096645226081213

Epoch 90
losses_train/task:	0.8154091835021973
losses_train/concepts:	15.68995189666748
losses_train/representations:	11.74550724029541
losses_train/total:	3.558955192565918
losses_test/task:	1.6514668464660645
losses_test/concepts:	24.652530670166016
losses_test/representations:	18.442556381225586
losses_test/total:	5.96097469329834
calibration_test/ece:	0.13866394758224487
calibration_test/brier:	0.4977562427520752
accuracy_test/task:	65.30894028305143
accuracy_test/concepts:	94.14566040039062
map_test/concepts:	0.8933560917774837

Epoch 91
losses_train/task:	0.8669330477714539
losses_train/concepts:	16.38928985595703
losses_train/representations:	12.20389461517334
losses_train/total:	3.7262511253356934
losses_test/task:	1.813524842262268
losses_test/concepts:	28.047340393066406
losses_test/representations:	20.686185836791992
losses_test/total:	6.68687629699707
calibration_test/ece:	0.1368793547153473
calibration_test/brier:	0.5396026372909546
accuracy_test/task:	61.80531584397653
accuracy_test/concepts:	93.30399322509766
map_test/concepts:	0.8700406501690546

Epoch 92
losses_train/task:	0.832705557346344
losses_train/concepts:	15.781243324279785
losses_train/representations:	11.818294525146484
losses_train/total:	3.5926589965820312
losses_test/task:	1.63035249710083
losses_test/concepts:	24.1497859954834
losses_test/representations:	17.81232261657715
losses_test/total:	5.826563358306885
calibration_test/ece:	0.12886075675487518
calibration_test/brier:	0.4973079562187195
accuracy_test/task:	64.72212633759061
accuracy_test/concepts:	94.35133361816406
map_test/concepts:	0.8954583754142126

Epoch 93
losses_train/task:	0.8243669271469116
losses_train/concepts:	15.869300842285156
losses_train/representations:	11.750245094299316
losses_train/total:	3.5863211154937744
losses_test/task:	1.4303863048553467
losses_test/concepts:	21.51780891418457
losses_test/representations:	16.189802169799805
losses_test/total:	5.201147556304932
calibration_test/ece:	0.11274481564760208
calibration_test/brier:	0.44965827465057373
accuracy_test/task:	68.51915774939593
accuracy_test/concepts:	94.96402740478516
map_test/concepts:	0.9139607359965642

Epoch 94
losses_train/task:	0.81558758020401
losses_train/concepts:	15.926477432250977
losses_train/representations:	11.96792984008789
losses_train/total:	3.6050283908843994
losses_test/task:	1.7571078538894653
losses_test/concepts:	25.51005744934082
losses_test/representations:	19.351085662841797
losses_test/total:	6.243221759796143
calibration_test/ece:	0.16140368580818176
calibration_test/brier:	0.5249767303466797
accuracy_test/task:	63.44494304452882
accuracy_test/concepts:	93.9161148071289
map_test/concepts:	0.8878868728876114

Epoch 95
losses_train/task:	0.7849549055099487
losses_train/concepts:	15.458113670349121
losses_train/representations:	11.534549713134766
losses_train/total:	3.4842216968536377
losses_test/task:	1.4865490198135376
losses_test/concepts:	21.556493759155273
losses_test/representations:	16.442481994628906
losses_test/total:	5.2864460945129395
calibration_test/ece:	0.13317735493183136
calibration_test/brier:	0.46771106123924255
accuracy_test/task:	67.44908526061442
accuracy_test/concepts:	94.76528930664062
map_test/concepts:	0.906586782137553

Epoch 96
losses_train/task:	0.7702104449272156
losses_train/concepts:	14.692083358764648
losses_train/representations:	11.135017395019531
losses_train/total:	3.3529205322265625
losses_test/task:	1.4938297271728516
losses_test/concepts:	22.260461807250977
losses_test/representations:	16.26194190979004
losses_test/total:	5.346070289611816
calibration_test/ece:	0.13234034180641174
calibration_test/brier:	0.45788654685020447
accuracy_test/task:	67.94960303762512
accuracy_test/concepts:	95.10270690917969
map_test/concepts:	0.9160283744335175

Epoch 97
losses_train/task:	0.7912502884864807
losses_train/concepts:	15.32245922088623
losses_train/representations:	11.7183198928833
losses_train/total:	3.495327949523926
losses_test/task:	1.46663498878479
losses_test/concepts:	21.48832893371582
losses_test/representations:	16.116374969482422
losses_test/total:	5.227106094360352
calibration_test/ece:	0.13397352397441864
calibration_test/brier:	0.4545173645019531
accuracy_test/task:	68.91612012426648
accuracy_test/concepts:	94.89816284179688
map_test/concepts:	0.9111820320288341

Epoch 98
losses_train/task:	0.8143259882926941
losses_train/concepts:	15.815686225891113
losses_train/representations:	11.72425365447998
losses_train/total:	3.56831955909729
losses_test/task:	1.550607681274414
losses_test/concepts:	24.155481338500977
losses_test/representations:	16.988258361816406
losses_test/total:	5.664982318878174
calibration_test/ece:	0.1306922882795334
calibration_test/brier:	0.48194611072540283
accuracy_test/task:	66.18916120124267
accuracy_test/concepts:	94.65711975097656
map_test/concepts:	0.9024811218182246

Epoch 99
losses_train/task:	0.7992650866508484
losses_train/concepts:	15.284721374511719
losses_train/representations:	11.494574546813965
losses_train/total:	3.477194309234619
losses_test/task:	1.535812258720398
losses_test/concepts:	23.26549530029297
losses_test/representations:	17.580425262451172
losses_test/total:	5.62040376663208
calibration_test/ece:	0.12751947343349457
calibration_test/brier:	0.47487854957580566
accuracy_test/task:	67.32827062478425
accuracy_test/concepts:	94.44683074951172
map_test/concepts:	0.9007347524166107

Epoch 100
losses_train/task:	0.8559083938598633
losses_train/concepts:	15.996965408325195
losses_train/representations:	11.969610214233398
losses_train/total:	3.652566432952881
losses_test/task:	1.6100692749023438
losses_test/concepts:	24.67279815673828
losses_test/representations:	18.16574478149414
losses_test/total:	5.893924236297607
calibration_train/ece:	0.018947135657072067
calibration_train/brier:	0.25883519649505615
accuracy_train/task:	79.60304054054055
calibration_test/ece:	0.1314891278743744
calibration_test/brier:	0.4865260124206543
accuracy_test/task:	65.41249568519157
accuracy_train/concepts:	95.81362915039062
map_train/concepts:	0.9625098844369252
accuracy_test/concepts:	94.31856536865234
map_test/concepts:	0.8955341587464015
accuracy_test/nuisances_task:	-0.1287807638828571
accuracy_test/nuisances_nontask:	0.0
mutual_inf_test/nuisances_task:	-0.00491438218408799
mutual_inf_test/nuisances_nontask:	0.0

Epoch 101
losses_train/task:	0.7407777309417725
losses_train/concepts:	14.453544616699219
losses_train/representations:	10.822360038757324
losses_train/total:	3.2683684825897217
losses_test/task:	1.129114031791687
losses_test/concepts:	17.367544174194336
losses_test/representations:	12.875006675720215
losses_test/total:	4.153368949890137
calibration_test/ece:	0.10012102127075195
calibration_test/brier:	0.37335678935050964
accuracy_test/task:	73.67966862271315
accuracy_test/concepts:	95.85835266113281
map_test/concepts:	0.9363445053497951

Epoch 102
losses_train/task:	0.6465327143669128
losses_train/concepts:	13.200824737548828
losses_train/representations:	9.67369270324707
losses_train/total:	2.9339842796325684
losses_test/task:	1.0718737840652466
losses_test/concepts:	16.554550170898438
losses_test/representations:	12.05718994140625
losses_test/total:	3.9330484867095947
calibration_test/ece:	0.09318288415670395
calibration_test/brier:	0.35417303442955017
accuracy_test/task:	75.12944425267519
accuracy_test/concepts:	96.12069702148438
map_test/concepts:	0.9399483640988667

Epoch 103
losses_train/task:	0.5829325914382935
losses_train/concepts:	12.419092178344727
losses_train/representations:	9.069146156311035
losses_train/total:	2.7317562103271484
losses_test/task:	1.065956473350525
losses_test/concepts:	16.310977935791016
losses_test/representations:	11.904205322265625
losses_test/total:	3.8874740600585938
calibration_test/ece:	0.09302276372909546
calibration_test/brier:	0.35171574354171753
accuracy_test/task:	75.50914739385571
accuracy_test/concepts:	96.14946746826172
map_test/concepts:	0.9410137961308161

Epoch 104
losses_train/task:	0.5883646011352539
losses_train/concepts:	12.336601257324219
losses_train/representations:	8.857338905334473
losses_train/total:	2.707758665084839
losses_test/task:	1.0587239265441895
losses_test/concepts:	16.386579513549805
losses_test/representations:	11.657465934753418
losses_test/total:	3.8631277084350586
calibration_test/ece:	0.0930267944931984
calibration_test/brier:	0.34843212366104126
accuracy_test/task:	75.7852951328961
accuracy_test/concepts:	96.24696350097656
map_test/concepts:	0.9418284088373184

Epoch 105
losses_train/task:	0.6185422539710999
losses_train/concepts:	12.676227569580078
losses_train/representations:	9.002202987670898
losses_train/total:	2.7863850593566895
losses_test/task:	1.0535904169082642
losses_test/concepts:	16.182043075561523
losses_test/representations:	11.56998062133789
losses_test/total:	3.8287930488586426
calibration_test/ece:	0.09251387417316437
calibration_test/brier:	0.34961679577827454
accuracy_test/task:	75.90610976872627
accuracy_test/concepts:	96.20555877685547
map_test/concepts:	0.9424254496892294

Epoch 106
losses_train/task:	0.5652594566345215
losses_train/concepts:	12.005560874938965
losses_train/representations:	8.460982322692871
losses_train/total:	2.6119143962860107
losses_test/task:	1.0536854267120361
losses_test/concepts:	16.20478057861328
losses_test/representations:	11.532464027404785
losses_test/total:	3.8274102210998535
calibration_test/ece:	0.0924118161201477
calibration_test/brier:	0.3475032150745392
accuracy_test/task:	76.0787021056265
accuracy_test/concepts:	96.2699966430664
map_test/concepts:	0.9428514232238133

Epoch 107
losses_train/task:	0.6119418740272522
losses_train/concepts:	12.797051429748535
losses_train/representations:	9.030142784118652
losses_train/total:	2.794661045074463
losses_test/task:	1.050683856010437
losses_test/concepts:	16.206254959106445
losses_test/representations:	11.408310890197754
losses_test/total:	3.812141180038452
calibration_test/ece:	0.09027700126171112
calibration_test/brier:	0.3462943136692047
accuracy_test/task:	76.18225750776665
accuracy_test/concepts:	96.28669738769531
map_test/concepts:	0.9427801867326101

Epoch 108
losses_train/task:	0.5521136522293091
losses_train/concepts:	11.774798393249512
losses_train/representations:	8.524961471557617
losses_train/total:	2.582089900970459
losses_test/task:	1.0608181953430176
losses_test/concepts:	16.263038635253906
losses_test/representations:	11.45904541015625
losses_test/total:	3.833026885986328
calibration_test/ece:	0.09615814685821533
calibration_test/brier:	0.34815678000450134
accuracy_test/task:	76.18225750776665
accuracy_test/concepts:	96.30477905273438
map_test/concepts:	0.9434625367323558

Epoch 109
losses_train/task:	0.5602713823318481
losses_train/concepts:	11.971513748168945
losses_train/representations:	8.433748245239258
losses_train/total:	2.6007978916168213
losses_test/task:	1.055554747581482
losses_test/concepts:	16.215160369873047
losses_test/representations:	11.386887550354004
losses_test/total:	3.8157598972320557
calibration_test/ece:	0.09581425786018372
calibration_test/brier:	0.3454970121383667
accuracy_test/task:	76.04418363824647
accuracy_test/concepts:	96.32897186279297
map_test/concepts:	0.9422353019316991

Epoch 110
losses_train/task:	0.5699280500411987
losses_train/concepts:	12.034801483154297
losses_train/representations:	8.511289596557617
losses_train/total:	2.624537944793701
losses_test/task:	1.0449119806289673
losses_test/concepts:	16.082292556762695
losses_test/representations:	11.2340669631958
losses_test/total:	3.77654767036438
calibration_test/ece:	0.09331201016902924
calibration_test/brier:	0.34255895018577576
accuracy_test/task:	76.56196064894719
accuracy_test/concepts:	96.35918426513672
map_test/concepts:	0.9436336358388265

Epoch 111
losses_train/task:	0.5239741206169128
losses_train/concepts:	11.35596752166748
losses_train/representations:	7.855778217315674
losses_train/total:	2.4451489448547363
losses_test/task:	1.039785623550415
losses_test/concepts:	15.968161582946777
losses_test/representations:	11.173128128051758
losses_test/total:	3.7539143562316895
calibration_test/ece:	0.09445270895957947
calibration_test/brier:	0.34182482957839966
accuracy_test/task:	76.76907145322748
accuracy_test/concepts:	96.38046264648438
map_test/concepts:	0.9442173322041829

Epoch 112
losses_train/task:	0.535700261592865
losses_train/concepts:	11.35451602935791
losses_train/representations:	7.989251613616943
losses_train/total:	2.470076322555542
losses_test/task:	1.0388569831848145
losses_test/concepts:	16.054323196411133
losses_test/representations:	11.187740325927734
losses_test/total:	3.763063907623291
calibration_test/ece:	0.09307800233364105
calibration_test/brier:	0.3410995304584503
accuracy_test/task:	76.64825681739731
accuracy_test/concepts:	96.36605072021484
map_test/concepts:	0.9430640866359075

Epoch 113
losses_train/task:	0.5826131105422974
losses_train/concepts:	12.144299507141113
losses_train/representations:	8.478263854980469
losses_train/total:	2.644869565963745
losses_test/task:	1.0384894609451294
losses_test/concepts:	15.989477157592773
losses_test/representations:	11.146833419799805
losses_test/total:	3.7521204948425293
calibration_test/ece:	0.09596826881170273
calibration_test/brier:	0.34040990471839905
accuracy_test/task:	76.5792198826372
accuracy_test/concepts:	96.37902069091797
map_test/concepts:	0.9439703345298767

Epoch 114
losses_train/task:	0.5434439182281494
losses_train/concepts:	11.814266204833984
losses_train/representations:	8.287562370300293
losses_train/total:	2.553626775741577
losses_test/task:	1.047094702720642
losses_test/concepts:	16.17388153076172
losses_test/representations:	11.151095390319824
losses_test/total:	3.7795917987823486
calibration_test/ece:	0.09480956196784973
calibration_test/brier:	0.34153303503990173
accuracy_test/task:	76.70003451846738
accuracy_test/concepts:	96.3922348022461
map_test/concepts:	0.9442010382811229

Epoch 115
losses_train/task:	0.5228095054626465
losses_train/concepts:	11.457510948181152
losses_train/representations:	7.946610927581787
losses_train/total:	2.463221788406372
losses_test/task:	1.0453999042510986
losses_test/concepts:	15.854856491088867
losses_test/representations:	11.23091983795166
losses_test/total:	3.7539775371551514
calibration_test/ece:	0.09692010283470154
calibration_test/brier:	0.34279054403305054
accuracy_test/task:	76.63099758370728
accuracy_test/concepts:	96.35340881347656
map_test/concepts:	0.9444945126771926

Epoch 116
losses_train/task:	0.5206594467163086
losses_train/concepts:	11.257939338684082
losses_train/representations:	7.8385772705078125
losses_train/total:	2.4303107261657715
losses_test/task:	1.0443170070648193
losses_test/concepts:	15.98974895477295
losses_test/representations:	11.153615951538086
losses_test/total:	3.758652448654175
calibration_test/ece:	0.0993116945028305
calibration_test/brier:	0.34168389439582825
accuracy_test/task:	76.44114601311702
accuracy_test/concepts:	96.4098129272461
map_test/concepts:	0.9438460052013398

Epoch 117
losses_train/task:	0.5338926315307617
losses_train/concepts:	11.221050262451172
losses_train/representations:	7.853819370269775
losses_train/total:	2.4413795471191406
losses_test/task:	1.03971529006958
losses_test/concepts:	15.987696647644043
losses_test/representations:	11.008305549621582
losses_test/total:	3.7393152713775635
calibration_test/ece:	0.09756883978843689
calibration_test/brier:	0.3397367596626282
accuracy_test/task:	76.95892302381775
accuracy_test/concepts:	96.44229888916016
map_test/concepts:	0.9454262524843215

Epoch 118
losses_train/task:	0.5191216468811035
losses_train/concepts:	10.990806579589844
losses_train/representations:	7.825024127960205
losses_train/total:	2.4007046222686768
losses_test/task:	1.0429587364196777
losses_test/concepts:	16.117305755615234
losses_test/representations:	11.032116889953613
losses_test/total:	3.757901191711426
calibration_test/ece:	0.09756876528263092
calibration_test/brier:	0.3383028209209442
accuracy_test/task:	76.95892302381775
accuracy_test/concepts:	96.45435333251953
map_test/concepts:	0.944118324915568

Epoch 119
losses_train/task:	0.5515801906585693
losses_train/concepts:	11.795892715454102
losses_train/representations:	8.251218795776367
losses_train/total:	2.556291103363037
losses_test/task:	1.0429086685180664
losses_test/concepts:	16.065771102905273
losses_test/representations:	10.928717613220215
losses_test/total:	3.7423574924468994
calibration_test/ece:	0.09713345766067505
calibration_test/brier:	0.33861997723579407
accuracy_test/task:	76.97618225750777
accuracy_test/concepts:	96.45236206054688
map_test/concepts:	0.9453083982070287

Epoch 120
losses_train/task:	0.5363636612892151
losses_train/concepts:	11.40163516998291
losses_train/representations:	8.051876068115234
losses_train/total:	2.4817147254943848
losses_test/task:	1.045339822769165
losses_test/concepts:	16.163280487060547
losses_test/representations:	10.999823570251465
losses_test/total:	3.7616500854492188
calibration_test/ece:	0.09746763855218887
calibration_test/brier:	0.3394465744495392
accuracy_test/task:	76.9244045564377
accuracy_test/concepts:	96.43798828125
map_test/concepts:	0.9450249075889587

Epoch 121
losses_train/task:	0.5366316437721252
losses_train/concepts:	11.537796020507812
losses_train/representations:	8.003171920776367
losses_train/total:	2.4907283782958984
losses_test/task:	1.0463404655456543
losses_test/concepts:	16.182363510131836
losses_test/representations:	11.079360961914062
losses_test/total:	3.7725131511688232
calibration_test/ece:	0.09615366160869598
calibration_test/brier:	0.3372472822666168
accuracy_test/task:	76.9244045564377
accuracy_test/concepts:	96.42304992675781
map_test/concepts:	0.9457213292519252

Epoch 122
losses_train/task:	0.4932846426963806
losses_train/concepts:	10.663164138793945
losses_train/representations:	7.472435474395752
losses_train/total:	2.306844711303711
losses_test/task:	1.0463608503341675
losses_test/concepts:	16.114221572875977
losses_test/representations:	10.995658874511719
losses_test/total:	3.7573492527008057
calibration_test/ece:	0.09612372517585754
calibration_test/brier:	0.33896785974502563
accuracy_test/task:	76.87262685536763
accuracy_test/concepts:	96.41988372802734
map_test/concepts:	0.9450474172830582

Epoch 123
losses_train/task:	0.51691734790802
losses_train/concepts:	11.209906578063965
losses_train/representations:	7.852240085601807
losses_train/total:	2.4231324195861816
losses_test/task:	1.0441676378250122
losses_test/concepts:	15.69470500946045
losses_test/representations:	11.0044584274292
losses_test/total:	3.7140839099884033
calibration_test/ece:	0.10137281566858292
calibration_test/brier:	0.3375931680202484
accuracy_test/task:	76.88988608905764
accuracy_test/concepts:	96.45637512207031
map_test/concepts:	0.9445024778445562

Epoch 124
losses_train/task:	0.5451520085334778
losses_train/concepts:	11.704092025756836
losses_train/representations:	8.19370174407959
losses_train/total:	2.5349316596984863
losses_test/task:	1.0457805395126343
losses_test/concepts:	15.920910835266113
losses_test/representations:	10.961697578430176
losses_test/total:	3.734041929244995
calibration_test/ece:	0.0985436886548996
calibration_test/brier:	0.3394360840320587
accuracy_test/task:	76.88988608905764
accuracy_test/concepts:	96.45122528076172
map_test/concepts:	0.9457520912090938

Epoch 125
losses_train/task:	0.5390673875808716
losses_train/concepts:	11.415986061096191
losses_train/representations:	7.91766357421875
losses_train/total:	2.4724326133728027
losses_test/task:	1.0345889329910278
losses_test/concepts:	15.736458778381348
losses_test/representations:	10.896944046020508
losses_test/total:	3.6979293823242188
calibration_test/ece:	0.09812929481267929
calibration_test/brier:	0.3386426270008087
accuracy_test/task:	76.82084915429755
accuracy_test/concepts:	96.4354019165039
map_test/concepts:	0.9453412860631942

Epoch 126
losses_train/task:	0.504133939743042
losses_train/concepts:	10.710089683532715
losses_train/representations:	7.507494926452637
losses_train/total:	2.325892210006714
losses_test/task:	1.0349323749542236
losses_test/concepts:	15.833823204040527
losses_test/representations:	10.895071029663086
losses_test/total:	3.707821846008301
calibration_test/ece:	0.09947851300239563
calibration_test/brier:	0.33845219016075134
accuracy_test/task:	76.7863306869175
accuracy_test/concepts:	96.44286346435547
map_test/concepts:	0.9462035904328029

Epoch 127
losses_train/task:	0.4847494661808014
losses_train/concepts:	10.675779342651367
losses_train/representations:	7.452978134155273
losses_train/total:	2.2976250648498535
losses_test/task:	1.038632869720459
losses_test/concepts:	15.677239418029785
losses_test/representations:	10.90566635131836
losses_test/total:	3.69692325592041
calibration_test/ece:	0.10000867396593094
calibration_test/brier:	0.33743664622306824
accuracy_test/task:	76.95892302381775
accuracy_test/concepts:	96.46644592285156
map_test/concepts:	0.9457841167847315

Epoch 128
losses_train/task:	0.4893531799316406
losses_train/concepts:	10.913335800170898
losses_train/representations:	7.618338108062744
losses_train/total:	2.3425204753875732
losses_test/task:	1.0531108379364014
losses_test/concepts:	16.097108840942383
losses_test/representations:	10.971179962158203
losses_test/total:	3.7599384784698486
calibration_test/ece:	0.09912477433681488
calibration_test/brier:	0.3398251533508301
accuracy_test/task:	76.82084915429755
accuracy_test/concepts:	96.4500732421875
map_test/concepts:	0.9455485552549362

Epoch 129
losses_train/task:	0.4901246428489685
losses_train/concepts:	10.749992370605469
losses_train/representations:	7.493826389312744
losses_train/total:	2.3145065307617188
losses_test/task:	1.058044672012329
losses_test/concepts:	16.11031150817871
losses_test/representations:	10.907938957214355
losses_test/total:	3.7598698139190674
calibration_test/ece:	0.10135571658611298
calibration_test/brier:	0.3425642251968384
accuracy_test/task:	76.64825681739731
accuracy_test/concepts:	96.45437622070312
map_test/concepts:	0.9446665426095326

Epoch 130
losses_train/task:	0.49149009585380554
losses_train/concepts:	10.45466136932373
losses_train/representations:	7.381965637207031
losses_train/total:	2.2751526832580566
losses_test/task:	1.0545554161071777
losses_test/concepts:	16.124357223510742
losses_test/representations:	10.901143074035645
losses_test/total:	3.7571053504943848
calibration_test/ece:	0.10049868375062943
calibration_test/brier:	0.34039294719696045
accuracy_test/task:	76.9244045564377
accuracy_test/concepts:	96.4661865234375
map_test/concepts:	0.9436433484156926

Epoch 131
losses_train/task:	0.45682573318481445
losses_train/concepts:	10.091948509216309
losses_train/representations:	7.139846324920654
losses_train/total:	2.1800055503845215
losses_test/task:	1.0616620779037476
losses_test/concepts:	16.33145523071289
losses_test/representations:	10.92477798461914
losses_test/total:	3.7872848510742188
calibration_test/ece:	0.09998652338981628
calibration_test/brier:	0.33993634581565857
accuracy_test/task:	77.09699689333793
accuracy_test/concepts:	96.46561431884766
map_test/concepts:	0.9454395333925883

Epoch 132
losses_train/task:	0.47297653555870056
losses_train/concepts:	10.261322021484375
losses_train/representations:	7.096026420593262
losses_train/total:	2.208711862564087
losses_test/task:	1.062139630317688
losses_test/concepts:	16.30353546142578
losses_test/representations:	10.914451599121094
losses_test/total:	3.78393816947937
calibration_test/ece:	0.09794740378856659
calibration_test/brier:	0.3413560688495636
accuracy_test/task:	77.16603382809804
accuracy_test/concepts:	96.45984649658203
map_test/concepts:	0.9440346588691075

Epoch 133
losses_train/task:	0.4806801676750183
losses_train/concepts:	10.547521591186523
losses_train/representations:	7.290383815765381
losses_train/total:	2.2644708156585693
losses_test/task:	1.0608093738555908
losses_test/concepts:	16.353771209716797
losses_test/representations:	10.908590316772461
losses_test/total:	3.787046432495117
calibration_test/ece:	0.09961190074682236
calibration_test/brier:	0.33846500515937805
accuracy_test/task:	77.2178115291681
accuracy_test/concepts:	96.4983901977539
map_test/concepts:	0.9449128240346909

Epoch 134
losses_train/task:	0.507582426071167
losses_train/concepts:	11.314151763916016
losses_train/representations:	7.660845756530762
losses_train/total:	2.4050824642181396
losses_test/task:	1.0646758079528809
losses_test/concepts:	16.37087631225586
losses_test/representations:	11.009838104248047
losses_test/total:	3.8027470111846924
calibration_test/ece:	0.096957266330719
calibration_test/brier:	0.33899790048599243
accuracy_test/task:	77.23507076285813
accuracy_test/concepts:	96.46012878417969
map_test/concepts:	0.9442964841922125

Epoch 135
losses_train/task:	0.4890614151954651
losses_train/concepts:	10.383846282958984
losses_train/representations:	7.404309272766113
losses_train/total:	2.2678771018981934
losses_test/task:	1.0629868507385254
losses_test/concepts:	16.2910099029541
losses_test/representations:	10.972285270690918
losses_test/total:	3.789316415786743
calibration_test/ece:	0.09772568941116333
calibration_test/brier:	0.3380510210990906
accuracy_test/task:	77.39040386606834
accuracy_test/concepts:	96.44576263427734
map_test/concepts:	0.9445637037356694

Epoch 136
losses_train/task:	0.4690816402435303
losses_train/concepts:	10.283513069152832
losses_train/representations:	7.07667350769043
losses_train/total:	2.2051005363464355
losses_test/task:	1.067060112953186
losses_test/concepts:	16.308570861816406
losses_test/representations:	10.993721961975098
losses_test/total:	3.7972893714904785
calibration_test/ece:	0.10320326685905457
calibration_test/brier:	0.3410290479660034
accuracy_test/task:	76.7863306869175
accuracy_test/concepts:	96.4644546508789
map_test/concepts:	0.945168740550677

Epoch 137
losses_train/task:	0.44175148010253906
losses_train/concepts:	10.073334693908691
losses_train/representations:	6.968391418457031
losses_train/total:	2.1459240913391113
losses_test/task:	1.0456874370574951
losses_test/concepts:	16.297632217407227
losses_test/representations:	10.823880195617676
losses_test/total:	3.757838726043701
calibration_test/ece:	0.100164033472538
calibration_test/brier:	0.33773329854011536
accuracy_test/task:	77.02795995857784
accuracy_test/concepts:	96.50760650634766
map_test/concepts:	0.9456481118996938

Epoch 138
losses_train/task:	0.4671013355255127
losses_train/concepts:	10.422863006591797
losses_train/representations:	7.254960536956787
losses_train/total:	2.2348837852478027
losses_test/task:	1.0519858598709106
losses_test/concepts:	16.41270637512207
losses_test/representations:	10.815686225891113
losses_test/total:	3.774825096130371
calibration_test/ece:	0.10219171643257141
calibration_test/brier:	0.33807018399238586
accuracy_test/task:	76.87262685536763
accuracy_test/concepts:	96.53407287597656
map_test/concepts:	0.9453137616316477

Epoch 139
losses_train/task:	0.4786527156829834
losses_train/concepts:	10.27366828918457
losses_train/representations:	7.2504754066467285
losses_train/total:	2.231066942214966
losses_test/task:	1.0564836263656616
losses_test/concepts:	16.426408767700195
losses_test/representations:	10.884778022766113
losses_test/total:	3.7876017093658447
calibration_test/ece:	0.09946013987064362
calibration_test/brier:	0.33893904089927673
accuracy_test/task:	77.4249223334484
accuracy_test/concepts:	96.52716827392578
map_test/concepts:	0.9456028530995051

Epoch 140
losses_train/task:	0.45544755458831787
losses_train/concepts:	10.3521089553833
losses_train/representations:	7.151047229766846
losses_train/total:	2.2057628631591797
losses_test/task:	1.0634455680847168
losses_test/concepts:	16.51721954345703
losses_test/representations:	10.822793960571289
losses_test/total:	3.7974462509155273
calibration_test/ece:	0.09977586567401886
calibration_test/brier:	0.34102293848991394
accuracy_test/task:	77.23507076285813
accuracy_test/concepts:	96.51909637451172
map_test/concepts:	0.9456644127766292

Epoch 141
losses_train/task:	0.45152586698532104
losses_train/concepts:	10.317524909973145
losses_train/representations:	6.995731830596924
losses_train/total:	2.182852029800415
losses_test/task:	1.0495387315750122
losses_test/concepts:	16.13852310180664
losses_test/representations:	10.818982124328613
losses_test/total:	3.7452890872955322
calibration_test/ece:	0.09917496144771576
calibration_test/brier:	0.3360155522823334
accuracy_test/task:	77.07973765964792
accuracy_test/concepts:	96.46646881103516
map_test/concepts:	0.946020883321762

Epoch 142
losses_train/task:	0.4827130436897278
losses_train/concepts:	10.778693199157715
losses_train/representations:	7.301752090454102
losses_train/total:	2.290757179260254
losses_test/task:	1.0460337400436401
losses_test/concepts:	16.011634826660156
losses_test/representations:	10.768932342529297
losses_test/total:	3.724090337753296
calibration_test/ece:	0.10118144750595093
calibration_test/brier:	0.3376368284225464
accuracy_test/task:	76.95892302381775
accuracy_test/concepts:	96.46904754638672
map_test/concepts:	0.9455637186765671

Epoch 143
losses_train/task:	0.4534645676612854
losses_train/concepts:	10.382467269897461
losses_train/representations:	7.121621608734131
losses_train/total:	2.203873634338379
losses_test/task:	1.0561959743499756
losses_test/concepts:	16.160682678222656
losses_test/representations:	10.829458236694336
losses_test/total:	3.7552103996276855
calibration_test/ece:	0.10420212894678116
calibration_test/brier:	0.33967214822769165
accuracy_test/task:	76.83810838798757
accuracy_test/concepts:	96.49034881591797
map_test/concepts:	0.9468158553044002

Epoch 144
losses_train/task:	0.46522682905197144
losses_train/concepts:	10.284296989440918
losses_train/representations:	7.194289207458496
losses_train/total:	2.213085651397705
losses_test/task:	1.0662198066711426
losses_test/concepts:	16.134315490722656
losses_test/representations:	10.909180641174316
losses_test/total:	3.7705695629119873
calibration_test/ece:	0.10780353844165802
calibration_test/brier:	0.34372514486312866
accuracy_test/task:	76.51018294787711
accuracy_test/concepts:	96.44486236572266
map_test/concepts:	0.9453854550917943

Epoch 145
losses_train/task:	0.4577980041503906
losses_train/concepts:	10.254908561706543
losses_train/representations:	7.247697353363037
losses_train/total:	2.2080585956573486
losses_test/task:	1.0597721338272095
losses_test/concepts:	16.334741592407227
losses_test/representations:	10.87170124053955
losses_test/total:	3.780416250228882
calibration_test/ece:	0.10145735740661621
calibration_test/brier:	0.338884562253952
accuracy_test/task:	77.18329306178806
accuracy_test/concepts:	96.48257446289062
map_test/concepts:	0.9454441676537196

Epoch 146
losses_train/task:	0.4751303493976593
losses_train/concepts:	10.340331077575684
losses_train/representations:	7.288453102111816
losses_train/total:	2.238008975982666
losses_test/task:	1.0595574378967285
losses_test/concepts:	16.513839721679688
losses_test/representations:	10.941986083984375
losses_test/total:	3.8051397800445557
calibration_test/ece:	0.09950455278158188
calibration_test/brier:	0.3370126187801361
accuracy_test/task:	76.95892302381775
accuracy_test/concepts:	96.45207214355469
map_test/concepts:	0.9447074184815089

Epoch 147
losses_train/task:	0.45701271295547485
losses_train/concepts:	10.429766654968262
losses_train/representations:	7.1880669593811035
losses_train/total:	2.2187962532043457
losses_test/task:	1.0667139291763306
losses_test/concepts:	16.510902404785156
losses_test/representations:	10.967909812927246
losses_test/total:	3.814596176147461
calibration_test/ece:	0.10181041061878204
calibration_test/brier:	0.3411392271518707
accuracy_test/task:	76.83810838798757
accuracy_test/concepts:	96.43624877929688
map_test/concepts:	0.9444187293450038

Epoch 148
losses_train/task:	0.4237217605113983
losses_train/concepts:	9.587492942810059
losses_train/representations:	6.736818790435791
losses_train/total:	2.0561530590057373
losses_test/task:	1.0570881366729736
losses_test/concepts:	16.2943172454834
losses_test/representations:	10.908137321472168
losses_test/total:	3.777334213256836
calibration_test/ece:	0.10108241438865662
calibration_test/brier:	0.3382285535335541
accuracy_test/task:	76.99344149119779
accuracy_test/concepts:	96.45609283447266
map_test/concepts:	0.9454654783010483

Epoch 149
losses_train/task:	0.43131712079048157
losses_train/concepts:	9.533944129943848
losses_train/representations:	6.742821216583252
losses_train/total:	2.0589935779571533
losses_test/task:	1.0644160509109497
losses_test/concepts:	16.532878875732422
losses_test/representations:	10.87551212310791
losses_test/total:	3.8052546977996826
calibration_test/ece:	0.1020832359790802
calibration_test/brier:	0.33947375416755676
accuracy_test/task:	77.01070072488781
accuracy_test/concepts:	96.4736557006836
map_test/concepts:	0.9445544362068177

Epoch 150
losses_train/task:	0.46625664830207825
losses_train/concepts:	9.883895874023438
losses_train/representations:	6.8483147621154785
losses_train/total:	2.139477491378784
losses_test/task:	1.06027090549469
losses_test/concepts:	16.608972549438477
losses_test/representations:	10.793827056884766
losses_test/total:	3.800551176071167
calibration_test/ece:	0.10601121187210083
calibration_test/brier:	0.34099647402763367
accuracy_test/task:	76.7863306869175
accuracy_test/concepts:	96.46012115478516
map_test/concepts:	0.9451897303263347

Epoch 151
losses_train/task:	0.48248252272605896
losses_train/concepts:	10.494619369506836
losses_train/representations:	7.198986530303955
losses_train/total:	2.251842975616455
losses_test/task:	1.0534788370132446
losses_test/concepts:	16.3907413482666
losses_test/representations:	10.744508743286133
losses_test/total:	3.76700496673584
calibration_test/ece:	0.10449206829071045
calibration_test/brier:	0.3393617570400238
accuracy_test/task:	76.8553676216776
accuracy_test/concepts:	96.47997283935547
map_test/concepts:	0.9461339404185612

Epoch 152
losses_train/task:	0.4667609930038452
losses_train/concepts:	10.089803695678711
losses_train/representations:	7.154464244842529
losses_train/total:	2.191187620162964
losses_test/task:	1.0604146718978882
losses_test/concepts:	16.688453674316406
losses_test/representations:	10.827174186706543
losses_test/total:	3.8119776248931885
calibration_test/ece:	0.10269081592559814
calibration_test/brier:	0.3413696885108948
accuracy_test/task:	76.94166379012772
accuracy_test/concepts:	96.47738647460938
map_test/concepts:	0.9451122105121612

Epoch 153
losses_train/task:	0.44618335366249084
losses_train/concepts:	10.117949485778809
losses_train/representations:	6.8437676429748535
losses_train/total:	2.142354965209961
losses_test/task:	1.060044288635254
losses_test/concepts:	16.228347778320312
losses_test/representations:	10.87845230102539
losses_test/total:	3.770724058151245
calibration_test/ece:	0.10424721986055374
calibration_test/brier:	0.3418314456939697
accuracy_test/task:	76.99344149119779
accuracy_test/concepts:	96.47566223144531
map_test/concepts:	0.9455633948246638

Epoch 154
losses_train/task:	0.44462183117866516
losses_train/concepts:	10.029053688049316
losses_train/representations:	6.899840831756592
losses_train/total:	2.1375114917755127
losses_test/task:	1.0613939762115479
losses_test/concepts:	16.345060348510742
losses_test/representations:	10.873623847961426
losses_test/total:	3.783262252807617
calibration_test/ece:	0.10421869158744812
calibration_test/brier:	0.34154587984085083
accuracy_test/task:	76.75181221953746
accuracy_test/concepts:	96.47018432617188
map_test/concepts:	0.9439703514178593

Epoch 155
losses_train/task:	0.4438202381134033
losses_train/concepts:	9.70390796661377
losses_train/representations:	6.858743190765381
losses_train/total:	2.1000852584838867
losses_test/task:	1.0705183744430542
losses_test/concepts:	16.4764461517334
losses_test/representations:	10.823628425598145
losses_test/total:	3.8005259037017822
calibration_test/ece:	0.10715745389461517
calibration_test/brier:	0.3439207673072815
accuracy_test/task:	76.64825681739731
accuracy_test/concepts:	96.47852325439453
map_test/concepts:	0.9446247438589732

Epoch 156
losses_train/task:	0.43799418210983276
losses_train/concepts:	9.613146781921387
losses_train/representations:	6.683845520019531
losses_train/total:	2.0676934719085693
losses_test/task:	1.0764799118041992
losses_test/concepts:	16.58492088317871
losses_test/representations:	10.916707992553711
losses_test/total:	3.8266427516937256
calibration_test/ece:	0.10275151580572128
calibration_test/brier:	0.3429553508758545
accuracy_test/task:	77.16603382809804
accuracy_test/concepts:	96.47162628173828
map_test/concepts:	0.9447155227263768

Epoch 157
losses_train/task:	0.4515073597431183
losses_train/concepts:	9.585993766784668
losses_train/representations:	6.796271324157715
losses_train/total:	2.089733600616455
losses_test/task:	1.0521128177642822
losses_test/concepts:	16.254241943359375
losses_test/representations:	10.815547943115234
losses_test/total:	3.759091377258301
calibration_test/ece:	0.10186401009559631
calibration_test/brier:	0.3387005925178528
accuracy_test/task:	77.01070072488781
accuracy_test/concepts:	96.48055267333984
map_test/concepts:	0.9454144368569056

Epoch 158
losses_train/task:	0.47597309947013855
losses_train/concepts:	10.215689659118652
losses_train/representations:	7.091668605804443
losses_train/total:	2.2067089080810547
losses_test/task:	1.064087152481079
losses_test/concepts:	16.49974822998047
losses_test/representations:	10.751097679138184
losses_test/total:	3.7891716957092285
calibration_test/ece:	0.10411851108074188
calibration_test/brier:	0.3406403362751007
accuracy_test/task:	77.01070072488781
accuracy_test/concepts:	96.4914779663086
map_test/concepts:	0.9457122613986333

Epoch 159
losses_train/task:	0.4256805181503296
losses_train/concepts:	9.65121078491211
losses_train/representations:	6.640777111053467
losses_train/total:	2.0548794269561768
losses_test/task:	1.0765267610549927
losses_test/concepts:	16.77490997314453
losses_test/representations:	10.893033027648926
losses_test/total:	3.8433210849761963
calibration_test/ece:	0.10156755149364471
calibration_test/brier:	0.3417373299598694
accuracy_test/task:	77.16603382809804
accuracy_test/concepts:	96.48603057861328
map_test/concepts:	0.9442292759815852

Epoch 160
losses_train/task:	0.4490814805030823
losses_train/concepts:	9.799490928649902
losses_train/representations:	6.872653484344482
losses_train/total:	2.1162960529327393
losses_test/task:	1.0778613090515137
losses_test/concepts:	16.616151809692383
losses_test/representations:	10.926226615905762
losses_test/total:	3.8320987224578857
calibration_test/ece:	0.10394947230815887
calibration_test/brier:	0.3429730534553528
accuracy_test/task:	76.94166379012772
accuracy_test/concepts:	96.48918151855469
map_test/concepts:	0.943273933728536

Epoch 161
losses_train/task:	0.4473400115966797
losses_train/concepts:	9.918876647949219
losses_train/representations:	6.737081527709961
losses_train/total:	2.112936019897461
losses_test/task:	1.0731557607650757
losses_test/concepts:	16.586666107177734
losses_test/representations:	10.847254753112793
losses_test/total:	3.8165478706359863
calibration_test/ece:	0.1048106700181961
calibration_test/brier:	0.3407379388809204
accuracy_test/task:	77.02795995857784
accuracy_test/concepts:	96.4920654296875
map_test/concepts:	0.944424510995547

Epoch 162
losses_train/task:	0.4239598214626312
losses_train/concepts:	9.728529930114746
losses_train/representations:	6.744795799255371
losses_train/total:	2.071291923522949
losses_test/task:	1.0623242855072021
losses_test/concepts:	16.338947296142578
losses_test/representations:	10.810844421386719
losses_test/total:	3.777303695678711
calibration_test/ece:	0.10529609024524689
calibration_test/brier:	0.33904141187667847
accuracy_test/task:	76.80358992060752
accuracy_test/concepts:	96.49609375
map_test/concepts:	0.9438007593154907

Epoch 163
losses_train/task:	0.44340798258781433
losses_train/concepts:	9.780960083007812
losses_train/representations:	6.883898735046387
losses_train/total:	2.109893798828125
losses_test/task:	1.0701011419296265
losses_test/concepts:	16.7564697265625
losses_test/representations:	10.776056289672852
losses_test/total:	3.823354482650757
calibration_test/ece:	0.10326054692268372
calibration_test/brier:	0.3398052155971527
accuracy_test/task:	77.01070072488781
accuracy_test/concepts:	96.53002166748047
map_test/concepts:	0.9439055989185969

Epoch 164
losses_train/task:	0.4481131136417389
losses_train/concepts:	9.892399787902832
losses_train/representations:	6.790820121765137
losses_train/total:	2.1164348125457764
losses_test/task:	1.0782170295715332
losses_test/concepts:	16.83015251159668
losses_test/representations:	10.825014114379883
losses_test/total:	3.8437345027923584
calibration_test/ece:	0.1034022867679596
calibration_test/brier:	0.34071576595306396
accuracy_test/task:	77.14877459440801
accuracy_test/concepts:	96.5662841796875
map_test/concepts:	0.9441882054011027

Epoch 165
losses_train/task:	0.4407605528831482
losses_train/concepts:	9.676858901977539
losses_train/representations:	6.802967071533203
losses_train/total:	2.088743209838867
losses_test/task:	1.0750447511672974
losses_test/concepts:	16.5927677154541
losses_test/representations:	10.847976684570312
losses_test/total:	3.8191189765930176
calibration_test/ece:	0.10585518926382065
calibration_test/brier:	0.34190866351127625
accuracy_test/task:	76.82084915429755
accuracy_test/concepts:	96.5188217163086
map_test/concepts:	0.9448590417702992

Epoch 166
losses_train/task:	0.4343697428703308
losses_train/concepts:	9.859538078308105
losses_train/representations:	6.885120868682861
losses_train/total:	2.108835458755493
losses_test/task:	1.0786384344100952
losses_test/concepts:	16.86465835571289
losses_test/representations:	10.827848434448242
losses_test/total:	3.8478891849517822
calibration_test/ece:	0.10885876417160034
calibration_test/brier:	0.34371820092201233
accuracy_test/task:	76.5792198826372
accuracy_test/concepts:	96.54701232910156
map_test/concepts:	0.9442601561546325

Epoch 167
losses_train/task:	0.4276399612426758
losses_train/concepts:	9.774504661560059
losses_train/representations:	6.648716926574707
losses_train/total:	2.069962739944458
losses_test/task:	1.074743628501892
losses_test/concepts:	16.667274475097656
losses_test/representations:	10.84792709350586
losses_test/total:	3.826263427734375
calibration_test/ece:	0.10611506551504135
calibration_test/brier:	0.34358301758766174
accuracy_test/task:	76.76907145322748
accuracy_test/concepts:	96.48603057861328
map_test/concepts:	0.9439162353674571

Epoch 168
losses_train/task:	0.41568344831466675
losses_train/concepts:	9.162952423095703
losses_train/representations:	6.453125476837158
losses_train/total:	1.977291226387024
losses_test/task:	1.0789750814437866
losses_test/concepts:	16.986291885375977
losses_test/representations:	10.85663890838623
losses_test/total:	3.8632683753967285
calibration_test/ece:	0.10556018352508545
calibration_test/brier:	0.342563658952713
accuracy_test/task:	76.8553676216776
accuracy_test/concepts:	96.5153579711914
map_test/concepts:	0.9434006770451864

Epoch 169
losses_train/task:	0.42254701256752014
losses_train/concepts:	9.678256034851074
losses_train/representations:	6.669210433959961
losses_train/total:	2.0572938919067383
losses_test/task:	1.0679186582565308
losses_test/concepts:	16.62015151977539
losses_test/representations:	10.801107406616211
losses_test/total:	3.810044765472412
calibration_test/ece:	0.10632935166358948
calibration_test/brier:	0.34020599722862244
accuracy_test/task:	76.95892302381775
accuracy_test/concepts:	96.53779602050781
map_test/concepts:	0.9451330959796905

Epoch 170
losses_train/task:	0.43549662828445435
losses_train/concepts:	9.702763557434082
losses_train/representations:	6.7923359870910645
losses_train/total:	2.0850064754486084
losses_test/task:	1.068974256515503
losses_test/concepts:	16.646026611328125
losses_test/representations:	10.706151962280273
losses_test/total:	3.804192543029785
calibration_test/ece:	0.10647907853126526
calibration_test/brier:	0.3393593430519104
accuracy_test/task:	77.20055229547808
accuracy_test/concepts:	96.59188842773438
map_test/concepts:	0.9445153067509333

Epoch 171
losses_train/task:	0.4249270558357239
losses_train/concepts:	9.38605785369873
losses_train/representations:	6.528477668762207
losses_train/total:	2.0163803100585938
losses_test/task:	1.0883464813232422
losses_test/concepts:	17.116992950439453
losses_test/representations:	10.816157341003418
losses_test/total:	3.881662130355835
calibration_test/ece:	0.10902299731969833
calibration_test/brier:	0.34627628326416016
accuracy_test/task:	76.8553676216776
accuracy_test/concepts:	96.58527374267578
map_test/concepts:	0.943840715289116

Epoch 172
losses_train/task:	0.41941019892692566
losses_train/concepts:	9.650825500488281
losses_train/representations:	6.448954105377197
losses_train/total:	2.029387950897217
losses_test/task:	1.084696888923645
losses_test/concepts:	16.97149085998535
losses_test/representations:	10.878664016723633
losses_test/total:	3.8697123527526855
calibration_test/ece:	0.10773415118455887
calibration_test/brier:	0.3461379408836365
accuracy_test/task:	76.82084915429755
accuracy_test/concepts:	96.53550720214844
map_test/concepts:	0.9445056994756063

Epoch 173
losses_train/task:	0.4491475224494934
losses_train/concepts:	9.929457664489746
losses_train/representations:	6.717491626739502
losses_train/total:	2.113842487335205
losses_test/task:	1.0888720750808716
losses_test/concepts:	16.953096389770508
losses_test/representations:	10.85615062713623
losses_test/total:	3.8697965145111084
calibration_test/ece:	0.10992048680782318
calibration_test/brier:	0.34671834111213684
accuracy_test/task:	76.66551605108734
accuracy_test/concepts:	96.51219940185547
map_test/concepts:	0.9433244913816452

Epoch 174
losses_train/task:	0.4259680509567261
losses_train/concepts:	9.611963272094727
losses_train/representations:	6.724781036376953
losses_train/total:	2.059643030166626
losses_test/task:	1.0771290063858032
losses_test/concepts:	17.02454376220703
losses_test/representations:	10.844422340393066
losses_test/total:	3.8640260696411133
calibration_test/ece:	0.10685181617736816
calibration_test/brier:	0.34480658173561096
accuracy_test/task:	76.64825681739731
accuracy_test/concepts:	96.49409484863281
map_test/concepts:	0.9437376966079076

Epoch 175
losses_train/task:	0.44499433040618896
losses_train/concepts:	9.796464920043945
losses_train/representations:	6.7035746574401855
losses_train/total:	2.0949981212615967
losses_test/task:	1.0794633626937866
losses_test/concepts:	16.937808990478516
losses_test/representations:	10.84873104095459
losses_test/total:	3.8581185340881348
calibration_test/ece:	0.10585416853427887
calibration_test/brier:	0.3434552252292633
accuracy_test/task:	76.90714532274767
accuracy_test/concepts:	96.54325866699219
map_test/concepts:	0.9439960290988286

Epoch 176
losses_train/task:	0.4391454756259918
losses_train/concepts:	9.618965148925781
losses_train/representations:	6.650012016296387
losses_train/total:	2.0660433769226074
losses_test/task:	1.079200029373169
losses_test/concepts:	16.780902862548828
losses_test/representations:	10.851494789123535
losses_test/total:	3.842439889907837
calibration_test/ece:	0.10655365884304047
calibration_test/brier:	0.34511762857437134
accuracy_test/task:	76.9244045564377
accuracy_test/concepts:	96.53952026367188
map_test/concepts:	0.9428111086289088

Epoch 177
losses_train/task:	0.42007723450660706
losses_train/concepts:	9.591360092163086
losses_train/representations:	6.497014045715332
losses_train/total:	2.028914451599121
losses_test/task:	1.0697535276412964
losses_test/concepts:	16.600345611572266
losses_test/representations:	10.780470848083496
losses_test/total:	3.8078348636627197
calibration_test/ece:	0.1045299544930458
calibration_test/brier:	0.3413841724395752
accuracy_test/task:	77.04521919226787
accuracy_test/concepts:	96.5323486328125
map_test/concepts:	0.9435730804999669

Epoch 178
losses_train/task:	0.419450044631958
losses_train/concepts:	9.519721031188965
losses_train/representations:	6.550993919372559
losses_train/total:	2.0265214443206787
losses_test/task:	1.0721213817596436
losses_test/concepts:	16.738649368286133
losses_test/representations:	10.771573066711426
losses_test/total:	3.8231444358825684
calibration_test/ece:	0.1035575270652771
calibration_test/brier:	0.3405688405036926
accuracy_test/task:	77.16603382809804
accuracy_test/concepts:	96.54097747802734
map_test/concepts:	0.9445138891537984

Epoch 179
losses_train/task:	0.4360324442386627
losses_train/concepts:	9.707509994506836
losses_train/representations:	6.658334732055664
losses_train/total:	2.072617292404175
losses_test/task:	1.0759620666503906
losses_test/concepts:	16.768482208251953
losses_test/representations:	10.833013534545898
losses_test/total:	3.8361117839813232
calibration_test/ece:	0.1037486344575882
calibration_test/brier:	0.3417671024799347
accuracy_test/task:	77.16603382809804
accuracy_test/concepts:	96.5242919921875
map_test/concepts:	0.9436761021614075

Epoch 180
losses_train/task:	0.42415663599967957
losses_train/concepts:	9.678179740905762
losses_train/representations:	6.580674648284912
losses_train/total:	2.050042152404785
losses_test/task:	1.0778728723526
losses_test/concepts:	17.012710571289062
losses_test/representations:	10.766070365905762
losses_test/total:	3.8557510375976562
calibration_test/ece:	0.10898783802986145
calibration_test/brier:	0.34214016795158386
accuracy_test/task:	76.94166379012772
accuracy_test/concepts:	96.55648803710938
map_test/concepts:	0.9432134608427684

Epoch 181
losses_train/task:	0.4420487880706787
losses_train/concepts:	9.937540054321289
losses_train/representations:	6.7540435791015625
losses_train/total:	2.1112072467803955
losses_test/task:	1.0806711912155151
losses_test/concepts:	16.97473907470703
losses_test/representations:	10.81887435913086
losses_test/total:	3.860032796859741
calibration_test/ece:	0.10647569596767426
calibration_test/brier:	0.3428441286087036
accuracy_test/task:	76.97618225750777
accuracy_test/concepts:	96.54586029052734
map_test/concepts:	0.9435773879289627

Epoch 182
losses_train/task:	0.4050005078315735
losses_train/concepts:	9.042803764343262
losses_train/representations:	6.366876125335693
losses_train/total:	1.945968508720398
losses_test/task:	1.0794811248779297
losses_test/concepts:	16.97101593017578
losses_test/representations:	10.77581787109375
losses_test/total:	3.8541641235351562
calibration_test/ece:	0.10632727295160294
calibration_test/brier:	0.3430018126964569
accuracy_test/task:	77.18329306178806
accuracy_test/concepts:	96.57548522949219
map_test/concepts:	0.9433919012546539

Epoch 183
losses_train/task:	0.4541887938976288
losses_train/concepts:	9.661773681640625
losses_train/representations:	6.794837474822998
losses_train/total:	2.0998501777648926
losses_test/task:	1.0838050842285156
losses_test/concepts:	16.91912841796875
losses_test/representations:	10.821606636047363
losses_test/total:	3.857879161834717
calibration_test/ece:	0.10823249816894531
calibration_test/brier:	0.3436323404312134
accuracy_test/task:	76.9244045564377
accuracy_test/concepts:	96.56197357177734
map_test/concepts:	0.9435290565093358

Epoch 184
losses_train/task:	0.3780267834663391
losses_train/concepts:	9.047477722167969
losses_train/representations:	6.119966506958008
losses_train/total:	1.8947713375091553
losses_test/task:	1.0968409776687622
losses_test/concepts:	17.1538143157959
losses_test/representations:	10.94933795928955
losses_test/total:	3.907155990600586
calibration_test/ece:	0.11064714193344116
calibration_test/brier:	0.3482111692428589
accuracy_test/task:	76.68277528477735
accuracy_test/concepts:	96.52544403076172
map_test/concepts:	0.9418618659178416

Epoch 185
losses_train/task:	0.4437755048274994
losses_train/concepts:	9.761500358581543
losses_train/representations:	6.786272048950195
losses_train/total:	2.098552703857422
losses_test/task:	1.0991157293319702
losses_test/concepts:	17.41345977783203
losses_test/representations:	10.890899658203125
losses_test/total:	3.9295523166656494
calibration_test/ece:	0.11122395098209381
calibration_test/brier:	0.34864935278892517
accuracy_test/task:	76.54470141525717
accuracy_test/concepts:	96.56025695800781
map_test/concepts:	0.9432463735342026

Epoch 186
losses_train/task:	0.4324834644794464
losses_train/concepts:	9.706905364990234
losses_train/representations:	6.699165344238281
losses_train/total:	2.0730905532836914
losses_test/task:	1.0817722082138062
losses_test/concepts:	17.039958953857422
losses_test/representations:	10.871018409729004
losses_test/total:	3.872870445251465
calibration_test/ece:	0.10855310410261154
calibration_test/brier:	0.34604379534721375
accuracy_test/task:	76.66551605108734
accuracy_test/concepts:	96.51968383789062
map_test/concepts:	0.9435937146345774

Epoch 187
losses_train/task:	0.392093300819397
losses_train/concepts:	9.124069213867188
losses_train/representations:	6.372040271759033
losses_train/total:	1.941704511642456
losses_test/task:	1.0682772397994995
losses_test/concepts:	16.759050369262695
losses_test/representations:	10.763900756835938
losses_test/total:	3.820573329925537
calibration_test/ece:	0.10697046667337418
calibration_test/brier:	0.3419111967086792
accuracy_test/task:	76.90714532274767
accuracy_test/concepts:	96.5130615234375
map_test/concepts:	0.9443299621343613

Epoch 188
losses_train/task:	0.43025723099708557
losses_train/concepts:	9.875076293945312
losses_train/representations:	6.631875038146973
losses_train/total:	2.0809521675109863
losses_test/task:	1.062497615814209
losses_test/concepts:	16.834218978881836
losses_test/representations:	10.647435188293457
losses_test/total:	3.8106629848480225
calibration_test/ece:	0.10213826596736908
calibration_test/brier:	0.3390171229839325
accuracy_test/task:	77.23507076285813
accuracy_test/concepts:	96.55188751220703
map_test/concepts:	0.9450390140215555

Epoch 189
losses_train/task:	0.3909761309623718
losses_train/concepts:	9.195182800292969
losses_train/representations:	6.367245197296143
losses_train/total:	1.947218656539917
losses_test/task:	1.0675688982009888
losses_test/concepts:	16.979177474975586
losses_test/representations:	10.697026252746582
losses_test/total:	3.835188865661621
calibration_test/ece:	0.10505214333534241
calibration_test/brier:	0.3392057418823242
accuracy_test/task:	77.11425612702796
accuracy_test/concepts:	96.57289123535156
map_test/concepts:	0.9447702586650848

Epoch 190
losses_train/task:	0.4089731276035309
losses_train/concepts:	9.038917541503906
losses_train/representations:	6.315496921539307
losses_train/total:	1.944414496421814
losses_test/task:	1.0787397623062134
losses_test/concepts:	17.35201072692871
losses_test/representations:	10.6719970703125
losses_test/total:	3.8811404705047607
calibration_test/ece:	0.11295057088136673
calibration_test/brier:	0.3432309627532959
accuracy_test/task:	76.76907145322748
accuracy_test/concepts:	96.6439437866211
map_test/concepts:	0.9455958088239034

Epoch 191
losses_train/task:	0.4085982143878937
losses_train/concepts:	9.314591407775879
losses_train/representations:	6.318191051483154
losses_train/total:	1.971876621246338
losses_test/task:	1.0785976648330688
losses_test/concepts:	16.7716007232666
losses_test/representations:	10.773941040039062
losses_test/total:	3.8331522941589355
calibration_test/ece:	0.10741908848285675
calibration_test/brier:	0.3439992070198059
accuracy_test/task:	76.82084915429755
accuracy_test/concepts:	96.54643249511719
map_test/concepts:	0.9451624532540639

Epoch 192
losses_train/task:	0.43309077620506287
losses_train/concepts:	9.561203002929688
losses_train/representations:	6.555636882781982
losses_train/total:	2.0447750091552734
losses_test/task:	1.0773593187332153
losses_test/concepts:	17.175174713134766
losses_test/representations:	10.73779010772705
losses_test/total:	3.8686561584472656
calibration_test/ece:	0.1048673614859581
calibration_test/brier:	0.3432268500328064
accuracy_test/task:	76.88988608905764
accuracy_test/concepts:	96.59534454345703
map_test/concepts:	0.9441326667865118

Epoch 193
losses_train/task:	0.4053172171115875
losses_train/concepts:	9.203798294067383
losses_train/representations:	6.391326427459717
losses_train/total:	1.9648300409317017
losses_test/task:	1.0904936790466309
losses_test/concepts:	17.247577667236328
losses_test/representations:	10.858085632324219
losses_test/total:	3.9010608196258545
calibration_test/ece:	0.11109887808561325
calibration_test/brier:	0.3445690870285034
accuracy_test/task:	76.66551605108734
accuracy_test/concepts:	96.55563354492188
map_test/concepts:	0.9437513103087743

Epoch 194
losses_train/task:	0.41689273715019226
losses_train/concepts:	9.863170623779297
losses_train/representations:	6.834422588348389
losses_train/total:	2.0866520404815674
losses_test/task:	1.0936006307601929
losses_test/concepts:	17.39388656616211
losses_test/representations:	10.765583038330078
losses_test/total:	3.909548044204712
calibration_test/ece:	0.11108603328466415
calibration_test/brier:	0.3457394242286682
accuracy_test/task:	76.64825681739731
accuracy_test/concepts:	96.56396484375
map_test/concepts:	0.9433716823657353

Epoch 195
losses_train/task:	0.415662944316864
losses_train/concepts:	9.742366790771484
losses_train/representations:	6.5255560874938965
losses_train/total:	2.0424556732177734
losses_test/task:	1.0997029542922974
losses_test/concepts:	17.42894172668457
losses_test/representations:	10.845135688781738
losses_test/total:	3.927109718322754
calibration_test/ece:	0.11029893159866333
calibration_test/brier:	0.34569051861763
accuracy_test/task:	76.88988608905764
accuracy_test/concepts:	96.58584594726562
map_test/concepts:	0.9433435440063477

Epoch 196
losses_train/task:	0.3768501281738281
losses_train/concepts:	8.573591232299805
losses_train/representations:	5.997353553771973
losses_train/total:	1.8339444398880005
losses_test/task:	1.0900782346725464
losses_test/concepts:	17.61550521850586
losses_test/representations:	10.778964042663574
losses_test/total:	3.929525136947632
calibration_test/ece:	0.10779181122779846
calibration_test/brier:	0.3446672260761261
accuracy_test/task:	76.94166379012772
accuracy_test/concepts:	96.59330749511719
map_test/concepts:	0.9439033965269724

Epoch 197
losses_train/task:	0.41973644495010376
losses_train/concepts:	9.28639030456543
losses_train/representations:	6.315540313720703
losses_train/total:	1.979929804801941
losses_test/task:	1.0924122333526611
losses_test/concepts:	17.29983901977539
losses_test/representations:	10.797223091125488
losses_test/total:	3.9021189212799072
calibration_test/ece:	0.11029265820980072
calibration_test/brier:	0.3458857536315918
accuracy_test/task:	76.73455298584743
accuracy_test/concepts:	96.56826782226562
map_test/concepts:	0.9429321477810542

Epoch 198
losses_train/task:	0.4139660596847534
losses_train/concepts:	9.41074275970459
losses_train/representations:	6.490760803222656
losses_train/total:	2.0041165351867676
losses_test/task:	1.0917757749557495
losses_test/concepts:	16.89518165588379
losses_test/representations:	10.804506301879883
losses_test/total:	3.861743927001953
calibration_test/ece:	0.1101350486278534
calibration_test/brier:	0.34411561489105225
accuracy_test/task:	76.95892302381775
accuracy_test/concepts:	96.56397247314453
map_test/concepts:	0.9444586932659149

Epoch 199
losses_train/task:	0.4316064715385437
losses_train/concepts:	9.907561302185059
losses_train/representations:	6.7118635177612305
losses_train/total:	2.0935490131378174
losses_test/task:	1.0820696353912354
losses_test/concepts:	16.874847412109375
losses_test/representations:	10.802234649658203
losses_test/total:	3.8497772216796875
calibration_test/ece:	0.10746866464614868
calibration_test/brier:	0.34305620193481445
accuracy_test/task:	77.01070072488781
accuracy_test/concepts:	96.54125213623047
map_test/concepts:	0.9448121130466461

Epoch 200
losses_train/task:	0.3834676444530487
losses_train/concepts:	8.858034133911133
losses_train/representations:	6.204395771026611
losses_train/total:	1.889710545539856
losses_test/task:	1.0886493921279907
losses_test/concepts:	17.051755905151367
losses_test/representations:	10.794347763061523
losses_test/total:	3.8732595443725586
calibration_train/ece:	0.010288543999195099
calibration_train/brier:	0.08977310359477997
accuracy_train/task:	93.30658783783784
calibration_test/ece:	0.10781759023666382
calibration_test/brier:	0.3445185124874115
accuracy_test/task:	76.88988608905764
accuracy_train/concepts:	98.50648498535156
map_train/concepts:	0.9914654155572256
accuracy_test/concepts:	96.55302429199219
map_test/concepts:	0.9442035516103109
accuracy_test/nuisances_task:	-0.2688457186405475
accuracy_test/nuisances_nontask:	0.0
mutual_inf_test/nuisances_task:	-0.008798358099682324
mutual_inf_test/nuisances_nontask:	0.0

Epoch 201
losses_train/task:	0.4132484197616577
losses_train/concepts:	9.3350830078125
losses_train/representations:	6.443974018096924
losses_train/total:	1.991154432296753
losses_test/task:	1.089146614074707
losses_test/concepts:	17.09843635559082
losses_test/representations:	10.79513931274414
losses_test/total:	3.8785040378570557
calibration_test/ece:	0.10961703211069107
calibration_test/brier:	0.3433015048503876
accuracy_test/task:	76.82084915429755
accuracy_test/concepts:	96.57405853271484
map_test/concepts:	0.9437052766482036

Epoch 202
losses_train/task:	0.4143145680427551
losses_train/concepts:	9.250260353088379
losses_train/representations:	6.447744369506836
losses_train/total:	1.9841147661209106
losses_test/task:	1.085471510887146
losses_test/concepts:	16.947439193725586
losses_test/representations:	10.781286239624023
losses_test/total:	3.8583438396453857
calibration_test/ece:	0.10709071159362793
calibration_test/brier:	0.3427789807319641
accuracy_test/task:	77.07973765964792
accuracy_test/concepts:	96.56971740722656
map_test/concepts:	0.9437108824650446

Epoch 203
losses_train/task:	0.39725425839424133
losses_train/concepts:	9.013755798339844
losses_train/representations:	6.217268943786621
losses_train/total:	1.9203569889068604
losses_test/task:	1.0845757722854614
losses_test/concepts:	17.127323150634766
losses_test/representations:	10.730420112609863
losses_test/total:	3.8703501224517822
calibration_test/ece:	0.1069701761007309
calibration_test/brier:	0.3427995443344116
accuracy_test/task:	77.06247842595789
accuracy_test/concepts:	96.57376098632812
map_test/concepts:	0.943798319498698

Epoch 204
losses_train/task:	0.3885935842990875
losses_train/concepts:	8.806321144104004
losses_train/representations:	6.103806018829346
losses_train/total:	1.8796063661575317
losses_test/task:	1.0861327648162842
losses_test/concepts:	17.15431785583496
losses_test/representations:	10.74039363861084
losses_test/total:	3.875603437423706
calibration_test/ece:	0.10820339620113373
calibration_test/brier:	0.3423355221748352
accuracy_test/task:	76.88988608905764
accuracy_test/concepts:	96.58324432373047
map_test/concepts:	0.9441694935162862

Epoch 205
losses_train/task:	0.3882003724575043
losses_train/concepts:	8.772300720214844
losses_train/representations:	6.02787971496582
losses_train/total:	1.8682187795639038
losses_test/task:	1.0850950479507446
losses_test/concepts:	17.074138641357422
losses_test/representations:	10.747967720031738
losses_test/total:	3.8673057556152344
calibration_test/ece:	0.10693509876728058
calibration_test/brier:	0.34282436966896057
accuracy_test/task:	76.99344149119779
accuracy_test/concepts:	96.56309509277344
map_test/concepts:	0.9444709102312724

Epoch 206
losses_train/task:	0.36412444710731506
losses_train/concepts:	8.826688766479492
losses_train/representations:	6.069194793701172
losses_train/total:	1.853712797164917
losses_test/task:	1.0878337621688843
losses_test/concepts:	17.101438522338867
losses_test/representations:	10.778987884521484
losses_test/total:	3.8758769035339355
calibration_test/ece:	0.10863383859395981
calibration_test/brier:	0.3424324095249176
accuracy_test/task:	76.9244045564377
accuracy_test/concepts:	96.57057189941406
map_test/concepts:	0.9439340899387996

Epoch 207
losses_train/task:	0.38931992650032043
losses_train/concepts:	8.9876070022583
losses_train/representations:	6.125772953033447
losses_train/total:	1.9006578922271729
losses_test/task:	1.0877608060836792
losses_test/concepts:	17.124608993530273
losses_test/representations:	10.770913124084473
losses_test/total:	3.8773133754730225
calibration_test/ece:	0.10723431408405304
calibration_test/brier:	0.3429058790206909
accuracy_test/task:	77.16603382809804
accuracy_test/concepts:	96.57807922363281
map_test/concepts:	0.9446461508671443

Epoch 208
losses_train/task:	0.415161669254303
losses_train/concepts:	9.24508285522461
losses_train/representations:	6.412208557128906
losses_train/total:	1.9808908700942993
losses_test/task:	1.0877469778060913
losses_test/concepts:	17.221847534179688
losses_test/representations:	10.743123054504395
losses_test/total:	3.884244203567505
calibration_test/ece:	0.10612887144088745
calibration_test/brier:	0.3428625464439392
accuracy_test/task:	77.09699689333793
accuracy_test/concepts:	96.58930969238281
map_test/concepts:	0.9446766674518585

Epoch 209
losses_train/task:	0.41333961486816406
losses_train/concepts:	9.376836776733398
losses_train/representations:	6.409265041351318
losses_train/total:	1.9919497966766357
losses_test/task:	1.0839437246322632
losses_test/concepts:	17.16436004638672
losses_test/representations:	10.704434394836426
losses_test/total:	3.8708231449127197
calibration_test/ece:	0.1065884381532669
calibration_test/brier:	0.3420548141002655
accuracy_test/task:	77.11425612702796
accuracy_test/concepts:	96.59762573242188
map_test/concepts:	0.944017348686854

Epoch 210
losses_train/task:	0.4014143943786621
losses_train/concepts:	9.295332908630371
losses_train/representations:	6.423928737640381
losses_train/total:	1.973340630531311
losses_test/task:	1.081800937652588
losses_test/concepts:	17.105693817138672
losses_test/representations:	10.743741035461426
losses_test/total:	3.8667449951171875
calibration_test/ece:	0.10732081532478333
calibration_test/brier:	0.3419404625892639
accuracy_test/task:	76.97618225750777
accuracy_test/concepts:	96.56340026855469
map_test/concepts:	0.9430826375881831

Epoch 211
losses_train/task:	0.36523935198783875
losses_train/concepts:	8.411928176879883
losses_train/representations:	5.881889820098877
losses_train/total:	1.794621229171753
losses_test/task:	1.0833460092544556
losses_test/concepts:	17.023616790771484
losses_test/representations:	10.73422622680664
losses_test/total:	3.859130859375
calibration_test/ece:	0.10925877839326859
calibration_test/brier:	0.3416457176208496
accuracy_test/task:	76.99344149119779
accuracy_test/concepts:	96.60626983642578
map_test/concepts:	0.9441278765598933

Epoch 212
losses_train/task:	0.40908750891685486
losses_train/concepts:	9.244772911071777
losses_train/representations:	6.410264492034912
losses_train/total:	1.9745912551879883
losses_test/task:	1.0897139310836792
losses_test/concepts:	17.352807998657227
losses_test/representations:	10.746862411499023
losses_test/total:	3.8996806144714355
calibration_test/ece:	0.10788243263959885
calibration_test/brier:	0.3428630828857422
accuracy_test/task:	76.97618225750777
accuracy_test/concepts:	96.58901977539062
map_test/concepts:	0.9439713140328725

Epoch 213
losses_train/task:	0.4351111352443695
losses_train/concepts:	9.5809326171875
losses_train/representations:	6.627981185913086
losses_train/total:	2.056002616882324
losses_test/task:	1.0854134559631348
losses_test/concepts:	17.275920867919922
losses_test/representations:	10.706871032714844
losses_test/total:	3.8836920261383057
calibration_test/ece:	0.10800416767597198
calibration_test/brier:	0.34160304069519043
accuracy_test/task:	77.02795995857784
accuracy_test/concepts:	96.609130859375
map_test/concepts:	0.9438293625911077

Epoch 214
losses_train/task:	0.38273316621780396
losses_train/concepts:	8.736473083496094
losses_train/representations:	6.018626689910889
losses_train/total:	1.8582432270050049
losses_test/task:	1.0902791023254395
losses_test/concepts:	17.178752899169922
losses_test/representations:	10.786369323730469
losses_test/total:	3.886791467666626
calibration_test/ece:	0.10897979140281677
calibration_test/brier:	0.3434322476387024
accuracy_test/task:	77.07973765964792
accuracy_test/concepts:	96.59648895263672
map_test/concepts:	0.9437229702870051

Epoch 215
losses_train/task:	0.4014562666416168
losses_train/concepts:	9.24323558807373
losses_train/representations:	6.431192874908447
losses_train/total:	1.968899130821228
losses_test/task:	1.0863629579544067
losses_test/concepts:	17.164012908935547
losses_test/representations:	10.74163818359375
losses_test/total:	3.8769280910491943
calibration_test/ece:	0.10730333626270294
calibration_test/brier:	0.3420507609844208
accuracy_test/task:	77.14877459440801
accuracy_test/concepts:	96.60167694091797
map_test/concepts:	0.9438216239213943

Epoch 216
losses_train/task:	0.3960641622543335
losses_train/concepts:	8.8099946975708
losses_train/representations:	6.092000484466553
losses_train/total:	1.8862637281417847
losses_test/task:	1.0824483633041382
losses_test/concepts:	17.131359100341797
losses_test/representations:	10.70462417602539
losses_test/total:	3.86604642868042
calibration_test/ece:	0.10688108205795288
calibration_test/brier:	0.3417620360851288
accuracy_test/task:	77.09699689333793
accuracy_test/concepts:	96.5936050415039
map_test/concepts:	0.944042428334554

Epoch 217
losses_train/task:	0.39556360244750977
losses_train/concepts:	8.698942184448242
losses_train/representations:	6.084286212921143
losses_train/total:	1.873885989189148
losses_test/task:	1.0826102495193481
losses_test/concepts:	17.137693405151367
losses_test/representations:	10.740073204040527
losses_test/total:	3.8703866004943848
calibration_test/ece:	0.10751843452453613
calibration_test/brier:	0.3421151340007782
accuracy_test/task:	77.02795995857784
accuracy_test/concepts:	96.58930206298828
map_test/concepts:	0.9433539827664693

Epoch 218
losses_train/task:	0.4165496230125427
losses_train/concepts:	9.537514686584473
losses_train/representations:	6.436637878417969
losses_train/total:	2.013964891433716
losses_test/task:	1.08039391040802
losses_test/concepts:	17.122827529907227
losses_test/representations:	10.704007148742676
losses_test/total:	3.863077402114868
calibration_test/ece:	0.10730251669883728
calibration_test/brier:	0.340295672416687
accuracy_test/task:	77.04521919226787
accuracy_test/concepts:	96.61084747314453
map_test/concepts:	0.9440475165843963

Epoch 219
losses_train/task:	0.40569427609443665
losses_train/concepts:	9.445124626159668
losses_train/representations:	6.2486419677734375
losses_train/total:	1.9750710725784302
losses_test/task:	1.0865142345428467
losses_test/concepts:	17.23422622680664
losses_test/representations:	10.724918365478516
losses_test/total:	3.8824281692504883
calibration_test/ece:	0.10844322293996811
calibration_test/brier:	0.34232595562934875
accuracy_test/task:	77.06247842595789
accuracy_test/concepts:	96.61460876464844
map_test/concepts:	0.9442559599876403

Epoch 220
losses_train/task:	0.39839571714401245
losses_train/concepts:	9.270978927612305
losses_train/representations:	6.388576030731201
losses_train/total:	1.9643514156341553
losses_test/task:	1.0864289999008179
losses_test/concepts:	17.1175537109375
losses_test/representations:	10.755006790161133
losses_test/total:	3.873685121536255
calibration_test/ece:	0.10757815837860107
calibration_test/brier:	0.34140196442604065
accuracy_test/task:	77.09699689333793
accuracy_test/concepts:	96.61807250976562
map_test/concepts:	0.9444455881913503

Epoch 221
losses_train/task:	0.37619656324386597
losses_train/concepts:	8.463349342346191
losses_train/representations:	5.92119026184082
losses_train/total:	1.814650535583496
losses_test/task:	1.082433819770813
losses_test/concepts:	17.056346893310547
losses_test/representations:	10.701879501342773
losses_test/total:	3.8582558631896973
calibration_test/ece:	0.10820088535547256
calibration_test/brier:	0.34178102016448975
accuracy_test/task:	77.14877459440801
accuracy_test/concepts:	96.61088562011719
map_test/concepts:	0.9438846399386723

Epoch 222
losses_train/task:	0.39977407455444336
losses_train/concepts:	9.229971885681152
losses_train/representations:	6.210183620452881
losses_train/total:	1.9437896013259888
losses_test/task:	1.080984354019165
losses_test/concepts:	17.155881881713867
losses_test/representations:	10.688929557800293
losses_test/total:	3.8654654026031494
calibration_test/ece:	0.10775566101074219
calibration_test/brier:	0.34109675884246826
accuracy_test/task:	77.07973765964792
accuracy_test/concepts:	96.60279083251953
map_test/concepts:	0.9443430115779241

Epoch 223
losses_train/task:	0.3984411358833313
losses_train/concepts:	9.041276931762695
losses_train/representations:	6.206655502319336
losses_train/total:	1.923234462738037
losses_test/task:	1.0877333879470825
losses_test/concepts:	17.196754455566406
losses_test/representations:	10.742086410522461
losses_test/total:	3.8816170692443848
calibration_test/ece:	0.10702034831047058
calibration_test/brier:	0.3424060046672821
accuracy_test/task:	77.16603382809804
accuracy_test/concepts:	96.60655975341797
map_test/concepts:	0.9440545638402303

Epoch 224
losses_train/task:	0.3709738552570343
losses_train/concepts:	8.469611167907715
losses_train/representations:	6.084118843078613
losses_train/total:	1.82634699344635
losses_test/task:	1.0899895429611206
losses_test/concepts:	17.295236587524414
losses_test/representations:	10.763971328735352
losses_test/total:	3.8959105014801025
calibration_test/ece:	0.10724390298128128
calibration_test/brier:	0.34246066212654114
accuracy_test/task:	77.07973765964792
accuracy_test/concepts:	96.60452270507812
map_test/concepts:	0.9429215331872304

Epoch 225
losses_train/task:	0.4063924252986908
losses_train/concepts:	9.380350112915039
losses_train/representations:	6.463223934173584
losses_train/total:	1.990749716758728
losses_test/task:	1.0860344171524048
losses_test/concepts:	17.212831497192383
losses_test/representations:	10.727479934692383
losses_test/total:	3.880065679550171
calibration_test/ece:	0.10707536339759827
calibration_test/brier:	0.3412132263183594
accuracy_test/task:	77.16603382809804
accuracy_test/concepts:	96.61259460449219
map_test/concepts:	0.9442974835634231

Epoch 226
losses_train/task:	0.41680753231048584
losses_train/concepts:	9.211289405822754
losses_train/representations:	6.348898410797119
losses_train/total:	1.9728262424468994
losses_test/task:	1.0845600366592407
losses_test/concepts:	17.25382423400879
losses_test/representations:	10.71523380279541
losses_test/total:	3.8814659118652344
calibration_test/ece:	0.10756722837686539
calibration_test/brier:	0.34146955609321594
accuracy_test/task:	77.13151536071798
accuracy_test/concepts:	96.6243896484375
map_test/concepts:	0.9448960055907567

Epoch 227
losses_train/task:	0.39606010913848877
losses_train/concepts:	8.874070167541504
losses_train/representations:	6.1421284675598145
losses_train/total:	1.8976799249649048
losses_test/task:	1.0831297636032104
losses_test/concepts:	17.17058563232422
losses_test/representations:	10.676752090454102
losses_test/total:	3.8678629398345947
calibration_test/ece:	0.10865376144647598
calibration_test/brier:	0.3416931927204132
accuracy_test/task:	77.09699689333793
accuracy_test/concepts:	96.61460876464844
map_test/concepts:	0.9443231950203578

Epoch 228
losses_train/task:	0.395439088344574
losses_train/concepts:	8.921382904052734
losses_train/representations:	6.137755870819092
losses_train/total:	1.9013530015945435
losses_test/task:	1.0784456729888916
losses_test/concepts:	17.11281967163086
losses_test/representations:	10.68091106414795
losses_test/total:	3.857818603515625
calibration_test/ece:	0.10637557506561279
calibration_test/brier:	0.34071582555770874
accuracy_test/task:	77.18329306178806
accuracy_test/concepts:	96.60250854492188
map_test/concepts:	0.9442773997783661

Epoch 229
losses_train/task:	0.4037759304046631
losses_train/concepts:	9.409363746643066
losses_train/representations:	6.387459754943848
losses_train/total:	1.9834582805633545
losses_test/task:	1.08375084400177
losses_test/concepts:	17.261608123779297
losses_test/representations:	10.688724517822266
losses_test/total:	3.8787851333618164
calibration_test/ece:	0.10806009918451309
calibration_test/brier:	0.34176164865493774
accuracy_test/task:	77.14877459440801
accuracy_test/concepts:	96.63473510742188
map_test/concepts:	0.943629190325737

Epoch 230
losses_train/task:	0.3914521038532257
losses_train/concepts:	8.726920127868652
losses_train/representations:	5.97277307510376
losses_train/total:	1.8614213466644287
losses_test/task:	1.0891883373260498
losses_test/concepts:	17.279525756835938
losses_test/representations:	10.736577033996582
losses_test/total:	3.890798807144165
calibration_test/ece:	0.11047644913196564
calibration_test/brier:	0.3434715270996094
accuracy_test/task:	76.97618225750777
accuracy_test/concepts:	96.59130859375
map_test/concepts:	0.9433278808991115

Epoch 231
losses_train/task:	0.39311468601226807
losses_train/concepts:	8.80372428894043
losses_train/representations:	6.1498613357543945
losses_train/total:	1.888473391532898
losses_test/task:	1.0830341577529907
losses_test/concepts:	17.14531707763672
losses_test/representations:	10.7353515625
losses_test/total:	3.871101140975952
calibration_test/ece:	0.10686242580413818
calibration_test/brier:	0.3420005142688751
accuracy_test/task:	77.14877459440801
accuracy_test/concepts:	96.57003021240234
map_test/concepts:	0.9435125211874644

Epoch 232
losses_train/task:	0.38532280921936035
losses_train/concepts:	8.53527545928955
losses_train/representations:	5.994632244110107
losses_train/total:	1.8383135795593262
losses_test/task:	1.0799449682235718
losses_test/concepts:	17.207050323486328
losses_test/representations:	10.707114219665527
losses_test/total:	3.871361494064331
calibration_test/ece:	0.10809776186943054
calibration_test/brier:	0.34044963121414185
accuracy_test/task:	77.07973765964792
accuracy_test/concepts:	96.61375427246094
map_test/concepts:	0.9434455672899882

Epoch 233
losses_train/task:	0.38715389370918274
losses_train/concepts:	8.940043449401855
losses_train/representations:	6.1245856285095215
losses_train/total:	1.893616795539856
losses_test/task:	1.0807816982269287
losses_test/concepts:	17.159149169921875
losses_test/representations:	10.706403732299805
losses_test/total:	3.8673367500305176
calibration_test/ece:	0.10840797424316406
calibration_test/brier:	0.34099146723747253
accuracy_test/task:	77.07973765964792
accuracy_test/concepts:	96.60655212402344
map_test/concepts:	0.9439832091331481

Epoch 234
losses_train/task:	0.3848635256290436
losses_train/concepts:	8.683578491210938
losses_train/representations:	5.900812149047852
losses_train/total:	1.8433029651641846
losses_test/task:	1.0767486095428467
losses_test/concepts:	17.164030075073242
losses_test/representations:	10.6621732711792
losses_test/total:	3.8593697547912598
calibration_test/ece:	0.10768269002437592
calibration_test/brier:	0.3397742807865143
accuracy_test/task:	77.20055229547808
accuracy_test/concepts:	96.61631774902344
map_test/concepts:	0.9439460724592209

Epoch 235
losses_train/task:	0.375752329826355
losses_train/concepts:	8.706786155700684
losses_train/representations:	6.031554698944092
losses_train/total:	1.8495861291885376
losses_test/task:	1.0763555765151978
losses_test/concepts:	17.098390579223633
losses_test/representations:	10.683788299560547
losses_test/total:	3.8545727729797363
calibration_test/ece:	0.10687457770109177
calibration_test/brier:	0.33952221274375916
accuracy_test/task:	77.20055229547808
accuracy_test/concepts:	96.60509490966797
map_test/concepts:	0.9445804059505463

Epoch 236
losses_train/task:	0.4071888029575348
losses_train/concepts:	9.232771873474121
losses_train/representations:	6.318428993225098
losses_train/total:	1.9623085260391235
losses_test/task:	1.0873806476593018
losses_test/concepts:	17.275543212890625
losses_test/representations:	10.719979286193848
losses_test/total:	3.886932373046875
calibration_test/ece:	0.10826489329338074
calibration_test/brier:	0.34100833535194397
accuracy_test/task:	77.20055229547808
accuracy_test/concepts:	96.61893463134766
map_test/concepts:	0.9438801944255829

Epoch 237
losses_train/task:	0.3744175434112549
losses_train/concepts:	8.75365924835205
losses_train/representations:	5.95281982421875
losses_train/total:	1.8450655937194824
losses_test/task:	1.083419919013977
losses_test/concepts:	17.210283279418945
losses_test/representations:	10.71860122680664
losses_test/total:	3.8763089179992676
calibration_test/ece:	0.1069122850894928
calibration_test/brier:	0.34042251110076904
accuracy_test/task:	77.14877459440801
accuracy_test/concepts:	96.61634063720703
map_test/concepts:	0.9435091267029444

Epoch 238
losses_train/task:	0.40578699111938477
losses_train/concepts:	9.284149169921875
losses_train/representations:	6.242709159851074
losses_train/total:	1.9584730863571167
losses_test/task:	1.0821876525878906
losses_test/concepts:	17.137779235839844
losses_test/representations:	10.744527816772461
losses_test/total:	3.8704185485839844
calibration_test/ece:	0.10543693602085114
calibration_test/brier:	0.3411077558994293
accuracy_test/task:	77.37314463237833
accuracy_test/concepts:	96.60425567626953
map_test/concepts:	0.9426872412363688

Epoch 239
losses_train/task:	0.38733479380607605
losses_train/concepts:	8.841328620910645
losses_train/representations:	6.1337738037109375
losses_train/total:	1.88484525680542
losses_test/task:	1.0817410945892334
losses_test/concepts:	17.228187561035156
losses_test/representations:	10.711464881896973
losses_test/total:	3.875706911087036
calibration_test/ece:	0.10860450565814972
calibration_test/brier:	0.34086140990257263
accuracy_test/task:	77.02795995857784
accuracy_test/concepts:	96.60942077636719
map_test/concepts:	0.9437465240557988

Epoch 240
losses_train/task:	0.39057081937789917
losses_train/concepts:	9.083588600158691
losses_train/representations:	6.209163665771484
losses_train/total:	1.9198458194732666
losses_test/task:	1.081096887588501
losses_test/concepts:	17.04421043395996
losses_test/representations:	10.710884094238281
losses_test/total:	3.8566060066223145
calibration_test/ece:	0.10939103364944458
calibration_test/brier:	0.340420663356781
accuracy_test/task:	77.25232999654816
accuracy_test/concepts:	96.609130859375
map_test/concepts:	0.9445639540751775

Epoch 241
losses_train/task:	0.4074164032936096
losses_train/concepts:	9.31461238861084
losses_train/representations:	6.266549110412598
losses_train/total:	1.9655325412750244
losses_test/task:	1.0773999691009521
losses_test/concepts:	17.03972625732422
losses_test/representations:	10.7034912109375
losses_test/total:	3.85172176361084
calibration_test/ece:	0.1089177131652832
calibration_test/brier:	0.34053006768226624
accuracy_test/task:	77.06247842595789
accuracy_test/concepts:	96.60253143310547
map_test/concepts:	0.9433739801247915

Epoch 242
losses_train/task:	0.3766627907752991
losses_train/concepts:	8.922691345214844
losses_train/representations:	5.98175573348999
losses_train/total:	1.8671073913574219
losses_test/task:	1.077629566192627
losses_test/concepts:	16.953805923461914
losses_test/representations:	10.752360343933105
losses_test/total:	3.8482463359832764
calibration_test/ece:	0.1071123480796814
calibration_test/brier:	0.34038063883781433
accuracy_test/task:	77.18329306178806
accuracy_test/concepts:	96.59992980957031
map_test/concepts:	0.9434080461661021

Epoch 243
losses_train/task:	0.38294535875320435
losses_train/concepts:	8.863588333129883
losses_train/representations:	6.162035942077637
losses_train/total:	1.8855078220367432
losses_test/task:	1.075645923614502
losses_test/concepts:	16.914592742919922
losses_test/representations:	10.71183967590332
losses_test/total:	3.8382890224456787
calibration_test/ece:	0.10897833853960037
calibration_test/brier:	0.3394525349140167
accuracy_test/task:	77.02795995857784
accuracy_test/concepts:	96.59590911865234
map_test/concepts:	0.9434486071268717

Epoch 244
losses_train/task:	0.39933615922927856
losses_train/concepts:	9.193175315856934
losses_train/representations:	6.354857921600342
losses_train/total:	1.9541395902633667
losses_test/task:	1.083367943763733
losses_test/concepts:	17.148954391479492
losses_test/representations:	10.731950759887695
losses_test/total:	3.871458053588867
calibration_test/ece:	0.10825439542531967
calibration_test/brier:	0.3411938548088074
accuracy_test/task:	77.13151536071798
accuracy_test/concepts:	96.60337829589844
map_test/concepts:	0.9428396592537562

Epoch 245
losses_train/task:	0.3856096565723419
losses_train/concepts:	8.880707740783691
losses_train/representations:	6.294790267944336
losses_train/total:	1.903159499168396
losses_test/task:	1.0820826292037964
losses_test/concepts:	17.097789764404297
losses_test/representations:	10.679113388061523
losses_test/total:	3.8597733974456787
calibration_test/ece:	0.10905426740646362
calibration_test/brier:	0.3409009575843811
accuracy_test/task:	77.25232999654816
accuracy_test/concepts:	96.63216400146484
map_test/concepts:	0.9439268698294957

Epoch 246
losses_train/task:	0.38715001940727234
losses_train/concepts:	8.814689636230469
losses_train/representations:	6.286563396453857
losses_train/total:	1.8972760438919067
losses_test/task:	1.0746848583221436
losses_test/concepts:	17.047733306884766
losses_test/representations:	10.635056495666504
losses_test/total:	3.8429648876190186
calibration_test/ece:	0.10609841346740723
calibration_test/brier:	0.33945295214653015
accuracy_test/task:	77.33862616499827
accuracy_test/concepts:	96.62236785888672
map_test/concepts:	0.9442271043856939

Epoch 247
losses_train/task:	0.3689709007740021
losses_train/concepts:	8.45901870727539
losses_train/representations:	5.774097442626953
losses_train/total:	1.7922825813293457
losses_test/task:	1.081727385520935
losses_test/concepts:	17.178089141845703
losses_test/representations:	10.683619499206543
losses_test/total:	3.8678977489471436
calibration_test/ece:	0.10684962570667267
calibration_test/brier:	0.34030815958976746
accuracy_test/task:	77.32136693130825
accuracy_test/concepts:	96.61978912353516
map_test/concepts:	0.944085094332695

Epoch 248
losses_train/task:	0.3970535099506378
losses_train/concepts:	9.052026748657227
losses_train/representations:	6.103105068206787
losses_train/total:	1.9125665426254272
losses_test/task:	1.0829715728759766
losses_test/concepts:	17.16084861755371
losses_test/representations:	10.711587905883789
losses_test/total:	3.87021541595459
calibration_test/ece:	0.10800313949584961
calibration_test/brier:	0.34060508012771606
accuracy_test/task:	77.11425612702796
accuracy_test/concepts:	96.61318969726562
map_test/concepts:	0.9438049862782161

Epoch 249
losses_train/task:	0.3703101873397827
losses_train/concepts:	8.855884552001953
losses_train/representations:	5.9944868087768555
losses_train/total:	1.8553475141525269
losses_test/task:	1.0835250616073608
losses_test/concepts:	17.145549774169922
losses_test/representations:	10.702410697937012
losses_test/total:	3.868321418762207
calibration_test/ece:	0.1074942797422409
calibration_test/brier:	0.3406069874763489
accuracy_test/task:	77.25232999654816
accuracy_test/concepts:	96.61058044433594
map_test/concepts:	0.9440677891174952

Epoch 250
losses_train/task:	0.3757357895374298
losses_train/concepts:	8.746065139770508
losses_train/representations:	6.150330066680908
losses_train/total:	1.8653755187988281
losses_test/task:	1.0780619382858276
losses_test/concepts:	17.152524948120117
losses_test/representations:	10.660467147827148
losses_test/total:	3.859361410140991
calibration_train/ece:	0.011888020671904087
calibration_train/brier:	0.09436258673667908
accuracy_train/task:	92.60979729729729
calibration_test/ece:	0.10759343206882477
calibration_test/brier:	0.3405047059059143
accuracy_test/task:	77.13151536071798
accuracy_train/concepts:	98.29179382324219
map_train/concepts:	0.9891477972269058
accuracy_test/concepts:	96.61027526855469
map_test/concepts:	0.943855435649554
accuracy_test/nuisances_task:	-0.24660848654233491
accuracy_test/nuisances_nontask:	0.0
mutual_inf_test/nuisances_task:	-0.007732415984409551
mutual_inf_test/nuisances_nontask:	0.0

epoch_250.pt
groups=0 err_lowconf=22.868 err_random=22.868
groups=1 err_lowconf=21.436 err_random=21.436
groups=2 err_lowconf=20.003 err_random=20.003
groups=3 err_lowconf=17.829 err_random=17.829
groups=4 err_lowconf=16.155 err_random=16.155
groups=5 err_lowconf=13.997 err_random=13.997
groups=6 err_lowconf=13.652 err_random=13.652
groups=7 err_lowconf=12.375 err_random=12.375
groups=8 err_lowconf=9.441 err_random=9.441
groups=9 err_lowconf=9.147 err_random=9.147
groups=10 err_lowconf=10.908 err_random=10.908
groups=11 err_lowconf=10.960 err_random=10.960
groups=12 err_lowconf=11.546 err_random=11.546
[1;34mwandb[0m:
[1;34mwandb[0m: You can sync this run to the cloud by running:
[1;34mwandb[0m: [1mwandb sync /research/hal-afsharim/minimal_cbm/results/cub12-mcbm-01/43/wandb/offline-run-20260727_164930-rppkyjum[0m
[1;34mwandb[0m: Find logs at: [1;35mresults/cub12-mcbm-01/43/wandb/offline-run-20260727_164930-rppkyjum/logs[0m
