
===== launch 2026-07-28 04:10:23.510332 gpu6 =====
wandb: Using wandb-core as the SDK backend.  Please refer to https://wandb.me/wandb-core for more information.
wandb: Tracking run with wandb version 0.19.0
wandb: W&B syncing is set to `offline` in this directory.  
wandb: Run `wandb online` or set WANDB_MODE=online to enable cloud syncing.
/research/hal-afsharim/miniconda3/envs/mcbm/lib/python3.10/site-packages/torchvision/models/_utils.py:208: UserWarning: The parameter 'pretrained' is deprecated since 0.13 and will be removed in 0.15, please use 'weights' instead.
  warnings.warn(
/research/hal-afsharim/miniconda3/envs/mcbm/lib/python3.10/site-packages/torchvision/models/_utils.py:223: UserWarning: Arguments other than a weight enum or `None` for 'weights' are deprecated since 0.13 and will be removed in 0.15. The current behavior is equivalent to passing `weights=Inception_V3_Weights.IMAGENET1K_V1`. You can also use `weights=Inception_V3_Weights.DEFAULT` to get the most up-to-date weights.
  warnings.warn(msg)
Epoch 1
losses_train/task:	5.310348033905029
losses_train/concepts:	60.91062545776367
losses_train/total:	11.401409149169922
losses_test/task:	5.126245975494385
losses_test/concepts:	50.7543830871582
losses_test/total:	10.20168399810791
calibration_test/ece:	0.0026928214356303215
calibration_test/brier:	0.9930866360664368
accuracy_test/task:	1.8122195374525372
accuracy_test/concepts:	71.80406188964844
map_test/concepts:	0.4663606684316288

Epoch 2
losses_train/task:	4.743847370147705
losses_train/concepts:	45.70513153076172
losses_train/total:	9.314360618591309
losses_test/task:	4.6097612380981445
losses_test/concepts:	50.44174575805664
losses_test/total:	9.653935432434082
calibration_test/ece:	0.009652161039412022
calibration_test/brier:	0.9863902926445007
accuracy_test/task:	2.8995512599240594
accuracy_test/concepts:	74.38854217529297
map_test/concepts:	0.47894295318560165

Epoch 3
losses_train/task:	4.229964256286621
losses_train/concepts:	43.372318267822266
losses_train/total:	8.5671968460083
losses_test/task:	4.128181457519531
losses_test/concepts:	43.98638916015625
losses_test/total:	8.526822090148926
calibration_test/ece:	0.017078235745429993
calibration_test/brier:	0.9760267734527588
accuracy_test/task:	5.919917155678288
accuracy_test/concepts:	74.58435821533203
map_test/concepts:	0.5602746093815023

Epoch 4
losses_train/task:	3.833822727203369
losses_train/concepts:	40.2602653503418
losses_train/total:	7.859848499298096
losses_test/task:	4.6429123878479
losses_test/concepts:	57.10287094116211
losses_test/total:	10.353200912475586
calibration_test/ece:	0.10629624128341675
calibration_test/brier:	1.0128499269485474
accuracy_test/task:	7.507766655160511
accuracy_test/concepts:	77.9044189453125
map_test/concepts:	0.5788266371596943

Epoch 5
losses_train/task:	3.4106216430664062
losses_train/concepts:	37.36288833618164
losses_train/total:	7.146911144256592
losses_test/task:	3.448545217514038
losses_test/concepts:	38.16086959838867
losses_test/total:	7.264632225036621
calibration_test/ece:	0.05263344943523407
calibration_test/brier:	0.9363279938697815
accuracy_test/task:	15.13634794615119
accuracy_test/concepts:	80.06056213378906
map_test/concepts:	0.6590017345818606

Epoch 6
losses_train/task:	3.153496742248535
losses_train/concepts:	35.810638427734375
losses_train/total:	6.734560012817383
losses_test/task:	3.584059000015259
losses_test/concepts:	45.93447494506836
losses_test/total:	8.177507400512695
calibration_test/ece:	0.1241493672132492
calibration_test/brier:	0.9529466032981873
accuracy_test/task:	15.291681049361408
accuracy_test/concepts:	82.48313903808594
map_test/concepts:	0.6563282365148718

Epoch 7
losses_train/task:	2.958116292953491
losses_train/concepts:	34.51524353027344
losses_train/total:	6.409641742706299
losses_test/task:	3.1817195415496826
losses_test/concepts:	39.20259094238281
losses_test/total:	7.101978778839111
calibration_test/ece:	0.10235507041215897
calibration_test/brier:	0.9095681309700012
accuracy_test/task:	20.0724887814981
accuracy_test/concepts:	80.86453247070312
map_test/concepts:	0.6740724000063809

Epoch 8
losses_train/task:	2.719841957092285
losses_train/concepts:	33.11909484863281
losses_train/total:	6.03175163269043
losses_test/task:	3.782578945159912
losses_test/concepts:	45.03239822387695
losses_test/total:	8.285820007324219
calibration_test/ece:	0.14071917533874512
calibration_test/brier:	0.9442306160926819
accuracy_test/task:	18.65723161891612
accuracy_test/concepts:	77.09668731689453
map_test/concepts:	0.6410804396325892

Epoch 9
losses_train/task:	2.5982847213745117
losses_train/concepts:	32.35744094848633
losses_train/total:	5.834029197692871
losses_test/task:	3.086289882659912
losses_test/concepts:	42.66027069091797
losses_test/total:	7.352316379547119
calibration_test/ece:	0.10845315456390381
calibration_test/brier:	0.8856413960456848
accuracy_test/task:	23.369002416292716
accuracy_test/concepts:	83.287109375
map_test/concepts:	0.6909229760820216

Epoch 10
losses_train/task:	2.425795316696167
losses_train/concepts:	30.582921981811523
losses_train/total:	5.484086513519287
losses_test/task:	3.130669593811035
losses_test/concepts:	41.4738655090332
losses_test/total:	7.278055667877197
calibration_test/ece:	0.1496320515871048
calibration_test/brier:	0.9054235219955444
accuracy_test/task:	23.230928546772525
accuracy_test/concepts:	84.99607849121094
map_test/concepts:	0.7132300615310669

Epoch 11
losses_train/task:	2.2721755504608154
losses_train/concepts:	29.215497970581055
losses_train/total:	5.193726539611816
losses_test/task:	2.436483144760132
losses_test/concepts:	33.27736282348633
losses_test/total:	5.76422119140625
calibration_test/ece:	0.09257002174854279
calibration_test/brier:	0.7926619052886963
accuracy_test/task:	34.397652744218156
accuracy_test/concepts:	84.87840270996094
map_test/concepts:	0.7487631028348749

Epoch 12
losses_train/task:	2.158843994140625
losses_train/concepts:	28.115694046020508
losses_train/total:	4.9704132080078125
losses_test/task:	2.3248753547668457
losses_test/concepts:	30.861040115356445
losses_test/total:	5.410980224609375
calibration_test/ece:	0.10164203494787216
calibration_test/brier:	0.760560154914856
accuracy_test/task:	37.297204004142216
accuracy_test/concepts:	85.53581237792969
map_test/concepts:	0.7735000881281766

Epoch 13
losses_train/task:	2.111509084701538
losses_train/concepts:	27.461105346679688
losses_train/total:	4.857618808746338
losses_test/task:	2.5536460876464844
losses_test/concepts:	39.774784088134766
losses_test/total:	6.531123638153076
calibration_test/ece:	0.08282659947872162
calibration_test/brier:	0.7787619829177856
accuracy_test/task:	35.381429064549536
accuracy_test/concepts:	86.2362289428711
map_test/concepts:	0.7534663222052834

Epoch 14
losses_train/task:	1.9621747732162476
losses_train/concepts:	26.006975173950195
losses_train/total:	4.562872886657715
losses_test/task:	1.925400972366333
losses_test/concepts:	27.061222076416016
losses_test/total:	4.6315226554870605
calibration_test/ece:	0.08018740266561508
calibration_test/brier:	0.6807207465171814
accuracy_test/task:	46.25474628926476
accuracy_test/concepts:	87.57241821289062
map_test/concepts:	0.8143643357537009

Epoch 15
losses_train/task:	1.8902782201766968
losses_train/concepts:	25.111839294433594
losses_train/total:	4.401462078094482
losses_test/task:	2.678464889526367
losses_test/concepts:	37.399375915527344
losses_test/total:	6.418402194976807
calibration_test/ece:	0.09481131285429001
calibration_test/brier:	0.7849078178405762
accuracy_test/task:	35.51950293406973
accuracy_test/concepts:	85.15172576904297
map_test/concepts:	0.743175867470828

Epoch 16
losses_train/task:	1.8880951404571533
losses_train/concepts:	25.080766677856445
losses_train/total:	4.3961710929870605
losses_test/task:	2.1217503547668457
losses_test/concepts:	31.242998123168945
losses_test/total:	5.2460503578186035
calibration_test/ece:	0.09647001326084137
calibration_test/brier:	0.6987984776496887
accuracy_test/task:	44.44252675181222
accuracy_test/concepts:	87.58150482177734
map_test/concepts:	0.7996524182232944

Epoch 17
losses_train/task:	1.8219397068023682
losses_train/concepts:	24.645177841186523
losses_train/total:	4.286457061767578
losses_test/task:	1.9344921112060547
losses_test/concepts:	26.65311050415039
losses_test/total:	4.599803447723389
calibration_test/ece:	0.08443880081176758
calibration_test/brier:	0.6639819145202637
accuracy_test/task:	47.480151881256475
accuracy_test/concepts:	87.99322509765625
map_test/concepts:	0.8290196234529669

Epoch 18
losses_train/task:	1.7434954643249512
losses_train/concepts:	23.927976608276367
losses_train/total:	4.136293888092041
losses_test/task:	1.9372638463974
losses_test/concepts:	28.281606674194336
losses_test/total:	4.765424728393555
calibration_test/ece:	0.08262419700622559
calibration_test/brier:	0.6592530012130737
accuracy_test/task:	48.3603727994477
accuracy_test/concepts:	88.49813842773438
map_test/concepts:	0.815782350843603

Epoch 19
losses_train/task:	1.681206226348877
losses_train/concepts:	22.61659049987793
losses_train/total:	3.9428653717041016
losses_test/task:	2.065775156021118
losses_test/concepts:	27.950986862182617
losses_test/total:	4.860874652862549
calibration_test/ece:	0.15867704153060913
calibration_test/brier:	0.687545657157898
accuracy_test/task:	47.980669658267175
accuracy_test/concepts:	87.77606201171875
map_test/concepts:	0.8378223863514986

Epoch 20
losses_train/task:	1.580906629562378
losses_train/concepts:	21.949892044067383
losses_train/total:	3.775895595550537
losses_test/task:	2.016448736190796
losses_test/concepts:	28.64759063720703
losses_test/total:	4.88120698928833
calibration_test/ece:	0.13794642686843872
calibration_test/brier:	0.6652112603187561
accuracy_test/task:	48.80911287538833
accuracy_test/concepts:	88.70648956298828
map_test/concepts:	0.8267646139318293

Epoch 21
losses_train/task:	1.6210860013961792
losses_train/concepts:	21.85146141052246
losses_train/total:	3.806232452392578
losses_test/task:	2.0295605659484863
losses_test/concepts:	27.85033416748047
losses_test/total:	4.814593315124512
calibration_test/ece:	0.15898719429969788
calibration_test/brier:	0.6839186549186707
accuracy_test/task:	48.74007594062824
accuracy_test/concepts:	88.82510375976562
map_test/concepts:	0.8369357932697643

Epoch 22
losses_train/task:	1.5184496641159058
losses_train/concepts:	20.891441345214844
losses_train/total:	3.607593059539795
losses_test/task:	2.016692638397217
losses_test/concepts:	27.430988311767578
losses_test/total:	4.759791374206543
calibration_test/ece:	0.13254880905151367
calibration_test/brier:	0.6567012071609497
accuracy_test/task:	49.70659302726959
accuracy_test/concepts:	88.70368194580078
map_test/concepts:	0.8395374178886413

Epoch 23
losses_train/task:	1.4916799068450928
losses_train/concepts:	20.212688446044922
losses_train/total:	3.5129482746124268
losses_test/task:	1.7906163930892944
losses_test/concepts:	26.25261878967285
losses_test/total:	4.415877342224121
calibration_test/ece:	0.10983850806951523
calibration_test/brier:	0.613723635673523
accuracy_test/task:	52.62340352088367
accuracy_test/concepts:	90.00408172607422
map_test/concepts:	0.854111764647744

Epoch 24
losses_train/task:	1.4414358139038086
losses_train/concepts:	19.46035385131836
losses_train/total:	3.3874709606170654
losses_test/task:	1.6599153280258179
losses_test/concepts:	24.53650665283203
losses_test/total:	4.113565444946289
calibration_test/ece:	0.0816960334777832
calibration_test/brier:	0.5852200984954834
accuracy_test/task:	54.47014152571626
accuracy_test/concepts:	90.32259368896484
map_test/concepts:	0.859595822204243

Epoch 25
losses_train/task:	1.4617900848388672
losses_train/concepts:	19.99673843383789
losses_train/total:	3.461463451385498
losses_test/task:	1.9937527179718018
losses_test/concepts:	30.473697662353516
losses_test/total:	5.041121482849121
calibration_test/ece:	0.14600767195224762
calibration_test/brier:	0.6422973871231079
accuracy_test/task:	51.27718329306179
accuracy_test/concepts:	90.24446105957031
map_test/concepts:	0.8414680697701195

Epoch 26
losses_train/task:	1.3783692121505737
losses_train/concepts:	18.929838180541992
losses_train/total:	3.271353006362915
losses_test/task:	1.9644194841384888
losses_test/concepts:	27.45026397705078
losses_test/total:	4.709446907043457
calibration_test/ece:	0.13724453747272491
calibration_test/brier:	0.6321110129356384
accuracy_test/task:	52.88229202623403
accuracy_test/concepts:	90.16443634033203
map_test/concepts:	0.8518627090887589

Epoch 27
losses_train/task:	1.3530522584915161
losses_train/concepts:	18.824371337890625
losses_train/total:	3.2354893684387207
losses_test/task:	2.054029703140259
losses_test/concepts:	27.499895095825195
losses_test/total:	4.804019451141357
calibration_test/ece:	0.1747158318758011
calibration_test/brier:	0.6580250263214111
accuracy_test/task:	51.69140490162237
accuracy_test/concepts:	90.52339935302734
map_test/concepts:	0.8585907210003246

Epoch 28
losses_train/task:	1.45291006565094
losses_train/concepts:	19.94906997680664
losses_train/total:	3.4478166103363037
losses_test/task:	2.065976858139038
losses_test/concepts:	29.75678062438965
losses_test/total:	5.041655540466309
calibration_test/ece:	0.14463478326797485
calibration_test/brier:	0.6629177927970886
accuracy_test/task:	49.810148429409736
accuracy_test/concepts:	89.1712417602539
map_test/concepts:	0.83083317713304

Epoch 29
losses_train/task:	1.3248686790466309
losses_train/concepts:	18.793243408203125
losses_train/total:	3.204193592071533
losses_test/task:	1.769296646118164
losses_test/concepts:	25.37803840637207
losses_test/total:	4.307101249694824
calibration_test/ece:	0.14383633434772491
calibration_test/brier:	0.5787371397018433
accuracy_test/task:	57.55954435623058
accuracy_test/concepts:	91.77582550048828
map_test/concepts:	0.8811675971204584

Epoch 30
losses_train/task:	1.2786765098571777
losses_train/concepts:	17.56478500366211
losses_train/total:	3.0351550579071045
losses_test/task:	1.736369252204895
losses_test/concepts:	24.4715518951416
losses_test/total:	4.1835246086120605
calibration_test/ece:	0.1341356635093689
calibration_test/brier:	0.5811178088188171
accuracy_test/task:	56.95547117707974
accuracy_test/concepts:	91.65343475341797
map_test/concepts:	0.8781700437719172

Epoch 31
losses_train/task:	1.2727659940719604
losses_train/concepts:	17.530235290527344
losses_train/total:	3.025789260864258
losses_test/task:	2.5691559314727783
losses_test/concepts:	36.9859619140625
losses_test/total:	6.267752647399902
calibration_test/ece:	0.17562206089496613
calibration_test/brier:	0.7071403861045837
accuracy_test/task:	47.3593372454263
accuracy_test/concepts:	88.79844665527344
map_test/concepts:	0.8226282466541637

Epoch 32
losses_train/task:	1.2584748268127441
losses_train/concepts:	17.652862548828125
losses_train/total:	3.0237607955932617
losses_test/task:	1.9901924133300781
losses_test/concepts:	28.305410385131836
losses_test/total:	4.820733070373535
calibration_test/ece:	0.16637955605983734
calibration_test/brier:	0.6131758093833923
accuracy_test/task:	55.29858474283742
accuracy_test/concepts:	90.84823608398438
map_test/concepts:	0.86672231500799

Epoch 33
losses_train/task:	1.1674216985702515
losses_train/concepts:	16.03702163696289
losses_train/total:	2.7711238861083984
losses_test/task:	2.591606855392456
losses_test/concepts:	36.32093048095703
losses_test/total:	6.223700523376465
calibration_test/ece:	0.22458453476428986
calibration_test/brier:	0.733079195022583
accuracy_test/task:	46.65170866413531
accuracy_test/concepts:	89.02062225341797
map_test/concepts:	0.8218742814931003

Epoch 34
losses_train/task:	1.1794617176055908
losses_train/concepts:	16.178627014160156
losses_train/total:	2.7973248958587646
losses_test/task:	2.1780197620391846
losses_test/concepts:	28.490692138671875
losses_test/total:	5.027088642120361
calibration_test/ece:	0.19408947229385376
calibration_test/brier:	0.65379399061203
accuracy_test/task:	52.39903348291336
accuracy_test/concepts:	90.87581634521484
map_test/concepts:	0.8646103631366383

Epoch 35
losses_train/task:	1.2454949617385864
losses_train/concepts:	17.0648193359375
losses_train/total:	2.9519765377044678
losses_test/task:	1.9463822841644287
losses_test/concepts:	28.107149124145508
losses_test/total:	4.757096767425537
calibration_test/ece:	0.14128334820270538
calibration_test/brier:	0.6136894226074219
accuracy_test/task:	53.641698308595096
accuracy_test/concepts:	90.60814666748047
map_test/concepts:	0.8583656733686273

Epoch 36
losses_train/task:	1.1906570196151733
losses_train/concepts:	16.11765480041504
losses_train/total:	2.802422046661377
losses_test/task:	1.7933751344680786
losses_test/concepts:	25.734317779541016
losses_test/total:	4.366807460784912
calibration_test/ece:	0.1497640609741211
calibration_test/brier:	0.5903359651565552
accuracy_test/task:	56.748360372799446
accuracy_test/concepts:	91.71023559570312
map_test/concepts:	0.8830608812245455

Epoch 37
losses_train/task:	1.1847425699234009
losses_train/concepts:	15.999065399169922
losses_train/total:	2.78464937210083
losses_test/task:	1.7616814374923706
losses_test/concepts:	25.0347843170166
losses_test/total:	4.265159606933594
calibration_test/ece:	0.14226655662059784
calibration_test/brier:	0.5700783729553223
accuracy_test/task:	58.318950638591645
accuracy_test/concepts:	91.52381134033203
map_test/concepts:	0.8857962001453746

Epoch 38
losses_train/task:	1.122478723526001
losses_train/concepts:	15.297439575195312
losses_train/total:	2.6522228717803955
losses_test/task:	1.7604786157608032
losses_test/concepts:	22.81315803527832
losses_test/total:	4.041794776916504
calibration_test/ece:	0.15248864889144897
calibration_test/brier:	0.5724017024040222
accuracy_test/task:	58.87124611667242
accuracy_test/concepts:	92.0218505859375
map_test/concepts:	0.9021037437699058

Epoch 39
losses_train/task:	1.136176586151123
losses_train/concepts:	14.606142044067383
losses_train/total:	2.5967910289764404
losses_test/task:	1.6488990783691406
losses_test/concepts:	25.61761474609375
losses_test/total:	4.210660457611084
calibration_test/ece:	0.1466832458972931
calibration_test/brier:	0.5228932499885559
accuracy_test/task:	62.32309285467725
accuracy_test/concepts:	92.8521728515625
map_test/concepts:	0.9049794706431302

Epoch 40
losses_train/task:	1.05556058883667
losses_train/concepts:	14.428534507751465
losses_train/total:	2.4984142780303955
losses_test/task:	1.6106451749801636
losses_test/concepts:	23.291515350341797
losses_test/total:	3.9397974014282227
calibration_test/ece:	0.1345948874950409
calibration_test/brier:	0.5257511734962463
accuracy_test/task:	61.40835346910597
accuracy_test/concepts:	92.41974639892578
map_test/concepts:	0.8984937884590842

Epoch 41
losses_train/task:	1.0482382774353027
losses_train/concepts:	14.364399909973145
losses_train/total:	2.4846787452697754
losses_test/task:	1.9648816585540771
losses_test/concepts:	26.074819564819336
losses_test/total:	4.572363376617432
calibration_test/ece:	0.15533049404621124
calibration_test/brier:	0.6270008683204651
accuracy_test/task:	53.34829133586469
accuracy_test/concepts:	90.5789794921875
map_test/concepts:	0.8709218166091225

Epoch 42
losses_train/task:	1.0510941743850708
losses_train/concepts:	14.3389253616333
losses_train/total:	2.4849870204925537
losses_test/task:	1.8323134183883667
losses_test/concepts:	26.91667938232422
losses_test/total:	4.523981094360352
calibration_test/ece:	0.1500387191772461
calibration_test/brier:	0.5576834082603455
accuracy_test/task:	59.49257852951329
accuracy_test/concepts:	92.02686309814453
map_test/concepts:	0.8856028004126115

Epoch 43
losses_train/task:	0.9791691899299622
losses_train/concepts:	13.603944778442383
losses_train/total:	2.339564323425293
losses_test/task:	1.7701622247695923
losses_test/concepts:	27.40900230407715
losses_test/total:	4.511062145233154
calibration_test/ece:	0.14354290068149567
calibration_test/brier:	0.5396395325660706
accuracy_test/task:	61.75353814290646
accuracy_test/concepts:	92.57758331298828
map_test/concepts:	0.8947543761946938

Epoch 44
losses_train/task:	0.9291793704032898
losses_train/concepts:	12.823087692260742
losses_train/total:	2.2114880084991455
losses_test/task:	1.63596773147583
losses_test/concepts:	22.584491729736328
losses_test/total:	3.8944175243377686
calibration_test/ece:	0.15528172254562378
calibration_test/brier:	0.5230427980422974
accuracy_test/task:	62.9271660338281
accuracy_test/concepts:	93.02632141113281
map_test/concepts:	0.9090854666449807

Epoch 45
losses_train/task:	1.022904396057129
losses_train/concepts:	13.808416366577148
losses_train/total:	2.4037458896636963
losses_test/task:	2.0366878509521484
losses_test/concepts:	28.69996452331543
losses_test/total:	4.906684875488281
calibration_test/ece:	0.17855744063854218
calibration_test/brier:	0.5972543954849243
accuracy_test/task:	57.80117362789092
accuracy_test/concepts:	91.56021881103516
map_test/concepts:	0.8807813319292935

Epoch 46
losses_train/task:	1.0320935249328613
losses_train/concepts:	14.057313919067383
losses_train/total:	2.4378249645233154
losses_test/task:	1.7271236181259155
losses_test/concepts:	25.497461318969727
losses_test/total:	4.276869297027588
calibration_test/ece:	0.15474596619606018
calibration_test/brier:	0.5484198331832886
accuracy_test/task:	61.16672419744563
accuracy_test/concepts:	92.43133544921875
map_test/concepts:	0.8957347447221929

Epoch 47
losses_train/task:	1.0357623100280762
losses_train/concepts:	13.780550003051758
losses_train/total:	2.4138171672821045
losses_test/task:	1.577963948249817
losses_test/concepts:	21.459510803222656
losses_test/total:	3.723914861679077
calibration_test/ece:	0.1350231021642685
calibration_test/brier:	0.5052977800369263
accuracy_test/task:	63.94546082153953
accuracy_test/concepts:	92.97988891601562
map_test/concepts:	0.9104864012111317

Epoch 48
losses_train/task:	0.9548030495643616
losses_train/concepts:	13.021239280700684
losses_train/total:	2.2569267749786377
losses_test/task:	1.832785964012146
losses_test/concepts:	26.403400421142578
losses_test/total:	4.47312593460083
calibration_test/ece:	0.17056575417518616
calibration_test/brier:	0.5518029928207397
accuracy_test/task:	61.39109423541595
accuracy_test/concepts:	92.9491195678711
map_test/concepts:	0.8988869591192765

Epoch 49
losses_train/task:	1.0010992288589478
losses_train/concepts:	13.867067337036133
losses_train/total:	2.3878064155578613
losses_test/task:	2.0640501976013184
losses_test/concepts:	26.012563705444336
losses_test/total:	4.665306568145752
calibration_test/ece:	0.2084912210702896
calibration_test/brier:	0.6012075543403625
accuracy_test/task:	58.40524680704177
accuracy_test/concepts:	92.07111358642578
map_test/concepts:	0.8911879918792031

Epoch 50
losses_train/task:	0.9777206182479858
losses_train/concepts:	13.201881408691406
losses_train/total:	2.2979085445404053
losses_test/task:	1.7365611791610718
losses_test/concepts:	24.156288146972656
losses_test/total:	4.152190208435059
calibration_test/ece:	0.1679040491580963
calibration_test/brier:	0.5361499786376953
accuracy_test/task:	62.09872281670694
accuracy_test/concepts:	92.90519714355469
map_test/concepts:	0.9073932691053911

Epoch 51
losses_train/task:	0.9284070134162903
losses_train/concepts:	13.039613723754883
losses_train/total:	2.2323684692382812
losses_test/task:	1.984664797782898
losses_test/concepts:	25.92550277709961
losses_test/total:	4.57721471786499
calibration_test/ece:	0.1921641081571579
calibration_test/brier:	0.5607870221138
accuracy_test/task:	61.59820503969624
accuracy_test/concepts:	92.58134460449219
map_test/concepts:	0.904861855506897

Epoch 52
losses_train/task:	0.9433841705322266
losses_train/concepts:	12.936132431030273
losses_train/total:	2.236997604370117
losses_test/task:	1.6823002099990845
losses_test/concepts:	24.82891273498535
losses_test/total:	4.165190696716309
calibration_test/ece:	0.16860070824623108
calibration_test/brier:	0.5278986692428589
accuracy_test/task:	63.4276838108388
accuracy_test/concepts:	93.69347381591797
map_test/concepts:	0.9132345167073337

Epoch 53
losses_train/task:	0.94242924451828
losses_train/concepts:	12.615686416625977
losses_train/total:	2.20399808883667
losses_test/task:	1.7492365837097168
losses_test/concepts:	25.92542839050293
losses_test/total:	4.3417792320251465
calibration_test/ece:	0.16011542081832886
calibration_test/brier:	0.5609299540519714
accuracy_test/task:	60.49361408353469
accuracy_test/concepts:	92.83678436279297
map_test/concepts:	0.8942242427305742

Epoch 54
losses_train/task:	0.9532836079597473
losses_train/concepts:	12.9315767288208
losses_train/total:	2.24644136428833
losses_test/task:	1.702660083770752
losses_test/concepts:	23.60222053527832
losses_test/total:	4.062882423400879
calibration_test/ece:	0.15977953374385834
calibration_test/brier:	0.52640300989151
accuracy_test/task:	62.89264756644805
accuracy_test/concepts:	93.03448486328125
map_test/concepts:	0.9080373872410167

Epoch 55
losses_train/task:	0.860283613204956
losses_train/concepts:	11.777363777160645
losses_train/total:	2.038019895553589
losses_test/task:	1.7663345336914062
losses_test/concepts:	26.072277069091797
losses_test/total:	4.373560905456543
calibration_test/ece:	0.16771629452705383
calibration_test/brier:	0.5344217419624329
accuracy_test/task:	63.4276838108388
accuracy_test/concepts:	92.98552703857422
map_test/concepts:	0.9043799963864413

Epoch 56
losses_train/task:	0.8488765358924866
losses_train/concepts:	11.659079551696777
losses_train/total:	2.014784097671509
losses_test/task:	1.6460402011871338
losses_test/concepts:	23.02605438232422
losses_test/total:	3.948646068572998
calibration_test/ece:	0.15416254103183746
calibration_test/brier:	0.513065755367279
accuracy_test/task:	64.7911632723507
accuracy_test/concepts:	93.5290298461914
map_test/concepts:	0.9168151021003723

Epoch 57
losses_train/task:	0.8678335547447205
losses_train/concepts:	11.521358489990234
losses_train/total:	2.0199694633483887
losses_test/task:	1.7362827062606812
losses_test/concepts:	24.999698638916016
losses_test/total:	4.236252784729004
calibration_test/ece:	0.16209271550178528
calibration_test/brier:	0.5241178274154663
accuracy_test/task:	63.77286848463928
accuracy_test/concepts:	93.4317855834961
map_test/concepts:	0.9077206275679849

Epoch 58
losses_train/task:	0.8353893160820007
losses_train/concepts:	11.296457290649414
losses_train/total:	1.9650349617004395
losses_test/task:	1.563317060470581
losses_test/concepts:	23.915241241455078
losses_test/total:	3.954841375350952
calibration_test/ece:	0.15652915835380554
calibration_test/brier:	0.4810388684272766
accuracy_test/task:	66.74145667932343
accuracy_test/concepts:	94.0678482055664
map_test/concepts:	0.9235739946365357

Epoch 59
losses_train/task:	0.8588769435882568
losses_train/concepts:	11.634062767028809
losses_train/total:	2.0222833156585693
losses_test/task:	1.919906497001648
losses_test/concepts:	27.12228012084961
losses_test/total:	4.632135391235352
calibration_test/ece:	0.18671098351478577
calibration_test/brier:	0.5488612055778503
accuracy_test/task:	62.633759061097685
accuracy_test/concepts:	93.89807891845703
map_test/concepts:	0.9122106465426358

Epoch 60
losses_train/task:	0.8786559700965881
losses_train/concepts:	11.474447250366211
losses_train/total:	2.0261006355285645
losses_test/task:	1.7577710151672363
losses_test/concepts:	24.94903564453125
losses_test/total:	4.2526750564575195
calibration_test/ece:	0.16460998356342316
calibration_test/brier:	0.5208664536476135
accuracy_test/task:	64.13531239212979
accuracy_test/concepts:	93.12078857421875
map_test/concepts:	0.9078132174231789

Epoch 61
losses_train/task:	0.8622137904167175
losses_train/concepts:	11.614330291748047
losses_train/total:	2.023646593093872
losses_test/task:	1.5196253061294556
losses_test/concepts:	22.71112823486328
losses_test/total:	3.790738344192505
calibration_test/ece:	0.15195263922214508
calibration_test/brier:	0.4727459251880646
accuracy_test/task:	67.34552985847428
accuracy_test/concepts:	93.91442108154297
map_test/concepts:	0.9230642806399952

Epoch 62
losses_train/task:	0.8279277682304382
losses_train/concepts:	11.34066104888916
losses_train/total:	1.961993932723999
losses_test/task:	1.8493367433547974
losses_test/concepts:	24.39217185974121
losses_test/total:	4.288553237915039
calibration_test/ece:	0.18099287152290344
calibration_test/brier:	0.5269349813461304
accuracy_test/task:	64.49775629962029
accuracy_test/concepts:	93.35206604003906
map_test/concepts:	0.909984138878909

Epoch 63
losses_train/task:	0.7592403292655945
losses_train/concepts:	10.369353294372559
losses_train/total:	1.7961755990982056
losses_test/task:	1.8562828302383423
losses_test/concepts:	28.688453674316406
losses_test/total:	4.725127696990967
calibration_test/ece:	0.18016627430915833
calibration_test/brier:	0.5437553524971008
accuracy_test/task:	63.09975837072834
accuracy_test/concepts:	93.54251861572266
map_test/concepts:	0.9026730797507546

Epoch 64
losses_train/task:	0.8076569437980652
losses_train/concepts:	11.218856811523438
losses_train/total:	1.9295425415039062
losses_test/task:	2.1784632205963135
losses_test/concepts:	31.789745330810547
losses_test/total:	5.357437610626221
calibration_test/ece:	0.20749135315418243
calibration_test/brier:	0.5891285538673401
accuracy_test/task:	60.06213324128409
accuracy_test/concepts:	92.74735260009766
map_test/concepts:	0.8944236733696678

Epoch 65
losses_train/task:	0.8601020574569702
losses_train/concepts:	11.37841510772705
losses_train/total:	1.997943639755249
losses_test/task:	1.7361233234405518
losses_test/concepts:	28.82587242126465
losses_test/total:	4.618710041046143
calibration_test/ece:	0.16531464457511902
calibration_test/brier:	0.5080153346061707
accuracy_test/task:	64.99827407663099
accuracy_test/concepts:	93.93824005126953
map_test/concepts:	0.9113163720477712

Epoch 66
losses_train/task:	0.8237020373344421
losses_train/concepts:	10.694450378417969
losses_train/total:	1.8931471109390259
losses_test/task:	1.754618525505066
losses_test/concepts:	25.201215744018555
losses_test/total:	4.2747392654418945
calibration_test/ece:	0.1733822226524353
calibration_test/brier:	0.5235646367073059
accuracy_test/task:	63.97997928891957
accuracy_test/concepts:	93.9661865234375
map_test/concepts:	0.9122938773848793

Epoch 67
losses_train/task:	0.8192521929740906
losses_train/concepts:	11.186760902404785
losses_train/total:	1.937928318977356
losses_test/task:	1.7297701835632324
losses_test/concepts:	26.952383041381836
losses_test/total:	4.425009250640869
calibration_test/ece:	0.15034765005111694
calibration_test/brier:	0.5026532411575317
accuracy_test/task:	65.23990334829134
accuracy_test/concepts:	93.5676498413086
map_test/concepts:	0.9053830298510465

Epoch 68
losses_train/task:	0.8271345496177673
losses_train/concepts:	11.374950408935547
losses_train/total:	1.9646297693252563
losses_test/task:	1.8928319215774536
losses_test/concepts:	24.43787956237793
losses_test/total:	4.336620330810547
calibration_test/ece:	0.18778210878372192
calibration_test/brier:	0.5423390865325928
accuracy_test/task:	62.75457369692786
accuracy_test/concepts:	92.76054382324219
map_test/concepts:	0.9052763657136397

Epoch 69
losses_train/task:	0.8169849514961243
losses_train/concepts:	11.361437797546387
losses_train/total:	1.9531288146972656
losses_test/task:	1.8712986707687378
losses_test/concepts:	28.26552391052246
losses_test/total:	4.697850704193115
calibration_test/ece:	0.17807719111442566
calibration_test/brier:	0.540888249874115
accuracy_test/task:	63.22057300655851
accuracy_test/concepts:	93.41106414794922
map_test/concepts:	0.9045694058591669

Epoch 70
losses_train/task:	0.8192596435546875
losses_train/concepts:	11.123995780944824
losses_train/total:	1.931659460067749
losses_test/task:	1.6368471384048462
losses_test/concepts:	23.488618850708008
losses_test/total:	3.9857089519500732
calibration_test/ece:	0.16397938132286072
calibration_test/brier:	0.4996074438095093
accuracy_test/task:	65.9302726958923
accuracy_test/concepts:	94.28155517578125
map_test/concepts:	0.9225883928212253

Epoch 71
losses_train/task:	0.7465105056762695
losses_train/concepts:	10.163853645324707
losses_train/total:	1.7628958225250244
losses_test/task:	1.6839309930801392
losses_test/concepts:	23.97285270690918
losses_test/total:	4.081216335296631
calibration_test/ece:	0.16863681375980377
calibration_test/brier:	0.5076426863670349
accuracy_test/task:	65.27442181567139
accuracy_test/concepts:	93.65644836425781
map_test/concepts:	0.9163868362253362

Epoch 72
losses_train/task:	0.7450058460235596
losses_train/concepts:	10.297430992126465
losses_train/total:	1.7747491598129272
losses_test/task:	1.5809515714645386
losses_test/concepts:	23.697521209716797
losses_test/total:	3.9507031440734863
calibration_test/ece:	0.15037275850772858
calibration_test/brier:	0.4817863404750824
accuracy_test/task:	67.01760441836383
accuracy_test/concepts:	93.95769500732422
map_test/concepts:	0.9177498351443898

Epoch 73
losses_train/task:	0.762344479560852
losses_train/concepts:	10.315400123596191
losses_train/total:	1.793884515762329
losses_test/task:	1.733158826828003
losses_test/concepts:	26.39266586303711
losses_test/total:	4.3724260330200195
calibration_test/ece:	0.16587305068969727
calibration_test/brier:	0.5125016570091248
accuracy_test/task:	64.80842250604073
accuracy_test/concepts:	93.89932250976562
map_test/concepts:	0.9138650677420876

Epoch 74
losses_train/task:	0.7416678667068481
losses_train/concepts:	10.352375984191895
losses_train/total:	1.7769054174423218
losses_test/task:	1.9248872995376587
losses_test/concepts:	30.170604705810547
losses_test/total:	4.9419474601745605
calibration_test/ece:	0.19656622409820557
calibration_test/brier:	0.5659746527671814
accuracy_test/task:	61.14946496375561
accuracy_test/concepts:	93.21524047851562
map_test/concepts:	0.9007909124547785

Epoch 75
losses_train/task:	0.7199346423149109
losses_train/concepts:	9.872220039367676
losses_train/total:	1.7071565389633179
losses_test/task:	1.7225980758666992
losses_test/concepts:	24.7921085357666
losses_test/total:	4.201810836791992
calibration_test/ece:	0.16875477135181427
calibration_test/brier:	0.5071302056312561
accuracy_test/task:	65.61960648947186
accuracy_test/concepts:	93.9024658203125
map_test/concepts:	0.9138319004665721

Epoch 76
losses_train/task:	0.8275243043899536
losses_train/concepts:	10.914395332336426
losses_train/total:	1.91896390914917
losses_test/task:	1.8432413339614868
losses_test/concepts:	27.061901092529297
losses_test/total:	4.549431800842285
calibration_test/ece:	0.17404896020889282
calibration_test/brier:	0.5374242663383484
accuracy_test/task:	63.49672074559889
accuracy_test/concepts:	92.95793151855469
map_test/concepts:	0.9054771575060758

Epoch 77
losses_train/task:	0.7937498688697815
losses_train/concepts:	10.462718963623047
losses_train/total:	1.8400214910507202
losses_test/task:	1.8081822395324707
losses_test/concepts:	24.706716537475586
losses_test/total:	4.2788543701171875
calibration_test/ece:	0.18475434184074402
calibration_test/brier:	0.5283858776092529
accuracy_test/task:	64.65308940283052
accuracy_test/concepts:	93.83655548095703
map_test/concepts:	0.9168385744094849

Epoch 78
losses_train/task:	0.7386553287506104
losses_train/concepts:	10.114544868469238
losses_train/total:	1.7501097917556763
losses_test/task:	1.690886378288269
losses_test/concepts:	24.996702194213867
losses_test/total:	4.19055700302124
calibration_test/ece:	0.16379331052303314
calibration_test/brier:	0.4962388575077057
accuracy_test/task:	66.68967897825337
accuracy_test/concepts:	94.14912414550781
map_test/concepts:	0.9164675842631947

Epoch 79
losses_train/task:	0.8131402134895325
losses_train/concepts:	11.009186744689941
losses_train/total:	1.914059042930603
losses_test/task:	1.6896275281906128
losses_test/concepts:	24.591848373413086
losses_test/total:	4.148812770843506
calibration_test/ece:	0.1634245067834854
calibration_test/brier:	0.5124579668045044
accuracy_test/task:	65.46427338626165
accuracy_test/concepts:	93.8629379272461
map_test/concepts:	0.9172976244579661

Epoch 80
losses_train/task:	0.7785153985023499
losses_train/concepts:	10.236943244934082
losses_train/total:	1.8022098541259766
losses_test/task:	1.6472702026367188
losses_test/concepts:	25.263113021850586
losses_test/total:	4.173581600189209
calibration_test/ece:	0.15682527422904968
calibration_test/brier:	0.49204790592193604
accuracy_test/task:	66.08560579910252
accuracy_test/concepts:	93.83155059814453
map_test/concepts:	0.9153162847865711

Epoch 81
losses_train/task:	0.761561393737793
losses_train/concepts:	10.444193840026855
losses_train/total:	1.8059808015823364
losses_test/task:	1.6894631385803223
losses_test/concepts:	25.20915412902832
losses_test/total:	4.210379123687744
calibration_test/ece:	0.16842767596244812
calibration_test/brier:	0.4925425052642822
accuracy_test/task:	66.94856748360372
accuracy_test/concepts:	94.17609405517578
map_test/concepts:	0.9162545258348639

Epoch 82
losses_train/task:	0.7115861177444458
losses_train/concepts:	9.485888481140137
losses_train/total:	1.6601749658584595
losses_test/task:	1.7237797975540161
losses_test/concepts:	27.557432174682617
losses_test/total:	4.479522228240967
calibration_test/ece:	0.16312135756015778
calibration_test/brier:	0.510479211807251
accuracy_test/task:	64.86020020711081
accuracy_test/concepts:	93.27705383300781
map_test/concepts:	0.9061957489360463

Epoch 83
losses_train/task:	0.7354570627212524
losses_train/concepts:	10.088736534118652
losses_train/total:	1.7443307638168335
losses_test/task:	1.8616784811019897
losses_test/concepts:	28.91063117980957
losses_test/total:	4.75274133682251
calibration_test/ece:	0.18798351287841797
calibration_test/brier:	0.5375698208808899
accuracy_test/task:	64.10079392474974
accuracy_test/concepts:	93.9046859741211
map_test/concepts:	0.912858801538294

Epoch 84
losses_train/task:	0.6547437906265259
losses_train/concepts:	8.99644660949707
losses_train/total:	1.5543885231018066
losses_test/task:	1.8306505680084229
losses_test/concepts:	27.88083267211914
losses_test/total:	4.618734836578369
calibration_test/ece:	0.18165037035942078
calibration_test/brier:	0.5191792249679565
accuracy_test/task:	65.61960648947186
accuracy_test/concepts:	94.16227722167969
map_test/concepts:	0.9126252174377442

Epoch 85
losses_train/task:	0.7041869759559631
losses_train/concepts:	9.84765911102295
losses_train/total:	1.6889530420303345
losses_test/task:	2.0944647789001465
losses_test/concepts:	32.06266403198242
losses_test/total:	5.300731182098389
calibration_test/ece:	0.20401296019554138
calibration_test/brier:	0.5647349953651428
accuracy_test/task:	63.047980669658266
accuracy_test/concepts:	93.60935974121094
map_test/concepts:	0.90019709630446

Epoch 86
losses_train/task:	0.7016410231590271
losses_train/concepts:	9.471556663513184
losses_train/total:	1.648796796798706
losses_test/task:	1.951651930809021
losses_test/concepts:	27.803573608398438
losses_test/total:	4.732008934020996
calibration_test/ece:	0.1998785138130188
calibration_test/brier:	0.5516632795333862
accuracy_test/task:	63.44494304452882
accuracy_test/concepts:	93.38187408447266
map_test/concepts:	0.9064203479073264

Epoch 87
losses_train/task:	0.7282416820526123
losses_train/concepts:	10.161613464355469
losses_train/total:	1.744402527809143
losses_test/task:	1.8104801177978516
losses_test/concepts:	26.461151123046875
losses_test/total:	4.4565935134887695
calibration_test/ece:	0.18471571803092957
calibration_test/brier:	0.5204432010650635
accuracy_test/task:	65.37797721781153
accuracy_test/concepts:	93.88270568847656
map_test/concepts:	0.911726980859583

Epoch 88
losses_train/task:	0.7051517367362976
losses_train/concepts:	9.456814765930176
losses_train/total:	1.650833010673523
losses_test/task:	1.8055388927459717
losses_test/concepts:	29.100372314453125
losses_test/total:	4.715575695037842
calibration_test/ece:	0.17167627811431885
calibration_test/brier:	0.5044381618499756
accuracy_test/task:	66.79323438039351
accuracy_test/concepts:	94.12653350830078
map_test/concepts:	0.9143156766891479

Epoch 89
losses_train/task:	0.6810894012451172
losses_train/concepts:	9.447866439819336
losses_train/total:	1.6258761882781982
losses_test/task:	1.8362740278244019
losses_test/concepts:	24.78968048095703
losses_test/total:	4.315242290496826
calibration_test/ece:	0.18369805812835693
calibration_test/brier:	0.5191661715507507
accuracy_test/task:	65.67138419054194
accuracy_test/concepts:	93.49044799804688
map_test/concepts:	0.9162790146741

Epoch 90
losses_train/task:	0.6854041814804077
losses_train/concepts:	8.9967679977417
losses_train/total:	1.5850812196731567
losses_test/task:	1.6121248006820679
losses_test/concepts:	22.85963249206543
losses_test/total:	3.8980872631073
calibration_test/ece:	0.1626516580581665
calibration_test/brier:	0.4718393385410309
accuracy_test/task:	68.60545391784605
accuracy_test/concepts:	94.60507202148438
map_test/concepts:	0.9285088463263078

Epoch 91
losses_train/task:	0.641988217830658
losses_train/concepts:	8.678977012634277
losses_train/total:	1.5098860263824463
losses_test/task:	1.6304969787597656
losses_test/concepts:	25.267927169799805
losses_test/total:	4.157289505004883
calibration_test/ece:	0.16937357187271118
calibration_test/brier:	0.4747077524662018
accuracy_test/task:	68.45012081463582
accuracy_test/concepts:	94.5055923461914
map_test/concepts:	0.9238537712530657

Epoch 92
losses_train/task:	0.6812533140182495
losses_train/concepts:	9.324023246765137
losses_train/total:	1.613655924797058
losses_test/task:	1.7536553144454956
losses_test/concepts:	27.815114974975586
losses_test/total:	4.535165786743164
calibration_test/ece:	0.1756647378206253
calibration_test/brier:	0.5006648302078247
accuracy_test/task:	66.98308595098378
accuracy_test/concepts:	94.31011962890625
map_test/concepts:	0.9168020833622326

Epoch 93
losses_train/task:	0.686062216758728
losses_train/concepts:	9.446507453918457
losses_train/total:	1.630712866783142
losses_test/task:	2.149218797683716
losses_test/concepts:	32.31669235229492
losses_test/total:	5.38088846206665
calibration_test/ece:	0.214182510972023
calibration_test/brier:	0.5612490177154541
accuracy_test/task:	64.10079392474974
accuracy_test/concepts:	93.7280044555664
map_test/concepts:	0.9065730701793324

Epoch 94
losses_train/task:	0.6642581820487976
losses_train/concepts:	9.243417739868164
losses_train/total:	1.5886000394821167
losses_test/task:	1.6900887489318848
losses_test/concepts:	23.514909744262695
losses_test/total:	4.041579723358154
calibration_test/ece:	0.17359209060668945
calibration_test/brier:	0.48390746116638184
accuracy_test/task:	68.34656541249568
accuracy_test/concepts:	94.0741195678711
map_test/concepts:	0.9249520215121183

Epoch 95
losses_train/task:	0.6512221693992615
losses_train/concepts:	8.684314727783203
losses_train/total:	1.519653558731079
losses_test/task:	2.0340700149536133
losses_test/concepts:	30.884572982788086
losses_test/total:	5.122527122497559
calibration_test/ece:	0.20039647817611694
calibration_test/brier:	0.5753354430198669
accuracy_test/task:	61.7880566102865
accuracy_test/concepts:	93.10163116455078
map_test/concepts:	0.8985567483035001

Epoch 96
losses_train/task:	0.6277055740356445
losses_train/concepts:	8.52180290222168
losses_train/total:	1.4798858165740967
losses_test/task:	1.7309179306030273
losses_test/concepts:	24.690549850463867
losses_test/total:	4.199974060058594
calibration_test/ece:	0.17353147268295288
calibration_test/brier:	0.48827308416366577
accuracy_test/task:	67.72523299965482
accuracy_test/concepts:	94.42809295654297
map_test/concepts:	0.9260982621799816

Epoch 97
losses_train/task:	0.6084353923797607
losses_train/concepts:	8.358168601989746
losses_train/total:	1.4442520141601562
losses_test/task:	1.7681936025619507
losses_test/concepts:	27.665693283081055
losses_test/total:	4.534763813018799
calibration_test/ece:	0.1686834990978241
calibration_test/brier:	0.49421167373657227
accuracy_test/task:	67.0003451846738
accuracy_test/concepts:	94.07286834716797
map_test/concepts:	0.9159814314408736

Epoch 98
losses_train/task:	0.6447804570198059
losses_train/concepts:	8.70810604095459
losses_train/total:	1.515591025352478
losses_test/task:	1.6443167924880981
losses_test/concepts:	24.11037826538086
losses_test/total:	4.055355548858643
calibration_test/ece:	0.1676684319972992
calibration_test/brier:	0.4556640684604645
accuracy_test/task:	69.84811874352779
accuracy_test/concepts:	94.73406219482422
map_test/concepts:	0.9297389756549489

Epoch 99
losses_train/task:	0.6028745770454407
losses_train/concepts:	8.296807289123535
losses_train/total:	1.4325551986694336
losses_test/task:	1.749350905418396
losses_test/concepts:	28.64931869506836
losses_test/total:	4.614282608032227
calibration_test/ece:	0.17251968383789062
calibration_test/brier:	0.5000921487808228
accuracy_test/task:	66.22367966862271
accuracy_test/concepts:	93.94985961914062
map_test/concepts:	0.9111033331264149

Epoch 100
losses_train/task:	0.6380622386932373
losses_train/concepts:	8.512020111083984
losses_train/total:	1.4892642498016357
losses_test/task:	1.692289113998413
losses_test/concepts:	25.55276107788086
losses_test/total:	4.247565746307373
calibration_test/ece:	0.1668604612350464
calibration_test/brier:	0.4751952588558197
accuracy_test/task:	68.51915774939593
accuracy_test/concepts:	94.3807144165039
map_test/concepts:	0.9241639397361062

Epoch 101
losses_train/task:	0.5392680168151855
losses_train/concepts:	7.829217433929443
losses_train/total:	1.3221898078918457
losses_test/task:	1.374379277229309
losses_test/concepts:	21.426633834838867
losses_test/total:	3.517042875289917
calibration_test/ece:	0.1405968964099884
calibration_test/brier:	0.39615684747695923
accuracy_test/task:	73.97307559544356
accuracy_test/concepts:	95.44325256347656
map_test/concepts:	0.9429059711369601

Epoch 102
losses_train/task:	0.4924956262111664
losses_train/concepts:	7.6249260902404785
losses_train/total:	1.254988193511963
losses_test/task:	1.3559272289276123
losses_test/concepts:	20.87779426574707
losses_test/total:	3.443706750869751
calibration_test/ece:	0.13848038017749786
calibration_test/brier:	0.38737380504608154
accuracy_test/task:	74.76700034518467
accuracy_test/concepts:	95.5778579711914
map_test/concepts:	0.94528883153742

Epoch 103
losses_train/task:	0.4644799828529358
losses_train/concepts:	6.874424934387207
losses_train/total:	1.1519224643707275
losses_test/task:	1.3102048635482788
losses_test/concepts:	20.690162658691406
losses_test/total:	3.3792214393615723
calibration_test/ece:	0.13207092881202698
calibration_test/brier:	0.37621012330055237
accuracy_test/task:	75.69899896444598
accuracy_test/concepts:	95.73851776123047
map_test/concepts:	0.9467118859291077

Epoch 104
losses_train/task:	0.4927956461906433
losses_train/concepts:	7.040713787078857
losses_train/total:	1.1968666315078735
losses_test/task:	1.3158397674560547
losses_test/concepts:	20.79422378540039
losses_test/total:	3.395261764526367
calibration_test/ece:	0.13608740270137787
calibration_test/brier:	0.3775796592235565
accuracy_test/task:	75.50914739385571
accuracy_test/concepts:	95.74200439453125
map_test/concepts:	0.9469764026728543

Epoch 105
losses_train/task:	0.4447888731956482
losses_train/concepts:	6.450788974761963
losses_train/total:	1.0898678302764893
losses_test/task:	1.289379358291626
losses_test/concepts:	20.44938850402832
losses_test/total:	3.3343183994293213
calibration_test/ece:	0.13352295756340027
calibration_test/brier:	0.36962851881980896
accuracy_test/task:	76.06144287193649
accuracy_test/concepts:	95.7928466796875
map_test/concepts:	0.948089996251193

Epoch 106
losses_train/task:	0.4427432119846344
losses_train/concepts:	6.634489059448242
losses_train/total:	1.106191873550415
losses_test/task:	1.3009841442108154
losses_test/concepts:	20.667007446289062
losses_test/total:	3.3676843643188477
calibration_test/ece:	0.13761748373508453
calibration_test/brier:	0.371690958738327
accuracy_test/task:	75.95788746979635
accuracy_test/concepts:	95.88349914550781
map_test/concepts:	0.9482672756368463

Epoch 107
losses_train/task:	0.4396340847015381
losses_train/concepts:	6.471867084503174
losses_train/total:	1.0868208408355713
losses_test/task:	1.2968559265136719
losses_test/concepts:	20.75731086730957
losses_test/total:	3.372586965560913
calibration_test/ece:	0.13855023682117462
calibration_test/brier:	0.37010082602500916
accuracy_test/task:	76.02692440455644
accuracy_test/concepts:	95.93059539794922
map_test/concepts:	0.948827612400055

Epoch 108
losses_train/task:	0.41162553429603577
losses_train/concepts:	6.149099349975586
losses_train/total:	1.0265356302261353
losses_test/task:	1.2884210348129272
losses_test/concepts:	20.649877548217773
losses_test/total:	3.3534092903137207
calibration_test/ece:	0.13576799631118774
calibration_test/brier:	0.3670138418674469
accuracy_test/task:	76.38936831204694
accuracy_test/concepts:	95.98485565185547
map_test/concepts:	0.9491901603612033

Epoch 109
losses_train/task:	0.4145655930042267
losses_train/concepts:	6.100258827209473
losses_train/total:	1.0245914459228516
losses_test/task:	1.2913533449172974
losses_test/concepts:	20.74587059020996
losses_test/total:	3.365940570831299
calibration_test/ece:	0.13796576857566833
calibration_test/brier:	0.36662405729293823
accuracy_test/task:	76.2167759751467
accuracy_test/concepts:	96.00934600830078
map_test/concepts:	0.9500821059400385

Epoch 110
losses_train/task:	0.4310265779495239
losses_train/concepts:	6.453761100769043
losses_train/total:	1.0764025449752808
losses_test/task:	1.2899526357650757
losses_test/concepts:	21.143434524536133
losses_test/total:	3.404294967651367
calibration_test/ece:	0.13665884733200073
calibration_test/brier:	0.3670824468135834
accuracy_test/task:	76.38936831204694
accuracy_test/concepts:	96.05769348144531
map_test/concepts:	0.9500199415467002

Epoch 111
losses_train/task:	0.413889080286026
losses_train/concepts:	6.221953868865967
losses_train/total:	1.0360844135284424
losses_test/task:	1.278653860092163
losses_test/concepts:	20.678512573242188
losses_test/total:	3.3465046882629395
calibration_test/ece:	0.1330530196428299
calibration_test/brier:	0.3646582365036011
accuracy_test/task:	76.59647911632723
accuracy_test/concepts:	95.99430084228516
map_test/concepts:	0.9494642539457842

Epoch 112
losses_train/task:	0.45719945430755615
losses_train/concepts:	6.412719249725342
losses_train/total:	1.0984716415405273
losses_test/task:	1.2905635833740234
losses_test/concepts:	21.248319625854492
losses_test/total:	3.415395975112915
calibration_test/ece:	0.13376390933990479
calibration_test/brier:	0.3635930120944977
accuracy_test/task:	76.63099758370728
accuracy_test/concepts:	96.0595703125
map_test/concepts:	0.949705830487338

Epoch 113
losses_train/task:	0.38513657450675964
losses_train/concepts:	5.7863078117370605
losses_train/total:	0.963767409324646
losses_test/task:	1.2866169214248657
losses_test/concepts:	21.26630973815918
losses_test/total:	3.41324782371521
calibration_test/ece:	0.13759610056877136
calibration_test/brier:	0.36585381627082825
accuracy_test/task:	76.44114601311702
accuracy_test/concepts:	96.10660552978516
map_test/concepts:	0.9500471505251797

Epoch 114
losses_train/task:	0.41282328963279724
losses_train/concepts:	6.259642124176025
losses_train/total:	1.0387873649597168
losses_test/task:	1.3011635541915894
losses_test/concepts:	21.05512237548828
losses_test/total:	3.406675338745117
calibration_test/ece:	0.13908720016479492
calibration_test/brier:	0.36740872263908386
accuracy_test/task:	76.37210907835691
accuracy_test/concepts:	96.08561706542969
map_test/concepts:	0.9502097411589189

Epoch 115
losses_train/task:	0.4197690486907959
losses_train/concepts:	6.108476161956787
losses_train/total:	1.0306167602539062
losses_test/task:	1.3130195140838623
losses_test/concepts:	21.20772361755371
losses_test/total:	3.4337921142578125
calibration_test/ece:	0.13823598623275757
calibration_test/brier:	0.3668108284473419
accuracy_test/task:	76.45840524680705
accuracy_test/concepts:	96.10631561279297
map_test/concepts:	0.9497272578152743

Epoch 116
losses_train/task:	0.37314000725746155
losses_train/concepts:	5.600948810577393
losses_train/total:	0.9332348704338074
losses_test/task:	1.304883360862732
losses_test/concepts:	21.45517349243164
losses_test/total:	3.45039963722229
calibration_test/ece:	0.13729645311832428
calibration_test/brier:	0.3669361472129822
accuracy_test/task:	76.5792198826372
accuracy_test/concepts:	96.12263488769531
map_test/concepts:	0.9496954441070556

Epoch 117
losses_train/task:	0.40890899300575256
losses_train/concepts:	6.2079010009765625
losses_train/total:	1.0296992063522339
losses_test/task:	1.2909421920776367
losses_test/concepts:	21.203115463256836
losses_test/total:	3.4112536907196045
calibration_test/ece:	0.1372658610343933
calibration_test/brier:	0.3632735311985016
accuracy_test/task:	76.61373835001726
accuracy_test/concepts:	96.12767791748047
map_test/concepts:	0.9501615448431535

Epoch 118
losses_train/task:	0.3864876627922058
losses_train/concepts:	5.811251640319824
losses_train/total:	0.9676127433776855
losses_test/task:	1.3035588264465332
losses_test/concepts:	21.14280128479004
losses_test/total:	3.4178390502929688
calibration_test/ece:	0.13470330834388733
calibration_test/brier:	0.36227577924728394
accuracy_test/task:	76.88988608905764
accuracy_test/concepts:	96.12232208251953
map_test/concepts:	0.9501614321361889

Epoch 119
losses_train/task:	0.38811469078063965
losses_train/concepts:	5.801517963409424
losses_train/total:	0.9682663679122925
losses_test/task:	1.3177887201309204
losses_test/concepts:	22.03403091430664
losses_test/total:	3.5211918354034424
calibration_test/ece:	0.13668295741081238
calibration_test/brier:	0.36576446890830994
accuracy_test/task:	76.7172937521574
accuracy_test/concepts:	96.12389373779297
map_test/concepts:	0.9498899698257446

Epoch 120
losses_train/task:	0.35654106736183167
losses_train/concepts:	5.481618881225586
losses_train/total:	0.90470290184021
losses_test/task:	1.315392255783081
losses_test/concepts:	21.679725646972656
losses_test/total:	3.4833643436431885
calibration_test/ece:	0.1387743055820465
calibration_test/brier:	0.3672870993614197
accuracy_test/task:	76.51018294787711
accuracy_test/concepts:	96.10508728027344
map_test/concepts:	0.9501979502764615

Epoch 121
losses_train/task:	0.38307106494903564
losses_train/concepts:	5.556667327880859
losses_train/total:	0.9387379288673401
losses_test/task:	1.30585515499115
losses_test/concepts:	21.60790252685547
losses_test/total:	3.466644763946533
calibration_test/ece:	0.1354573369026184
calibration_test/brier:	0.3635495901107788
accuracy_test/task:	76.66551605108734
accuracy_test/concepts:	96.14523315429688
map_test/concepts:	0.9504093094305559

Epoch 122
losses_train/task:	0.37756407260894775
losses_train/concepts:	5.705904483795166
losses_train/total:	0.9481544494628906
losses_test/task:	1.3065505027770996
losses_test/concepts:	21.499176025390625
losses_test/total:	3.456468343734741
calibration_test/ece:	0.13403008878231049
calibration_test/brier:	0.36235079169273376
accuracy_test/task:	76.95892302381775
accuracy_test/concepts:	96.17096710205078
map_test/concepts:	0.9507448716597123

Epoch 123
losses_train/task:	0.39211127161979675
losses_train/concepts:	5.5567193031311035
losses_train/total:	0.9477829933166504
losses_test/task:	1.2926841974258423
losses_test/concepts:	21.25559425354004
losses_test/total:	3.418243169784546
calibration_test/ece:	0.13776251673698425
calibration_test/brier:	0.3618585765361786
accuracy_test/task:	76.7863306869175
accuracy_test/concepts:	96.1932144165039
map_test/concepts:	0.9513867985118519

Epoch 124
losses_train/task:	0.401260644197464
losses_train/concepts:	5.839581489562988
losses_train/total:	0.9852187037467957
losses_test/task:	1.2941157817840576
losses_test/concepts:	21.189687728881836
losses_test/total:	3.413084030151367
calibration_test/ece:	0.13618797063827515
calibration_test/brier:	0.36129939556121826
accuracy_test/task:	76.9244045564377
accuracy_test/concepts:	96.19230651855469
map_test/concepts:	0.9512429529970342

Epoch 125
losses_train/task:	0.3486499786376953
losses_train/concepts:	5.238424777984619
losses_train/total:	0.8724925518035889
losses_test/task:	1.2804807424545288
losses_test/concepts:	21.281959533691406
losses_test/total:	3.408676862716675
calibration_test/ece:	0.1366107314825058
calibration_test/brier:	0.3623415231704712
accuracy_test/task:	76.68277528477735
accuracy_test/concepts:	96.1778564453125
map_test/concepts:	0.9507694699547508

Epoch 126
losses_train/task:	0.35985782742500305
losses_train/concepts:	5.3592424392700195
losses_train/total:	0.8957820534706116
losses_test/task:	1.2865182161331177
losses_test/concepts:	21.73463249206543
losses_test/total:	3.459981679916382
calibration_test/ece:	0.13669472932815552
calibration_test/brier:	0.3624049723148346
accuracy_test/task:	76.76907145322748
accuracy_test/concepts:	96.1822509765625
map_test/concepts:	0.9506123445250771

Epoch 127
losses_train/task:	0.39099767804145813
losses_train/concepts:	5.681861877441406
losses_train/total:	0.9591838121414185
losses_test/task:	1.291551113128662
losses_test/concepts:	20.946880340576172
losses_test/total:	3.3862390518188477
calibration_test/ece:	0.13587859272956848
calibration_test/brier:	0.3612153232097626
accuracy_test/task:	76.99344149119779
accuracy_test/concepts:	96.20578002929688
map_test/concepts:	0.9514615048061718

Epoch 128
losses_train/task:	0.393711656332016
losses_train/concepts:	5.762212753295898
losses_train/total:	0.9699329733848572
losses_test/task:	1.2957652807235718
losses_test/concepts:	21.27646255493164
losses_test/total:	3.4234118461608887
calibration_test/ece:	0.13640785217285156
calibration_test/brier:	0.3631821572780609
accuracy_test/task:	76.76907145322748
accuracy_test/concepts:	96.18949127197266
map_test/concepts:	0.9513084075667642

Epoch 129
losses_train/task:	0.35954976081848145
losses_train/concepts:	5.2182393074035645
losses_train/total:	0.8813735842704773
losses_test/task:	1.2798619270324707
losses_test/concepts:	21.021474838256836
losses_test/total:	3.382009506225586
calibration_test/ece:	0.13614335656166077
calibration_test/brier:	0.3606746792793274
accuracy_test/task:	76.9244045564377
accuracy_test/concepts:	96.15180969238281
map_test/concepts:	0.9509892062707381

Epoch 130
losses_train/task:	0.34433498978614807
losses_train/concepts:	5.242680549621582
losses_train/total:	0.8686031103134155
losses_test/task:	1.2901922464370728
losses_test/concepts:	22.044322967529297
losses_test/total:	3.494624614715576
calibration_test/ece:	0.1369776725769043
calibration_test/brier:	0.3627190589904785
accuracy_test/task:	76.76907145322748
accuracy_test/concepts:	96.1546630859375
map_test/concepts:	0.9502091440287503

Epoch 131
losses_train/task:	0.3698308765888214
losses_train/concepts:	5.484257698059082
losses_train/total:	0.9182567596435547
losses_test/task:	1.3140016794204712
losses_test/concepts:	22.18288803100586
losses_test/total:	3.5322892665863037
calibration_test/ece:	0.14073550701141357
calibration_test/brier:	0.3653184771537781
accuracy_test/task:	76.59647911632723
accuracy_test/concepts:	96.1640625
map_test/concepts:	0.9501310261813077

Epoch 132
losses_train/task:	0.39026278257369995
losses_train/concepts:	5.71284294128418
losses_train/total:	0.9615472555160522
losses_test/task:	1.3033883571624756
losses_test/concepts:	21.504026412963867
losses_test/total:	3.4537909030914307
calibration_test/ece:	0.1419418901205063
calibration_test/brier:	0.3648560345172882
accuracy_test/task:	76.63099758370728
accuracy_test/concepts:	96.15808868408203
map_test/concepts:	0.9504796700044111

Epoch 133
losses_train/task:	0.3262547254562378
losses_train/concepts:	5.062982559204102
losses_train/total:	0.832552969455719
losses_test/task:	1.3206937313079834
losses_test/concepts:	21.69203758239746
losses_test/total:	3.4898974895477295
calibration_test/ece:	0.14239516854286194
calibration_test/brier:	0.3692067861557007
accuracy_test/task:	76.26855367621678
accuracy_test/concepts:	96.09878540039062
map_test/concepts:	0.9498671054840088

Epoch 134
losses_train/task:	0.3632332682609558
losses_train/concepts:	5.343428611755371
losses_train/total:	0.897576093673706
losses_test/task:	1.3238805532455444
losses_test/concepts:	21.81268882751465
losses_test/total:	3.505150318145752
calibration_test/ece:	0.14031648635864258
calibration_test/brier:	0.3666645288467407
accuracy_test/task:	76.56196064894719
accuracy_test/concepts:	96.12921905517578
map_test/concepts:	0.9501067248257724

Epoch 135
losses_train/task:	0.3647773563861847
losses_train/concepts:	5.387139797210693
losses_train/total:	0.903491199016571
losses_test/task:	1.346510887145996
losses_test/concepts:	22.114253997802734
losses_test/total:	3.557935953140259
calibration_test/ece:	0.14043067395687103
calibration_test/brier:	0.3680289387702942
accuracy_test/task:	76.66551605108734
accuracy_test/concepts:	96.14459991455078
map_test/concepts:	0.9496028499169783

Epoch 136
losses_train/task:	0.34428679943084717
losses_train/concepts:	5.188875198364258
losses_train/total:	0.8631743788719177
losses_test/task:	1.3137866258621216
losses_test/concepts:	21.657773971557617
losses_test/total:	3.4795639514923096
calibration_test/ece:	0.1388116180896759
calibration_test/brier:	0.36900368332862854
accuracy_test/task:	76.54470141525717
accuracy_test/concepts:	96.14556121826172
map_test/concepts:	0.9504375576972961

Epoch 137
losses_train/task:	0.38606730103492737
losses_train/concepts:	5.734612464904785
losses_train/total:	0.9595286846160889
losses_test/task:	1.307244896888733
losses_test/concepts:	21.689117431640625
losses_test/total:	3.4761555194854736
calibration_test/ece:	0.14011090993881226
calibration_test/brier:	0.36811479926109314
accuracy_test/task:	76.61373835001726
accuracy_test/concepts:	96.15336608886719
map_test/concepts:	0.9506358330900019

Epoch 138
losses_train/task:	0.37288370728492737
losses_train/concepts:	5.603119850158691
losses_train/total:	0.9331957101821899
losses_test/task:	1.3288809061050415
losses_test/concepts:	22.781328201293945
losses_test/total:	3.607013702392578
calibration_test/ece:	0.1419430673122406
calibration_test/brier:	0.3685548007488251
accuracy_test/task:	76.52744218156714
accuracy_test/concepts:	96.15902709960938
map_test/concepts:	0.9499301346865567

Epoch 139
losses_train/task:	0.3608177602291107
losses_train/concepts:	5.393298149108887
losses_train/total:	0.900147557258606
losses_test/task:	1.321480393409729
losses_test/concepts:	22.010921478271484
losses_test/total:	3.5225720405578613
calibration_test/ece:	0.1400315761566162
calibration_test/brier:	0.36776915192604065
accuracy_test/task:	76.61373835001726
accuracy_test/concepts:	96.15966796875
map_test/concepts:	0.950364532253959

Epoch 140
losses_train/task:	0.3477848172187805
losses_train/concepts:	5.2526960372924805
losses_train/total:	0.8730545043945312
losses_test/task:	1.3279104232788086
losses_test/concepts:	21.736305236816406
losses_test/total:	3.501540422439575
calibration_test/ece:	0.1448805034160614
calibration_test/brier:	0.37147438526153564
accuracy_test/task:	76.3548498446669
accuracy_test/concepts:	96.14240264892578
map_test/concepts:	0.9500142021612688

Epoch 141
losses_train/task:	0.3723275661468506
losses_train/concepts:	5.590944290161133
losses_train/total:	0.9314218759536743
losses_test/task:	1.3410922288894653
losses_test/concepts:	21.716310501098633
losses_test/total:	3.512723684310913
calibration_test/ece:	0.14240901172161102
calibration_test/brier:	0.370044082403183
accuracy_test/task:	76.49292371418709
accuracy_test/concepts:	96.14366912841797
map_test/concepts:	0.9500440369952808

Epoch 142
losses_train/task:	0.34134945273399353
losses_train/concepts:	5.157132625579834
losses_train/total:	0.8570627570152283
losses_test/task:	1.3657640218734741
losses_test/concepts:	22.601613998413086
losses_test/total:	3.6259255409240723
calibration_test/ece:	0.14291098713874817
calibration_test/brier:	0.37181100249290466
accuracy_test/task:	76.51018294787711
accuracy_test/concepts:	96.16437530517578
map_test/concepts:	0.9497016310691834

Epoch 143
losses_train/task:	0.3702032268047333
losses_train/concepts:	5.470247745513916
losses_train/total:	0.9172282218933105
losses_test/task:	1.351097822189331
losses_test/concepts:	22.223018646240234
losses_test/total:	3.573399543762207
calibration_test/ece:	0.1412401795387268
calibration_test/brier:	0.36767977476119995
accuracy_test/task:	76.59647911632723
accuracy_test/concepts:	96.12609100341797
map_test/concepts:	0.9500111764127558

Epoch 144
losses_train/task:	0.3410366177558899
losses_train/concepts:	5.057688236236572
losses_train/total:	0.8468054533004761
losses_test/task:	1.3491863012313843
losses_test/concepts:	22.28709602355957
losses_test/total:	3.577897071838379
calibration_test/ece:	0.144901841878891
calibration_test/brier:	0.37103748321533203
accuracy_test/task:	76.33759061097687
accuracy_test/concepts:	96.18728637695312
map_test/concepts:	0.9503019235350869

Epoch 145
losses_train/task:	0.3477053642272949
losses_train/concepts:	5.048980236053467
losses_train/total:	0.8526033163070679
losses_test/task:	1.3409931659698486
losses_test/concepts:	22.566606521606445
losses_test/total:	3.597653388977051
calibration_test/ece:	0.13899575173854828
calibration_test/brier:	0.36726120114326477
accuracy_test/task:	77.01070072488781
accuracy_test/concepts:	96.18538665771484
map_test/concepts:	0.9502699234268882

Epoch 146
losses_train/task:	0.3854142129421234
losses_train/concepts:	5.640839099884033
losses_train/total:	0.9494979381561279
losses_test/task:	1.3411799669265747
losses_test/concepts:	22.525625228881836
losses_test/total:	3.5937423706054688
calibration_test/ece:	0.140472412109375
calibration_test/brier:	0.36750176548957825
accuracy_test/task:	76.76907145322748
accuracy_test/concepts:	96.15966796875
map_test/concepts:	0.9497067733244462

Epoch 147
losses_train/task:	0.3832494616508484
losses_train/concepts:	5.518360614776611
losses_train/total:	0.935085654258728
losses_test/task:	1.3353115320205688
losses_test/concepts:	23.08307456970215
losses_test/total:	3.6436190605163574
calibration_test/ece:	0.1417180895805359
calibration_test/brier:	0.3660911023616791
accuracy_test/task:	76.66551605108734
accuracy_test/concepts:	96.22115325927734
map_test/concepts:	0.9500004757534374

Epoch 148
losses_train/task:	0.3535248339176178
losses_train/concepts:	5.074446678161621
losses_train/total:	0.8609694838523865
losses_test/task:	1.3233513832092285
losses_test/concepts:	22.751611709594727
losses_test/total:	3.5985124111175537
calibration_test/ece:	0.1400003731250763
calibration_test/brier:	0.36575648188591003
accuracy_test/task:	76.70003451846738
accuracy_test/concepts:	96.24657440185547
map_test/concepts:	0.9503531477668069

Epoch 149
losses_train/task:	0.3452962636947632
losses_train/concepts:	5.216228485107422
losses_train/total:	0.8669191598892212
losses_test/task:	1.3345162868499756
losses_test/concepts:	22.594602584838867
losses_test/total:	3.5939769744873047
calibration_test/ece:	0.1395721137523651
calibration_test/brier:	0.3679211139678955
accuracy_test/task:	76.64825681739731
accuracy_test/concepts:	96.21080780029297
map_test/concepts:	0.9496375333179127

Epoch 150
losses_train/task:	0.33393198251724243
losses_train/concepts:	4.9138569831848145
losses_train/total:	0.8253177404403687
losses_test/task:	1.331007480621338
losses_test/concepts:	22.291549682617188
losses_test/total:	3.5601625442504883
calibration_test/ece:	0.14202634990215302
calibration_test/brier:	0.36925625801086426
accuracy_test/task:	76.59647911632723
accuracy_test/concepts:	96.21992492675781
map_test/concepts:	0.950097790631381

Epoch 151
losses_train/task:	0.3500886559486389
losses_train/concepts:	5.128404140472412
losses_train/total:	0.862929105758667
losses_test/task:	1.3267110586166382
losses_test/concepts:	22.096118927001953
losses_test/total:	3.536322593688965
calibration_test/ece:	0.14074057340621948
calibration_test/brier:	0.36996933817863464
accuracy_test/task:	76.68277528477735
accuracy_test/concepts:	96.16844177246094
map_test/concepts:	0.9499083063819191

Epoch 152
losses_train/task:	0.3533572256565094
losses_train/concepts:	5.161206245422363
losses_train/total:	0.8694778084754944
losses_test/task:	1.3294506072998047
losses_test/concepts:	22.301063537597656
losses_test/total:	3.5595576763153076
calibration_test/ece:	0.1385500133037567
calibration_test/brier:	0.36580973863601685
accuracy_test/task:	76.75181221953746
accuracy_test/concepts:	96.17912292480469
map_test/concepts:	0.9499945001168685

Epoch 153
losses_train/task:	0.30095362663269043
losses_train/concepts:	4.692503452301025
losses_train/total:	0.7702040672302246
losses_test/task:	1.3304189443588257
losses_test/concepts:	21.885744094848633
losses_test/total:	3.518993377685547
calibration_test/ece:	0.14175404608249664
calibration_test/brier:	0.3672574460506439
accuracy_test/task:	76.423886779427
accuracy_test/concepts:	96.19325256347656
map_test/concepts:	0.9505908500064503

Epoch 154
losses_train/task:	0.31153979897499084
losses_train/concepts:	4.766018867492676
losses_train/total:	0.7881417870521545
losses_test/task:	1.350522756576538
losses_test/concepts:	22.519948959350586
losses_test/total:	3.6025171279907227
calibration_test/ece:	0.14051106572151184
calibration_test/brier:	0.36906835436820984
accuracy_test/task:	76.7172937521574
accuracy_test/concepts:	96.21614837646484
map_test/concepts:	0.9502334659749812

Epoch 155
losses_train/task:	0.3548816442489624
losses_train/concepts:	5.187966346740723
losses_train/total:	0.8736785054206848
losses_test/task:	1.3447903394699097
losses_test/concepts:	22.403982162475586
losses_test/total:	3.5851891040802
calibration_test/ece:	0.14269156754016876
calibration_test/brier:	0.36888301372528076
accuracy_test/task:	76.49292371418709
accuracy_test/concepts:	96.17974853515625
map_test/concepts:	0.9500147299333053

Epoch 156
losses_train/task:	0.35665956139564514
losses_train/concepts:	5.357264041900635
losses_train/total:	0.8923859596252441
losses_test/task:	1.3325947523117065
losses_test/concepts:	22.884599685668945
losses_test/total:	3.6210546493530273
calibration_test/ece:	0.141879141330719
calibration_test/brier:	0.365785151720047
accuracy_test/task:	76.44114601311702
accuracy_test/concepts:	96.2152099609375
map_test/concepts:	0.9501650539311496

Epoch 157
losses_train/task:	0.33436086773872375
losses_train/concepts:	4.883012294769287
losses_train/total:	0.8226620554924011
losses_test/task:	1.3269485235214233
losses_test/concepts:	22.93402099609375
losses_test/total:	3.6203510761260986
calibration_test/ece:	0.1418718695640564
calibration_test/brier:	0.3682367205619812
accuracy_test/task:	76.44114601311702
accuracy_test/concepts:	96.24407958984375
map_test/concepts:	0.950257839939811

Epoch 158
losses_train/task:	0.34702086448669434
losses_train/concepts:	5.118128299713135
losses_train/total:	0.858833909034729
losses_test/task:	1.3531382083892822
losses_test/concepts:	22.833293914794922
losses_test/total:	3.636467695236206
calibration_test/ece:	0.14419324696063995
calibration_test/brier:	0.370840460062027
accuracy_test/task:	76.2167759751467
accuracy_test/concepts:	96.18164825439453
map_test/concepts:	0.9500295487317172

Epoch 159
losses_train/task:	0.3361479938030243
losses_train/concepts:	5.077306270599365
losses_train/total:	0.8438785672187805
losses_test/task:	1.3293554782867432
losses_test/concepts:	22.26753807067871
losses_test/total:	3.5561087131500244
calibration_test/ece:	0.14206388592720032
calibration_test/brier:	0.3650569021701813
accuracy_test/task:	76.59647911632723
accuracy_test/concepts:	96.21490478515625
map_test/concepts:	0.950505501573736

Epoch 160
losses_train/task:	0.33241763710975647
losses_train/concepts:	4.934060096740723
losses_train/total:	0.8258237242698669
losses_test/task:	1.3572207689285278
losses_test/concepts:	22.36334991455078
losses_test/total:	3.5935566425323486
calibration_test/ece:	0.1461389809846878
calibration_test/brier:	0.37309524416923523
accuracy_test/task:	76.14773904038661
accuracy_test/concepts:	96.15338134765625
map_test/concepts:	0.9496868090196089

Epoch 161
losses_train/task:	0.33253467082977295
losses_train/concepts:	4.915631294250488
losses_train/total:	0.8240976929664612
losses_test/task:	1.3582353591918945
losses_test/concepts:	22.207069396972656
losses_test/total:	3.578941822052002
calibration_test/ece:	0.14504024386405945
calibration_test/brier:	0.3730005621910095
accuracy_test/task:	76.32033137728685
accuracy_test/concepts:	96.1345443725586
map_test/concepts:	0.9497825199907476

Epoch 162
losses_train/task:	0.3271762728691101
losses_train/concepts:	4.7833733558654785
losses_train/total:	0.8055136799812317
losses_test/task:	1.3542119264602661
losses_test/concepts:	22.582801818847656
losses_test/total:	3.612492084503174
calibration_test/ece:	0.14532725512981415
calibration_test/brier:	0.37145304679870605
accuracy_test/task:	76.33759061097687
accuracy_test/concepts:	96.17223358154297
map_test/concepts:	0.9501524405045942

Epoch 163
losses_train/task:	0.3250473737716675
losses_train/concepts:	4.977691650390625
losses_train/total:	0.8228165507316589
losses_test/task:	1.3509807586669922
losses_test/concepts:	22.535552978515625
losses_test/total:	3.604536771774292
calibration_test/ece:	0.143993079662323
calibration_test/brier:	0.3706539273262024
accuracy_test/task:	76.47566448049706
accuracy_test/concepts:	96.20172119140625
map_test/concepts:	0.9501506577838551

Epoch 164
losses_train/task:	0.3438834846019745
losses_train/concepts:	4.967007637023926
losses_train/total:	0.8405842781066895
losses_test/task:	1.3580539226531982
losses_test/concepts:	22.783830642700195
losses_test/total:	3.636436939239502
calibration_test/ece:	0.14625856280326843
calibration_test/brier:	0.37552836537361145
accuracy_test/task:	76.0787021056265
accuracy_test/concepts:	96.18353271484375
map_test/concepts:	0.9496677279472351

Epoch 165
losses_train/task:	0.3209899663925171
losses_train/concepts:	4.787254810333252
losses_train/total:	0.7997153997421265
losses_test/task:	1.349254846572876
losses_test/concepts:	22.45979118347168
losses_test/total:	3.595233917236328
calibration_test/ece:	0.14298921823501587
calibration_test/brier:	0.3712112307548523
accuracy_test/task:	76.33759061097687
accuracy_test/concepts:	96.18665313720703
map_test/concepts:	0.9499729557470842

Epoch 166
losses_train/task:	0.3310813903808594
losses_train/concepts:	5.053743839263916
losses_train/total:	0.8364558815956116
losses_test/task:	1.343253493309021
losses_test/concepts:	22.214908599853516
losses_test/total:	3.564744710922241
calibration_test/ece:	0.14092129468917847
calibration_test/brier:	0.36801376938819885
accuracy_test/task:	76.75181221953746
accuracy_test/concepts:	96.1894760131836
map_test/concepts:	0.9502445015040311

Epoch 167
losses_train/task:	0.3488021790981293
losses_train/concepts:	5.142760276794434
losses_train/total:	0.863078236579895
losses_test/task:	1.3238582611083984
losses_test/concepts:	21.7916259765625
losses_test/total:	3.5030205249786377
calibration_test/ece:	0.1390323042869568
calibration_test/brier:	0.3648795783519745
accuracy_test/task:	76.75181221953746
accuracy_test/concepts:	96.18697357177734
map_test/concepts:	0.9505310448733243

Epoch 168
losses_train/task:	0.32193219661712646
losses_train/concepts:	4.704417705535889
losses_train/total:	0.7923739552497864
losses_test/task:	1.326989769935608
losses_test/concepts:	21.83856964111328
losses_test/total:	3.5108470916748047
calibration_test/ece:	0.1392137110233307
calibration_test/brier:	0.3657224774360657
accuracy_test/task:	76.64825681739731
accuracy_test/concepts:	96.15998077392578
map_test/concepts:	0.9502823526209051

Epoch 169
losses_train/task:	0.3496738076210022
losses_train/concepts:	5.084722518920898
losses_train/total:	0.8581461906433105
losses_test/task:	1.3442033529281616
losses_test/concepts:	22.52890968322754
losses_test/total:	3.5970940589904785
calibration_test/ece:	0.1422167718410492
calibration_test/brier:	0.36720308661460876
accuracy_test/task:	76.47566448049706
accuracy_test/concepts:	96.19386291503906
map_test/concepts:	0.9498325066132979

Epoch 170
losses_train/task:	0.3361780047416687
losses_train/concepts:	4.977545261383057
losses_train/total:	0.8339325189590454
losses_test/task:	1.3394367694854736
losses_test/concepts:	22.356584548950195
losses_test/total:	3.57509446144104
calibration_test/ece:	0.14469343423843384
calibration_test/brier:	0.3681889772415161
accuracy_test/task:	76.32033137728685
accuracy_test/concepts:	96.19825744628906
map_test/concepts:	0.9503109260038896

Epoch 171
losses_train/task:	0.3157217502593994
losses_train/concepts:	4.7955708503723145
losses_train/total:	0.7952788472175598
losses_test/task:	1.3287110328674316
losses_test/concepts:	22.101343154907227
losses_test/total:	3.5388450622558594
calibration_test/ece:	0.14135244488716125
calibration_test/brier:	0.36395177245140076
accuracy_test/task:	76.56196064894719
accuracy_test/concepts:	96.1888427734375
map_test/concepts:	0.9505166573957964

Epoch 172
losses_train/task:	0.34505558013916016
losses_train/concepts:	5.076709270477295
losses_train/total:	0.8527266383171082
losses_test/task:	1.3645203113555908
losses_test/concepts:	23.008317947387695
losses_test/total:	3.6653523445129395
calibration_test/ece:	0.14616256952285767
calibration_test/brier:	0.3689522445201874
accuracy_test/task:	76.45840524680705
accuracy_test/concepts:	96.21928405761719
map_test/concepts:	0.9505505247549577

Epoch 173
losses_train/task:	0.32900795340538025
losses_train/concepts:	4.897754669189453
losses_train/total:	0.8187835812568665
losses_test/task:	1.3327854871749878
losses_test/concepts:	22.434955596923828
losses_test/total:	3.5762808322906494
calibration_test/ece:	0.14175894856452942
calibration_test/brier:	0.36681580543518066
accuracy_test/task:	76.56196064894719
accuracy_test/concepts:	96.1904067993164
map_test/concepts:	0.9502711426128041

Epoch 174
losses_train/task:	0.32325729727745056
losses_train/concepts:	4.941147327423096
losses_train/total:	0.8173720240592957
losses_test/task:	1.3543943166732788
losses_test/concepts:	22.643566131591797
losses_test/total:	3.6187503337860107
calibration_test/ece:	0.1419965624809265
calibration_test/brier:	0.36740946769714355
accuracy_test/task:	76.68277528477735
accuracy_test/concepts:	96.19073486328125
map_test/concepts:	0.950505810434168

Epoch 175
losses_train/task:	0.3422984182834625
losses_train/concepts:	5.036263465881348
losses_train/total:	0.8459248542785645
losses_test/task:	1.3727343082427979
losses_test/concepts:	23.25874137878418
losses_test/total:	3.6986093521118164
calibration_test/ece:	0.14602893590927124
calibration_test/brier:	0.3737380802631378
accuracy_test/task:	76.26855367621678
accuracy_test/concepts:	96.1653060913086
map_test/concepts:	0.9498161576010964

Epoch 176
losses_train/task:	0.3415876626968384
losses_train/concepts:	5.174814224243164
losses_train/total:	0.8590691089630127
losses_test/task:	1.3554970026016235
losses_test/concepts:	22.59969711303711
losses_test/total:	3.615466356277466
calibration_test/ece:	0.14473727345466614
calibration_test/brier:	0.36974814534187317
accuracy_test/task:	76.51018294787711
accuracy_test/concepts:	96.14554595947266
map_test/concepts:	0.949806686964902

Epoch 177
losses_train/task:	0.33371737599372864
losses_train/concepts:	5.142795085906982
losses_train/total:	0.8479968309402466
losses_test/task:	1.3354941606521606
losses_test/concepts:	21.844768524169922
losses_test/total:	3.519970417022705
calibration_test/ece:	0.14480525255203247
calibration_test/brier:	0.36988258361816406
accuracy_test/task:	76.2858129099068
accuracy_test/concepts:	96.10567474365234
map_test/concepts:	0.949833310734142

Epoch 178
losses_train/task:	0.3429122567176819
losses_train/concepts:	5.046471118927002
losses_train/total:	0.8475593328475952
losses_test/task:	1.3548663854599
losses_test/concepts:	22.576292037963867
losses_test/total:	3.6124958992004395
calibration_test/ece:	0.14155471324920654
calibration_test/brier:	0.3693666458129883
accuracy_test/task:	76.64825681739731
accuracy_test/concepts:	96.14995574951172
map_test/concepts:	0.9495791381055658

Epoch 179
losses_train/task:	0.33648836612701416
losses_train/concepts:	4.791210651397705
losses_train/total:	0.8156094551086426
losses_test/task:	1.3485667705535889
losses_test/concepts:	22.65489959716797
losses_test/total:	3.6140565872192383
calibration_test/ece:	0.14106309413909912
calibration_test/brier:	0.3691726624965668
accuracy_test/task:	76.40662754573697
accuracy_test/concepts:	96.13831329345703
map_test/concepts:	0.9495265570553866

Epoch 180
losses_train/task:	0.34482842683792114
losses_train/concepts:	4.9800519943237305
losses_train/total:	0.8428336977958679
losses_test/task:	1.349453091621399
losses_test/concepts:	23.112918853759766
losses_test/total:	3.6607446670532227
calibration_test/ece:	0.14195269346237183
calibration_test/brier:	0.3682527542114258
accuracy_test/task:	76.51018294787711
accuracy_test/concepts:	96.19699096679688
map_test/concepts:	0.9499187328598716

Epoch 181
losses_train/task:	0.32736364006996155
losses_train/concepts:	4.869334697723389
losses_train/total:	0.814297080039978
losses_test/task:	1.337299108505249
losses_test/concepts:	22.120635986328125
losses_test/total:	3.549362897872925
calibration_test/ece:	0.1407981514930725
calibration_test/brier:	0.36663851141929626
accuracy_test/task:	76.51018294787711
accuracy_test/concepts:	96.146484375
map_test/concepts:	0.9498261885209517

Epoch 182
losses_train/task:	0.330390602350235
losses_train/concepts:	4.85962438583374
losses_train/total:	0.8163530230522156
losses_test/task:	1.3542730808258057
losses_test/concepts:	23.22825050354004
losses_test/total:	3.677098512649536
calibration_test/ece:	0.14189863204956055
calibration_test/brier:	0.37050455808639526
accuracy_test/task:	76.26855367621678
accuracy_test/concepts:	96.1524429321289
map_test/concepts:	0.9493931488557296

Epoch 183
losses_train/task:	0.2935737371444702
losses_train/concepts:	4.547086715698242
losses_train/total:	0.7482825517654419
losses_test/task:	1.361313819885254
losses_test/concepts:	22.957592010498047
losses_test/total:	3.6570730209350586
calibration_test/ece:	0.14249414205551147
calibration_test/brier:	0.37140077352523804
accuracy_test/task:	76.2858129099068
accuracy_test/concepts:	96.11825561523438
map_test/concepts:	0.949227173761888

Epoch 184
losses_train/task:	0.30033838748931885
losses_train/concepts:	4.63976526260376
losses_train/total:	0.7643149495124817
losses_test/task:	1.3309228420257568
losses_test/concepts:	22.32103157043457
losses_test/total:	3.563026189804077
calibration_test/ece:	0.14165884256362915
calibration_test/brier:	0.36563724279403687
accuracy_test/task:	76.2858129099068
accuracy_test/concepts:	96.10160827636719
map_test/concepts:	0.9497472481294111

Epoch 185
losses_train/task:	0.3312242329120636
losses_train/concepts:	4.88450813293457
losses_train/total:	0.8196750283241272
losses_test/task:	1.3520934581756592
losses_test/concepts:	23.116872787475586
losses_test/total:	3.663780689239502
calibration_test/ece:	0.14482682943344116
calibration_test/brier:	0.3693666458129883
accuracy_test/task:	76.18225750776665
accuracy_test/concepts:	96.12075805664062
map_test/concepts:	0.9496960845860568

Epoch 186
losses_train/task:	0.3333180248737335
losses_train/concepts:	4.904715538024902
losses_train/total:	0.823789656162262
losses_test/task:	1.3489450216293335
losses_test/concepts:	22.760190963745117
losses_test/total:	3.624964475631714
calibration_test/ece:	0.13954892754554749
calibration_test/brier:	0.36522161960601807
accuracy_test/task:	76.83810838798757
accuracy_test/concepts:	96.13644409179688
map_test/concepts:	0.9501025286587802

Epoch 187
losses_train/task:	0.3277406096458435
losses_train/concepts:	4.7838029861450195
losses_train/total:	0.806120753288269
losses_test/task:	1.334149718284607
losses_test/concepts:	22.569692611694336
losses_test/total:	3.5911195278167725
calibration_test/ece:	0.14106503129005432
calibration_test/brier:	0.36367228627204895
accuracy_test/task:	76.59647911632723
accuracy_test/concepts:	96.16970825195312
map_test/concepts:	0.9502557429400358

Epoch 188
losses_train/task:	0.3298054337501526
losses_train/concepts:	4.810194969177246
losses_train/total:	0.8108249306678772
losses_test/task:	1.3671302795410156
losses_test/concepts:	23.57050132751465
losses_test/total:	3.724180221557617
calibration_test/ece:	0.14203432202339172
calibration_test/brier:	0.37025362253189087
accuracy_test/task:	76.44114601311702
accuracy_test/concepts:	96.1694107055664
map_test/concepts:	0.9498027563095093

Epoch 189
losses_train/task:	0.3205484449863434
losses_train/concepts:	4.661919593811035
losses_train/total:	0.7867403626441956
losses_test/task:	1.3445813655853271
losses_test/concepts:	22.477214813232422
losses_test/total:	3.5923027992248535
calibration_test/ece:	0.14167553186416626
calibration_test/brier:	0.36834222078323364
accuracy_test/task:	76.64825681739731
accuracy_test/concepts:	96.16344451904297
map_test/concepts:	0.950773602182215

Epoch 190
losses_train/task:	0.30325010418891907
losses_train/concepts:	4.637519836425781
losses_train/total:	0.7670020461082458
losses_test/task:	1.349255084991455
losses_test/concepts:	23.123628616333008
losses_test/total:	3.661618947982788
calibration_test/ece:	0.14147613942623138
calibration_test/brier:	0.36612316966056824
accuracy_test/task:	76.76907145322748
accuracy_test/concepts:	96.2092514038086
map_test/concepts:	0.9505840908397328

Epoch 191
losses_train/task:	0.3261948823928833
losses_train/concepts:	4.885820388793945
losses_train/total:	0.8147768378257751
losses_test/task:	1.33860445022583
losses_test/concepts:	22.24091911315918
losses_test/total:	3.562696695327759
calibration_test/ece:	0.14297187328338623
calibration_test/brier:	0.367657870054245
accuracy_test/task:	76.47566448049706
accuracy_test/concepts:	96.13579559326172
map_test/concepts:	0.950276855988936

Epoch 192
losses_train/task:	0.32529595494270325
losses_train/concepts:	4.650086402893066
losses_train/total:	0.7903047204017639
losses_test/task:	1.3317444324493408
losses_test/concepts:	22.86347007751465
losses_test/total:	3.6180920600891113
calibration_test/ece:	0.13793867826461792
calibration_test/brier:	0.36544036865234375
accuracy_test/task:	76.64825681739731
accuracy_test/concepts:	96.18728637695312
map_test/concepts:	0.9502916498617693

Epoch 193
losses_train/task:	0.3494150638580322
losses_train/concepts:	5.20191764831543
losses_train/total:	0.8696068525314331
losses_test/task:	1.362712025642395
losses_test/concepts:	23.26677703857422
losses_test/total:	3.689390182495117
calibration_test/ece:	0.14377045631408691
calibration_test/brier:	0.3708644509315491
accuracy_test/task:	76.14773904038661
accuracy_test/concepts:	96.15715789794922
map_test/concepts:	0.9497048074548895

Epoch 194
losses_train/task:	0.31413254141807556
losses_train/concepts:	4.589483261108398
losses_train/total:	0.7730808258056641
losses_test/task:	1.3363094329833984
losses_test/concepts:	22.846216201782227
losses_test/total:	3.620931386947632
calibration_test/ece:	0.14188754558563232
calibration_test/brier:	0.3688836693763733
accuracy_test/task:	76.2167759751467
accuracy_test/concepts:	96.18257904052734
map_test/concepts:	0.9497696952386336

Epoch 195
losses_train/task:	0.32653892040252686
losses_train/concepts:	4.8715620040893555
losses_train/total:	0.8136951923370361
losses_test/task:	1.3326797485351562
losses_test/concepts:	22.270219802856445
losses_test/total:	3.559701681137085
calibration_test/ece:	0.14024272561073303
calibration_test/brier:	0.3654390871524811
accuracy_test/task:	76.51018294787711
accuracy_test/concepts:	96.16529846191406
map_test/concepts:	0.9501606496897611

Epoch 196
losses_train/task:	0.3298484981060028
losses_train/concepts:	4.748603820800781
losses_train/total:	0.8047088384628296
losses_test/task:	1.3508230447769165
losses_test/concepts:	22.980045318603516
losses_test/total:	3.64882755279541
calibration_test/ece:	0.14314186573028564
calibration_test/brier:	0.36954060196876526
accuracy_test/task:	76.52744218156714
accuracy_test/concepts:	96.18601989746094
map_test/concepts:	0.9502152247862382

Epoch 197
losses_train/task:	0.3211415112018585
losses_train/concepts:	4.7727861404418945
losses_train/total:	0.7984201908111572
losses_test/task:	1.3660794496536255
losses_test/concepts:	23.16020393371582
losses_test/total:	3.6821000576019287
calibration_test/ece:	0.1468992829322815
calibration_test/brier:	0.3720451891422272
accuracy_test/task:	76.2167759751467
accuracy_test/concepts:	96.16876983642578
map_test/concepts:	0.9494796893813393

Epoch 198
losses_train/task:	0.3147079050540924
losses_train/concepts:	4.701091766357422
losses_train/total:	0.784817099571228
losses_test/task:	1.3543223142623901
losses_test/concepts:	22.995685577392578
losses_test/total:	3.65389084815979
calibration_test/ece:	0.1426956057548523
calibration_test/brier:	0.3685545325279236
accuracy_test/task:	76.3548498446669
accuracy_test/concepts:	96.16313934326172
map_test/concepts:	0.9490723469040611

Epoch 199
losses_train/task:	0.33057284355163574
losses_train/concepts:	4.968645095825195
losses_train/total:	0.8274372220039368
losses_test/task:	1.359745979309082
losses_test/concepts:	22.79551124572754
losses_test/total:	3.6392974853515625
calibration_test/ece:	0.14729347825050354
calibration_test/brier:	0.3713277280330658
accuracy_test/task:	76.02692440455644
accuracy_test/concepts:	96.1603012084961
map_test/concepts:	0.9493815183639527

Epoch 200
losses_train/task:	0.31520408391952515
losses_train/concepts:	4.654411792755127
losses_train/total:	0.7806451320648193
losses_test/task:	1.3259509801864624
losses_test/concepts:	22.060943603515625
losses_test/total:	3.5320448875427246
calibration_test/ece:	0.1392042338848114
calibration_test/brier:	0.3631608188152313
accuracy_test/task:	76.68277528477735
accuracy_test/concepts:	96.17062377929688
map_test/concepts:	0.9500632025978782

Epoch 201
losses_train/task:	0.32197338342666626
losses_train/concepts:	4.8387250900268555
losses_train/total:	0.8058459758758545
losses_test/task:	1.329818844795227
losses_test/concepts:	22.190229415893555
losses_test/total:	3.548842191696167
calibration_test/ece:	0.13925763964653015
calibration_test/brier:	0.3635106086730957
accuracy_test/task:	76.75181221953746
accuracy_test/concepts:	96.19197082519531
map_test/concepts:	0.9502359585328536

Epoch 202
losses_train/task:	0.34026363492012024
losses_train/concepts:	5.056990623474121
losses_train/total:	0.845962643623352
losses_test/task:	1.3295249938964844
losses_test/concepts:	22.156187057495117
losses_test/total:	3.545144557952881
calibration_test/ece:	0.14127317070960999
calibration_test/brier:	0.3652949631214142
accuracy_test/task:	76.59647911632723
accuracy_test/concepts:	96.18037414550781
map_test/concepts:	0.9501724221489646

Epoch 203
losses_train/task:	0.3304685354232788
losses_train/concepts:	4.986910343170166
losses_train/total:	0.829159677028656
losses_test/task:	1.337167739868164
losses_test/concepts:	22.08880043029785
losses_test/total:	3.5460476875305176
calibration_test/ece:	0.13940346240997314
calibration_test/brier:	0.3656744956970215
accuracy_test/task:	76.73455298584743
accuracy_test/concepts:	96.15746307373047
map_test/concepts:	0.950073597647927

Epoch 204
losses_train/task:	0.3116007447242737
losses_train/concepts:	4.500331878662109
losses_train/total:	0.7616339921951294
losses_test/task:	1.3279439210891724
losses_test/concepts:	22.32124137878418
losses_test/total:	3.560067892074585
calibration_test/ece:	0.1403379738330841
calibration_test/brier:	0.36487293243408203
accuracy_test/task:	76.63099758370728
accuracy_test/concepts:	96.17630767822266
map_test/concepts:	0.9501236417076805

Epoch 205
losses_train/task:	0.30309563875198364
losses_train/concepts:	4.54623556137085
losses_train/total:	0.757719099521637
losses_test/task:	1.3308587074279785
losses_test/concepts:	22.212799072265625
losses_test/total:	3.552138328552246
calibration_test/ece:	0.13928568363189697
calibration_test/brier:	0.3648499548435211
accuracy_test/task:	76.7172937521574
accuracy_test/concepts:	96.15746307373047
map_test/concepts:	0.9501093376766552

Epoch 206
losses_train/task:	0.30448323488235474
losses_train/concepts:	4.48834753036499
losses_train/total:	0.7533179521560669
losses_test/task:	1.3292938470840454
losses_test/concepts:	22.443180084228516
losses_test/total:	3.5736122131347656
calibration_test/ece:	0.14050930738449097
calibration_test/brier:	0.3649226427078247
accuracy_test/task:	76.64825681739731
accuracy_test/concepts:	96.17974853515625
map_test/concepts:	0.9502074209126559

Epoch 207
losses_train/task:	0.28416621685028076
losses_train/concepts:	4.377843856811523
losses_train/total:	0.7219505310058594
losses_test/task:	1.3276348114013672
losses_test/concepts:	22.16542625427246
losses_test/total:	3.544177293777466
calibration_test/ece:	0.14031517505645752
calibration_test/brier:	0.36388394236564636
accuracy_test/task:	76.63099758370728
accuracy_test/concepts:	96.17408752441406
map_test/concepts:	0.9502135558561845

Epoch 208
losses_train/task:	0.33457911014556885
losses_train/concepts:	4.910738468170166
losses_train/total:	0.825653076171875
losses_test/task:	1.3289836645126343
losses_test/concepts:	22.396196365356445
losses_test/total:	3.5686028003692627
calibration_test/ece:	0.14102822542190552
calibration_test/brier:	0.36414676904678345
accuracy_test/task:	76.63099758370728
accuracy_test/concepts:	96.2007827758789
map_test/concepts:	0.9502501119266856

Epoch 209
losses_train/task:	0.30082428455352783
losses_train/concepts:	4.485293865203857
losses_train/total:	0.7493537068367004
losses_test/task:	1.3143469095230103
losses_test/concepts:	21.86065101623535
losses_test/total:	3.5004117488861084
calibration_test/ece:	0.1383763998746872
calibration_test/brier:	0.36115187406539917
accuracy_test/task:	76.82084915429755
accuracy_test/concepts:	96.19074249267578
map_test/concepts:	0.9508403062820434

Epoch 210
losses_train/task:	0.3105124533176422
losses_train/concepts:	4.7044358253479
losses_train/total:	0.7809561491012573
losses_test/task:	1.3206512928009033
losses_test/concepts:	21.974069595336914
losses_test/total:	3.5180578231811523
calibration_test/ece:	0.14007344841957092
calibration_test/brier:	0.36291924118995667
accuracy_test/task:	76.75181221953746
accuracy_test/concepts:	96.1750259399414
map_test/concepts:	0.9505676258694041

Epoch 211
losses_train/task:	0.3095681965351105
losses_train/concepts:	4.852825164794922
losses_train/total:	0.7948508262634277
losses_test/task:	1.32627534866333
losses_test/concepts:	22.033313751220703
losses_test/total:	3.529607057571411
calibration_test/ece:	0.13892067968845367
calibration_test/brier:	0.3641723692417145
accuracy_test/task:	76.82084915429755
accuracy_test/concepts:	96.1697006225586
map_test/concepts:	0.9504354769533331

Epoch 212
losses_train/task:	0.312348872423172
losses_train/concepts:	4.581960678100586
losses_train/total:	0.7705447673797607
losses_test/task:	1.3471075296401978
losses_test/concepts:	22.849607467651367
losses_test/total:	3.632068157196045
calibration_test/ece:	0.14090758562088013
calibration_test/brier:	0.36641326546669006
accuracy_test/task:	76.73455298584743
accuracy_test/concepts:	96.18165588378906
map_test/concepts:	0.9499422138387507

Epoch 213
losses_train/task:	0.3167981505393982
losses_train/concepts:	4.7071404457092285
losses_train/total:	0.7875120639801025
losses_test/task:	1.327812671661377
losses_test/concepts:	22.42925453186035
losses_test/total:	3.570737600326538
calibration_test/ece:	0.1393611580133438
calibration_test/brier:	0.36400482058525085
accuracy_test/task:	76.83810838798757
accuracy_test/concepts:	96.18225860595703
map_test/concepts:	0.9503659757700833

Epoch 214
losses_train/task:	0.30511364340782166
losses_train/concepts:	4.586721897125244
losses_train/total:	0.7637858986854553
losses_test/task:	1.3285380601882935
losses_test/concepts:	22.489580154418945
losses_test/total:	3.5774965286254883
calibration_test/ece:	0.14019078016281128
calibration_test/brier:	0.36454105377197266
accuracy_test/task:	76.68277528477735
accuracy_test/concepts:	96.17945098876953
map_test/concepts:	0.9502211722460661

Epoch 215
losses_train/task:	0.3051298260688782
losses_train/concepts:	4.548923969268799
losses_train/total:	0.7600222826004028
losses_test/task:	1.3292685747146606
losses_test/concepts:	22.43937110900879
losses_test/total:	3.5732057094573975
calibration_test/ece:	0.14035961031913757
calibration_test/brier:	0.365065336227417
accuracy_test/task:	76.7172937521574
accuracy_test/concepts:	96.18384552001953
map_test/concepts:	0.9501307541673834

Epoch 216
losses_train/task:	0.32242709398269653
losses_train/concepts:	4.89954137802124
losses_train/total:	0.8123812675476074
losses_test/task:	1.3278000354766846
losses_test/concepts:	22.597850799560547
losses_test/total:	3.5875847339630127
calibration_test/ece:	0.14203599095344543
calibration_test/brier:	0.3629864752292633
accuracy_test/task:	76.64825681739731
accuracy_test/concepts:	96.21144104003906
map_test/concepts:	0.9505801493471319

Epoch 217
losses_train/task:	0.28679150342941284
losses_train/concepts:	4.37199592590332
losses_train/total:	0.7239910960197449
losses_test/task:	1.3355385065078735
losses_test/concepts:	22.763689041137695
losses_test/total:	3.6119070053100586
calibration_test/ece:	0.14144548773765564
calibration_test/brier:	0.3653469979763031
accuracy_test/task:	76.66551605108734
accuracy_test/concepts:	96.18917846679688
map_test/concepts:	0.95016775673086

Epoch 218
losses_train/task:	0.28888213634490967
losses_train/concepts:	4.481546878814697
losses_train/total:	0.7370368242263794
losses_test/task:	1.3311333656311035
losses_test/concepts:	22.486108779907227
losses_test/total:	3.5797438621520996
calibration_test/ece:	0.14133772253990173
calibration_test/brier:	0.36575767397880554
accuracy_test/task:	76.54470141525717
accuracy_test/concepts:	96.17033386230469
map_test/concepts:	0.949944485317577

Epoch 219
losses_train/task:	0.3042667806148529
losses_train/concepts:	4.629570960998535
losses_train/total:	0.7672240734100342
losses_test/task:	1.3267205953598022
losses_test/concepts:	22.605976104736328
losses_test/total:	3.587318181991577
calibration_test/ece:	0.14071691036224365
calibration_test/brier:	0.364906370639801
accuracy_test/task:	76.59647911632723
accuracy_test/concepts:	96.18946838378906
map_test/concepts:	0.9501683831214904

Epoch 220
losses_train/task:	0.3134736716747284
losses_train/concepts:	4.763060569763184
losses_train/total:	0.7897797226905823
losses_test/task:	1.3307597637176514
losses_test/concepts:	22.563182830810547
losses_test/total:	3.58707857131958
calibration_test/ece:	0.14077633619308472
calibration_test/brier:	0.3656923472881317
accuracy_test/task:	76.70003451846738
accuracy_test/concepts:	96.1800537109375
map_test/concepts:	0.9500394647771662

Epoch 221
losses_train/task:	0.29768940806388855
losses_train/concepts:	4.390069961547852
losses_train/total:	0.7366964817047119
losses_test/task:	1.3305180072784424
losses_test/concepts:	22.55411720275879
losses_test/total:	3.585930585861206
calibration_test/ece:	0.13830989599227905
calibration_test/brier:	0.3640769124031067
accuracy_test/task:	76.88988608905764
accuracy_test/concepts:	96.19230651855469
map_test/concepts:	0.9502179362557152

Epoch 222
losses_train/task:	0.29297199845314026
losses_train/concepts:	4.453383922576904
losses_train/total:	0.7383103966712952
losses_test/task:	1.3367172479629517
losses_test/concepts:	22.744327545166016
losses_test/total:	3.6111505031585693
calibration_test/ece:	0.13878178596496582
calibration_test/brier:	0.3656162619590759
accuracy_test/task:	76.8553676216776
accuracy_test/concepts:	96.19197082519531
map_test/concepts:	0.9500249407508157

Epoch 223
losses_train/task:	0.3531515598297119
losses_train/concepts:	5.075660228729248
losses_train/total:	0.8607175350189209
losses_test/task:	1.333519697189331
losses_test/concepts:	22.475963592529297
losses_test/total:	3.5811164379119873
calibration_test/ece:	0.14226248860359192
calibration_test/brier:	0.3648482859134674
accuracy_test/task:	76.52744218156714
accuracy_test/concepts:	96.16938018798828
map_test/concepts:	0.950207747112621

Epoch 224
losses_train/task:	0.29494115710258484
losses_train/concepts:	4.532474994659424
losses_train/total:	0.7481887340545654
losses_test/task:	1.3219594955444336
losses_test/concepts:	22.211063385009766
losses_test/total:	3.5430662631988525
calibration_test/ece:	0.13777372241020203
calibration_test/brier:	0.36295831203460693
accuracy_test/task:	76.94166379012772
accuracy_test/concepts:	96.18824005126953
map_test/concepts:	0.9504685369404879

Epoch 225
losses_train/task:	0.31725427508354187
losses_train/concepts:	4.793767929077148
losses_train/total:	0.7966312170028687
losses_test/task:	1.3407760858535767
losses_test/concepts:	22.847152709960938
losses_test/total:	3.6254920959472656
calibration_test/ece:	0.14258280396461487
calibration_test/brier:	0.3663533926010132
accuracy_test/task:	76.59647911632723
accuracy_test/concepts:	96.17723846435547
map_test/concepts:	0.9502976244146174

Epoch 226
losses_train/task:	0.28125759959220886
losses_train/concepts:	4.272472381591797
losses_train/total:	0.7085049152374268
losses_test/task:	1.3376587629318237
losses_test/concepts:	22.8389949798584
losses_test/total:	3.621558666229248
calibration_test/ece:	0.1429159790277481
calibration_test/brier:	0.3677577078342438
accuracy_test/task:	76.45840524680705
accuracy_test/concepts:	96.18319702148438
map_test/concepts:	0.9498578190803528

Epoch 227
losses_train/task:	0.29900556802749634
losses_train/concepts:	4.510528564453125
losses_train/total:	0.7500583529472351
losses_test/task:	1.3223496675491333
losses_test/concepts:	22.370569229125977
losses_test/total:	3.559406280517578
calibration_test/ece:	0.13930433988571167
calibration_test/brier:	0.364185631275177
accuracy_test/task:	76.75181221953746
accuracy_test/concepts:	96.19293212890625
map_test/concepts:	0.9502224087715149

Epoch 228
losses_train/task:	0.31189286708831787
losses_train/concepts:	4.740926742553711
losses_train/total:	0.78598552942276
losses_test/task:	1.3272631168365479
losses_test/concepts:	22.440704345703125
losses_test/total:	3.571333646774292
calibration_test/ece:	0.14301413297653198
calibration_test/brier:	0.366315096616745
accuracy_test/task:	76.30307214359682
accuracy_test/concepts:	96.16876983642578
map_test/concepts:	0.9500459400090304

Epoch 229
losses_train/task:	0.31500786542892456
losses_train/concepts:	4.660067081451416
losses_train/total:	0.7810145616531372
losses_test/task:	1.334229826927185
losses_test/concepts:	22.466794967651367
losses_test/total:	3.580909490585327
calibration_test/ece:	0.1423044353723526
calibration_test/brier:	0.3660764694213867
accuracy_test/task:	76.54470141525717
accuracy_test/concepts:	96.17096710205078
map_test/concepts:	0.950150605765256

Epoch 230
losses_train/task:	0.3094625174999237
losses_train/concepts:	4.547695636749268
losses_train/total:	0.7642320394515991
losses_test/task:	1.3440207242965698
losses_test/concepts:	23.133007049560547
losses_test/total:	3.657320737838745
calibration_test/ece:	0.14248691499233246
calibration_test/brier:	0.3675043284893036
accuracy_test/task:	76.49292371418709
accuracy_test/concepts:	96.19231414794922
map_test/concepts:	0.9495565707033331

Epoch 231
losses_train/task:	0.2939813733100891
losses_train/concepts:	4.536078929901123
losses_train/total:	0.7475894093513489
losses_test/task:	1.342428207397461
losses_test/concepts:	22.81772232055664
losses_test/total:	3.6242010593414307
calibration_test/ece:	0.1424126923084259
calibration_test/brier:	0.3676493465900421
accuracy_test/task:	76.49292371418709
accuracy_test/concepts:	96.16344451904297
map_test/concepts:	0.9499248114499179

Epoch 232
losses_train/task:	0.28925931453704834
losses_train/concepts:	4.3657965660095215
losses_train/total:	0.7258389592170715
losses_test/task:	1.3322827816009521
losses_test/concepts:	22.320941925048828
losses_test/total:	3.5643765926361084
calibration_test/ece:	0.14086821675300598
calibration_test/brier:	0.36534544825553894
accuracy_test/task:	76.63099758370728
accuracy_test/concepts:	96.16028594970703
map_test/concepts:	0.9499432596293362

Epoch 233
losses_train/task:	0.28428325057029724
losses_train/concepts:	4.195428371429443
losses_train/total:	0.7038260698318481
losses_test/task:	1.3296481370925903
losses_test/concepts:	22.61871337890625
losses_test/total:	3.5915188789367676
calibration_test/ece:	0.14161208271980286
calibration_test/brier:	0.36493372917175293
accuracy_test/task:	76.52744218156714
accuracy_test/concepts:	96.1832046508789
map_test/concepts:	0.9500150192867626

Epoch 234
losses_train/task:	0.30203184485435486
losses_train/concepts:	4.600959777832031
losses_train/total:	0.7621277570724487
losses_test/task:	1.3321988582611084
losses_test/concepts:	22.68558692932129
losses_test/total:	3.6007580757141113
calibration_test/ece:	0.1420937478542328
calibration_test/brier:	0.36586230993270874
accuracy_test/task:	76.52744218156714
accuracy_test/concepts:	96.1844482421875
map_test/concepts:	0.9499210704456676

Epoch 235
losses_train/task:	0.3022635877132416
losses_train/concepts:	4.504359722137451
losses_train/total:	0.7526995539665222
losses_test/task:	1.3361527919769287
losses_test/concepts:	23.12254524230957
losses_test/total:	3.6484076976776123
calibration_test/ece:	0.14165478944778442
calibration_test/brier:	0.3666681945323944
accuracy_test/task:	76.51018294787711
accuracy_test/concepts:	96.22148132324219
map_test/concepts:	0.9499806013974277

Epoch 236
losses_train/task:	0.28293558955192566
losses_train/concepts:	4.326845645904541
losses_train/total:	0.7156202793121338
losses_test/task:	1.332805871963501
losses_test/concepts:	22.5242919921875
losses_test/total:	3.585235357284546
calibration_test/ece:	0.14198346436023712
calibration_test/brier:	0.3649695813655853
accuracy_test/task:	76.56196064894719
accuracy_test/concepts:	96.1744155883789
map_test/concepts:	0.9499754255468195

Epoch 237
losses_train/task:	0.29207339882850647
losses_train/concepts:	4.265771865844727
losses_train/total:	0.718650758266449
losses_test/task:	1.3333287239074707
losses_test/concepts:	22.4739933013916
losses_test/total:	3.580728054046631
calibration_test/ece:	0.14186377823352814
calibration_test/brier:	0.36697664856910706
accuracy_test/task:	76.49292371418709
accuracy_test/concepts:	96.16780090332031
map_test/concepts:	0.9499579592184587

Epoch 238
losses_train/task:	0.2938195466995239
losses_train/concepts:	4.311082363128662
losses_train/total:	0.7249277830123901
losses_test/task:	1.3383595943450928
losses_test/concepts:	22.72677230834961
losses_test/total:	3.611037254333496
calibration_test/ece:	0.14303794503211975
calibration_test/brier:	0.3666495680809021
accuracy_test/task:	76.44114601311702
accuracy_test/concepts:	96.16152954101562
map_test/concepts:	0.9497445225715637

Epoch 239
losses_train/task:	0.2947331666946411
losses_train/concepts:	4.479310989379883
losses_train/total:	0.7426642775535583
losses_test/task:	1.3420698642730713
losses_test/concepts:	22.926748275756836
losses_test/total:	3.634744882583618
calibration_test/ece:	0.14189162850379944
calibration_test/brier:	0.36677417159080505
accuracy_test/task:	76.54470141525717
accuracy_test/concepts:	96.17848205566406
map_test/concepts:	0.9497077746824785

Epoch 240
losses_train/task:	0.2911410331726074
losses_train/concepts:	4.303130149841309
losses_train/total:	0.7214540839195251
losses_test/task:	1.343343734741211
losses_test/concepts:	22.910655975341797
losses_test/total:	3.6344096660614014
calibration_test/ece:	0.1445161998271942
calibration_test/brier:	0.3687739372253418
accuracy_test/task:	76.32033137728685
accuracy_test/concepts:	96.1822509765625
map_test/concepts:	0.9494679700244557

Epoch 241
losses_train/task:	0.26816514134407043
losses_train/concepts:	4.076463222503662
losses_train/total:	0.6758114695549011
losses_test/task:	1.3381047248840332
losses_test/concepts:	22.7094783782959
losses_test/total:	3.6090519428253174
calibration_test/ece:	0.14199978113174438
calibration_test/brier:	0.3664892017841339
accuracy_test/task:	76.54470141525717
accuracy_test/concepts:	96.17567443847656
map_test/concepts:	0.9497692519968206

Epoch 242
losses_train/task:	0.3041877746582031
losses_train/concepts:	4.70102071762085
losses_train/total:	0.7742900252342224
losses_test/task:	1.3464328050613403
losses_test/concepts:	23.0448055267334
losses_test/total:	3.6509132385253906
calibration_test/ece:	0.14454810321331024
calibration_test/brier:	0.368794709444046
accuracy_test/task:	76.2858129099068
accuracy_test/concepts:	96.17974090576172
map_test/concepts:	0.9497431635856628

Epoch 243
losses_train/task:	0.30108726024627686
losses_train/concepts:	4.671745777130127
losses_train/total:	0.768261730670929
losses_test/task:	1.336756944656372
losses_test/concepts:	22.69814682006836
losses_test/total:	3.606571674346924
calibration_test/ece:	0.14242088794708252
calibration_test/brier:	0.3675220310688019
accuracy_test/task:	76.51018294787711
accuracy_test/concepts:	96.15402221679688
map_test/concepts:	0.9497783986004916

Epoch 244
losses_train/task:	0.2986394762992859
losses_train/concepts:	4.519048690795898
losses_train/total:	0.7505443692207336
losses_test/task:	1.3442039489746094
losses_test/concepts:	22.81688117980957
losses_test/total:	3.62589168548584
calibration_test/ece:	0.1439313292503357
calibration_test/brier:	0.36795443296432495
accuracy_test/task:	76.33759061097687
accuracy_test/concepts:	96.1546401977539
map_test/concepts:	0.9496020598845049

Epoch 245
losses_train/task:	0.2916284203529358
losses_train/concepts:	4.472655296325684
losses_train/total:	0.7388940453529358
losses_test/task:	1.324253797531128
losses_test/concepts:	22.32562828063965
losses_test/total:	3.556816577911377
calibration_test/ece:	0.1415010392665863
calibration_test/brier:	0.3647910952568054
accuracy_test/task:	76.52744218156714
accuracy_test/concepts:	96.16155242919922
map_test/concepts:	0.949972140789032

Epoch 246
losses_train/task:	0.29938432574272156
losses_train/concepts:	4.4324846267700195
losses_train/total:	0.7426326870918274
losses_test/task:	1.3347227573394775
losses_test/concepts:	22.726287841796875
losses_test/total:	3.607351064682007
calibration_test/ece:	0.14256179332733154
calibration_test/brier:	0.3661530911922455
accuracy_test/task:	76.56196064894719
accuracy_test/concepts:	96.18569946289062
map_test/concepts:	0.9499559034000743

Epoch 247
losses_train/task:	0.2861522436141968
losses_train/concepts:	4.31107234954834
losses_train/total:	0.7172595262527466
losses_test/task:	1.3419222831726074
losses_test/concepts:	22.780242919921875
losses_test/total:	3.6199471950531006
calibration_test/ece:	0.14405199885368347
calibration_test/brier:	0.3675597012042999
accuracy_test/task:	76.44114601311702
accuracy_test/concepts:	96.17535400390625
map_test/concepts:	0.9499476530335166

Epoch 248
losses_train/task:	0.30275145173072815
losses_train/concepts:	4.601918697357178
losses_train/total:	0.7629433870315552
losses_test/task:	1.3274898529052734
losses_test/concepts:	22.60468864440918
losses_test/total:	3.587959051132202
calibration_test/ece:	0.1436072289943695
calibration_test/brier:	0.36594146490097046
accuracy_test/task:	76.38936831204694
accuracy_test/concepts:	96.19481658935547
map_test/concepts:	0.950113489411094

Epoch 249
losses_train/task:	0.29284268617630005
losses_train/concepts:	4.324959754943848
losses_train/total:	0.7253386378288269
losses_test/task:	1.3431172370910645
losses_test/concepts:	22.948497772216797
losses_test/total:	3.637967109680176
calibration_test/ece:	0.14466434717178345
calibration_test/brier:	0.36952218413352966
accuracy_test/task:	76.3548498446669
accuracy_test/concepts:	96.17378234863281
map_test/concepts:	0.9495186762376265

Epoch 250
losses_train/task:	0.3018939793109894
losses_train/concepts:	4.586544513702393
losses_train/total:	0.76054847240448
losses_test/task:	1.3374006748199463
losses_test/concepts:	22.704071044921875
losses_test/total:	3.6078073978424072
calibration_train/ece:	0.005824297200888395
calibration_train/brier:	0.0812668427824974
accuracy_train/task:	93.43327702702703
calibration_test/ece:	0.14353765547275543
calibration_test/brier:	0.36760613322257996
accuracy_test/task:	76.51018294787711
accuracy_train/concepts:	97.58137512207031
map_train/concepts:	0.9922890197147023
accuracy_test/concepts:	96.19542694091797
map_test/concepts:	0.9499001622200012
accuracy_test/nuisances_task:	0.028159743861148234
accuracy_test/nuisances_nontask:	0.0
mutual_inf_test/nuisances_task:	0.003241333673749715
mutual_inf_test/nuisances_nontask:	0.0

epoch_250.pt
groups=0 err_lowconf=23.490 err_random=23.490
groups=1 err_lowconf=23.369 err_random=23.369
groups=2 err_lowconf=21.747 err_random=21.747
groups=3 err_lowconf=20.504 err_random=20.504
groups=4 err_lowconf=20.918 err_random=20.918
groups=5 err_lowconf=19.210 err_random=19.210
groups=6 err_lowconf=19.279 err_random=19.279
groups=7 err_lowconf=21.315 err_random=21.315
groups=8 err_lowconf=21.160 err_random=21.160
groups=9 err_lowconf=23.662 err_random=23.662
groups=10 err_lowconf=27.149 err_random=27.149
groups=11 err_lowconf=25.561 err_random=25.561
groups=12 err_lowconf=29.979 err_random=29.979
[1;34mwandb[0m:
[1;34mwandb[0m: You can sync this run to the cloud by running:
[1;34mwandb[0m: [1mwandb sync /research/hal-afsharim/minimal_cbm/results/cub12-cbm/44/wandb/offline-run-20260728_041027-r7akrbvc[0m
[1;34mwandb[0m: Find logs at: [1;35mresults/cub12-cbm/44/wandb/offline-run-20260728_041027-r7akrbvc/logs[0m
