
===== launch 2026-07-28 10:42:36.630352 gpu4 =====
wandb: Using wandb-core as the SDK backend.  Please refer to https://wandb.me/wandb-core for more information.
wandb: Tracking run with wandb version 0.19.0
wandb: W&B syncing is set to `offline` in this directory.  
wandb: Run `wandb online` or set WANDB_MODE=online to enable cloud syncing.
/research/hal-afsharim/miniconda3/envs/mcbm/lib/python3.10/site-packages/torchvision/models/_utils.py:208: UserWarning: The parameter 'pretrained' is deprecated since 0.13 and will be removed in 0.15, please use 'weights' instead.
  warnings.warn(
/research/hal-afsharim/miniconda3/envs/mcbm/lib/python3.10/site-packages/torchvision/models/_utils.py:223: UserWarning: Arguments other than a weight enum or `None` for 'weights' are deprecated since 0.13 and will be removed in 0.15. The current behavior is equivalent to passing `weights=Inception_V3_Weights.IMAGENET1K_V1`. You can also use `weights=Inception_V3_Weights.DEFAULT` to get the most up-to-date weights.
  warnings.warn(msg)
Epoch 1
losses_train/task:	5.316458225250244
losses_train/concepts:	68.86199951171875
losses_train/total:	12.202658653259277
losses_test/task:	5.30517578125
losses_test/concepts:	62.44131088256836
losses_test/total:	11.54930591583252
calibration_test/ece:	0.001313855405896902
calibration_test/brier:	0.9950457811355591
accuracy_test/task:	0.5177770107007249
accuracy_test/concepts:	61.23387908935547
map_test/concepts:	0.25811965817754917

Epoch 2
losses_train/task:	5.2951250076293945
losses_train/concepts:	60.96881866455078
losses_train/total:	11.392007827758789
losses_test/task:	5.2841339111328125
losses_test/concepts:	58.87065887451172
losses_test/total:	11.1712007522583
calibration_test/ece:	0.0009648683480918407
calibration_test/brier:	0.9948614835739136
accuracy_test/task:	0.5522954780807732
accuracy_test/concepts:	57.8218879699707
map_test/concepts:	0.3741138025440953

Epoch 3
losses_train/task:	5.2684006690979
losses_train/concepts:	55.932640075683594
losses_train/total:	10.861663818359375
losses_test/task:	5.256119728088379
losses_test/concepts:	55.62213134765625
losses_test/total:	10.81833267211914
calibration_test/ece:	0.0027112611569464207
calibration_test/brier:	0.9945515394210815
accuracy_test/task:	0.9837763203313773
accuracy_test/concepts:	68.67606353759766
map_test/concepts:	0.41364206184040414

Epoch 4
losses_train/task:	5.198861598968506
losses_train/concepts:	48.85034942626953
losses_train/total:	10.083897590637207
losses_test/task:	5.177844047546387
losses_test/concepts:	51.15735626220703
losses_test/total:	10.293577194213867
calibration_test/ece:	0.007210875861346722
calibration_test/brier:	0.9937195777893066
accuracy_test/task:	1.5360717984121506
accuracy_test/concepts:	71.76985931396484
map_test/concepts:	0.47327222566712984

Epoch 5
losses_train/task:	5.076184272766113
losses_train/concepts:	45.207969665527344
losses_train/total:	9.596980094909668
losses_test/task:	5.102072238922119
losses_test/concepts:	58.73752975463867
losses_test/total:	10.97582721710205
calibration_test/ece:	0.006209187209606171
calibration_test/brier:	0.992786705493927
accuracy_test/task:	1.6223679668622712
accuracy_test/concepts:	72.56221008300781
map_test/concepts:	0.44952057843858545

Epoch 6
losses_train/task:	4.884444713592529
losses_train/concepts:	42.498050689697266
losses_train/total:	9.13425064086914
losses_test/task:	4.912708759307861
losses_test/concepts:	50.516963958740234
losses_test/total:	9.96440315246582
calibration_test/ece:	0.0013582948595285416
calibration_test/brier:	0.9906281232833862
accuracy_test/task:	1.7604418363824645
accuracy_test/concepts:	73.85979461669922
map_test/concepts:	0.5369656473398209

Epoch 7
losses_train/task:	4.678992748260498
losses_train/concepts:	40.02544021606445
losses_train/total:	8.681536674499512
losses_test/task:	4.545483112335205
losses_test/concepts:	40.06029510498047
losses_test/total:	8.55151081085205
calibration_test/ece:	0.03301185369491577
calibration_test/brier:	0.9846714735031128
accuracy_test/task:	5.1087331722471525
accuracy_test/concepts:	78.3553466796875
map_test/concepts:	0.6145516016266562

Epoch 8
losses_train/task:	4.475179672241211
losses_train/concepts:	38.79353332519531
losses_train/total:	8.354533195495605
losses_test/task:	4.3248395919799805
losses_test/concepts:	37.79837417602539
losses_test/total:	8.104677200317383
calibration_test/ece:	0.028058556839823723
calibration_test/brier:	0.9803571701049805
accuracy_test/task:	5.419399378667587
accuracy_test/concepts:	78.25587463378906
map_test/concepts:	0.6342098729176955

Epoch 9
losses_train/task:	4.267934799194336
losses_train/concepts:	36.28977966308594
losses_train/total:	7.896913528442383
losses_test/task:	4.22992467880249
losses_test/concepts:	39.340118408203125
losses_test/total:	8.163936614990234
calibration_test/ece:	0.03627132624387741
calibration_test/brier:	0.9767958521842957
accuracy_test/task:	6.713841905419399
accuracy_test/concepts:	80.44842529296875
map_test/concepts:	0.6406159964474765

Epoch 10
losses_train/task:	4.125642776489258
losses_train/concepts:	36.1048469543457
losses_train/total:	7.736127853393555
losses_test/task:	4.185086727142334
losses_test/concepts:	42.51879119873047
losses_test/total:	8.436965942382812
calibration_test/ece:	0.03424922004342079
calibration_test/brier:	0.9753027558326721
accuracy_test/task:	7.231618916120124
accuracy_test/concepts:	79.2098388671875
map_test/concepts:	0.6051979731429707

Epoch 11
losses_train/task:	3.9795074462890625
losses_train/concepts:	34.459205627441406
losses_train/total:	7.42542839050293
losses_test/task:	3.833423137664795
losses_test/concepts:	34.94795227050781
losses_test/total:	7.328218460083008
calibration_test/ece:	0.05862601473927498
calibration_test/brier:	0.9641174674034119
accuracy_test/task:	10.787021056265102
accuracy_test/concepts:	82.3359603881836
map_test/concepts:	0.6989156972278249

Epoch 12
losses_train/task:	3.8154187202453613
losses_train/concepts:	32.45128631591797
losses_train/total:	7.060546875
losses_test/task:	3.6547839641571045
losses_test/concepts:	33.610679626464844
losses_test/total:	7.015851974487305
calibration_test/ece:	0.0821230486035347
calibration_test/brier:	0.9549126029014587
accuracy_test/task:	14.187090093199862
accuracy_test/concepts:	83.26701354980469
map_test/concepts:	0.7171727982434359

Epoch 13
losses_train/task:	3.6757731437683105
losses_train/concepts:	31.114370346069336
losses_train/total:	6.787209987640381
losses_test/task:	3.685028076171875
losses_test/concepts:	37.06399917602539
losses_test/total:	7.391427040100098
calibration_test/ece:	0.060097724199295044
calibration_test/brier:	0.9540712833404541
accuracy_test/task:	12.840869865377977
accuracy_test/concepts:	81.81127166748047
map_test/concepts:	0.7014808394692161

Epoch 14
losses_train/task:	3.5608925819396973
losses_train/concepts:	30.45594596862793
losses_train/total:	6.60648775100708
losses_test/task:	3.584157943725586
losses_test/concepts:	36.78568649291992
losses_test/total:	7.262725830078125
calibration_test/ece:	0.07518555223941803
calibration_test/brier:	0.9444831609725952
accuracy_test/task:	15.25716258198136
accuracy_test/concepts:	84.0436782836914
map_test/concepts:	0.7043839942325245

Epoch 15
losses_train/task:	3.4671199321746826
losses_train/concepts:	30.20853042602539
losses_train/total:	6.487973690032959
losses_test/task:	3.560492515563965
losses_test/concepts:	35.43289566040039
losses_test/total:	7.103781223297119
calibration_test/ece:	0.05938730388879776
calibration_test/brier:	0.938366174697876
accuracy_test/task:	15.757680358992062
accuracy_test/concepts:	83.34326934814453
map_test/concepts:	0.7332141513174231

Epoch 16
losses_train/task:	3.3397774696350098
losses_train/concepts:	28.9019775390625
losses_train/total:	6.229976654052734
losses_test/task:	3.5367140769958496
losses_test/concepts:	38.093814849853516
losses_test/total:	7.346095561981201
calibration_test/ece:	0.06031572073698044
calibration_test/brier:	0.9370035529136658
accuracy_test/task:	15.740421125302037
accuracy_test/concepts:	82.92591094970703
map_test/concepts:	0.710463104464791

Epoch 17
losses_train/task:	3.2166550159454346
losses_train/concepts:	27.643373489379883
losses_train/total:	5.980993270874023
losses_test/task:	3.238219976425171
losses_test/concepts:	31.39862632751465
losses_test/total:	6.378081798553467
calibration_test/ece:	0.09365050494670868
calibration_test/brier:	0.9162003397941589
accuracy_test/task:	21.056265101829478
accuracy_test/concepts:	84.23101043701172
map_test/concepts:	0.7506241576238112

Epoch 18
losses_train/task:	3.1352808475494385
losses_train/concepts:	27.030786514282227
losses_train/total:	5.83836030960083
losses_test/task:	3.4670748710632324
losses_test/concepts:	36.35544967651367
losses_test/total:	7.102620601654053
calibration_test/ece:	0.061123326420784
calibration_test/brier:	0.919483482837677
accuracy_test/task:	18.691750086296167
accuracy_test/concepts:	82.62373352050781
map_test/concepts:	0.7265557966449044

Epoch 19
losses_train/task:	3.094743251800537
losses_train/concepts:	27.363935470581055
losses_train/total:	5.831136703491211
losses_test/task:	3.1079955101013184
losses_test/concepts:	30.41632843017578
losses_test/total:	6.14962911605835
calibration_test/ece:	0.11229698359966278
calibration_test/brier:	0.8929403424263
accuracy_test/task:	24.74974111149465
accuracy_test/concepts:	84.77924346923828
map_test/concepts:	0.7745062730529092

Epoch 20
losses_train/task:	2.965121030807495
losses_train/concepts:	26.313108444213867
losses_train/total:	5.596431732177734
losses_test/task:	3.2993416786193848
losses_test/concepts:	40.76832580566406
losses_test/total:	7.376174449920654
calibration_test/ece:	0.060330670326948166
calibration_test/brier:	0.907356321811676
accuracy_test/task:	21.763893683120468
accuracy_test/concepts:	84.43499755859375
map_test/concepts:	0.749178019436923

Epoch 21
losses_train/task:	2.9125683307647705
losses_train/concepts:	25.700403213500977
losses_train/total:	5.482607841491699
losses_test/task:	2.9127280712127686
losses_test/concepts:	29.60116958618164
losses_test/total:	5.87284517288208
calibration_test/ece:	0.0984124094247818
calibration_test/brier:	0.8715985417366028
accuracy_test/task:	26.475664480497066
accuracy_test/concepts:	86.64888000488281
map_test/concepts:	0.7951609167185697

Epoch 22
losses_train/task:	2.778254985809326
losses_train/concepts:	24.72627067565918
losses_train/total:	5.250883102416992
losses_test/task:	2.8899965286254883
losses_test/concepts:	30.215059280395508
losses_test/total:	5.911503314971924
calibration_test/ece:	0.08497254550457001
calibration_test/brier:	0.8614380359649658
accuracy_test/task:	27.148774594408007
accuracy_test/concepts:	87.10486602783203
map_test/concepts:	0.7942583983594721

Epoch 23
losses_train/task:	2.731135129928589
losses_train/concepts:	24.5147647857666
losses_train/total:	5.182611465454102
losses_test/task:	2.7516674995422363
losses_test/concepts:	28.611501693725586
losses_test/total:	5.612818241119385
calibration_test/ece:	0.1057172417640686
calibration_test/brier:	0.8421223163604736
accuracy_test/task:	30.63513979979289
accuracy_test/concepts:	86.8158187866211
map_test/concepts:	0.7960055112838745

Epoch 24
losses_train/task:	2.617002487182617
losses_train/concepts:	23.54147720336914
losses_train/total:	4.971150875091553
losses_test/task:	2.743621349334717
losses_test/concepts:	31.08858299255371
losses_test/total:	5.852479457855225
calibration_test/ece:	0.09208666533231735
calibration_test/brier:	0.831705629825592
accuracy_test/task:	32.136693130824995
accuracy_test/concepts:	87.23350524902344
map_test/concepts:	0.8092125578360124

Epoch 25
losses_train/task:	2.5912222862243652
losses_train/concepts:	23.38193130493164
losses_train/total:	4.929415225982666
losses_test/task:	2.4987807273864746
losses_test/concepts:	26.014102935791016
losses_test/total:	5.100190162658691
calibration_test/ece:	0.10675948858261108
calibration_test/brier:	0.7997258305549622
accuracy_test/task:	35.174318260269246
accuracy_test/concepts:	88.20409393310547
map_test/concepts:	0.834160007130016

Epoch 26
losses_train/task:	2.5372273921966553
losses_train/concepts:	23.20285415649414
losses_train/total:	4.857512950897217
losses_test/task:	2.7025396823883057
losses_test/concepts:	29.37985610961914
losses_test/total:	5.640525817871094
calibration_test/ece:	0.07338765263557434
calibration_test/brier:	0.8140639662742615
accuracy_test/task:	33.551950293406975
accuracy_test/concepts:	86.30213928222656
map_test/concepts:	0.8185681949962269

Epoch 27
losses_train/task:	2.442140817642212
losses_train/concepts:	22.423744201660156
losses_train/total:	4.684515476226807
losses_test/task:	2.878059148788452
losses_test/concepts:	30.036001205444336
losses_test/total:	5.881659507751465
calibration_test/ece:	0.060556940734386444
calibration_test/brier:	0.8231756687164307
accuracy_test/task:	30.289955125992407
accuracy_test/concepts:	86.62786102294922
map_test/concepts:	0.7958896160125732

Epoch 28
losses_train/task:	2.4129300117492676
losses_train/concepts:	22.558992385864258
losses_train/total:	4.668828964233398
losses_test/task:	2.778679609298706
losses_test/concepts:	30.532651901245117
losses_test/total:	5.831943035125732
calibration_test/ece:	0.056265439838171005
calibration_test/brier:	0.8068230152130127
accuracy_test/task:	33.63824646185709
accuracy_test/concepts:	87.0301513671875
map_test/concepts:	0.8071570168841969

Epoch 29
losses_train/task:	2.323058605194092
losses_train/concepts:	21.3592472076416
losses_train/total:	4.458983421325684
losses_test/task:	2.470142364501953
losses_test/concepts:	27.43833351135254
losses_test/total:	5.21397590637207
calibration_test/ece:	0.07688451558351517
calibration_test/brier:	0.7670729160308838
accuracy_test/task:	37.24542630307214
accuracy_test/concepts:	88.8401870727539
map_test/concepts:	0.8388444206931375

Epoch 30
losses_train/task:	2.2963497638702393
losses_train/concepts:	21.256004333496094
losses_train/total:	4.421950340270996
losses_test/task:	2.4936530590057373
losses_test/concepts:	27.341630935668945
losses_test/total:	5.227817058563232
calibration_test/ece:	0.05931442603468895
calibration_test/brier:	0.763943076133728
accuracy_test/task:	37.84949948222299
accuracy_test/concepts:	88.78744506835938
map_test/concepts:	0.8447258418256586

Epoch 31
losses_train/task:	2.2198925018310547
losses_train/concepts:	20.59546661376953
losses_train/total:	4.27943754196167
losses_test/task:	2.336552619934082
losses_test/concepts:	27.78652572631836
losses_test/total:	5.115204811096191
calibration_test/ece:	0.08209030330181122
calibration_test/brier:	0.7480249404907227
accuracy_test/task:	40.66275457369693
accuracy_test/concepts:	89.64447021484375
map_test/concepts:	0.8395897420969877

Epoch 32
losses_train/task:	2.209655284881592
losses_train/concepts:	20.37368392944336
losses_train/total:	4.247023582458496
losses_test/task:	2.3394618034362793
losses_test/concepts:	27.151344299316406
losses_test/total:	5.054595947265625
calibration_test/ece:	0.07048746198415756
calibration_test/brier:	0.7363187670707703
accuracy_test/task:	40.92164307904729
accuracy_test/concepts:	89.28514099121094
map_test/concepts:	0.8532428665594621

Epoch 33
losses_train/task:	2.132415294647217
losses_train/concepts:	19.496036529541016
losses_train/total:	4.082018852233887
losses_test/task:	2.2548468112945557
losses_test/concepts:	24.79935073852539
losses_test/total:	4.7347822189331055
calibration_test/ece:	0.07507060468196869
calibration_test/brier:	0.7201632857322693
accuracy_test/task:	42.388677942699346
accuracy_test/concepts:	90.06118774414062
map_test/concepts:	0.8573821598833258

Epoch 34
losses_train/task:	2.0847392082214355
losses_train/concepts:	19.49045181274414
losses_train/total:	4.033783435821533
losses_test/task:	2.1909027099609375
losses_test/concepts:	25.179664611816406
losses_test/total:	4.708868503570557
calibration_test/ece:	0.060374800115823746
calibration_test/brier:	0.7054449319839478
accuracy_test/task:	43.476009665170864
accuracy_test/concepts:	89.64413452148438
map_test/concepts:	0.867856350812045

Epoch 35
losses_train/task:	2.0276846885681152
losses_train/concepts:	19.09068489074707
losses_train/total:	3.9367527961730957
losses_test/task:	2.7964797019958496
losses_test/concepts:	35.50446319580078
losses_test/total:	6.346926689147949
calibration_test/ece:	0.031504616141319275
calibration_test/brier:	0.7919917702674866
accuracy_test/task:	34.829133586468764
accuracy_test/concepts:	86.90242004394531
map_test/concepts:	0.7946406136859547

Epoch 36
losses_train/task:	1.9723560810089111
losses_train/concepts:	18.370731353759766
losses_train/total:	3.809429407119751
losses_test/task:	2.439074754714966
losses_test/concepts:	29.778263092041016
losses_test/total:	5.416901588439941
calibration_test/ece:	0.03766217827796936
calibration_test/brier:	0.7328173518180847
accuracy_test/task:	41.24956851915775
accuracy_test/concepts:	88.95722961425781
map_test/concepts:	0.8429989738897844

Epoch 37
losses_train/task:	2.010578155517578
losses_train/concepts:	19.406801223754883
losses_train/total:	3.9512577056884766
losses_test/task:	2.344123125076294
losses_test/concepts:	27.232954025268555
losses_test/total:	5.067418098449707
calibration_test/ece:	0.03601079806685448
calibration_test/brier:	0.7217444777488708
accuracy_test/task:	41.491197790818084
accuracy_test/concepts:	88.8919677734375
map_test/concepts:	0.8513659878210588

Epoch 38
losses_train/task:	1.954277515411377
losses_train/concepts:	18.259275436401367
losses_train/total:	3.780205488204956
losses_test/task:	2.1245408058166504
losses_test/concepts:	23.153106689453125
losses_test/total:	4.439852237701416
calibration_test/ece:	0.06529693305492401
calibration_test/brier:	0.67525315284729
accuracy_test/task:	46.89333793579565
accuracy_test/concepts:	90.18451690673828
map_test/concepts:	0.8720966956832192

Epoch 39
losses_train/task:	1.9183326959609985
losses_train/concepts:	18.119844436645508
losses_train/total:	3.7303171157836914
losses_test/task:	2.207470655441284
losses_test/concepts:	26.49781036376953
losses_test/total:	4.857250690460205
calibration_test/ece:	0.040850747376680374
calibration_test/brier:	0.6875703930854797
accuracy_test/task:	47.411114946496376
accuracy_test/concepts:	89.79634094238281
map_test/concepts:	0.8677036491307345

Epoch 40
losses_train/task:	1.8552991151809692
losses_train/concepts:	17.022409439086914
losses_train/total:	3.557539701461792
losses_test/task:	2.2405505180358887
losses_test/concepts:	28.151473999023438
losses_test/total:	5.055697441101074
calibration_test/ece:	0.039718788117170334
calibration_test/brier:	0.6913712620735168
accuracy_test/task:	45.926820849154296
accuracy_test/concepts:	90.23567199707031
map_test/concepts:	0.8542719255794179

Epoch 41
losses_train/task:	1.8263009786605835
losses_train/concepts:	17.048830032348633
losses_train/total:	3.531184434890747
losses_test/task:	2.024798631668091
losses_test/concepts:	25.61854362487793
losses_test/total:	4.5866522789001465
calibration_test/ece:	0.048298489302396774
calibration_test/brier:	0.6522941589355469
accuracy_test/task:	48.04970659302727
accuracy_test/concepts:	91.63932800292969
map_test/concepts:	0.8822119116783143

Epoch 42
losses_train/task:	1.8282026052474976
losses_train/concepts:	17.291061401367188
losses_train/total:	3.5573084354400635
losses_test/task:	2.1969447135925293
losses_test/concepts:	26.04526710510254
losses_test/total:	4.801472187042236
calibration_test/ece:	0.023949161171913147
calibration_test/brier:	0.6807947158813477
accuracy_test/task:	46.289264756644805
accuracy_test/concepts:	89.9369125366211
map_test/concepts:	0.8597004597837274

Epoch 43
losses_train/task:	1.822123408317566
losses_train/concepts:	17.00961685180664
losses_train/total:	3.523085355758667
losses_test/task:	2.380664110183716
losses_test/concepts:	28.783172607421875
losses_test/total:	5.258980751037598
calibration_test/ece:	0.02563047781586647
calibration_test/brier:	0.6891850233078003
accuracy_test/task:	46.013117017604415
accuracy_test/concepts:	90.3207015991211
map_test/concepts:	0.8604191758415916

Epoch 44
losses_train/task:	1.7371997833251953
losses_train/concepts:	16.570579528808594
losses_train/total:	3.3942580223083496
losses_test/task:	1.9738967418670654
losses_test/concepts:	24.677684783935547
losses_test/total:	4.4416656494140625
calibration_test/ece:	0.050425559282302856
calibration_test/brier:	0.6354151964187622
accuracy_test/task:	51.03555402140145
accuracy_test/concepts:	91.27592468261719
map_test/concepts:	0.8789708039977334

Epoch 45
losses_train/task:	1.7315750122070312
losses_train/concepts:	16.330644607543945
losses_train/total:	3.3646392822265625
losses_test/task:	2.4491984844207764
losses_test/concepts:	28.12100601196289
losses_test/total:	5.261300086975098
calibration_test/ece:	0.034195903688669205
calibration_test/brier:	0.7119572162628174
accuracy_test/task:	43.40697273041077
accuracy_test/concepts:	88.21475219726562
map_test/concepts:	0.8375573537566445

Epoch 46
losses_train/task:	1.6831835508346558
losses_train/concepts:	15.75710678100586
losses_train/total:	3.2588939666748047
losses_test/task:	2.1702170372009277
losses_test/concepts:	24.8839054107666
losses_test/total:	4.658607006072998
calibration_test/ece:	0.040574848651885986
calibration_test/brier:	0.6573551893234253
accuracy_test/task:	48.688298239558165
accuracy_test/concepts:	89.99781799316406
map_test/concepts:	0.8625658815557307

Epoch 47
losses_train/task:	1.6882987022399902
losses_train/concepts:	16.72622299194336
losses_train/total:	3.3609206676483154
losses_test/task:	2.6015822887420654
losses_test/concepts:	31.60487937927246
losses_test/total:	5.7620697021484375
calibration_test/ece:	0.05078904703259468
calibration_test/brier:	0.7251617908477783
accuracy_test/task:	41.73282706247843
accuracy_test/concepts:	88.64154052734375
map_test/concepts:	0.8305198734456842

Epoch 48
losses_train/task:	1.6241395473480225
losses_train/concepts:	15.313468933105469
losses_train/total:	3.1554863452911377
losses_test/task:	2.1335322856903076
losses_test/concepts:	24.86078453063965
losses_test/total:	4.6196112632751465
calibration_test/ece:	0.027671437710523605
calibration_test/brier:	0.650948166847229
accuracy_test/task:	50.13807386952019
accuracy_test/concepts:	90.74401092529297
map_test/concepts:	0.8764836267991499

Epoch 49
losses_train/task:	1.6717658042907715
losses_train/concepts:	15.72097110748291
losses_train/total:	3.243863105773926
losses_test/task:	2.1546730995178223
losses_test/concepts:	26.51962661743164
losses_test/total:	4.806635856628418
calibration_test/ece:	0.025563253089785576
calibration_test/brier:	0.6542325019836426
accuracy_test/task:	49.56851915774939
accuracy_test/concepts:	90.86328125
map_test/concepts:	0.8646365209059281

Epoch 50
losses_train/task:	1.6303579807281494
losses_train/concepts:	15.580195426940918
losses_train/total:	3.1883773803710938
losses_test/task:	2.200361967086792
losses_test/concepts:	29.05644416809082
losses_test/total:	5.106008052825928
calibration_test/ece:	0.03938194736838341
calibration_test/brier:	0.6542447209358215
accuracy_test/task:	48.58474283741802
accuracy_test/concepts:	91.0195541381836
map_test/concepts:	0.8667586120692167

Epoch 51
losses_train/task:	1.5862513780593872
losses_train/concepts:	15.151336669921875
losses_train/total:	3.1013848781585693
losses_test/task:	1.9844540357589722
losses_test/concepts:	27.001604080200195
losses_test/total:	4.6846137046813965
calibration_test/ece:	0.040829215198755264
calibration_test/brier:	0.6101096272468567
accuracy_test/task:	53.03762512944425
accuracy_test/concepts:	92.21451568603516
map_test/concepts:	0.8897097164934332

Epoch 52
losses_train/task:	1.540827989578247
losses_train/concepts:	14.562261581420898
losses_train/total:	2.9970543384552
losses_test/task:	1.834657073020935
losses_test/concepts:	23.268390655517578
losses_test/total:	4.161496162414551
calibration_test/ece:	0.04229055345058441
calibration_test/brier:	0.5817854404449463
accuracy_test/task:	55.22954780807732
accuracy_test/concepts:	92.42789459228516
map_test/concepts:	0.9000411207025701

Epoch 53
losses_train/task:	1.484989047050476
losses_train/concepts:	13.980302810668945
losses_train/total:	2.8830196857452393
losses_test/task:	1.942802906036377
losses_test/concepts:	26.12727928161621
losses_test/total:	4.555530548095703
calibration_test/ece:	0.026763267815113068
calibration_test/brier:	0.597359836101532
accuracy_test/task:	54.36658612357611
accuracy_test/concepts:	91.95093536376953
map_test/concepts:	0.8912319573489103

Epoch 54
losses_train/task:	1.4546841382980347
losses_train/concepts:	13.909960746765137
losses_train/total:	2.8456802368164062
losses_test/task:	1.8192650079727173
losses_test/concepts:	21.281160354614258
losses_test/total:	3.947381019592285
calibration_test/ece:	0.024319123476743698
calibration_test/brier:	0.5752804279327393
accuracy_test/task:	56.24784259578875
accuracy_test/concepts:	92.39242553710938
map_test/concepts:	0.9055154551159251

Epoch 55
losses_train/task:	1.4567101001739502
losses_train/concepts:	13.93690013885498
losses_train/total:	2.850399971008301
losses_test/task:	2.1148135662078857
losses_test/concepts:	28.61614990234375
losses_test/total:	4.976428031921387
calibration_test/ece:	0.03291335329413414
calibration_test/brier:	0.6304360628128052
accuracy_test/task:	51.6396272005523
accuracy_test/concepts:	91.8134765625
map_test/concepts:	0.8818439375270497

Epoch 56
losses_train/task:	1.457842230796814
losses_train/concepts:	14.098797798156738
losses_train/total:	2.8677220344543457
losses_test/task:	1.8653037548065186
losses_test/concepts:	24.563480377197266
losses_test/total:	4.321650981903076
calibration_test/ece:	0.0346420556306839
calibration_test/brier:	0.5773634910583496
accuracy_test/task:	55.73006558508802
accuracy_test/concepts:	92.56817626953125
map_test/concepts:	0.8986189744689248

Epoch 57
losses_train/task:	1.496134638786316
losses_train/concepts:	14.562015533447266
losses_train/total:	2.952335834503174
losses_test/task:	2.1578094959259033
losses_test/concepts:	26.881406784057617
losses_test/total:	4.845950126647949
calibration_test/ece:	0.05519459396600723
calibration_test/brier:	0.645031750202179
accuracy_test/task:	50.0
accuracy_test/concepts:	90.61787414550781
map_test/concepts:	0.8707812439311634

Epoch 58
losses_train/task:	1.5077930688858032
losses_train/concepts:	14.805437088012695
losses_train/total:	2.9883368015289307
losses_test/task:	2.224250555038452
losses_test/concepts:	28.579120635986328
losses_test/total:	5.082163333892822
calibration_test/ece:	0.05658549815416336
calibration_test/brier:	0.644555926322937
accuracy_test/task:	49.84466689678978
accuracy_test/concepts:	90.94076538085938
map_test/concepts:	0.8717443281953985

Epoch 59
losses_train/task:	1.5005738735198975
losses_train/concepts:	14.557769775390625
losses_train/total:	2.9563512802124023
losses_test/task:	1.6738535165786743
losses_test/concepts:	20.605485916137695
losses_test/total:	3.734403371810913
calibration_test/ece:	0.029879463836550713
calibration_test/brier:	0.5438815355300903
accuracy_test/task:	58.97480151881256
accuracy_test/concepts:	93.04925537109375
map_test/concepts:	0.9113346663388339

Epoch 60
losses_train/task:	1.3940199613571167
losses_train/concepts:	13.420748710632324
losses_train/total:	2.7360947132110596
losses_test/task:	1.7771838903427124
losses_test/concepts:	23.901418685913086
losses_test/total:	4.167325496673584
calibration_test/ece:	0.031522300094366074
calibration_test/brier:	0.5590594410896301
accuracy_test/task:	57.80117362789092
accuracy_test/concepts:	92.75457763671875
map_test/concepts:	0.9111833518201654

Epoch 61
losses_train/task:	1.3759453296661377
losses_train/concepts:	13.149023056030273
losses_train/total:	2.690847635269165
losses_test/task:	2.017595052719116
losses_test/concepts:	28.467939376831055
losses_test/total:	4.864388465881348
calibration_test/ece:	0.03824722766876221
calibration_test/brier:	0.5798587203025818
accuracy_test/task:	55.919917155678284
accuracy_test/concepts:	92.2126235961914
map_test/concepts:	0.8970164905894886

Epoch 62
losses_train/task:	1.3870435953140259
losses_train/concepts:	13.078822135925293
losses_train/total:	2.6949260234832764
losses_test/task:	1.6316519975662231
losses_test/concepts:	22.015865325927734
losses_test/total:	3.8332388401031494
calibration_test/ece:	0.027657922357320786
calibration_test/brier:	0.5177819132804871
accuracy_test/task:	61.908871246116675
accuracy_test/concepts:	93.67181396484375
map_test/concepts:	0.9200299295512113

Epoch 63
losses_train/task:	1.3939911127090454
losses_train/concepts:	13.469791412353516
losses_train/total:	2.7409698963165283
losses_test/task:	1.8440167903900146
losses_test/concepts:	25.690753936767578
losses_test/total:	4.413091659545898
calibration_test/ece:	0.04187436029314995
calibration_test/brier:	0.5638734698295593
accuracy_test/task:	58.07732136693131
accuracy_test/concepts:	92.86660766601562
map_test/concepts:	0.8999392238530246

Epoch 64
losses_train/task:	1.3665075302124023
losses_train/concepts:	13.211950302124023
losses_train/total:	2.6877031326293945
losses_test/task:	1.8386796712875366
losses_test/concepts:	23.978797912597656
losses_test/total:	4.23655891418457
calibration_test/ece:	0.04707271233201027
calibration_test/brier:	0.5645426511764526
accuracy_test/task:	57.50776665516051
accuracy_test/concepts:	92.59013366699219
map_test/concepts:	0.8990996707569469

Epoch 65
losses_train/task:	1.3254952430725098
losses_train/concepts:	12.856478691101074
losses_train/total:	2.611143112182617
losses_test/task:	1.7747136354446411
losses_test/concepts:	24.91092300415039
losses_test/total:	4.265805721282959
calibration_test/ece:	0.04010557383298874
calibration_test/brier:	0.5525023937225342
accuracy_test/task:	58.99206075250259
accuracy_test/concepts:	93.22087097167969
map_test/concepts:	0.9094052076339721

Epoch 66
losses_train/task:	1.2667793035507202
losses_train/concepts:	11.709538459777832
losses_train/total:	2.4377331733703613
losses_test/task:	1.7293052673339844
losses_test/concepts:	24.02980613708496
losses_test/total:	4.13228702545166
calibration_test/ece:	0.024432232603430748
calibration_test/brier:	0.5378486514091492
accuracy_test/task:	60.61442871936486
accuracy_test/concepts:	92.9302978515625
map_test/concepts:	0.905967302755876

Epoch 67
losses_train/task:	1.2714461088180542
losses_train/concepts:	12.311139106750488
losses_train/total:	2.5025601387023926
losses_test/task:	1.8371636867523193
losses_test/concepts:	24.94867706298828
losses_test/total:	4.332031726837158
calibration_test/ece:	0.04649050533771515
calibration_test/brier:	0.5649858117103577
accuracy_test/task:	57.97376596479116
accuracy_test/concepts:	92.6092758178711
map_test/concepts:	0.9025937188755382

Epoch 68
losses_train/task:	1.2882901430130005
losses_train/concepts:	12.668374061584473
losses_train/total:	2.5551278591156006
losses_test/task:	2.0714993476867676
losses_test/concepts:	29.206459045410156
losses_test/total:	4.992145538330078
calibration_test/ece:	0.06732550263404846
calibration_test/brier:	0.5909940600395203
accuracy_test/task:	55.73006558508802
accuracy_test/concepts:	92.25093078613281
map_test/concepts:	0.8862193844535134

Epoch 69
losses_train/task:	1.2572269439697266
losses_train/concepts:	11.932533264160156
losses_train/total:	2.4504802227020264
losses_test/task:	1.8453203439712524
losses_test/concepts:	25.934879302978516
losses_test/total:	4.438808917999268
calibration_test/ece:	0.0519552007317543
calibration_test/brier:	0.556065559387207
accuracy_test/task:	58.19813600276148
accuracy_test/concepts:	92.66578674316406
map_test/concepts:	0.9031877831979231

Epoch 70
losses_train/task:	1.2505953311920166
losses_train/concepts:	12.164671897888184
losses_train/total:	2.467062473297119
losses_test/task:	1.9466372728347778
losses_test/concepts:	28.054229736328125
losses_test/total:	4.752060890197754
calibration_test/ece:	0.06082412600517273
calibration_test/brier:	0.5729098320007324
accuracy_test/task:	56.59302726958923
accuracy_test/concepts:	93.04829406738281
map_test/concepts:	0.8982772090218284

Epoch 71
losses_train/task:	1.254653811454773
losses_train/concepts:	12.121146202087402
losses_train/total:	2.466768264770508
losses_test/task:	1.8199084997177124
losses_test/concepts:	26.588823318481445
losses_test/total:	4.478789806365967
calibration_test/ece:	0.05885867401957512
calibration_test/brier:	0.5612131357192993
accuracy_test/task:	58.19813600276148
accuracy_test/concepts:	93.0551986694336
map_test/concepts:	0.9001554521647367

Epoch 72
losses_train/task:	1.2504700422286987
losses_train/concepts:	12.178020477294922
losses_train/total:	2.4682722091674805
losses_test/task:	1.7632590532302856
losses_test/concepts:	24.021713256835938
losses_test/total:	4.165431022644043
calibration_test/ece:	0.07067745178937912
calibration_test/brier:	0.5470086336135864
accuracy_test/task:	59.83776320331377
accuracy_test/concepts:	93.27391052246094
map_test/concepts:	0.9080435622822155

Epoch 73
losses_train/task:	1.2431666851043701
losses_train/concepts:	12.33087158203125
losses_train/total:	2.4762539863586426
losses_test/task:	1.808535099029541
losses_test/concepts:	23.7401123046875
losses_test/total:	4.182546615600586
calibration_test/ece:	0.046242836862802505
calibration_test/brier:	0.5544636845588684
accuracy_test/task:	59.216430790472906
accuracy_test/concepts:	92.70811462402344
map_test/concepts:	0.902805879983035

Epoch 74
losses_train/task:	1.2306758165359497
losses_train/concepts:	12.102785110473633
losses_train/total:	2.4409542083740234
losses_test/task:	2.24552845954895
losses_test/concepts:	34.53446578979492
losses_test/total:	5.698975563049316
calibration_test/ece:	0.09760134667158127
calibration_test/brier:	0.6328309178352356
accuracy_test/task:	52.76147739040387
accuracy_test/concepts:	91.7638931274414
map_test/concepts:	0.8710029938004233

Epoch 75
losses_train/task:	1.2399511337280273
losses_train/concepts:	11.998041152954102
losses_train/total:	2.439755916595459
losses_test/task:	2.0207998752593994
losses_test/concepts:	29.125234603881836
losses_test/total:	4.933323383331299
calibration_test/ece:	0.08333178609609604
calibration_test/brier:	0.5868488550186157
accuracy_test/task:	56.696582671729374
accuracy_test/concepts:	92.06389617919922
map_test/concepts:	0.8863896218213168

Epoch 76
losses_train/task:	1.1598211526870728
losses_train/concepts:	11.230584144592285
losses_train/total:	2.28287935256958
losses_test/task:	1.6584187746047974
losses_test/concepts:	21.106332778930664
losses_test/total:	3.769052028656006
calibration_test/ece:	0.06120336800813675
calibration_test/brier:	0.5247827768325806
accuracy_test/task:	60.994131860545394
accuracy_test/concepts:	93.55225372314453
map_test/concepts:	0.9176129406148738

Epoch 77
losses_train/task:	1.1980637311935425
losses_train/concepts:	11.313058853149414
losses_train/total:	2.3293700218200684
losses_test/task:	1.6369907855987549
losses_test/concepts:	21.330833435058594
losses_test/total:	3.770073652267456
calibration_test/ece:	0.050062645226716995
calibration_test/brier:	0.510621190071106
accuracy_test/task:	62.633759061097685
accuracy_test/concepts:	93.61691284179688
map_test/concepts:	0.9210359334945679

Epoch 78
losses_train/task:	1.1072934865951538
losses_train/concepts:	10.895313262939453
losses_train/total:	2.196824789047241
losses_test/task:	1.9270246028900146
losses_test/concepts:	25.76377296447754
losses_test/total:	4.503401756286621
calibration_test/ece:	0.06458506733179092
calibration_test/brier:	0.5601247549057007
accuracy_test/task:	58.094580600621335
accuracy_test/concepts:	92.66796112060547
map_test/concepts:	0.9052688815376976

Epoch 79
losses_train/task:	1.1239066123962402
losses_train/concepts:	10.867842674255371
losses_train/total:	2.210690975189209
losses_test/task:	2.1530978679656982
losses_test/concepts:	29.308469772338867
losses_test/total:	5.083944320678711
calibration_test/ece:	0.08528932929039001
calibration_test/brier:	0.6061431169509888
accuracy_test/task:	54.625474628926476
accuracy_test/concepts:	91.27875518798828
map_test/concepts:	0.8786113056269559

Epoch 80
losses_train/task:	1.2468546628952026
losses_train/concepts:	11.978423118591309
losses_train/total:	2.4446964263916016
losses_test/task:	1.9772695302963257
losses_test/concepts:	29.299728393554688
losses_test/total:	4.907242774963379
calibration_test/ece:	0.08315034210681915
calibration_test/brier:	0.5728553533554077
accuracy_test/task:	57.749395926820846
accuracy_test/concepts:	92.7696304321289
map_test/concepts:	0.8955021825703707

Epoch 81
losses_train/task:	1.175639033317566
losses_train/concepts:	11.424554824829102
losses_train/total:	2.3180949687957764
losses_test/task:	1.7017627954483032
losses_test/concepts:	25.265533447265625
losses_test/total:	4.228315353393555
calibration_test/ece:	0.05415356159210205
calibration_test/brier:	0.515104353427887
accuracy_test/task:	62.01242664825682
accuracy_test/concepts:	93.53720092773438
map_test/concepts:	0.909903545813127

Epoch 82
losses_train/task:	1.110628366470337
losses_train/concepts:	10.917588233947754
losses_train/total:	2.202387571334839
losses_test/task:	1.7311650514602661
losses_test/concepts:	24.06397247314453
losses_test/total:	4.137561798095703
calibration_test/ece:	0.06498997658491135
calibration_test/brier:	0.52536541223526
accuracy_test/task:	61.632723507076285
accuracy_test/concepts:	93.35865020751953
map_test/concepts:	0.9105726892297918

Epoch 83
losses_train/task:	1.1431325674057007
losses_train/concepts:	11.25939655303955
losses_train/total:	2.2690727710723877
losses_test/task:	1.7235864400863647
losses_test/concepts:	24.4101619720459
losses_test/total:	4.164602279663086
calibration_test/ece:	0.06190239638090134
calibration_test/brier:	0.5131224393844604
accuracy_test/task:	62.2885743872972
accuracy_test/concepts:	93.53939819335938
map_test/concepts:	0.9148731957782399

Epoch 84
losses_train/task:	1.1215674877166748
losses_train/concepts:	10.782492637634277
losses_train/total:	2.199816942214966
losses_test/task:	3.847881555557251
losses_test/concepts:	64.76969909667969
losses_test/total:	10.324851036071777
calibration_test/ece:	0.22073516249656677
calibration_test/brier:	0.852257490158081
accuracy_test/task:	36.6413531239213
accuracy_test/concepts:	87.3995132446289
map_test/concepts:	0.7411260442300276

Epoch 85
losses_train/task:	1.124696135520935
losses_train/concepts:	10.812182426452637
losses_train/total:	2.2059144973754883
losses_test/task:	2.3220300674438477
losses_test/concepts:	33.308197021484375
losses_test/total:	5.65285062789917
calibration_test/ece:	0.11479046940803528
calibration_test/brier:	0.6151164770126343
accuracy_test/task:	55.09147393855713
accuracy_test/concepts:	91.3757095336914
map_test/concepts:	0.8759978543628346

Epoch 86
losses_train/task:	1.1340206861495972
losses_train/concepts:	11.049221992492676
losses_train/total:	2.238943099975586
losses_test/task:	2.130246639251709
losses_test/concepts:	33.111534118652344
losses_test/total:	5.441399574279785
calibration_test/ece:	0.10588312894105911
calibration_test/brier:	0.5976666808128357
accuracy_test/task:	55.66102865032793
accuracy_test/concepts:	92.3353271484375
map_test/concepts:	0.8882243004712191

Epoch 87
losses_train/task:	1.1072533130645752
losses_train/concepts:	11.298401832580566
losses_train/total:	2.237093687057495
losses_test/task:	1.922643780708313
losses_test/concepts:	26.690990447998047
losses_test/total:	4.591742038726807
calibration_test/ece:	0.08828748017549515
calibration_test/brier:	0.5576387047767639
accuracy_test/task:	58.64687607870211
accuracy_test/concepts:	92.69339752197266
map_test/concepts:	0.9032463832335038

Epoch 88
losses_train/task:	1.093408226966858
losses_train/concepts:	10.835113525390625
losses_train/total:	2.17691969871521
losses_test/task:	1.6017507314682007
losses_test/concepts:	22.847084045410156
losses_test/total:	3.8864588737487793
calibration_test/ece:	0.06416068226099014
calibration_test/brier:	0.49407127499580383
accuracy_test/task:	63.87642388677943
accuracy_test/concepts:	94.04242706298828
map_test/concepts:	0.9209451361136003

Epoch 89
losses_train/task:	1.091044545173645
losses_train/concepts:	10.844918251037598
losses_train/total:	2.175536632537842
losses_test/task:	1.5534048080444336
losses_test/concepts:	22.302230834960938
losses_test/total:	3.7836270332336426
calibration_test/ece:	0.05849695950746536
calibration_test/brier:	0.48513585329055786
accuracy_test/task:	64.96375560925095
accuracy_test/concepts:	94.14473724365234
map_test/concepts:	0.9237521095709367

Epoch 90
losses_train/task:	1.0780819654464722
losses_train/concepts:	10.604085922241211
losses_train/total:	2.1384902000427246
losses_test/task:	2.07515811920166
losses_test/concepts:	28.939985275268555
losses_test/total:	4.969156742095947
calibration_test/ece:	0.10766058415174484
calibration_test/brier:	0.5840132236480713
accuracy_test/task:	57.49050742147049
accuracy_test/concepts:	92.17842864990234
map_test/concepts:	0.8879486311565746

Epoch 91
losses_train/task:	1.0947606563568115
losses_train/concepts:	10.86777114868164
losses_train/total:	2.1815378665924072
losses_test/task:	1.8290950059890747
losses_test/concepts:	26.309120178222656
losses_test/total:	4.460007190704346
calibration_test/ece:	0.0801447257399559
calibration_test/brier:	0.5368527770042419
accuracy_test/task:	60.925094925785295
accuracy_test/concepts:	93.4132308959961
map_test/concepts:	0.9084866881370545

Epoch 92
losses_train/task:	1.082200050354004
losses_train/concepts:	10.740012168884277
losses_train/total:	2.156200885772705
losses_test/task:	1.9230316877365112
losses_test/concepts:	28.637542724609375
losses_test/total:	4.786786079406738
calibration_test/ece:	0.0924001932144165
calibration_test/brier:	0.5446298718452454
accuracy_test/task:	61.2875388332758
accuracy_test/concepts:	93.0062255859375
map_test/concepts:	0.9035369428721342

Epoch 93
losses_train/task:	1.0906814336776733
losses_train/concepts:	10.472044944763184
losses_train/total:	2.137885808944702
losses_test/task:	1.9610430002212524
losses_test/concepts:	28.410459518432617
losses_test/total:	4.802088737487793
calibration_test/ece:	0.09742005169391632
calibration_test/brier:	0.5651482343673706
accuracy_test/task:	59.18191232309285
accuracy_test/concepts:	92.60552978515625
map_test/concepts:	0.8874606826088646

Epoch 94
losses_train/task:	1.092278242111206
losses_train/concepts:	10.807428359985352
losses_train/total:	2.173021078109741
losses_test/task:	2.0311965942382812
losses_test/concepts:	28.31505012512207
losses_test/total:	4.862701892852783
calibration_test/ece:	0.10264728963375092
calibration_test/brier:	0.5787792801856995
accuracy_test/task:	57.87021056265102
accuracy_test/concepts:	92.40374755859375
map_test/concepts:	0.8865843751213768

Epoch 95
losses_train/task:	1.1190974712371826
losses_train/concepts:	11.28664779663086
losses_train/total:	2.2477619647979736
losses_test/task:	1.7412108182907104
losses_test/concepts:	25.02381706237793
losses_test/total:	4.243593215942383
calibration_test/ece:	0.0786244347691536
calibration_test/brier:	0.5206287503242493
accuracy_test/task:	62.15050051777701
accuracy_test/concepts:	93.57485961914062
map_test/concepts:	0.9148023908788507

Epoch 96
losses_train/task:	1.0042431354522705
losses_train/concepts:	9.99328899383545
losses_train/total:	2.0035722255706787
losses_test/task:	1.8335853815078735
losses_test/concepts:	25.620338439941406
losses_test/total:	4.395619869232178
calibration_test/ece:	0.0918690487742424
calibration_test/brier:	0.5408399105072021
accuracy_test/task:	59.8550224370038
accuracy_test/concepts:	93.15184783935547
map_test/concepts:	0.9037747729908336

Epoch 97
losses_train/task:	1.0162718296051025
losses_train/concepts:	9.92658519744873
losses_train/total:	2.008930206298828
losses_test/task:	1.6562540531158447
losses_test/concepts:	24.521015167236328
losses_test/total:	4.108355522155762
calibration_test/ece:	0.08100135624408722
calibration_test/brier:	0.49742916226387024
accuracy_test/task:	63.962720055229546
accuracy_test/concepts:	93.99347686767578
map_test/concepts:	0.9189315189014782

Epoch 98
losses_train/task:	1.0243992805480957
losses_train/concepts:	10.499198913574219
losses_train/total:	2.0743191242218018
losses_test/task:	1.9426158666610718
losses_test/concepts:	28.334821701049805
losses_test/total:	4.776098251342773
calibration_test/ece:	0.10692053288221359
calibration_test/brier:	0.5566858649253845
accuracy_test/task:	59.76872626855368
accuracy_test/concepts:	92.9092788696289
map_test/concepts:	0.8985673091628334

Epoch 99
losses_train/task:	0.9508798122406006
losses_train/concepts:	9.333507537841797
losses_train/total:	1.884230613708496
losses_test/task:	1.8599389791488647
losses_test/concepts:	28.96570587158203
losses_test/total:	4.7565107345581055
calibration_test/ece:	0.1098354160785675
calibration_test/brier:	0.5542929172515869
accuracy_test/task:	59.88954090438384
accuracy_test/concepts:	93.35173797607422
map_test/concepts:	0.901670777797699

Epoch 100
losses_train/task:	0.9632278084754944
losses_train/concepts:	9.575645446777344
losses_train/total:	1.9207924604415894
losses_test/task:	1.8254427909851074
losses_test/concepts:	27.774412155151367
losses_test/total:	4.602883338928223
calibration_train/ece:	0.04299744963645935
calibration_train/brier:	0.3287527859210968
accuracy_train/task:	74.55658783783784
calibration_test/ece:	0.1078350618481636
calibration_test/brier:	0.5353134274482727
accuracy_test/task:	61.54642733862617
accuracy_train/concepts:	93.78800964355469
map_train/concepts:	0.9622418652881276
accuracy_test/concepts:	93.6781005859375
map_test/concepts:	0.9105237429792231
accuracy_test/nuisances_task:	0.02785691043786835
accuracy_test/nuisances_nontask:	0.0
mutual_inf_test/nuisances_task:	0.003413354738231775
mutual_inf_test/nuisances_nontask:	0.0

Epoch 101
losses_train/task:	0.9082320332527161
losses_train/concepts:	9.044026374816895
losses_train/total:	1.8126347064971924
losses_test/task:	1.3691465854644775
losses_test/concepts:	20.215442657470703
losses_test/total:	3.3906915187835693
calibration_test/ece:	0.055663615465164185
calibration_test/brier:	0.4283983111381531
accuracy_test/task:	68.8643424231964
accuracy_test/concepts:	95.20382690429688
map_test/concepts:	0.9425124677744778

Epoch 102
losses_train/task:	0.8900477886199951
losses_train/concepts:	8.69334602355957
losses_train/total:	1.759381890296936
losses_test/task:	1.3208447694778442
losses_test/concepts:	19.798751831054688
losses_test/total:	3.300719976425171
calibration_test/ece:	0.045179907232522964
calibration_test/brier:	0.41233736276626587
accuracy_test/task:	70.52122885743873
accuracy_test/concepts:	95.37672424316406
map_test/concepts:	0.9444861509583213

Epoch 103
losses_train/task:	0.8362707495689392
losses_train/concepts:	7.952276706695557
losses_train/total:	1.6314986944198608
losses_test/task:	1.29777193069458
losses_test/concepts:	19.397138595581055
losses_test/total:	3.2374861240386963
calibration_test/ece:	0.04329419881105423
calibration_test/brier:	0.4065006375312805
accuracy_test/task:	70.83189506385916
accuracy_test/concepts:	95.48593139648438
map_test/concepts:	0.9457971475341104

Epoch 104
losses_train/task:	0.7658095955848694
losses_train/concepts:	7.636850833892822
losses_train/total:	1.5294944047927856
losses_test/task:	1.2890245914459229
losses_test/concepts:	19.799861907958984
losses_test/total:	3.2690107822418213
calibration_test/ece:	0.041687577962875366
calibration_test/brier:	0.4017918109893799
accuracy_test/task:	71.22885743872972
accuracy_test/concepts:	95.57474517822266
map_test/concepts:	0.9468575141646646

Epoch 105
losses_train/task:	0.7668926119804382
losses_train/concepts:	7.533628940582275
losses_train/total:	1.5202553272247314
losses_test/task:	1.2717561721801758
losses_test/concepts:	19.473230361938477
losses_test/total:	3.219078540802002
calibration_test/ece:	0.03875866159796715
calibration_test/brier:	0.39733174443244934
accuracy_test/task:	71.86744908526062
accuracy_test/concepts:	95.64250183105469
map_test/concepts:	0.9480289155786688

Epoch 106
losses_train/task:	0.7900100350379944
losses_train/concepts:	7.612374305725098
losses_train/total:	1.5512477159500122
losses_test/task:	1.2567442655563354
losses_test/concepts:	19.43136978149414
losses_test/total:	3.1998817920684814
calibration_test/ece:	0.03979805111885071
calibration_test/brier:	0.3932388722896576
accuracy_test/task:	72.10907835692095
accuracy_test/concepts:	95.72724914550781
map_test/concepts:	0.9490348837592385

Epoch 107
losses_train/task:	0.7634718418121338
losses_train/concepts:	7.203501224517822
losses_train/total:	1.4838221073150635
losses_test/task:	1.272372841835022
losses_test/concepts:	19.889719009399414
losses_test/total:	3.2613449096679688
calibration_test/ece:	0.04515635222196579
calibration_test/brier:	0.40073564648628235
accuracy_test/task:	71.43596824301001
accuracy_test/concepts:	95.68489074707031
map_test/concepts:	0.948096764087677

Epoch 108
losses_train/task:	0.748802125453949
losses_train/concepts:	7.106330871582031
losses_train/total:	1.4594348669052124
losses_test/task:	1.2458733320236206
losses_test/concepts:	19.384355545043945
losses_test/total:	3.184309720993042
calibration_test/ece:	0.043206822127103806
calibration_test/brier:	0.3920772969722748
accuracy_test/task:	72.22989299275112
accuracy_test/concepts:	95.78156280517578
map_test/concepts:	0.9495442292907021

Epoch 109
losses_train/task:	0.7123723030090332
losses_train/concepts:	6.623675346374512
losses_train/total:	1.3747398853302002
losses_test/task:	1.2556939125061035
losses_test/concepts:	19.52250862121582
losses_test/total:	3.207944631576538
calibration_test/ece:	0.04275761544704437
calibration_test/brier:	0.39215245842933655
accuracy_test/task:	72.16085605799103
accuracy_test/concepts:	95.73855590820312
map_test/concepts:	0.9491489713842218

Epoch 110
losses_train/task:	0.7153582572937012
losses_train/concepts:	6.66349458694458
losses_train/total:	1.3817076683044434
losses_test/task:	1.245984435081482
losses_test/concepts:	19.165752410888672
losses_test/total:	3.1625587940216064
calibration_test/ece:	0.04681352153420448
calibration_test/brier:	0.39212271571159363
accuracy_test/task:	71.98826372109079
accuracy_test/concepts:	95.7988052368164
map_test/concepts:	0.9499718763611533

Epoch 111
losses_train/task:	0.7300911545753479
losses_train/concepts:	6.942379474639893
losses_train/total:	1.424329161643982
losses_test/task:	1.2499724626541138
losses_test/concepts:	19.699419021606445
losses_test/total:	3.219914436340332
calibration_test/ece:	0.045260846614837646
calibration_test/brier:	0.39408889412879944
accuracy_test/task:	71.86744908526062
accuracy_test/concepts:	95.76331329345703
map_test/concepts:	0.9492472551085732

Epoch 112
losses_train/task:	0.7399425506591797
losses_train/concepts:	7.071780204772949
losses_train/total:	1.4471203088760376
losses_test/task:	1.236635684967041
losses_test/concepts:	19.136655807495117
losses_test/total:	3.150301456451416
calibration_test/ece:	0.04002457484602928
calibration_test/brier:	0.38402366638183594
accuracy_test/task:	72.7131515360718
accuracy_test/concepts:	95.7972412109375
map_test/concepts:	0.9502467090433294

Epoch 113
losses_train/task:	0.7287926077842712
losses_train/concepts:	6.8914642333984375
losses_train/total:	1.4179390668869019
losses_test/task:	1.2378417253494263
losses_test/concepts:	19.15867805480957
losses_test/total:	3.1537094116210938
calibration_test/ece:	0.04319122061133385
calibration_test/brier:	0.38860976696014404
accuracy_test/task:	72.2816706938212
accuracy_test/concepts:	95.78623962402344
map_test/concepts:	0.9499511371959339

Epoch 114
losses_train/task:	0.7217486500740051
losses_train/concepts:	6.802910804748535
losses_train/total:	1.402039885520935
losses_test/task:	1.2364097833633423
losses_test/concepts:	19.4072208404541
losses_test/total:	3.1771323680877686
calibration_test/ece:	0.04021350294351578
calibration_test/brier:	0.3859107494354248
accuracy_test/task:	72.59233690024163
accuracy_test/concepts:	95.84492492675781
map_test/concepts:	0.9503567468036305

Epoch 115
losses_train/task:	0.7114360332489014
losses_train/concepts:	6.686529159545898
losses_train/total:	1.3800888061523438
losses_test/task:	1.2232041358947754
losses_test/concepts:	19.297122955322266
losses_test/total:	3.1529157161712646
calibration_test/ece:	0.04456852003931999
calibration_test/brier:	0.3843335211277008
accuracy_test/task:	72.55781843286158
accuracy_test/concepts:	95.82200622558594
map_test/concepts:	0.9509574792601846

Epoch 116
losses_train/task:	0.7437670230865479
losses_train/concepts:	7.289913177490234
losses_train/total:	1.4727582931518555
losses_test/task:	1.2295727729797363
losses_test/concepts:	19.700075149536133
losses_test/total:	3.199580669403076
calibration_test/ece:	0.044511713087558746
calibration_test/brier:	0.38515639305114746
accuracy_test/task:	72.40248532965137
accuracy_test/concepts:	95.84178924560547
map_test/concepts:	0.9502489631826228

Epoch 117
losses_train/task:	0.7494051456451416
losses_train/concepts:	7.056332111358643
losses_train/total:	1.4550384283065796
losses_test/task:	1.2366223335266113
losses_test/concepts:	19.43614959716797
losses_test/total:	3.1802375316619873
calibration_test/ece:	0.04605276137590408
calibration_test/brier:	0.38762927055358887
accuracy_test/task:	72.22989299275112
accuracy_test/concepts:	95.80414581298828
map_test/concepts:	0.9508249976418235

Epoch 118
losses_train/task:	0.7029644250869751
losses_train/concepts:	6.451449394226074
losses_train/total:	1.3481096029281616
losses_test/task:	1.227907657623291
losses_test/concepts:	19.463539123535156
losses_test/total:	3.1742618083953857
calibration_test/ece:	0.04297710582613945
calibration_test/brier:	0.3844808340072632
accuracy_test/task:	72.66137383500173
accuracy_test/concepts:	95.86062622070312
map_test/concepts:	0.9510754032568498

Epoch 119
losses_train/task:	0.6712779402732849
losses_train/concepts:	6.386629581451416
losses_train/total:	1.3099408149719238
losses_test/task:	1.243238925933838
losses_test/concepts:	19.819988250732422
losses_test/total:	3.2252373695373535
calibration_test/ece:	0.04479837417602539
calibration_test/brier:	0.3883938193321228
accuracy_test/task:	72.55781843286158
accuracy_test/concepts:	95.9098892211914
map_test/concepts:	0.9510796351866289

Epoch 120
losses_train/task:	0.7091671228408813
losses_train/concepts:	6.508549213409424
losses_train/total:	1.3600221872329712
losses_test/task:	1.2433931827545166
losses_test/concepts:	19.656028747558594
losses_test/total:	3.208996057510376
calibration_test/ece:	0.04787532240152359
calibration_test/brier:	0.3914083242416382
accuracy_test/task:	72.04004142216085
accuracy_test/concepts:	95.84303283691406
map_test/concepts:	0.9506989565762607

Epoch 121
losses_train/task:	0.675387442111969
losses_train/concepts:	6.377348899841309
losses_train/total:	1.3131225109100342
losses_test/task:	1.2380387783050537
losses_test/concepts:	20.08272361755371
losses_test/total:	3.2463111877441406
calibration_test/ece:	0.04631984233856201
calibration_test/brier:	0.3864574730396271
accuracy_test/task:	72.52329996548153
accuracy_test/concepts:	95.9315185546875
map_test/concepts:	0.9510649020021612

Epoch 122
losses_train/task:	0.6739184856414795
losses_train/concepts:	6.242320537567139
losses_train/total:	1.2981504201889038
losses_test/task:	1.2341904640197754
losses_test/concepts:	19.535846710205078
losses_test/total:	3.1877760887145996
calibration_test/ece:	0.04580294340848923
calibration_test/brier:	0.38595113158226013
accuracy_test/task:	72.76492923714187
accuracy_test/concepts:	95.91928100585938
map_test/concepts:	0.9517513502727856

Epoch 123
losses_train/task:	0.6840351819992065
losses_train/concepts:	6.40661096572876
losses_train/total:	1.3246960639953613
losses_test/task:	1.2354605197906494
losses_test/concepts:	19.75975227355957
losses_test/total:	3.2114357948303223
calibration_test/ece:	0.04647937789559364
calibration_test/brier:	0.3859564960002899
accuracy_test/task:	72.69589230238178
accuracy_test/concepts:	95.92713165283203
map_test/concepts:	0.9513344179500233

Epoch 124
losses_train/task:	0.6754422783851624
losses_train/concepts:	6.169387340545654
losses_train/total:	1.2923811674118042
losses_test/task:	1.2264798879623413
losses_test/concepts:	19.646892547607422
losses_test/total:	3.191169500350952
calibration_test/ece:	0.04342149198055267
calibration_test/brier:	0.3806392550468445
accuracy_test/task:	73.29996548153262
accuracy_test/concepts:	95.93875122070312
map_test/concepts:	0.9515613371675665

Epoch 125
losses_train/task:	0.7104979753494263
losses_train/concepts:	6.571082592010498
losses_train/total:	1.3676061630249023
losses_test/task:	1.2262849807739258
losses_test/concepts:	19.723276138305664
losses_test/total:	3.198612689971924
calibration_test/ece:	0.0420161709189415
calibration_test/brier:	0.38102030754089355
accuracy_test/task:	73.2827062478426
accuracy_test/concepts:	95.96260070800781
map_test/concepts:	0.9517727364193309

Epoch 126
losses_train/task:	0.6874692440032959
losses_train/concepts:	6.489873886108398
losses_train/total:	1.3364567756652832
losses_test/task:	1.2369135618209839
losses_test/concepts:	19.692808151245117
losses_test/total:	3.206193685531616
calibration_test/ece:	0.05480736121535301
calibration_test/brier:	0.387448251247406
accuracy_test/task:	72.19537452537108
accuracy_test/concepts:	95.8985824584961
map_test/concepts:	0.9512987494468689

Epoch 127
losses_train/task:	0.6800189018249512
losses_train/concepts:	6.393275737762451
losses_train/total:	1.3193464279174805
losses_test/task:	1.240858554840088
losses_test/concepts:	19.512168884277344
losses_test/total:	3.192075490951538
calibration_test/ece:	0.04864325746893883
calibration_test/brier:	0.3838983178138733
accuracy_test/task:	72.90300310666207
accuracy_test/concepts:	95.97042083740234
map_test/concepts:	0.9526067809625105

Epoch 128
losses_train/task:	0.6791353821754456
losses_train/concepts:	6.107588768005371
losses_train/total:	1.2898942232131958
losses_test/task:	1.2322707176208496
losses_test/concepts:	19.598541259765625
losses_test/total:	3.1921257972717285
calibration_test/ece:	0.04988629370927811
calibration_test/brier:	0.3823494017124176
accuracy_test/task:	72.95478080773213
accuracy_test/concepts:	95.9908447265625
map_test/concepts:	0.9517860141667452

Epoch 129
losses_train/task:	0.6416357755661011
losses_train/concepts:	5.862365245819092
losses_train/total:	1.2278722524642944
losses_test/task:	1.2483408451080322
losses_test/concepts:	20.175039291381836
losses_test/total:	3.2658445835113525
calibration_test/ece:	0.05139397084712982
calibration_test/brier:	0.386925607919693
accuracy_test/task:	72.73041076976182
accuracy_test/concepts:	95.9644775390625
map_test/concepts:	0.9515548706054687

Epoch 130
losses_train/task:	0.6571182608604431
losses_train/concepts:	5.872424125671387
losses_train/total:	1.2443606853485107
losses_test/task:	1.238405466079712
losses_test/concepts:	19.784191131591797
losses_test/total:	3.216824531555176
calibration_test/ece:	0.04991317540407181
calibration_test/brier:	0.3844115138053894
accuracy_test/task:	73.04107697618225
accuracy_test/concepts:	95.9654312133789
map_test/concepts:	0.9519631873477589

Epoch 131
losses_train/task:	0.6366395950317383
losses_train/concepts:	5.821711540222168
losses_train/total:	1.2188109159469604
losses_test/task:	1.2298872470855713
losses_test/concepts:	19.410795211791992
losses_test/total:	3.1709671020507812
calibration_test/ece:	0.05112839862704277
calibration_test/brier:	0.3846435844898224
accuracy_test/task:	72.90300310666207
accuracy_test/concepts:	95.9434585571289
map_test/concepts:	0.9521945097229697

Epoch 132
losses_train/task:	0.6700114607810974
losses_train/concepts:	6.1004509925842285
losses_train/total:	1.2800565958023071
losses_test/task:	1.2525599002838135
losses_test/concepts:	20.483909606933594
losses_test/total:	3.300950765609741
calibration_test/ece:	0.05408734083175659
calibration_test/brier:	0.3913150429725647
accuracy_test/task:	72.55781843286158
accuracy_test/concepts:	95.94438171386719
map_test/concepts:	0.9506900776516307

Epoch 133
losses_train/task:	0.6319672465324402
losses_train/concepts:	5.875618934631348
losses_train/total:	1.219529151916504
losses_test/task:	1.2389582395553589
losses_test/concepts:	20.29294204711914
losses_test/total:	3.2682526111602783
calibration_test/ece:	0.051337748765945435
calibration_test/brier:	0.3851548433303833
accuracy_test/task:	73.05833620987228
accuracy_test/concepts:	95.96951293945312
map_test/concepts:	0.9515443075786937

Epoch 134
losses_train/task:	0.6418584585189819
losses_train/concepts:	5.989938259124756
losses_train/total:	1.2408519983291626
losses_test/task:	1.2385220527648926
losses_test/concepts:	20.025859832763672
losses_test/total:	3.24110746383667
calibration_test/ece:	0.0509011372923851
calibration_test/brier:	0.38447830080986023
accuracy_test/task:	73.09285467725233
accuracy_test/concepts:	95.9579086303711
map_test/concepts:	0.951912667534568

Epoch 135
losses_train/task:	0.6759214401245117
losses_train/concepts:	6.217330455780029
losses_train/total:	1.297654390335083
losses_test/task:	1.23764169216156
losses_test/concepts:	20.172792434692383
losses_test/total:	3.254920721054077
calibration_test/ece:	0.05249536409974098
calibration_test/brier:	0.38388577103614807
accuracy_test/task:	73.11011391094236
accuracy_test/concepts:	96.00215148925781
map_test/concepts:	0.9520572673190724

Epoch 136
losses_train/task:	0.6432741284370422
losses_train/concepts:	5.882046699523926
losses_train/total:	1.2314786911010742
losses_test/task:	1.2357925176620483
losses_test/concepts:	20.052026748657227
losses_test/total:	3.2409961223602295
calibration_test/ece:	0.05568237602710724
calibration_test/brier:	0.3858676850795746
accuracy_test/task:	72.76492923714187
accuracy_test/concepts:	95.96353912353516
map_test/concepts:	0.9517521370540966

Epoch 137
losses_train/task:	0.6264666318893433
losses_train/concepts:	5.734228134155273
losses_train/total:	1.1998894214630127
losses_test/task:	1.2574330568313599
losses_test/concepts:	20.64882469177246
losses_test/total:	3.3223156929016113
calibration_test/ece:	0.05349167436361313
calibration_test/brier:	0.3890867233276367
accuracy_test/task:	72.62685536762167
accuracy_test/concepts:	95.94032287597656
map_test/concepts:	0.9506145639853044

Epoch 138
losses_train/task:	0.6535316109657288
losses_train/concepts:	6.0598320960998535
losses_train/total:	1.2595146894454956
losses_test/task:	1.24214506149292
losses_test/concepts:	20.355690002441406
losses_test/total:	3.2777130603790283
calibration_test/ece:	0.053431034088134766
calibration_test/brier:	0.3854216933250427
accuracy_test/task:	73.00655850880221
accuracy_test/concepts:	95.98080444335938
map_test/concepts:	0.9512945034287192

Epoch 139
losses_train/task:	0.6438611745834351
losses_train/concepts:	5.945688724517822
losses_train/total:	1.238430142402649
losses_test/task:	1.224429965019226
losses_test/concepts:	19.860227584838867
losses_test/total:	3.2104525566101074
calibration_test/ece:	0.05283888429403305
calibration_test/brier:	0.3813035786151886
accuracy_test/task:	73.00655850880221
accuracy_test/concepts:	96.03446960449219
map_test/concepts:	0.9519588253714821

Epoch 140
losses_train/task:	0.6626182794570923
losses_train/concepts:	6.013344764709473
losses_train/total:	1.2639528512954712
losses_test/task:	1.2361599206924438
losses_test/concepts:	20.00272560119629
losses_test/total:	3.2364327907562256
calibration_test/ece:	0.054707933217287064
calibration_test/brier:	0.3829466700553894
accuracy_test/task:	72.93752157404211
accuracy_test/concepts:	95.98894500732422
map_test/concepts:	0.951758990504525

Epoch 141
losses_train/task:	0.6409299373626709
losses_train/concepts:	6.090041160583496
losses_train/total:	1.249934196472168
losses_test/task:	1.2310912609100342
losses_test/concepts:	20.516767501831055
losses_test/total:	3.2827675342559814
calibration_test/ece:	0.053010858595371246
calibration_test/brier:	0.38100147247314453
accuracy_test/task:	73.29996548153262
accuracy_test/concepts:	96.0589599609375
map_test/concepts:	0.9518334887244485

Epoch 142
losses_train/task:	0.6260344982147217
losses_train/concepts:	5.6517863273620605
losses_train/total:	1.1912132501602173
losses_test/task:	1.231326937675476
losses_test/concepts:	19.86862564086914
losses_test/total:	3.218189239501953
calibration_test/ece:	0.048601679503917694
calibration_test/brier:	0.3795190453529358
accuracy_test/task:	73.52433551950294
accuracy_test/concepts:	96.02316284179688
map_test/concepts:	0.9518681233579462

Epoch 143
losses_train/task:	0.6307703852653503
losses_train/concepts:	5.654153823852539
losses_train/total:	1.1961859464645386
losses_test/task:	1.2462154626846313
losses_test/concepts:	20.666521072387695
losses_test/total:	3.3128671646118164
calibration_test/ece:	0.05163365602493286
calibration_test/brier:	0.38291624188423157
accuracy_test/task:	73.02381774249223
accuracy_test/concepts:	95.9808120727539
map_test/concepts:	0.9503270528533242

Epoch 144
losses_train/task:	0.6384616494178772
losses_train/concepts:	5.8670454025268555
losses_train/total:	1.2251663208007812
losses_test/task:	1.237104892730713
losses_test/concepts:	20.32720947265625
losses_test/total:	3.2698259353637695
calibration_test/ece:	0.05133359879255295
calibration_test/brier:	0.3818577527999878
accuracy_test/task:	73.45529858474283
accuracy_test/concepts:	96.00902557373047
map_test/concepts:	0.9513473207300359

Epoch 145
losses_train/task:	0.6456475257873535
losses_train/concepts:	5.909198760986328
losses_train/total:	1.236567497253418
losses_test/task:	1.2316073179244995
losses_test/concepts:	19.998289108276367
losses_test/total:	3.2314364910125732
calibration_test/ece:	0.05247311666607857
calibration_test/brier:	0.3827427923679352
accuracy_test/task:	73.19641007939248
accuracy_test/concepts:	95.95726013183594
map_test/concepts:	0.951051757552407

Epoch 146
losses_train/task:	0.6027219891548157
losses_train/concepts:	5.6598286628723145
losses_train/total:	1.168704867362976
losses_test/task:	1.2531925439834595
losses_test/concepts:	20.809614181518555
losses_test/total:	3.3341543674468994
calibration_test/ece:	0.0526123009622097
calibration_test/brier:	0.38641849160194397
accuracy_test/task:	73.19641007939248
accuracy_test/concepts:	95.97827911376953
map_test/concepts:	0.9507162668488243

Epoch 147
losses_train/task:	0.6532595753669739
losses_train/concepts:	6.147288799285889
losses_train/total:	1.2679883241653442
losses_test/task:	1.242787480354309
losses_test/concepts:	20.62349510192871
losses_test/total:	3.3051373958587646
calibration_test/ece:	0.05341225489974022
calibration_test/brier:	0.3829261064529419
accuracy_test/task:	73.12737314463237
accuracy_test/concepts:	96.01311492919922
map_test/concepts:	0.9514608177271756

Epoch 148
losses_train/task:	0.6175257563591003
losses_train/concepts:	5.586578369140625
losses_train/total:	1.1761833429336548
losses_test/task:	1.2338882684707642
losses_test/concepts:	20.656396865844727
losses_test/total:	3.299528121948242
calibration_test/ece:	0.05090911313891411
calibration_test/brier:	0.37829649448394775
accuracy_test/task:	73.59337245426303
accuracy_test/concepts:	96.04448699951172
map_test/concepts:	0.9521950071508234

Epoch 149
losses_train/task:	0.6334933638572693
losses_train/concepts:	5.766637325286865
losses_train/total:	1.210157036781311
losses_test/task:	1.2419260740280151
losses_test/concepts:	20.665420532226562
losses_test/total:	3.30846905708313
calibration_test/ece:	0.053947076201438904
calibration_test/brier:	0.3812262713909149
accuracy_test/task:	73.38626164998274
accuracy_test/concepts:	96.02284240722656
map_test/concepts:	0.9516315980391069

Epoch 150
losses_train/task:	0.5886368751525879
losses_train/concepts:	5.504238605499268
losses_train/total:	1.1390608549118042
losses_test/task:	1.2426084280014038
losses_test/concepts:	20.697786331176758
losses_test/total:	3.312387228012085
calibration_test/ece:	0.05716732516884804
calibration_test/brier:	0.3820268213748932
accuracy_test/task:	73.16189161201243
accuracy_test/concepts:	96.04985809326172
map_test/concepts:	0.9517175436019898

Epoch 151
losses_train/task:	0.5929458141326904
losses_train/concepts:	5.443725109100342
losses_train/total:	1.13731849193573
losses_test/task:	1.2420819997787476
losses_test/concepts:	20.68950843811035
losses_test/total:	3.3110318183898926
calibration_test/ece:	0.05487624555826187
calibration_test/brier:	0.38186341524124146
accuracy_test/task:	73.35174318260269
accuracy_test/concepts:	96.0413589477539
map_test/concepts:	0.9518669540231878

Epoch 152
losses_train/task:	0.6026982665061951
losses_train/concepts:	5.3990888595581055
losses_train/total:	1.1426070928573608
losses_test/task:	1.2448722124099731
losses_test/concepts:	21.001089096069336
losses_test/total:	3.3449814319610596
calibration_test/ece:	0.05473833158612251
calibration_test/brier:	0.38196760416030884
accuracy_test/task:	73.40352088367277
accuracy_test/concepts:	96.05957794189453
map_test/concepts:	0.9519760987975381

Epoch 153
losses_train/task:	0.6119769811630249
losses_train/concepts:	5.615894317626953
losses_train/total:	1.173566460609436
losses_test/task:	1.243744969367981
losses_test/concepts:	20.719446182250977
losses_test/total:	3.3156890869140625
calibration_test/ece:	0.05649254098534584
calibration_test/brier:	0.38220277428627014
accuracy_test/task:	73.17915084570245
accuracy_test/concepts:	96.03948974609375
map_test/concepts:	0.9518701217391274

Epoch 154
losses_train/task:	0.6048380136489868
losses_train/concepts:	5.480884075164795
losses_train/total:	1.1529264450073242
losses_test/task:	1.2515959739685059
losses_test/concepts:	20.60270881652832
losses_test/total:	3.311866044998169
calibration_test/ece:	0.057439543306827545
calibration_test/brier:	0.38209739327430725
accuracy_test/task:	73.35174318260269
accuracy_test/concepts:	96.0140609741211
map_test/concepts:	0.9515611583536322

Epoch 155
losses_train/task:	0.6098891496658325
losses_train/concepts:	5.57779598236084
losses_train/total:	1.1676685810089111
losses_test/task:	1.238966464996338
losses_test/concepts:	20.555898666381836
losses_test/total:	3.2945566177368164
calibration_test/ece:	0.0535782165825367
calibration_test/brier:	0.38024455308914185
accuracy_test/task:	73.59337245426303
accuracy_test/concepts:	96.02095794677734
map_test/concepts:	0.9519054857167331

Epoch 156
losses_train/task:	0.6175829768180847
losses_train/concepts:	5.674084186553955
losses_train/total:	1.184991478919983
losses_test/task:	1.246748924255371
losses_test/concepts:	21.162084579467773
losses_test/total:	3.362957000732422
calibration_test/ece:	0.05787041410803795
calibration_test/brier:	0.38574206829071045
accuracy_test/task:	73.04107697618225
accuracy_test/concepts:	96.05266571044922
map_test/concepts:	0.9512314893982627

Epoch 157
losses_train/task:	0.593614399433136
losses_train/concepts:	5.2945876121521
losses_train/total:	1.1230732202529907
losses_test/task:	1.246324062347412
losses_test/concepts:	20.77191925048828
losses_test/total:	3.3235156536102295
calibration_test/ece:	0.06086104363203049
calibration_test/brier:	0.3854568302631378
accuracy_test/task:	72.86848463928202
accuracy_test/concepts:	96.02033996582031
map_test/concepts:	0.9515178355303677

Epoch 158
losses_train/task:	0.6163546442985535
losses_train/concepts:	5.876072406768799
losses_train/total:	1.203961730003357
losses_test/task:	1.2528258562088013
losses_test/concepts:	20.620187759399414
losses_test/total:	3.3148443698883057
calibration_test/ece:	0.05688093230128288
calibration_test/brier:	0.3840254545211792
accuracy_test/task:	73.1446323783224
accuracy_test/concepts:	95.98329162597656
map_test/concepts:	0.9510530569336632

Epoch 159
losses_train/task:	0.6274706125259399
losses_train/concepts:	5.76869535446167
losses_train/total:	1.2043401002883911
losses_test/task:	1.2548236846923828
losses_test/concepts:	20.818986892700195
losses_test/total:	3.3367221355438232
calibration_test/ece:	0.055860716849565506
calibration_test/brier:	0.38265925645828247
accuracy_test/task:	73.45529858474283
accuracy_test/concepts:	96.03069305419922
map_test/concepts:	0.9516288096254523

Epoch 160
losses_train/task:	0.6009162068367004
losses_train/concepts:	5.5756001472473145
losses_train/total:	1.1584762334823608
losses_test/task:	1.260697364807129
losses_test/concepts:	21.150482177734375
losses_test/total:	3.375746726989746
calibration_test/ece:	0.06145106256008148
calibration_test/brier:	0.3850986659526825
accuracy_test/task:	73.12737314463237
accuracy_test/concepts:	96.01531982421875
map_test/concepts:	0.951632226597179

Epoch 161
losses_train/task:	0.5770075917243958
losses_train/concepts:	5.286715984344482
losses_train/total:	1.1056790351867676
losses_test/task:	1.2615649700164795
losses_test/concepts:	21.58545684814453
losses_test/total:	3.4201104640960693
calibration_test/ece:	0.05976589769124985
calibration_test/brier:	0.3857371211051941
accuracy_test/task:	73.11011391094236
accuracy_test/concepts:	96.04293060302734
map_test/concepts:	0.951351914622567

Epoch 162
losses_train/task:	0.5681167244911194
losses_train/concepts:	5.3115339279174805
losses_train/total:	1.099269986152649
losses_test/task:	1.274691104888916
losses_test/concepts:	21.2116641998291
losses_test/total:	3.395857810974121
calibration_test/ece:	0.06310473382472992
calibration_test/brier:	0.3893677592277527
accuracy_test/task:	72.74767000345184
accuracy_test/concepts:	96.00526428222656
map_test/concepts:	0.9510298555547541

Epoch 163
losses_train/task:	0.5610259175300598
losses_train/concepts:	5.19256067276001
losses_train/total:	1.0802818536758423
losses_test/task:	1.2692859172821045
losses_test/concepts:	21.59725570678711
losses_test/total:	3.429011821746826
calibration_test/ece:	0.060596562922000885
calibration_test/brier:	0.38904571533203125
accuracy_test/task:	73.04107697618225
accuracy_test/concepts:	95.98582458496094
map_test/concepts:	0.9498772697015242

Epoch 164
losses_train/task:	0.5611417293548584
losses_train/concepts:	5.134133815765381
losses_train/total:	1.0745550394058228
losses_test/task:	1.270878791809082
losses_test/concepts:	21.559486389160156
losses_test/total:	3.4268271923065186
calibration_test/ece:	0.05838768929243088
calibration_test/brier:	0.3855958878993988
accuracy_test/task:	73.26544701415257
accuracy_test/concepts:	96.00464630126953
map_test/concepts:	0.9503677639094266

Epoch 165
losses_train/task:	0.5790275931358337
losses_train/concepts:	5.154350757598877
losses_train/total:	1.0944627523422241
losses_test/task:	1.2576735019683838
losses_test/concepts:	21.203227996826172
losses_test/total:	3.3779962062835693
calibration_test/ece:	0.06040140241384506
calibration_test/brier:	0.3857310116291046
accuracy_test/task:	73.05833620987228
accuracy_test/concepts:	96.01437377929688
map_test/concepts:	0.9510984778404236

Epoch 166
losses_train/task:	0.5680812001228333
losses_train/concepts:	5.079089164733887
losses_train/total:	1.075990080833435
losses_test/task:	1.2669192552566528
losses_test/concepts:	21.404617309570312
losses_test/total:	3.4073808193206787
calibration_test/ece:	0.06340187788009644
calibration_test/brier:	0.38782787322998047
accuracy_test/task:	72.74767000345184
accuracy_test/concepts:	96.01406860351562
map_test/concepts:	0.9507033684036948

Epoch 167
losses_train/task:	0.5977034568786621
losses_train/concepts:	5.428311824798584
losses_train/total:	1.1405346393585205
losses_test/task:	1.2548924684524536
losses_test/concepts:	21.74786949157715
losses_test/total:	3.4296791553497314
calibration_test/ece:	0.06406834721565247
calibration_test/brier:	0.3865112364292145
accuracy_test/task:	73.02381774249223
accuracy_test/concepts:	96.09188842773438
map_test/concepts:	0.9512087735262784

Epoch 168
losses_train/task:	0.5854625701904297
losses_train/concepts:	5.407036781311035
losses_train/total:	1.1261663436889648
losses_test/task:	1.251681923866272
losses_test/concepts:	21.215904235839844
losses_test/total:	3.37327241897583
calibration_test/ece:	0.06174113601446152
calibration_test/brier:	0.3823477029800415
accuracy_test/task:	73.23092854677252
accuracy_test/concepts:	96.04198455810547
map_test/concepts:	0.9508055665276267

Epoch 169
losses_train/task:	0.588953971862793
losses_train/concepts:	5.235403060913086
losses_train/total:	1.1124942302703857
losses_test/task:	1.2503045797348022
losses_test/concepts:	21.07778549194336
losses_test/total:	3.358083486557007
calibration_test/ece:	0.06205321475863457
calibration_test/brier:	0.38266679644584656
accuracy_test/task:	73.2136693130825
accuracy_test/concepts:	96.04230499267578
map_test/concepts:	0.9511633417823098

Epoch 170
losses_train/task:	0.5960947871208191
losses_train/concepts:	5.3779215812683105
losses_train/total:	1.133886694908142
losses_test/task:	1.2542204856872559
losses_test/concepts:	20.91515350341797
losses_test/total:	3.345736026763916
calibration_test/ece:	0.06259098649024963
calibration_test/brier:	0.3819640278816223
accuracy_test/task:	73.29996548153262
accuracy_test/concepts:	96.04043579101562
map_test/concepts:	0.9515645731579173

Epoch 171
losses_train/task:	0.5662074089050293
losses_train/concepts:	5.279363632202148
losses_train/total:	1.0941436290740967
losses_test/task:	1.2421313524246216
losses_test/concepts:	20.937137603759766
losses_test/total:	3.3358452320098877
calibration_test/ece:	0.06076401099562645
calibration_test/brier:	0.3808762729167938
accuracy_test/task:	73.1446323783224
accuracy_test/concepts:	96.06769561767578
map_test/concepts:	0.9518434936350042

Epoch 172
losses_train/task:	0.6118564009666443
losses_train/concepts:	5.652416706085205
losses_train/total:	1.1770981550216675
losses_test/task:	1.2527602910995483
losses_test/concepts:	21.316848754882812
losses_test/total:	3.3844449520111084
calibration_test/ece:	0.059932105243206024
calibration_test/brier:	0.3824657201766968
accuracy_test/task:	73.35174318260269
accuracy_test/concepts:	96.0746078491211
map_test/concepts:	0.9519335410811685

Epoch 173
losses_train/task:	0.5964750051498413
losses_train/concepts:	5.245047569274902
losses_train/total:	1.120979905128479
losses_test/task:	1.2633612155914307
losses_test/concepts:	21.09349822998047
losses_test/total:	3.372711658477783
calibration_test/ece:	0.06073222681879997
calibration_test/brier:	0.38636264204978943
accuracy_test/task:	73.23092854677252
accuracy_test/concepts:	96.01373291015625
map_test/concepts:	0.9513777646151456

Epoch 174
losses_train/task:	0.5588374733924866
losses_train/concepts:	5.04475212097168
losses_train/total:	1.0633127689361572
losses_test/task:	1.2507154941558838
losses_test/concepts:	21.13592529296875
losses_test/total:	3.3643083572387695
calibration_test/ece:	0.060663606971502304
calibration_test/brier:	0.38260266184806824
accuracy_test/task:	73.40352088367277
accuracy_test/concepts:	96.04072570800781
map_test/concepts:	0.9517512288960543

Epoch 175
losses_train/task:	0.6135339140892029
losses_train/concepts:	5.5914435386657715
losses_train/total:	1.1726783514022827
losses_test/task:	1.2556955814361572
losses_test/concepts:	21.277931213378906
losses_test/total:	3.383488178253174
calibration_test/ece:	0.06482698768377304
calibration_test/brier:	0.38445642590522766
accuracy_test/task:	73.04107697618225
accuracy_test/concepts:	96.07054138183594
map_test/concepts:	0.9516224850307812

Epoch 176
losses_train/task:	0.5752236843109131
losses_train/concepts:	5.380311489105225
losses_train/total:	1.1132550239562988
losses_test/task:	1.2649998664855957
losses_test/concepts:	21.245702743530273
losses_test/total:	3.3895695209503174
calibration_test/ece:	0.0624706968665123
calibration_test/brier:	0.384946346282959
accuracy_test/task:	73.29996548153262
accuracy_test/concepts:	96.01061248779297
map_test/concepts:	0.9510334220799532

Epoch 177
losses_train/task:	0.59895920753479
losses_train/concepts:	5.66392183303833
losses_train/total:	1.165351390838623
losses_test/task:	1.2500731945037842
losses_test/concepts:	21.41238784790039
losses_test/total:	3.3913121223449707
calibration_test/ece:	0.06112062931060791
calibration_test/brier:	0.38178402185440063
accuracy_test/task:	73.40352088367277
accuracy_test/concepts:	96.04263305664062
map_test/concepts:	0.9514394630085338

Epoch 178
losses_train/task:	0.5647618174552917
losses_train/concepts:	5.020082473754883
losses_train/total:	1.0667699575424194
losses_test/task:	1.2505961656570435
losses_test/concepts:	20.63316535949707
losses_test/total:	3.3139123916625977
calibration_test/ece:	0.06331250071525574
calibration_test/brier:	0.38331159949302673
accuracy_test/task:	73.24818778046254
accuracy_test/concepts:	95.99710845947266
map_test/concepts:	0.9509445515545931

Epoch 179
losses_train/task:	0.5765699148178101
losses_train/concepts:	5.292400360107422
losses_train/total:	1.1058099269866943
losses_test/task:	1.260908603668213
losses_test/concepts:	21.20436668395996
losses_test/total:	3.381345510482788
calibration_test/ece:	0.06389344483613968
calibration_test/brier:	0.3870064914226532
accuracy_test/task:	73.16189161201243
accuracy_test/concepts:	96.0162582397461
map_test/concepts:	0.9511281837116589

Epoch 180
losses_train/task:	0.5739678144454956
losses_train/concepts:	5.261393070220947
losses_train/total:	1.1001068353652954
losses_test/task:	1.2446879148483276
losses_test/concepts:	20.986101150512695
losses_test/total:	3.3432986736297607
calibration_test/ece:	0.0621199756860733
calibration_test/brier:	0.3827727138996124
accuracy_test/task:	73.54159475319295
accuracy_test/concepts:	96.07870483398438
map_test/concepts:	0.9523076729340987

Epoch 181
losses_train/task:	0.5617555975914001
losses_train/concepts:	5.020018100738525
losses_train/total:	1.063757300376892
losses_test/task:	1.2522058486938477
losses_test/concepts:	20.79622459411621
losses_test/total:	3.3318283557891846
calibration_test/ece:	0.06533527374267578
calibration_test/brier:	0.3838596045970917
accuracy_test/task:	73.52433551950294
accuracy_test/concepts:	96.05485534667969
map_test/concepts:	0.951845809546384

Epoch 182
losses_train/task:	0.5669640302658081
losses_train/concepts:	4.993770599365234
losses_train/total:	1.0663412809371948
losses_test/task:	1.2692341804504395
losses_test/concepts:	21.7629337310791
losses_test/total:	3.4455275535583496
calibration_test/ece:	0.06722623109817505
calibration_test/brier:	0.3868160545825958
accuracy_test/task:	73.00655850880221
accuracy_test/concepts:	96.06866455078125
map_test/concepts:	0.9507495760917664

Epoch 183
losses_train/task:	0.5658721327781677
losses_train/concepts:	5.121388912200928
losses_train/total:	1.0780110359191895
losses_test/task:	1.2592757940292358
losses_test/concepts:	21.73604393005371
losses_test/total:	3.4328808784484863
calibration_test/ece:	0.06393834948539734
calibration_test/brier:	0.38488852977752686
accuracy_test/task:	73.26544701415257
accuracy_test/concepts:	96.06959533691406
map_test/concepts:	0.9509972897442904

Epoch 184
losses_train/task:	0.5595129728317261
losses_train/concepts:	5.164546966552734
losses_train/total:	1.07596755027771
losses_test/task:	1.259406328201294
losses_test/concepts:	21.551321029663086
losses_test/total:	3.4145381450653076
calibration_test/ece:	0.06633934378623962
calibration_test/brier:	0.38323941826820374
accuracy_test/task:	73.40352088367277
accuracy_test/concepts:	96.08309936523438
map_test/concepts:	0.9510861017487265

Epoch 185
losses_train/task:	0.555077850818634
losses_train/concepts:	5.137383460998535
losses_train/total:	1.0688161849975586
losses_test/task:	1.2569650411605835
losses_test/concepts:	21.809494018554688
losses_test/total:	3.4379141330718994
calibration_test/ece:	0.06773631274700165
calibration_test/brier:	0.3819766640663147
accuracy_test/task:	73.50707628581291
accuracy_test/concepts:	96.09124755859375
map_test/concepts:	0.9508687658743424

Epoch 186
losses_train/task:	0.5569825172424316
losses_train/concepts:	5.123117446899414
losses_train/total:	1.0692943334579468
losses_test/task:	1.259828805923462
losses_test/concepts:	21.308008193969727
losses_test/total:	3.390629768371582
calibration_test/ece:	0.0647565945982933
calibration_test/brier:	0.3855648338794708
accuracy_test/task:	73.48981705212289
accuracy_test/concepts:	96.07086944580078
map_test/concepts:	0.9510644500905817

Epoch 187
losses_train/task:	0.6142314076423645
losses_train/concepts:	5.668136119842529
losses_train/total:	1.1810451745986938
losses_test/task:	1.2663875818252563
losses_test/concepts:	21.728853225708008
losses_test/total:	3.439272403717041
calibration_test/ece:	0.06355975568294525
calibration_test/brier:	0.3849082291126251
accuracy_test/task:	73.66240938902313
accuracy_test/concepts:	96.07022094726562
map_test/concepts:	0.9511256152933294

Epoch 188
losses_train/task:	0.5597891807556152
losses_train/concepts:	5.04021692276001
losses_train/total:	1.06381094455719
losses_test/task:	1.239277720451355
losses_test/concepts:	20.6817626953125
losses_test/total:	3.3074541091918945
calibration_test/ece:	0.06269264966249466
calibration_test/brier:	0.38152721524238586
accuracy_test/task:	73.95581636175353
accuracy_test/concepts:	96.06425476074219
map_test/concepts:	0.9518744371154092

Epoch 189
losses_train/task:	0.5909774899482727
losses_train/concepts:	5.260794162750244
losses_train/total:	1.117056965827942
losses_test/task:	1.2566670179367065
losses_test/concepts:	20.94464874267578
losses_test/total:	3.3511316776275635
calibration_test/ece:	0.0657321959733963
calibration_test/brier:	0.38614609837532043
accuracy_test/task:	73.2827062478426
accuracy_test/concepts:	96.05860137939453
map_test/concepts:	0.9516352718526667

Epoch 190
losses_train/task:	0.5442097783088684
losses_train/concepts:	4.876020908355713
losses_train/total:	1.0318118333816528
losses_test/task:	1.254093885421753
losses_test/concepts:	21.212162017822266
losses_test/total:	3.375309467315674
calibration_test/ece:	0.06439176201820374
calibration_test/brier:	0.38259342312812805
accuracy_test/task:	73.61063168795306
accuracy_test/concepts:	96.1003646850586
map_test/concepts:	0.9514578862623735

Epoch 191
losses_train/task:	0.5579745769500732
losses_train/concepts:	5.028294086456299
losses_train/total:	1.0608041286468506
losses_test/task:	1.2599189281463623
losses_test/concepts:	21.25528335571289
losses_test/total:	3.3854477405548096
calibration_test/ece:	0.0646883174777031
calibration_test/brier:	0.38277310132980347
accuracy_test/task:	73.69692785640318
accuracy_test/concepts:	96.09503173828125
map_test/concepts:	0.9516072955998507

Epoch 192
losses_train/task:	0.5679593682289124
losses_train/concepts:	5.283267498016357
losses_train/total:	1.0962862968444824
losses_test/task:	1.2449740171432495
losses_test/concepts:	21.26565933227539
losses_test/total:	3.3715403079986572
calibration_test/ece:	0.06642234325408936
calibration_test/brier:	0.3822231888771057
accuracy_test/task:	73.7832240248533
accuracy_test/concepts:	96.11134338378906
map_test/concepts:	0.9519933624701067

Epoch 193
losses_train/task:	0.554831326007843
losses_train/concepts:	5.127049922943115
losses_train/total:	1.0675363540649414
losses_test/task:	1.2435606718063354
losses_test/concepts:	21.239032745361328
losses_test/total:	3.3674638271331787
calibration_test/ece:	0.06444714218378067
calibration_test/brier:	0.3793737292289734
accuracy_test/task:	73.95581636175353
accuracy_test/concepts:	96.10946655273438
map_test/concepts:	0.9518567258661443

Epoch 194
losses_train/task:	0.5455394983291626
losses_train/concepts:	5.017746925354004
losses_train/total:	1.0473142862319946
losses_test/task:	1.248759388923645
losses_test/concepts:	21.290264129638672
losses_test/total:	3.377786159515381
calibration_test/ece:	0.06335282325744629
calibration_test/brier:	0.38049808144569397
accuracy_test/task:	73.7832240248533
accuracy_test/concepts:	96.0799331665039
map_test/concepts:	0.9515817143700339

Epoch 195
losses_train/task:	0.5383730530738831
losses_train/concepts:	4.959114074707031
losses_train/total:	1.0342844724655151
losses_test/task:	1.2495886087417603
losses_test/concepts:	20.816091537475586
losses_test/total:	3.3311984539031982
calibration_test/ece:	0.06614509224891663
calibration_test/brier:	0.38135063648223877
accuracy_test/task:	73.576113220573
accuracy_test/concepts:	96.0843276977539
map_test/concepts:	0.9518635327165778

Epoch 196
losses_train/task:	0.5516760945320129
losses_train/concepts:	4.873528480529785
losses_train/total:	1.0390290021896362
losses_test/task:	1.2409589290618896
losses_test/concepts:	20.99079132080078
losses_test/total:	3.3400378227233887
calibration_test/ece:	0.06569375842809677
calibration_test/brier:	0.38040682673454285
accuracy_test/task:	73.48981705212289
accuracy_test/concepts:	96.1031723022461
map_test/concepts:	0.9515741955150258

Epoch 197
losses_train/task:	0.5570303201675415
losses_train/concepts:	4.9266438484191895
losses_train/total:	1.0496946573257446
losses_test/task:	1.2529746294021606
losses_test/concepts:	20.96641731262207
losses_test/total:	3.3496170043945312
calibration_test/ece:	0.06695666164159775
calibration_test/brier:	0.38384130597114563
accuracy_test/task:	73.67966862271315
accuracy_test/concepts:	96.11449432373047
map_test/concepts:	0.9517904498360373

Epoch 198
losses_train/task:	0.5211695432662964
losses_train/concepts:	4.745037078857422
losses_train/total:	0.9956733584403992
losses_test/task:	1.2617775201797485
losses_test/concepts:	21.66748809814453
losses_test/total:	3.428525924682617
calibration_test/ece:	0.06753513216972351
calibration_test/brier:	0.38410985469818115
accuracy_test/task:	73.50707628581291
accuracy_test/concepts:	96.1128921508789
map_test/concepts:	0.9517268939451737

Epoch 199
losses_train/task:	0.5235804319381714
losses_train/concepts:	4.816265106201172
losses_train/total:	1.0052069425582886
losses_test/task:	1.244490385055542
losses_test/concepts:	20.97756576538086
losses_test/total:	3.34224796295166
calibration_test/ece:	0.06456252187490463
calibration_test/brier:	0.3810867369174957
accuracy_test/task:	73.80048325854332
accuracy_test/concepts:	96.1295166015625
map_test/concepts:	0.9523122592405839

Epoch 200
losses_train/task:	0.5469374656677246
losses_train/concepts:	5.174645900726318
losses_train/total:	1.0644018650054932
losses_test/task:	1.2555092573165894
losses_test/concepts:	21.65735626220703
losses_test/total:	3.421245813369751
calibration_train/ece:	0.06300224363803864
calibration_train/brier:	0.14639712870121002
accuracy_train/task:	89.21030405405405
calibration_test/ece:	0.06848778575658798
calibration_test/brier:	0.3847306966781616
accuracy_test/task:	73.45529858474283
accuracy_train/concepts:	97.3544921875
map_train/concepts:	0.991373610496521
accuracy_test/concepts:	96.1260986328125
map_test/concepts:	0.9515557614239779
accuracy_test/nuisances_task:	0.027554286153692948
accuracy_test/nuisances_nontask:	0.0
mutual_inf_test/nuisances_task:	0.002771024429235392
mutual_inf_test/nuisances_nontask:	0.0

Epoch 201
losses_train/task:	0.5510269999504089
losses_train/concepts:	5.021278381347656
losses_train/total:	1.053154706954956
losses_test/task:	1.2472459077835083
losses_test/concepts:	21.361820220947266
losses_test/total:	3.3834283351898193
calibration_test/ece:	0.06970541179180145
calibration_test/brier:	0.3851301372051239
accuracy_test/task:	73.26544701415257
accuracy_test/concepts:	96.1273193359375
map_test/concepts:	0.9517857844179327

Epoch 202
losses_train/task:	0.5260806083679199
losses_train/concepts:	4.855620861053467
losses_train/total:	1.0116428136825562
losses_test/task:	1.2510987520217896
losses_test/concepts:	21.225543975830078
losses_test/total:	3.3736536502838135
calibration_test/ece:	0.06877719610929489
calibration_test/brier:	0.3851141035556793
accuracy_test/task:	73.35174318260269
accuracy_test/concepts:	96.12418365478516
map_test/concepts:	0.9521687431768937

Epoch 203
losses_train/task:	0.5239306688308716
losses_train/concepts:	4.810031414031982
losses_train/total:	1.0049337148666382
losses_test/task:	1.2502285242080688
losses_test/concepts:	21.361900329589844
losses_test/total:	3.386417865753174
calibration_test/ece:	0.06938205659389496
calibration_test/brier:	0.38569849729537964
accuracy_test/task:	73.40352088367277
accuracy_test/concepts:	96.13237762451172
map_test/concepts:	0.9519803957505659

Epoch 204
losses_train/task:	0.5610569715499878
losses_train/concepts:	5.272556304931641
losses_train/total:	1.0883126258850098
losses_test/task:	1.2525031566619873
losses_test/concepts:	21.381122589111328
losses_test/total:	3.3906161785125732
calibration_test/ece:	0.06856311857700348
calibration_test/brier:	0.3838224411010742
accuracy_test/task:	73.38626164998274
accuracy_test/concepts:	96.1163558959961
map_test/concepts:	0.9521424802866849

Epoch 205
losses_train/task:	0.537635087966919
losses_train/concepts:	5.045726299285889
losses_train/total:	1.0422077178955078
losses_test/task:	1.248365879058838
losses_test/concepts:	21.374584197998047
losses_test/total:	3.3858249187469482
calibration_test/ece:	0.06954622268676758
calibration_test/brier:	0.38419994711875916
accuracy_test/task:	73.45529858474283
accuracy_test/concepts:	96.13894653320312
map_test/concepts:	0.9520705634897405

Epoch 206
losses_train/task:	0.552852988243103
losses_train/concepts:	5.305846691131592
losses_train/total:	1.0834376811981201
losses_test/task:	1.2484729290008545
losses_test/concepts:	21.336437225341797
losses_test/total:	3.3821165561676025
calibration_test/ece:	0.06816142797470093
calibration_test/brier:	0.38421332836151123
accuracy_test/task:	73.45529858474283
accuracy_test/concepts:	96.14334869384766
map_test/concepts:	0.9521240234375

Epoch 207
losses_train/task:	0.5501222014427185
losses_train/concepts:	5.006337642669678
losses_train/total:	1.0507559776306152
losses_test/task:	1.257171392440796
losses_test/concepts:	21.669607162475586
losses_test/total:	3.4241325855255127
calibration_test/ece:	0.06828050315380096
calibration_test/brier:	0.38555294275283813
accuracy_test/task:	73.36900241629272
accuracy_test/concepts:	96.12201690673828
map_test/concepts:	0.9519890200008045

Epoch 208
losses_train/task:	0.5408617854118347
losses_train/concepts:	4.878430366516113
losses_train/total:	1.0287047624588013
losses_test/task:	1.2567912340164185
losses_test/concepts:	21.835742950439453
losses_test/total:	3.440365791320801
calibration_test/ece:	0.07045246660709381
calibration_test/brier:	0.386768639087677
accuracy_test/task:	73.31722471522265
accuracy_test/concepts:	96.15338134765625
map_test/concepts:	0.952155048196966

Epoch 209
losses_train/task:	0.5370802283287048
losses_train/concepts:	4.9144511222839355
losses_train/total:	1.0285253524780273
losses_test/task:	1.2519484758377075
losses_test/concepts:	21.17869758605957
losses_test/total:	3.3698179721832275
calibration_test/ece:	0.0703146830201149
calibration_test/brier:	0.38657304644584656
accuracy_test/task:	73.24818778046254
accuracy_test/concepts:	96.13017272949219
map_test/concepts:	0.9522242231802507

Epoch 210
losses_train/task:	0.49005112051963806
losses_train/concepts:	4.494312286376953
losses_train/total:	0.9394823312759399
losses_test/task:	1.248732328414917
losses_test/concepts:	21.05744171142578
losses_test/total:	3.354475975036621
calibration_test/ece:	0.06910278648138046
calibration_test/brier:	0.38470402359962463
accuracy_test/task:	73.38626164998274
accuracy_test/concepts:	96.12797546386719
map_test/concepts:	0.952042095227675

Epoch 211
losses_train/task:	0.5707454085350037
losses_train/concepts:	5.101634502410889
losses_train/total:	1.0809088945388794
losses_test/task:	1.2517184019088745
losses_test/concepts:	21.439884185791016
losses_test/total:	3.39570689201355
calibration_test/ece:	0.07031546533107758
calibration_test/brier:	0.38459062576293945
accuracy_test/task:	73.36900241629272
accuracy_test/concepts:	96.13611602783203
map_test/concepts:	0.9522257815707814

Epoch 212
losses_train/task:	0.5490685701370239
losses_train/concepts:	4.863587379455566
losses_train/total:	1.0354273319244385
losses_test/task:	1.24674391746521
losses_test/concepts:	21.605167388916016
losses_test/total:	3.407261371612549
calibration_test/ece:	0.07104824483394623
calibration_test/brier:	0.38509294390678406
accuracy_test/task:	73.23092854677252
accuracy_test/concepts:	96.17315673828125
map_test/concepts:	0.9521496360952204

Epoch 213
losses_train/task:	0.5718953013420105
losses_train/concepts:	5.097311019897461
losses_train/total:	1.0816264152526855
losses_test/task:	1.243740439414978
losses_test/concepts:	20.863496780395508
losses_test/total:	3.330089569091797
calibration_test/ece:	0.06849504262208939
calibration_test/brier:	0.3820929229259491
accuracy_test/task:	73.59337245426303
accuracy_test/concepts:	96.14962005615234
map_test/concepts:	0.9525647141716697

Epoch 214
losses_train/task:	0.5381481647491455
losses_train/concepts:	4.913132667541504
losses_train/total:	1.02946138381958
losses_test/task:	1.2509045600891113
losses_test/concepts:	21.149492263793945
losses_test/total:	3.3658533096313477
calibration_test/ece:	0.07051250338554382
calibration_test/brier:	0.3846855163574219
accuracy_test/task:	73.4207801173628
accuracy_test/concepts:	96.15874481201172
map_test/concepts:	0.9526083924553611

Epoch 215
losses_train/task:	0.53324955701828
losses_train/concepts:	4.769186496734619
losses_train/total:	1.0101683139801025
losses_test/task:	1.2533855438232422
losses_test/concepts:	21.700777053833008
losses_test/total:	3.423462390899658
calibration_test/ece:	0.06997222453355789
calibration_test/brier:	0.3855990469455719
accuracy_test/task:	73.35174318260269
accuracy_test/concepts:	96.13768005371094
map_test/concepts:	0.9522440834478898

Epoch 216
losses_train/task:	0.5203502774238586
losses_train/concepts:	4.752103805541992
losses_train/total:	0.9955609440803528
losses_test/task:	1.2472437620162964
losses_test/concepts:	21.327518463134766
losses_test/total:	3.379995584487915
calibration_test/ece:	0.0707441195845604
calibration_test/brier:	0.3844898045063019
accuracy_test/task:	73.31722471522265
accuracy_test/concepts:	96.14269256591797
map_test/concepts:	0.9523839300329034

Epoch 217
losses_train/task:	0.5360516905784607
losses_train/concepts:	5.163833141326904
losses_train/total:	1.052435040473938
losses_test/task:	1.252058744430542
losses_test/concepts:	21.033668518066406
losses_test/total:	3.355426073074341
calibration_test/ece:	0.06986495107412338
calibration_test/brier:	0.38428226113319397
accuracy_test/task:	73.40352088367277
accuracy_test/concepts:	96.13048553466797
map_test/concepts:	0.9526557759805159

Epoch 218
losses_train/task:	0.5316054224967957
losses_train/concepts:	4.92970609664917
losses_train/total:	1.0245757102966309
losses_test/task:	1.249767780303955
losses_test/concepts:	21.16065216064453
losses_test/total:	3.365833282470703
calibration_test/ece:	0.0702548623085022
calibration_test/brier:	0.383171409368515
accuracy_test/task:	73.4207801173628
accuracy_test/concepts:	96.1499252319336
map_test/concepts:	0.9524708021770824

Epoch 219
losses_train/task:	0.5418823957443237
losses_train/concepts:	5.117132663726807
losses_train/total:	1.0535956621170044
losses_test/task:	1.2428505420684814
losses_test/concepts:	21.25171661376953
losses_test/total:	3.3680224418640137
calibration_test/ece:	0.0678541362285614
calibration_test/brier:	0.38174644112586975
accuracy_test/task:	73.61063168795306
accuracy_test/concepts:	96.16404724121094
map_test/concepts:	0.9529136083342812

Epoch 220
losses_train/task:	0.5448778867721558
losses_train/concepts:	4.867486000061035
losses_train/total:	1.0316264629364014
losses_test/task:	1.251611351966858
losses_test/concepts:	21.299345016479492
losses_test/total:	3.3815457820892334
calibration_test/ece:	0.07053294032812119
calibration_test/brier:	0.3847450315952301
accuracy_test/task:	73.24818778046254
accuracy_test/concepts:	96.14208221435547
map_test/concepts:	0.9525503386150707

Epoch 221
losses_train/task:	0.49602967500686646
losses_train/concepts:	4.5943779945373535
losses_train/total:	0.9554675817489624
losses_test/task:	1.234221339225769
losses_test/concepts:	20.569385528564453
losses_test/total:	3.2911596298217773
calibration_test/ece:	0.06742491573095322
calibration_test/brier:	0.38047775626182556
accuracy_test/task:	73.54159475319295
accuracy_test/concepts:	96.14082336425781
map_test/concepts:	0.9531468564813788

Epoch 222
losses_train/task:	0.5213453769683838
losses_train/concepts:	4.82498025894165
losses_train/total:	1.0038435459136963
losses_test/task:	1.2526843547821045
losses_test/concepts:	21.314193725585938
losses_test/total:	3.384103536605835
calibration_test/ece:	0.07006669044494629
calibration_test/brier:	0.3840786814689636
accuracy_test/task:	73.47255781843286
accuracy_test/concepts:	96.15056610107422
map_test/concepts:	0.9525402535091747

Epoch 223
losses_train/task:	0.5388140678405762
losses_train/concepts:	4.8705620765686035
losses_train/total:	1.0258703231811523
losses_test/task:	1.2487584352493286
losses_test/concepts:	21.34515380859375
losses_test/total:	3.3832733631134033
calibration_test/ece:	0.07091404497623444
calibration_test/brier:	0.38341203331947327
accuracy_test/task:	73.43803935105281
accuracy_test/concepts:	96.16531372070312
map_test/concepts:	0.9528898618438028

Epoch 224
losses_train/task:	0.5145680904388428
losses_train/concepts:	4.672704696655273
losses_train/total:	0.9818384647369385
losses_test/task:	1.240909457206726
losses_test/concepts:	21.212614059448242
losses_test/total:	3.362171173095703
calibration_test/ece:	0.06899649649858475
calibration_test/brier:	0.3815482556819916
accuracy_test/task:	73.54159475319295
accuracy_test/concepts:	96.17251586914062
map_test/concepts:	0.9526075233112682

Epoch 225
losses_train/task:	0.5471335649490356
losses_train/concepts:	4.912597179412842
losses_train/total:	1.038393497467041
losses_test/task:	1.2440141439437866
losses_test/concepts:	21.149314880371094
losses_test/total:	3.358945608139038
calibration_test/ece:	0.07261857390403748
calibration_test/brier:	0.3831307590007782
accuracy_test/task:	73.23092854677252
accuracy_test/concepts:	96.15399169921875
map_test/concepts:	0.9525595318187366

Epoch 226
losses_train/task:	0.5681973099708557
losses_train/concepts:	5.1589531898498535
losses_train/total:	1.0840924978256226
losses_test/task:	1.2429133653640747
losses_test/concepts:	21.137039184570312
losses_test/total:	3.3566181659698486
calibration_test/ece:	0.06856563687324524
calibration_test/brier:	0.381803035736084
accuracy_test/task:	73.59337245426303
accuracy_test/concepts:	96.14740753173828
map_test/concepts:	0.9524193958802657

Epoch 227
losses_train/task:	0.5102218389511108
losses_train/concepts:	4.608980178833008
losses_train/total:	0.97111976146698
losses_test/task:	1.2370226383209229
losses_test/concepts:	21.31095314025879
losses_test/total:	3.368117570877075
calibration_test/ece:	0.06674867868423462
calibration_test/brier:	0.3794752359390259
accuracy_test/task:	73.80048325854332
accuracy_test/concepts:	96.1747055053711
map_test/concepts:	0.9526013374328614

Epoch 228
losses_train/task:	0.5142468810081482
losses_train/concepts:	4.624694347381592
losses_train/total:	0.9767162203788757
losses_test/task:	1.2540541887283325
losses_test/concepts:	21.070093154907227
losses_test/total:	3.36106276512146
calibration_test/ece:	0.06909079849720001
calibration_test/brier:	0.3839155435562134
accuracy_test/task:	73.47255781843286
accuracy_test/concepts:	96.1217041015625
map_test/concepts:	0.9521551793271845

Epoch 229
losses_train/task:	0.5235155820846558
losses_train/concepts:	4.579660415649414
losses_train/total:	0.9814816117286682
losses_test/task:	1.241666316986084
losses_test/concepts:	21.146984100341797
losses_test/total:	3.3563640117645264
calibration_test/ece:	0.06721500307321548
calibration_test/brier:	0.38027358055114746
accuracy_test/task:	73.80048325854332
accuracy_test/concepts:	96.1559066772461
map_test/concepts:	0.9526659206910567

Epoch 230
losses_train/task:	0.5638970136642456
losses_train/concepts:	5.016539096832275
losses_train/total:	1.065550684928894
losses_test/task:	1.2449239492416382
losses_test/concepts:	21.198488235473633
losses_test/total:	3.364772319793701
calibration_test/ece:	0.06918030232191086
calibration_test/brier:	0.38242724537849426
accuracy_test/task:	73.55885398688298
accuracy_test/concepts:	96.15776062011719
map_test/concepts:	0.9526862437074834

Epoch 231
losses_train/task:	0.532441258430481
losses_train/concepts:	4.798934459686279
losses_train/total:	1.0123347043991089
losses_test/task:	1.244061827659607
losses_test/concepts:	21.05584144592285
losses_test/total:	3.3496458530426025
calibration_test/ece:	0.06892421841621399
calibration_test/brier:	0.38241663575172424
accuracy_test/task:	73.6451501553331
accuracy_test/concepts:	96.1389389038086
map_test/concepts:	0.9526378588242964

Epoch 232
losses_train/task:	0.5173733234405518
losses_train/concepts:	4.617591381072998
losses_train/total:	0.9791322946548462
losses_test/task:	1.2483290433883667
losses_test/concepts:	21.266666412353516
losses_test/total:	3.374994993209839
calibration_test/ece:	0.07155127823352814
calibration_test/brier:	0.38391193747520447
accuracy_test/task:	73.33448394891266
accuracy_test/concepts:	96.14838409423828
map_test/concepts:	0.9525228001854636

Epoch 233
losses_train/task:	0.5195801258087158
losses_train/concepts:	4.84918737411499
losses_train/total:	1.0044987201690674
losses_test/task:	1.2391202449798584
losses_test/concepts:	21.465137481689453
losses_test/total:	3.3856334686279297
calibration_test/ece:	0.06919001787900925
calibration_test/brier:	0.3817179501056671
accuracy_test/task:	73.6451501553331
accuracy_test/concepts:	96.17972564697266
map_test/concepts:	0.9526650125330145

Epoch 234
losses_train/task:	0.5322170257568359
losses_train/concepts:	4.8405256271362305
losses_train/total:	1.016269564628601
losses_test/task:	1.2480043172836304
losses_test/concepts:	21.31296730041504
losses_test/total:	3.379300117492676
calibration_test/ece:	0.07081173360347748
calibration_test/brier:	0.3839782476425171
accuracy_test/task:	73.45529858474283
accuracy_test/concepts:	96.15747833251953
map_test/concepts:	0.9525840921835466

Epoch 235
losses_train/task:	0.5185853242874146
losses_train/concepts:	4.625513076782227
losses_train/total:	0.9811367392539978
losses_test/task:	1.2471970319747925
losses_test/concepts:	21.431947708129883
losses_test/total:	3.390392303466797
calibration_test/ece:	0.06736548244953156
calibration_test/brier:	0.38111448287963867
accuracy_test/task:	73.69692785640318
accuracy_test/concepts:	96.15057373046875
map_test/concepts:	0.9526915582743558

Epoch 236
losses_train/task:	0.5280917882919312
losses_train/concepts:	4.76909065246582
losses_train/total:	1.0050008296966553
losses_test/task:	1.2541955709457397
losses_test/concepts:	21.498743057250977
losses_test/total:	3.404068946838379
calibration_test/ece:	0.07026396691799164
calibration_test/brier:	0.38305479288101196
accuracy_test/task:	73.29996548153262
accuracy_test/concepts:	96.14552307128906
map_test/concepts:	0.9522511254657399

Epoch 237
losses_train/task:	0.5687974691390991
losses_train/concepts:	5.282348155975342
losses_train/total:	1.0970323085784912
losses_test/task:	1.2494819164276123
losses_test/concepts:	21.198257446289062
losses_test/total:	3.369307518005371
calibration_test/ece:	0.07040350884199142
calibration_test/brier:	0.38342490792274475
accuracy_test/task:	73.36900241629272
accuracy_test/concepts:	96.1361312866211
map_test/concepts:	0.9524735147302801

Epoch 238
losses_train/task:	0.5022556781768799
losses_train/concepts:	4.612941265106201
losses_train/total:	0.963549792766571
losses_test/task:	1.2519128322601318
losses_test/concepts:	21.303173065185547
losses_test/total:	3.3822314739227295
calibration_test/ece:	0.0696503147482872
calibration_test/brier:	0.38161665201187134
accuracy_test/task:	73.54159475319295
accuracy_test/concepts:	96.15338897705078
map_test/concepts:	0.9521995533596386

Epoch 239
losses_train/task:	0.505499005317688
losses_train/concepts:	4.694110870361328
losses_train/total:	0.9749100208282471
losses_test/task:	1.2375683784484863
losses_test/concepts:	20.937273025512695
losses_test/total:	3.331295967102051
calibration_test/ece:	0.06816942989826202
calibration_test/brier:	0.3804009258747101
accuracy_test/task:	73.61063168795306
accuracy_test/concepts:	96.12386322021484
map_test/concepts:	0.9526358940384605

Epoch 240
losses_train/task:	0.562353789806366
losses_train/concepts:	5.0952043533325195
losses_train/total:	1.0718740224838257
losses_test/task:	1.2474730014801025
losses_test/concepts:	21.31683349609375
losses_test/total:	3.3791563510894775
calibration_test/ece:	0.06961511820554733
calibration_test/brier:	0.38304445147514343
accuracy_test/task:	73.59337245426303
accuracy_test/concepts:	96.16812896728516
map_test/concepts:	0.9527158054438505

Epoch 241
losses_train/task:	0.5433186292648315
losses_train/concepts:	4.956115245819092
losses_train/total:	1.0389302968978882
losses_test/task:	1.2458031177520752
losses_test/concepts:	21.17610740661621
losses_test/total:	3.3634140491485596
calibration_test/ece:	0.06696348637342453
calibration_test/brier:	0.38102075457572937
accuracy_test/task:	73.74870555747324
accuracy_test/concepts:	96.14554595947266
map_test/concepts:	0.952491102435372

Epoch 242
losses_train/task:	0.5068843364715576
losses_train/concepts:	4.693959712982178
losses_train/total:	0.9762803316116333
losses_test/task:	1.2423725128173828
losses_test/concepts:	21.11534881591797
losses_test/total:	3.3539068698883057
calibration_test/ece:	0.06849833577871323
calibration_test/brier:	0.3817083537578583
accuracy_test/task:	73.73144632378322
accuracy_test/concepts:	96.15526580810547
map_test/concepts:	0.9528050086715004

Epoch 243
losses_train/task:	0.5208824276924133
losses_train/concepts:	4.692714691162109
losses_train/total:	0.9901538491249084
losses_test/task:	1.2572083473205566
losses_test/concepts:	21.683923721313477
losses_test/total:	3.42560076713562
calibration_test/ece:	0.06796394288539886
calibration_test/brier:	0.38355621695518494
accuracy_test/task:	73.66240938902313
accuracy_test/concepts:	96.14366149902344
map_test/concepts:	0.9522387439554388

Epoch 244
losses_train/task:	0.5539435744285583
losses_train/concepts:	4.96897554397583
losses_train/total:	1.0508410930633545
losses_test/task:	1.2367302179336548
losses_test/concepts:	20.816848754882812
losses_test/total:	3.3184144496917725
calibration_test/ece:	0.06816833466291428
calibration_test/brier:	0.3800600469112396
accuracy_test/task:	73.73144632378322
accuracy_test/concepts:	96.14554595947266
map_test/concepts:	0.9528995308009061

Epoch 245
losses_train/task:	0.5277650356292725
losses_train/concepts:	4.904192924499512
losses_train/total:	1.0181844234466553
losses_test/task:	1.2389326095581055
losses_test/concepts:	21.22464942932129
losses_test/total:	3.361398220062256
calibration_test/ece:	0.06828567385673523
calibration_test/brier:	0.38019293546676636
accuracy_test/task:	73.7141870900932
accuracy_test/concepts:	96.1470947265625
map_test/concepts:	0.9525335268540815

Epoch 246
losses_train/task:	0.542231559753418
losses_train/concepts:	4.951867580413818
losses_train/total:	1.0374181270599365
losses_test/task:	1.2492139339447021
losses_test/concepts:	21.367753982543945
losses_test/total:	3.3859894275665283
calibration_test/ece:	0.06892348825931549
calibration_test/brier:	0.3816341459751129
accuracy_test/task:	73.59337245426303
accuracy_test/concepts:	96.14804077148438
map_test/concepts:	0.9524941682815552

Epoch 247
losses_train/task:	0.5078157186508179
losses_train/concepts:	4.844854354858398
losses_train/total:	0.9923010468482971
losses_test/task:	1.245041012763977
losses_test/concepts:	21.2936954498291
losses_test/total:	3.374410629272461
calibration_test/ece:	0.07116812467575073
calibration_test/brier:	0.38133251667022705
accuracy_test/task:	73.43803935105281
accuracy_test/concepts:	96.16060638427734
map_test/concepts:	0.9524919975887646

Epoch 248
losses_train/task:	0.5297393202781677
losses_train/concepts:	4.767332077026367
losses_train/total:	1.0064725875854492
losses_test/task:	1.2470741271972656
losses_test/concepts:	21.133052825927734
losses_test/total:	3.360379934310913
calibration_test/ece:	0.06785621494054794
calibration_test/brier:	0.38194409012794495
accuracy_test/task:	73.7141870900932
accuracy_test/concepts:	96.15558624267578
map_test/concepts:	0.9526096322319725

Epoch 249
losses_train/task:	0.5372351408004761
losses_train/concepts:	4.8933210372924805
losses_train/total:	1.0265674591064453
losses_test/task:	1.2401500940322876
losses_test/concepts:	21.213058471679688
losses_test/total:	3.3614559173583984
calibration_test/ece:	0.0675717294216156
calibration_test/brier:	0.38055557012557983
accuracy_test/task:	73.76596479116327
accuracy_test/concepts:	96.1690673828125
map_test/concepts:	0.9527557308023626

Epoch 250
losses_train/task:	0.5257309079170227
losses_train/concepts:	4.7402729988098145
losses_train/total:	0.9997579455375671
losses_test/task:	1.2412960529327393
losses_test/concepts:	21.448869705200195
losses_test/total:	3.3861820697784424
calibration_train/ece:	0.06811746954917908
calibration_train/brier:	0.14325854182243347
accuracy_train/task:	89.29476351351352
calibration_test/ece:	0.06885841488838196
calibration_test/brier:	0.38099658489227295
accuracy_test/task:	73.69692785640318
accuracy_train/concepts:	97.33685302734375
map_train/concepts:	0.9915838230739941
accuracy_test/concepts:	96.19825744628906
map_test/concepts:	0.9527030890638178
accuracy_test/nuisances_task:	0.04269355221798545
accuracy_test/nuisances_nontask:	0.0
mutual_inf_test/nuisances_task:	0.002897167186794673
mutual_inf_test/nuisances_nontask:	0.0

epoch_250.pt
groups=0 err_lowconf=26.303 err_random=26.303
groups=1 err_lowconf=26.424 err_random=26.424
groups=2 err_lowconf=25.112 err_random=25.112
groups=3 err_lowconf=23.800 err_random=23.800
groups=4 err_lowconf=22.057 err_random=22.057
groups=5 err_lowconf=20.556 err_random=20.556
groups=6 err_lowconf=18.605 err_random=18.605
groups=7 err_lowconf=17.380 err_random=17.380
groups=8 err_lowconf=15.637 err_random=15.637
groups=9 err_lowconf=14.187 err_random=14.187
groups=10 err_lowconf=13.324 err_random=13.324
groups=11 err_lowconf=12.582 err_random=12.582
groups=12 err_lowconf=12.979 err_random=12.979
[1;34mwandb[0m:
[1;34mwandb[0m: You can sync this run to the cloud by running:
[1;34mwandb[0m: [1mwandb sync /research/hal-afsharim/minimal_cbm/results/cub12-arhcbm/44/wandb/offline-run-20260728_104240-j5nh7fxv[0m
[1;34mwandb[0m: Find logs at: [1;35mresults/cub12-arhcbm/44/wandb/offline-run-20260728_104240-j5nh7fxv/logs[0m
