
===== launch 2026-07-26 04:49:28.478795 gpu1 =====
wandb: Using wandb-core as the SDK backend.  Please refer to https://wandb.me/wandb-core for more information.
wandb: Tracking run with wandb version 0.19.0
wandb: W&B syncing is set to `offline` in this directory.  
wandb: Run `wandb online` or set WANDB_MODE=online to enable cloud syncing.
/research/hal-afsharim/miniconda3/envs/mcbm/lib/python3.10/site-packages/torchvision/models/_utils.py:208: UserWarning: The parameter 'pretrained' is deprecated since 0.13 and will be removed in 0.15, please use 'weights' instead.
  warnings.warn(
/research/hal-afsharim/miniconda3/envs/mcbm/lib/python3.10/site-packages/torchvision/models/_utils.py:223: UserWarning: Arguments other than a weight enum or `None` for 'weights' are deprecated since 0.13 and will be removed in 0.15. The current behavior is equivalent to passing `weights=Inception_V3_Weights.IMAGENET1K_V1`. You can also use `weights=Inception_V3_Weights.DEFAULT` to get the most up-to-date weights.
  warnings.warn(msg)
Epoch 1
losses_train/task:	5.317950248718262
losses_train/concepts:	56.49591064453125
losses_train/precision:	0.0165695920586586
losses_train/total:	10.967706680297852
losses_test/task:	5.293848514556885
losses_test/concepts:	43.47242736816406
losses_test/precision:	0.030873337760567665
losses_test/total:	9.641401290893555
calibration_test/ece:	0.006208762060850859
calibration_test/brier:	0.9949581027030945
accuracy_test/task:	1.2771832930617881
accuracy_test/concepts:	68.24742126464844
map_test/concepts:	0.4271080888649251

Epoch 2
losses_train/task:	5.26812744140625
losses_train/concepts:	43.01594161987305
losses_train/precision:	0.03993040695786476
losses_train/total:	9.570120811462402
losses_test/task:	5.227511882781982
losses_test/concepts:	39.07963562011719
losses_test/precision:	0.04695344716310501
losses_test/total:	9.135944366455078
calibration_test/ece:	0.00748440483585
calibration_test/brier:	0.9942315816879272
accuracy_test/task:	1.4497756299620297
accuracy_test/concepts:	74.843017578125
map_test/concepts:	0.5092359354838412

Epoch 3
losses_train/task:	5.179283618927002
losses_train/concepts:	39.293251037597656
losses_train/precision:	0.050794824957847595
losses_train/total:	9.109116554260254
losses_test/task:	5.109671592712402
losses_test/concepts:	39.33343505859375
losses_test/precision:	0.05403969809412956
losses_test/total:	9.043556213378906
calibration_test/ece:	0.01443561166524887
calibration_test/brier:	0.9928441643714905
accuracy_test/task:	2.312737314463238
accuracy_test/concepts:	76.33795166015625
map_test/concepts:	0.5555772178984703

Epoch 4
losses_train/task:	5.034130096435547
losses_train/concepts:	35.6936149597168
losses_train/precision:	0.05860074236989021
losses_train/total:	8.604077339172363
losses_test/task:	5.0230536460876465
losses_test/concepts:	40.12002944946289
losses_test/precision:	0.06386684626340866
losses_test/total:	9.035696029663086
calibration_test/ece:	0.017451221123337746
calibration_test/brier:	0.9916218519210815
accuracy_test/task:	2.7959958577839146
accuracy_test/concepts:	77.04927062988281
map_test/concepts:	0.5754637401154701

Epoch 5
losses_train/task:	4.84352970123291
losses_train/concepts:	33.01334762573242
losses_train/precision:	0.06689046323299408
losses_train/total:	8.145533561706543
losses_test/task:	4.677876949310303
losses_test/concepts:	29.15900230407715
losses_test/precision:	0.06946652382612228
losses_test/total:	7.594472408294678
calibration_test/ece:	0.04438306391239166
calibration_test/brier:	0.9865071177482605
accuracy_test/task:	5.954435623058337
accuracy_test/concepts:	83.45757293701172
map_test/concepts:	0.6730851778324615

Epoch 6
losses_train/task:	4.611938953399658
losses_train/concepts:	30.110811233520508
losses_train/precision:	0.07099547237157822
losses_train/total:	7.623730659484863
losses_test/task:	4.470685005187988
losses_test/concepts:	29.51168441772461
losses_test/precision:	0.07321636378765106
losses_test/total:	7.42258358001709
calibration_test/ece:	0.05123680830001831
calibration_test/brier:	0.9826899766921997
accuracy_test/task:	7.041767345529858
accuracy_test/concepts:	82.91593170166016
map_test/concepts:	0.6841830940956765

Epoch 7
losses_train/task:	4.408299922943115
losses_train/concepts:	28.66248321533203
losses_train/precision:	0.07494309544563293
losses_train/total:	7.27529764175415
losses_test/task:	4.250770568847656
losses_test/concepts:	28.619152069091797
losses_test/precision:	0.07696126401424408
losses_test/total:	7.113457202911377
calibration_test/ece:	0.07833190262317657
calibration_test/brier:	0.9772515892982483
accuracy_test/task:	10.372799447704521
accuracy_test/concepts:	83.55231475830078
map_test/concepts:	0.700398381086106

Epoch 8
losses_train/task:	4.209182262420654
losses_train/concepts:	27.354684829711914
losses_train/precision:	0.0787784606218338
losses_train/total:	6.945438861846924
losses_test/task:	4.081190586090088
losses_test/concepts:	27.421648025512695
losses_test/precision:	0.08226633816957474
losses_test/total:	6.824177265167236
calibration_test/ece:	0.11155842244625092
calibration_test/brier:	0.9717482924461365
accuracy_test/task:	14.394200897480152
accuracy_test/concepts:	84.88863372802734
map_test/concepts:	0.7316788713982765

Epoch 9
losses_train/task:	4.025087833404541
losses_train/concepts:	25.713077545166016
losses_train/precision:	0.08420261740684509
losses_train/total:	6.597238063812256
losses_test/task:	3.925910711288452
losses_test/concepts:	26.39046287536621
losses_test/precision:	0.08678478747606277
losses_test/total:	6.56582498550415
calibration_test/ece:	0.12532058358192444
calibration_test/brier:	0.9650582075119019
accuracy_test/task:	16.240938902312738
accuracy_test/concepts:	86.55140686035156
map_test/concepts:	0.7537524757233072

Epoch 10
losses_train/task:	3.833866834640503
losses_train/concepts:	23.947660446166992
losses_train/precision:	0.08851179480552673
losses_train/total:	6.229518413543701
losses_test/task:	3.819957733154297
losses_test/concepts:	27.749143600463867
losses_test/precision:	0.09002449363470078
losses_test/total:	6.595771789550781
calibration_test/ece:	0.12732678651809692
calibration_test/brier:	0.95782071352005
accuracy_test/task:	17.811529168104936
accuracy_test/concepts:	85.23564147949219
map_test/concepts:	0.758910467015936

Epoch 11
losses_train/task:	3.6867899894714355
losses_train/concepts:	23.28941535949707
losses_train/precision:	0.0903552919626236
losses_train/total:	6.016634464263916
losses_test/task:	3.522552490234375
losses_test/concepts:	26.68312644958496
losses_test/precision:	0.09079760313034058
losses_test/total:	6.191773414611816
calibration_test/ece:	0.16711083054542542
calibration_test/brier:	0.942441999912262
accuracy_test/task:	22.747670003451848
accuracy_test/concepts:	87.23477935791016
map_test/concepts:	0.7747593230389535

Epoch 12
losses_train/task:	3.512681484222412
losses_train/concepts:	22.003828048706055
losses_train/precision:	0.09440966695547104
losses_train/total:	5.714008331298828
losses_test/task:	3.54762864112854
losses_test/concepts:	29.111881256103516
losses_test/precision:	0.09912363439798355
losses_test/total:	6.459807872772217
calibration_test/ece:	0.12900957465171814
calibration_test/brier:	0.9387575387954712
accuracy_test/task:	20.866413531239214
accuracy_test/concepts:	86.78861236572266
map_test/concepts:	0.7689036295769063

Epoch 13
losses_train/task:	3.371865749359131
losses_train/concepts:	21.395397186279297
losses_train/precision:	0.10017191618680954
losses_train/total:	5.512406826019287
losses_test/task:	3.217473030090332
losses_test/concepts:	24.52204704284668
losses_test/precision:	0.10177849978208542
losses_test/total:	5.670694828033447
calibration_test/ece:	0.1640882045030594
calibration_test/brier:	0.9127943515777588
accuracy_test/task:	25.975146703486367
accuracy_test/concepts:	87.7933120727539
map_test/concepts:	0.806980829289619

Epoch 14
losses_train/task:	3.2280964851379395
losses_train/concepts:	20.58625602722168
losses_train/precision:	0.10367012768983841
losses_train/total:	5.287758827209473
losses_test/task:	3.0428035259246826
losses_test/concepts:	23.192577362060547
losses_test/precision:	0.10491324961185455
losses_test/total:	5.363110065460205
calibration_test/ece:	0.20460312068462372
calibration_test/brier:	0.8916270136833191
accuracy_test/task:	31.308249913703833
accuracy_test/concepts:	90.158203125
map_test/concepts:	0.8439660579600232

Epoch 15
losses_train/task:	3.074941396713257
losses_train/concepts:	19.72734260559082
losses_train/precision:	0.10626202076673508
losses_train/total:	5.048738956451416
losses_test/task:	3.111638307571411
losses_test/concepts:	26.423154830932617
losses_test/precision:	0.1066623255610466
losses_test/total:	5.755019664764404
calibration_test/ece:	0.15673482418060303
calibration_test/brier:	0.8869891166687012
accuracy_test/task:	28.425957887469796
accuracy_test/concepts:	87.63579559326172
map_test/concepts:	0.7934250337012271

Epoch 16
losses_train/task:	2.938079833984375
losses_train/concepts:	19.226276397705078
losses_train/precision:	0.10727610439062119
losses_train/total:	4.861779689788818
losses_test/task:	2.8645498752593994
losses_test/concepts:	22.602733612060547
losses_test/precision:	0.10832434147596359
losses_test/total:	5.125906467437744
calibration_test/ece:	0.17024801671504974
calibration_test/brier:	0.8570539355278015
accuracy_test/task:	32.41284086986538
accuracy_test/concepts:	88.96033477783203
map_test/concepts:	0.8225248798410943

Epoch 17
losses_train/task:	2.831800699234009
losses_train/concepts:	18.132566452026367
losses_train/precision:	0.10742049664258957
losses_train/total:	4.6461310386657715
losses_test/task:	2.679781675338745
losses_test/concepts:	20.119304656982422
losses_test/precision:	0.10633998364210129
losses_test/total:	4.692775726318359
calibration_test/ece:	0.16718946397304535
calibration_test/brier:	0.8272877335548401
accuracy_test/task:	36.037279944770454
accuracy_test/concepts:	89.73442840576172
map_test/concepts:	0.8490874475621163

Epoch 18
losses_train/task:	2.7245688438415527
losses_train/concepts:	17.93685531616211
losses_train/precision:	0.10694766044616699
losses_train/total:	4.519323348999023
losses_test/task:	2.6886863708496094
losses_test/concepts:	24.94779396057129
losses_test/precision:	0.10800299793481827
losses_test/total:	5.184545993804932
calibration_test/ece:	0.16684047877788544
calibration_test/brier:	0.820426881313324
accuracy_test/task:	36.089057645840526
accuracy_test/concepts:	90.05464935302734
map_test/concepts:	0.8327147225116162

Epoch 19
losses_train/task:	2.6315512657165527
losses_train/concepts:	17.912038803100586
losses_train/precision:	0.10946494340896606
losses_train/total:	4.4238505363464355
losses_test/task:	2.5352537631988525
losses_test/concepts:	21.36035919189453
losses_test/precision:	0.11003781855106354
losses_test/total:	4.672390460968018
calibration_test/ece:	0.1707233190536499
calibration_test/brier:	0.7897700667381287
accuracy_test/task:	39.212978943734896
accuracy_test/concepts:	90.84378051757812
map_test/concepts:	0.8573194869021152

Epoch 20
losses_train/task:	2.528669595718384
losses_train/concepts:	17.316455841064453
losses_train/precision:	0.11131361871957779
losses_train/total:	4.2614288330078125
losses_test/task:	2.6855554580688477
losses_test/concepts:	24.430086135864258
losses_test/precision:	0.11265040934085846
losses_test/total:	5.129688739776611
calibration_test/ece:	0.1300070732831955
calibration_test/brier:	0.7966744899749756
accuracy_test/task:	37.19364860200207
accuracy_test/concepts:	89.43258666992188
map_test/concepts:	0.8344047564141294

Epoch 21
losses_train/task:	2.404818058013916
losses_train/concepts:	16.478071212768555
losses_train/precision:	0.11353273689746857
losses_train/total:	4.053760051727295
losses_test/task:	2.359717607498169
losses_test/concepts:	20.316770553588867
losses_test/precision:	0.11346765607595444
losses_test/total:	4.39253044128418
calibration_test/ece:	0.1810646951198578
calibration_test/brier:	0.7485718131065369
accuracy_test/task:	43.665861235761135
accuracy_test/concepts:	91.59806060791016
map_test/concepts:	0.8676403177545425

Epoch 22
losses_train/task:	2.363433599472046
losses_train/concepts:	16.295637130737305
losses_train/precision:	0.11371801048517227
losses_train/total:	3.994133710861206
losses_test/task:	2.4845547676086426
losses_test/concepts:	22.305580139160156
losses_test/precision:	0.11329888552427292
losses_test/total:	4.716245174407959
calibration_test/ece:	0.11698678880929947
calibration_test/brier:	0.7557955980300903
accuracy_test/task:	41.43942008974801
accuracy_test/concepts:	89.94631958007812
map_test/concepts:	0.8449390454495207

Epoch 23
losses_train/task:	2.2675564289093018
losses_train/concepts:	15.549792289733887
losses_train/precision:	0.1161581426858902
losses_train/total:	3.8236968517303467
losses_test/task:	2.5992231369018555
losses_test/concepts:	24.7990665435791
losses_test/precision:	0.11614023149013519
losses_test/total:	5.080291748046875
calibration_test/ece:	0.10458137094974518
calibration_test/brier:	0.7563512921333313
accuracy_test/task:	39.50638591646531
accuracy_test/concepts:	90.99913787841797
map_test/concepts:	0.8480533830662991

Epoch 24
losses_train/task:	2.225219964981079
losses_train/concepts:	15.208941459655762
losses_train/precision:	0.1158783808350563
losses_train/total:	3.7472736835479736
losses_test/task:	2.4962923526763916
losses_test/concepts:	23.852088928222656
losses_test/precision:	0.11702920496463776
losses_test/total:	4.882671356201172
calibration_test/ece:	0.08330251276493073
calibration_test/brier:	0.744478702545166
accuracy_test/task:	41.73282706247843
accuracy_test/concepts:	89.9356689453125
map_test/concepts:	0.8469807530971284

Epoch 25
losses_train/task:	2.138378620147705
losses_train/concepts:	15.047313690185547
losses_train/precision:	0.11818909645080566
losses_train/total:	3.644291639328003
losses_test/task:	2.2438690662384033
losses_test/concepts:	21.182842254638672
losses_test/precision:	0.11849688738584518
losses_test/total:	4.363337516784668
calibration_test/ece:	0.12043467909097672
calibration_test/brier:	0.6954489350318909
accuracy_test/task:	46.73800483258543
accuracy_test/concepts:	91.56171417236328
map_test/concepts:	0.8799702816821159

Epoch 26
losses_train/task:	2.1039698123931885
losses_train/concepts:	14.723971366882324
losses_train/precision:	0.1220669224858284
losses_train/total:	3.577587842941284
losses_test/task:	2.232023000717163
losses_test/concepts:	20.625431060791016
losses_test/precision:	0.12496520578861237
losses_test/total:	4.2958149909973145
calibration_test/ece:	0.10680046677589417
calibration_test/brier:	0.6906120777130127
accuracy_test/task:	47.16948567483604
accuracy_test/concepts:	91.81948852539062
map_test/concepts:	0.8756368692885054

Epoch 27
losses_train/task:	2.09470796585083
losses_train/concepts:	15.348743438720703
losses_train/precision:	0.12653577327728271
losses_train/total:	3.630847454071045
losses_test/task:	2.8818717002868652
losses_test/concepts:	36.822872161865234
losses_test/precision:	0.1285882443189621
losses_test/total:	6.565444469451904
calibration_test/ece:	0.04164005443453789
calibration_test/brier:	0.7682260274887085
accuracy_test/task:	38.073869520193306
accuracy_test/concepts:	89.67897033691406
map_test/concepts:	0.8118969950270145

Epoch 28
losses_train/task:	2.0316402912139893
losses_train/concepts:	14.599405288696289
losses_train/precision:	0.12768377363681793
losses_train/total:	3.4928576946258545
losses_test/task:	2.415945529937744
losses_test/concepts:	23.03994369506836
losses_test/precision:	0.1261536329984665
losses_test/total:	4.7212018966674805
calibration_test/ece:	0.05618995055556297
calibration_test/brier:	0.7107992768287659
accuracy_test/task:	43.872972040041425
accuracy_test/concepts:	90.28672790527344
map_test/concepts:	0.851346603099336

Epoch 29
losses_train/task:	1.9392410516738892
losses_train/concepts:	13.837910652160645
losses_train/precision:	0.12307055294513702
losses_train/total:	3.324262857437134
losses_test/task:	2.1090712547302246
losses_test/concepts:	19.74332046508789
losses_test/precision:	0.12129323929548264
losses_test/total:	4.084616184234619
calibration_test/ece:	0.08150264620780945
calibration_test/brier:	0.6631085276603699
accuracy_test/task:	48.774594408008284
accuracy_test/concepts:	91.40049743652344
map_test/concepts:	0.8848089905495339

Epoch 30
losses_train/task:	1.9232174158096313
losses_train/concepts:	13.637429237365723
losses_train/precision:	0.12090834230184555
losses_train/total:	3.2881698608398438
losses_test/task:	1.9734243154525757
losses_test/concepts:	19.23908042907715
losses_test/precision:	0.12079860270023346
losses_test/total:	3.898540496826172
calibration_test/ece:	0.07887237519025803
calibration_test/brier:	0.6336734294891357
accuracy_test/task:	50.742147048671036
accuracy_test/concepts:	92.28880310058594
map_test/concepts:	0.8918099479472383

Epoch 31
losses_train/task:	1.8209162950515747
losses_train/concepts:	13.038329124450684
losses_train/precision:	0.12143966555595398
losses_train/total:	3.1259639263153076
losses_test/task:	2.0478978157043457
losses_test/concepts:	20.755916595458984
losses_test/precision:	0.123014897108078
losses_test/total:	4.124719619750977
calibration_test/ece:	0.07260226458311081
calibration_test/brier:	0.6318199634552002
accuracy_test/task:	51.03555402140145
accuracy_test/concepts:	92.7338638305664
map_test/concepts:	0.8923444151878357

Epoch 32
losses_train/task:	1.8155666589736938
losses_train/concepts:	13.25688362121582
losses_train/precision:	0.1215347871184349
losses_train/total:	3.142470359802246
losses_test/task:	2.446664333343506
losses_test/concepts:	25.405529022216797
losses_test/precision:	0.12162196636199951
losses_test/total:	4.988433361053467
calibration_test/ece:	0.03990814834833145
calibration_test/brier:	0.6963647603988647
accuracy_test/task:	44.90852606144287
accuracy_test/concepts:	90.37998962402344
map_test/concepts:	0.8616183438199632

Epoch 33
losses_train/task:	1.855160117149353
losses_train/concepts:	13.801579475402832
losses_train/precision:	0.12292852997779846
losses_train/total:	3.2365477085113525
losses_test/task:	1.9994513988494873
losses_test/concepts:	20.71660041809082
losses_test/precision:	0.12487490475177765
losses_test/total:	4.072360038757324
calibration_test/ece:	0.0625527948141098
calibration_test/brier:	0.6241568326950073
accuracy_test/task:	51.46703486365205
accuracy_test/concepts:	92.6137924194336
map_test/concepts:	0.8929519983048134

Epoch 34
losses_train/task:	1.718685269355774
losses_train/concepts:	12.204976081848145
losses_train/precision:	0.12654303014278412
losses_train/total:	2.940448045730591
losses_test/task:	2.0509660243988037
losses_test/concepts:	21.784381866455078
losses_test/precision:	0.12757810950279236
losses_test/total:	4.230680465698242
calibration_test/ece:	0.06442359834909439
calibration_test/brier:	0.6302219033241272
accuracy_test/task:	50.897480151881254
accuracy_test/concepts:	92.22857666015625
map_test/concepts:	0.8860135053066497

Epoch 35
losses_train/task:	1.665736198425293
losses_train/concepts:	11.834251403808594
losses_train/precision:	0.12551993131637573
losses_train/total:	2.8504161834716797
losses_test/task:	2.2629878520965576
losses_test/concepts:	24.859603881835938
losses_test/precision:	0.12376703321933746
losses_test/total:	4.750186920166016
calibration_test/ece:	0.039849743247032166
calibration_test/brier:	0.6474119424819946
accuracy_test/task:	48.75733517431826
accuracy_test/concepts:	91.91973114013672
map_test/concepts:	0.868837167607977

Epoch 36
losses_train/task:	1.661903738975525
losses_train/concepts:	12.13924503326416
losses_train/precision:	0.12425652146339417
losses_train/total:	2.877070903778076
losses_test/task:	2.3500895500183105
losses_test/concepts:	24.51873779296875
losses_test/precision:	0.12593190371990204
losses_test/total:	4.803222179412842
calibration_test/ece:	0.038130614906549454
calibration_test/brier:	0.65983647108078
accuracy_test/task:	48.67103900586814
accuracy_test/concepts:	91.2650146484375
map_test/concepts:	0.8673491921830685

Epoch 37
losses_train/task:	1.660301923751831
losses_train/concepts:	11.96590805053711
losses_train/precision:	0.1252736747264862
losses_train/total:	2.8581461906433105
losses_test/task:	2.4263815879821777
losses_test/concepts:	28.83461570739746
losses_test/precision:	0.12143838405609131
losses_test/total:	5.311058044433594
calibration_test/ece:	0.03795146942138672
calibration_test/brier:	0.6688113808631897
accuracy_test/task:	47.72178115291681
accuracy_test/concepts:	91.26571655273438
map_test/concepts:	0.8494394751305275

Epoch 38
losses_train/task:	1.6289801597595215
losses_train/concepts:	11.670172691345215
losses_train/precision:	0.11994662135839462
losses_train/total:	2.797197103500366
losses_test/task:	2.191394090652466
losses_test/concepts:	23.601276397705078
losses_test/precision:	0.11951225250959396
losses_test/total:	4.552716255187988
calibration_test/ece:	0.025875944644212723
calibration_test/brier:	0.644177258014679
accuracy_test/task:	49.464963755609254
accuracy_test/concepts:	91.7537612915039
map_test/concepts:	0.8650033423241149

Epoch 39
losses_train/task:	1.637803554534912
losses_train/concepts:	12.16586971282959
losses_train/precision:	0.1188739761710167
losses_train/total:	2.855579137802124
losses_test/task:	1.8270986080169678
losses_test/concepts:	19.645776748657227
losses_test/precision:	0.1178455799818039
losses_test/total:	3.7928547859191895
calibration_test/ece:	0.05095522105693817
calibration_test/brier:	0.5593190789222717
accuracy_test/task:	56.97273041076976
accuracy_test/concepts:	93.63978576660156
map_test/concepts:	0.9090270501502017

Epoch 40
losses_train/task:	1.5838372707366943
losses_train/concepts:	11.78011417388916
losses_train/precision:	0.11968870460987091
losses_train/total:	2.7630457878112793
losses_test/task:	2.3314943313598633
losses_test/concepts:	25.2424259185791
losses_test/precision:	0.12186764925718307
losses_test/total:	4.8569560050964355
calibration_test/ece:	0.0430118702352047
calibration_test/brier:	0.6555390357971191
accuracy_test/task:	47.32481877804626
accuracy_test/concepts:	91.68950653076172
map_test/concepts:	0.8601305434044372

Epoch 41
losses_train/task:	1.5162569284439087
losses_train/concepts:	10.859471321105957
losses_train/precision:	0.12033661454916
losses_train/total:	2.6034069061279297
losses_test/task:	1.79853355884552
losses_test/concepts:	18.891447067260742
losses_test/precision:	0.11856904625892639
losses_test/total:	3.68886399269104
calibration_test/ece:	0.05087403953075409
calibration_test/brier:	0.5565388798713684
accuracy_test/task:	58.16361753538143
accuracy_test/concepts:	93.5567855834961
map_test/concepts:	0.9027967846139948

Epoch 42
losses_train/task:	1.4889335632324219
losses_train/concepts:	10.701201438903809
losses_train/precision:	0.11934404075145721
losses_train/total:	2.5602474212646484
losses_test/task:	1.8987095355987549
losses_test/concepts:	20.501699447631836
losses_test/precision:	0.12001275271177292
losses_test/total:	3.950080394744873
calibration_test/ece:	0.04106959328055382
calibration_test/brier:	0.5743052363395691
accuracy_test/task:	55.419399378667585
accuracy_test/concepts:	93.38421630859375
map_test/concepts:	0.9010258849630964

Epoch 43
losses_train/task:	1.4502073526382446
losses_train/concepts:	10.521989822387695
losses_train/precision:	0.1177646666765213
losses_train/total:	2.5035839080810547
losses_test/task:	1.8278508186340332
losses_test/concepts:	20.12940788269043
losses_test/precision:	0.11603961139917374
losses_test/total:	3.841951847076416
calibration_test/ece:	0.040854133665561676
calibration_test/brier:	0.5609899163246155
accuracy_test/task:	57.43872972040042
accuracy_test/concepts:	93.51382446289062
map_test/concepts:	0.8988913665426538

Epoch 44
losses_train/task:	1.5612144470214844
losses_train/concepts:	11.39305305480957
losses_train/precision:	0.11831261962652206
losses_train/total:	2.701702833175659
losses_test/task:	2.231260061264038
losses_test/concepts:	30.003477096557617
losses_test/precision:	0.11923061311244965
losses_test/total:	5.232800006866455
calibration_test/ece:	0.057438045740127563
calibration_test/brier:	0.6391719579696655
accuracy_test/task:	50.22437003797032
accuracy_test/concepts:	92.23407745361328
map_test/concepts:	0.8649841965513027

Epoch 45
losses_train/task:	1.4018993377685547
losses_train/concepts:	10.277040481567383
losses_train/precision:	0.11941152065992355
losses_train/total:	2.4307971000671387
losses_test/task:	1.9181190729141235
losses_test/concepts:	21.321170806884766
losses_test/precision:	0.11781211942434311
losses_test/total:	4.0514140129089355
calibration_test/ece:	0.029534652829170227
calibration_test/brier:	0.5761775374412537
accuracy_test/task:	56.403175698998965
accuracy_test/concepts:	93.11871337890625
map_test/concepts:	0.8945629000663757

Epoch 46
losses_train/task:	1.5085539817810059
losses_train/concepts:	11.227831840515137
losses_train/precision:	0.12036628276109695
losses_train/total:	2.6325411796569824
losses_test/task:	2.7738559246063232
losses_test/concepts:	33.23860549926758
losses_test/precision:	0.12417890131473541
losses_test/total:	6.098957538604736
calibration_test/ece:	0.0689457431435585
calibration_test/brier:	0.7114091515541077
accuracy_test/task:	43.64860200207111
accuracy_test/concepts:	89.57505798339844
map_test/concepts:	0.8150280701353195

Epoch 47
losses_train/task:	1.5724295377731323
losses_train/concepts:	12.283354759216309
losses_train/precision:	0.1266549825668335
losses_train/total:	2.8020315170288086
losses_test/task:	2.2344398498535156
losses_test/concepts:	25.737993240356445
losses_test/precision:	0.12898050248622894
losses_test/total:	4.809529781341553
calibration_test/ece:	0.04277316480875015
calibration_test/brier:	0.637887179851532
accuracy_test/task:	50.48325854332067
accuracy_test/concepts:	91.91679382324219
map_test/concepts:	0.8673709136374453

Epoch 48
losses_train/task:	1.4794625043869019
losses_train/concepts:	11.068869590759277
losses_train/precision:	0.1297663003206253
losses_train/total:	2.5876471996307373
losses_test/task:	2.6689207553863525
losses_test/concepts:	32.3154296875
losses_test/precision:	0.12933553755283356
losses_test/total:	5.901758193969727
calibration_test/ece:	0.08495359867811203
calibration_test/brier:	0.6908243298530579
accuracy_test/task:	45.18467380048326
accuracy_test/concepts:	90.67597961425781
map_test/concepts:	0.8389278929284278

Epoch 49
losses_train/task:	1.4463778734207153
losses_train/concepts:	10.620372772216797
losses_train/precision:	0.12915010750293732
losses_train/total:	2.50970721244812
losses_test/task:	2.1744673252105713
losses_test/concepts:	26.19291114807129
losses_test/precision:	0.12877939641475677
losses_test/total:	4.795046806335449
calibration_test/ece:	0.042999573051929474
calibration_test/brier:	0.5908563137054443
accuracy_test/task:	54.22851225405592
accuracy_test/concepts:	92.64131927490234
map_test/concepts:	0.8849142257203447

Epoch 50
losses_train/task:	1.3566019535064697
losses_train/concepts:	10.011726379394531
losses_train/precision:	0.12590233981609344
losses_train/total:	2.3590333461761475
losses_test/task:	1.9119877815246582
losses_test/concepts:	21.38995361328125
losses_test/precision:	0.12400297820568085
losses_test/total:	4.052222728729248
calibration_test/ece:	0.044061899185180664
calibration_test/brier:	0.5733873844146729
accuracy_test/task:	56.196064894718674
accuracy_test/concepts:	93.23733520507812
map_test/concepts:	0.8960943323500613

Epoch 51
losses_train/task:	1.4096876382827759
losses_train/concepts:	10.629951477050781
losses_train/precision:	0.11985626816749573
losses_train/total:	2.473881244659424
losses_test/task:	2.386118173599243
losses_test/concepts:	30.4572811126709
losses_test/precision:	0.11990885436534882
losses_test/total:	5.433045387268066
calibration_test/ece:	0.07182576507329941
calibration_test/brier:	0.6453800201416016
accuracy_test/task:	49.75837072833966
accuracy_test/concepts:	91.84004974365234
map_test/concepts:	0.8667569236552461

Epoch 52
losses_train/task:	1.3661701679229736
losses_train/concepts:	10.304509162902832
losses_train/precision:	0.12143558263778687
losses_train/total:	2.3978354930877686
losses_test/task:	1.7980655431747437
losses_test/concepts:	19.813188552856445
losses_test/precision:	0.12162365019321442
losses_test/total:	3.7806010246276855
calibration_test/ece:	0.042590368539094925
calibration_test/brier:	0.529181182384491
accuracy_test/task:	59.59613393165343
accuracy_test/concepts:	93.6849365234375
map_test/concepts:	0.9067684716366707

Epoch 53
losses_train/task:	1.2959092855453491
losses_train/concepts:	9.415117263793945
losses_train/precision:	0.12206670641899109
losses_train/total:	2.2386410236358643
losses_test/task:	2.0391058921813965
losses_test/concepts:	25.334062576293945
losses_test/precision:	0.12192646414041519
losses_test/total:	4.573730945587158
calibration_test/ece:	0.05012400820851326
calibration_test/brier:	0.5749319791793823
accuracy_test/task:	55.88539868829824
accuracy_test/concepts:	92.99787902832031
map_test/concepts:	0.8892120845774387

Epoch 54
losses_train/task:	1.3420768976211548
losses_train/concepts:	9.903209686279297
losses_train/precision:	0.12120375037193298
losses_train/total:	2.3336100578308105
losses_test/task:	1.7992883920669556
losses_test/concepts:	19.338905334472656
losses_test/precision:	0.1190224140882492
losses_test/total:	3.734369993209839
calibration_test/ece:	0.050639644265174866
calibration_test/brier:	0.538631796836853
accuracy_test/task:	58.439765274421816
accuracy_test/concepts:	93.6357421875
map_test/concepts:	0.9094244584124139

Epoch 55
losses_train/task:	1.3251017332077026
losses_train/concepts:	9.887144088745117
losses_train/precision:	0.11660967767238617
losses_train/total:	2.3149821758270264
losses_test/task:	1.8756051063537598
losses_test/concepts:	22.220788955688477
losses_test/precision:	0.11486911028623581
losses_test/total:	4.098832607269287
calibration_test/ece:	0.05552361533045769
calibration_test/brier:	0.5580884218215942
accuracy_test/task:	57.42147048671039
accuracy_test/concepts:	93.5413818359375
map_test/concepts:	0.901620329694545

Epoch 56
losses_train/task:	1.2350324392318726
losses_train/concepts:	8.989418029785156
losses_train/precision:	0.11333219707012177
losses_train/total:	2.1351072788238525
losses_test/task:	2.080012559890747
losses_test/concepts:	24.53534507751465
losses_test/precision:	0.11093849688768387
losses_test/total:	4.534657001495361
calibration_test/ece:	0.07555562257766724
calibration_test/brier:	0.5955035090446472
accuracy_test/task:	54.45288229202623
accuracy_test/concepts:	92.96044158935547
map_test/concepts:	0.8887203259670988

Epoch 57
losses_train/task:	1.2866791486740112
losses_train/concepts:	9.729338645935059
losses_train/precision:	0.11043056845664978
losses_train/total:	2.2607171535491943
losses_test/task:	2.1011998653411865
losses_test/concepts:	23.653076171875
losses_test/precision:	0.11014129966497421
losses_test/total:	4.467608451843262
calibration_test/ece:	0.06152726709842682
calibration_test/brier:	0.5856141448020935
accuracy_test/task:	55.10873317224715
accuracy_test/concepts:	92.73973846435547
map_test/concepts:	0.8862760472804943

Epoch 58
losses_train/task:	1.3402798175811768
losses_train/concepts:	10.412681579589844
losses_train/precision:	0.11085204780101776
losses_train/total:	2.3826565742492676
losses_test/task:	2.3481342792510986
losses_test/concepts:	28.9415340423584
losses_test/precision:	0.11262259632349014
losses_test/total:	5.243414402008057
calibration_test/ece:	0.0751100704073906
calibration_test/brier:	0.6309353709220886
accuracy_test/task:	51.380738695201934
accuracy_test/concepts:	91.56683349609375
map_test/concepts:	0.863414836690781

Epoch 59
losses_train/task:	1.432235598564148
losses_train/concepts:	11.170226097106934
losses_train/precision:	0.11776342988014221
losses_train/total:	2.550436019897461
losses_test/task:	2.2755703926086426
losses_test/concepts:	27.91397476196289
losses_test/precision:	0.11924661695957184
losses_test/total:	5.0681610107421875
calibration_test/ece:	0.07329682260751724
calibration_test/brier:	0.6370125412940979
accuracy_test/task:	50.535036244390746
accuracy_test/concepts:	91.65058135986328
map_test/concepts:	0.8565693675203526

Epoch 60
losses_train/task:	1.3365849256515503
losses_train/concepts:	10.422813415527344
losses_train/precision:	0.11922448873519897
losses_train/total:	2.380058765411377
losses_test/task:	1.9030156135559082
losses_test/concepts:	22.366241455078125
losses_test/precision:	0.11977067589759827
losses_test/total:	4.140837669372559
calibration_test/ece:	0.05756043642759323
calibration_test/brier:	0.55996173620224
accuracy_test/task:	57.69761822575078
accuracy_test/concepts:	93.39854431152344
map_test/concepts:	0.9002509117126465

Epoch 61
losses_train/task:	1.2861120700836182
losses_train/concepts:	9.868936538696289
losses_train/precision:	0.12177638709545135
losses_train/total:	2.274223566055298
losses_test/task:	2.0636088848114014
losses_test/concepts:	23.28938102722168
losses_test/precision:	0.12091906368732452
losses_test/total:	4.393756866455078
calibration_test/ece:	0.0815683901309967
calibration_test/brier:	0.5805215835571289
accuracy_test/task:	55.85088022091819
accuracy_test/concepts:	92.90682983398438
map_test/concepts:	0.8888444405920962

Epoch 62
losses_train/task:	1.2802023887634277
losses_train/concepts:	9.67927074432373
losses_train/precision:	0.11814295500516891
losses_train/total:	2.2493112087249756
losses_test/task:	1.74079430103302
losses_test/concepts:	20.615280151367188
losses_test/precision:	0.11592050641775131
losses_test/total:	3.8034815788269043
calibration_test/ece:	0.05716230720281601
calibration_test/brier:	0.5196166634559631
accuracy_test/task:	60.57991025198481
accuracy_test/concepts:	94.14396667480469
map_test/concepts:	0.9143068790435791

Epoch 63
losses_train/task:	1.1547499895095825
losses_train/concepts:	8.578274726867676
losses_train/precision:	0.11662247776985168
losses_train/total:	2.0137436389923096
losses_test/task:	1.8039617538452148
losses_test/concepts:	20.854108810424805
losses_test/precision:	0.1159234568476677
losses_test/total:	3.890531539916992
calibration_test/ece:	0.05876931548118591
calibration_test/brier:	0.5327390432357788
accuracy_test/task:	59.647911632723506
accuracy_test/concepts:	93.82485961914062
map_test/concepts:	0.9094206995152413

Epoch 64
losses_train/task:	1.2114931344985962
losses_train/concepts:	9.243095397949219
losses_train/precision:	0.11567071080207825
losses_train/total:	2.1369593143463135
losses_test/task:	2.1816606521606445
losses_test/concepts:	25.423175811767578
losses_test/precision:	0.11754374206066132
losses_test/total:	4.725153923034668
calibration_test/ece:	0.0793522521853447
calibration_test/brier:	0.60774165391922
accuracy_test/task:	53.434587504314806
accuracy_test/concepts:	92.46249389648438
map_test/concepts:	0.8753251902600552

Epoch 65
losses_train/task:	1.2558157444000244
losses_train/concepts:	9.781623840332031
losses_train/precision:	0.12023288011550903
losses_train/total:	2.235180616378784
losses_test/task:	2.1083967685699463
losses_test/concepts:	23.96983528137207
losses_test/precision:	0.12085612118244171
losses_test/total:	4.506589889526367
calibration_test/ece:	0.06884951889514923
calibration_test/brier:	0.5798580050468445
accuracy_test/task:	56.472212633759064
accuracy_test/concepts:	92.74964904785156
map_test/concepts:	0.888138843343613

Epoch 66
losses_train/task:	1.2246224880218506
losses_train/concepts:	9.393254280090332
losses_train/precision:	0.12140198051929474
losses_train/total:	2.1651623249053955
losses_test/task:	1.9439313411712646
losses_test/concepts:	25.372726440429688
losses_test/precision:	0.12483307719230652
losses_test/total:	4.482451915740967
calibration_test/ece:	0.07180965691804886
calibration_test/brier:	0.5542030930519104
accuracy_test/task:	58.595098377632034
accuracy_test/concepts:	93.87629699707031
map_test/concepts:	0.9003790261897635

Epoch 67
losses_train/task:	1.239295482635498
losses_train/concepts:	9.683011054992676
losses_train/precision:	0.12520575523376465
losses_train/total:	2.208848714828491
losses_test/task:	2.0472238063812256
losses_test/concepts:	25.596046447753906
losses_test/precision:	0.12390025705099106
losses_test/total:	4.608067989349365
calibration_test/ece:	0.07759672403335571
calibration_test/brier:	0.5684899091720581
accuracy_test/task:	57.00724887814981
accuracy_test/concepts:	92.95344543457031
map_test/concepts:	0.8955264129537217

Epoch 68
losses_train/task:	1.23997962474823
losses_train/concepts:	9.553322792053223
losses_train/precision:	0.12408852577209473
losses_train/total:	2.1965525150299072
losses_test/task:	2.315868854522705
losses_test/concepts:	27.511640548706055
losses_test/precision:	0.1259511411190033
losses_test/total:	5.068291664123535
calibration_test/ece:	0.0949854701757431
calibration_test/brier:	0.6270837187767029
accuracy_test/task:	53.02036589575423
accuracy_test/concepts:	91.98509979248047
map_test/concepts:	0.8656465309731504

Epoch 69
losses_train/task:	1.1718003749847412
losses_train/concepts:	8.930402755737305
losses_train/precision:	0.12320828437805176
losses_train/total:	2.066072702407837
losses_test/task:	2.0288784503936768
losses_test/concepts:	23.26167106628418
losses_test/precision:	0.11913017928600311
losses_test/total:	4.356235980987549
calibration_test/ece:	0.07693833857774734
calibration_test/brier:	0.5665447115898132
accuracy_test/task:	56.86917500862962
accuracy_test/concepts:	93.1925277709961
map_test/concepts:	0.8957453839322354

Epoch 70
losses_train/task:	1.1656488180160522
losses_train/concepts:	8.722864151000977
losses_train/precision:	0.11824976652860641
losses_train/total:	2.0391178131103516
losses_test/task:	2.011192798614502
losses_test/concepts:	25.9180965423584
losses_test/precision:	0.1123574748635292
losses_test/total:	4.604125499725342
calibration_test/ece:	0.08009979873895645
calibration_test/brier:	0.5570109486579895
accuracy_test/task:	58.24991370383155
accuracy_test/concepts:	93.50318145751953
map_test/concepts:	0.8961973786354065

Epoch 71
losses_train/task:	1.078820824623108
losses_train/concepts:	7.857567310333252
losses_train/precision:	0.10864967852830887
losses_train/total:	1.8656641244888306
losses_test/task:	1.7306084632873535
losses_test/concepts:	21.44119644165039
losses_test/precision:	0.10716599971055984
losses_test/total:	3.8757994174957275
calibration_test/ece:	0.050546903163194656
calibration_test/brier:	0.49913856387138367
accuracy_test/task:	62.51294442526752
accuracy_test/concepts:	94.44364166259766
map_test/concepts:	0.9179859313559025

Epoch 72
losses_train/task:	1.0942869186401367
losses_train/concepts:	8.351753234863281
losses_train/precision:	0.10961651057004929
losses_train/total:	1.9305585622787476
losses_test/task:	1.7098742723464966
losses_test/concepts:	20.959794998168945
losses_test/precision:	0.11234761774539948
losses_test/total:	3.8069777488708496
calibration_test/ece:	0.05741278454661369
calibration_test/brier:	0.4981018304824829
accuracy_test/task:	62.49568519157749
accuracy_test/concepts:	94.41863250732422
map_test/concepts:	0.9192372687319492

Epoch 73
losses_train/task:	1.0478516817092896
losses_train/concepts:	7.847838878631592
losses_train/precision:	0.10975585132837296
losses_train/total:	1.8337328433990479
losses_test/task:	2.0072474479675293
losses_test/concepts:	25.249645233154297
losses_test/precision:	0.10607438534498215
losses_test/total:	4.5332722663879395
calibration_test/ece:	0.08606896549463272
calibration_test/brier:	0.5492217540740967
accuracy_test/task:	59.371763893683124
accuracy_test/concepts:	93.71102142333984
map_test/concepts:	0.8966721905038711

Epoch 74
losses_train/task:	1.0573400259017944
losses_train/concepts:	8.102495193481445
losses_train/precision:	0.10921415686607361
losses_train/total:	1.8686819076538086
losses_test/task:	1.965528130531311
losses_test/concepts:	25.432336807250977
losses_test/precision:	0.11125404387712479
losses_test/total:	4.509873867034912
calibration_test/ece:	0.08564869314432144
calibration_test/brier:	0.5423608422279358
accuracy_test/task:	60.49361408353469
accuracy_test/concepts:	93.76244354248047
map_test/concepts:	0.899392713891699

Epoch 75
losses_train/task:	1.1024571657180786
losses_train/concepts:	8.386046409606934
losses_train/precision:	0.1097128614783287
losses_train/total:	1.9421589374542236
losses_test/task:	2.0906081199645996
losses_test/concepts:	25.803159713745117
losses_test/precision:	0.10930175334215164
losses_test/total:	4.672017574310303
calibration_test/ece:	0.0954398363828659
calibration_test/brier:	0.5641371011734009
accuracy_test/task:	58.47428374180186
accuracy_test/concepts:	93.08748626708984
map_test/concepts:	0.8902821604241716

Epoch 76
losses_train/task:	0.9981826543807983
losses_train/concepts:	7.262337684631348
losses_train/precision:	0.10852769017219543
losses_train/total:	1.7255018949508667
losses_test/task:	1.786167860031128
losses_test/concepts:	22.866636276245117
losses_test/precision:	0.10521506518125534
losses_test/total:	4.073883533477783
calibration_test/ece:	0.058813244104385376
calibration_test/brier:	0.5013883709907532
accuracy_test/task:	63.46220227821885
accuracy_test/concepts:	94.35145568847656
map_test/concepts:	0.9129635590188047

Epoch 77
losses_train/task:	0.9980327486991882
losses_train/concepts:	7.535025119781494
losses_train/precision:	0.10082430392503738
losses_train/total:	1.752543568611145
losses_test/task:	2.0930347442626953
losses_test/concepts:	28.51616668701172
losses_test/precision:	0.10051872581243515
losses_test/total:	4.945657253265381
calibration_test/ece:	0.09233136475086212
calibration_test/brier:	0.5600020289421082
accuracy_test/task:	57.54228512254056
accuracy_test/concepts:	93.14036560058594
map_test/concepts:	0.890133519121941

Epoch 78
losses_train/task:	1.0108028650283813
losses_train/concepts:	7.607906341552734
losses_train/precision:	0.10171462595462799
losses_train/total:	1.7726106643676758
losses_test/task:	1.6700212955474854
losses_test/concepts:	20.01902198791504
losses_test/precision:	0.10407956689596176
losses_test/total:	3.6729648113250732
calibration_test/ece:	0.057026457041502
calibration_test/brier:	0.4828181266784668
accuracy_test/task:	64.48049706593028
accuracy_test/concepts:	94.37092590332031
map_test/concepts:	0.9208783317119518

Epoch 79
losses_train/task:	0.9765929579734802
losses_train/concepts:	7.159420013427734
losses_train/precision:	0.10501822829246521
losses_train/total:	1.6935847997665405
losses_test/task:	1.6438732147216797
losses_test/concepts:	20.452098846435547
losses_test/precision:	0.10399293154478073
losses_test/total:	3.6901233196258545
calibration_test/ece:	0.0649336725473404
calibration_test/brier:	0.4787334203720093
accuracy_test/task:	65.15360717984122
accuracy_test/concepts:	94.92689514160156
map_test/concepts:	0.9251138605970017

Epoch 80
losses_train/task:	0.9909613728523254
losses_train/concepts:	7.350210666656494
losses_train/precision:	0.10466357320547104
losses_train/total:	1.7270290851593018
losses_test/task:	2.0626041889190674
losses_test/concepts:	26.92011070251465
losses_test/precision:	0.10430818051099777
losses_test/total:	4.7556586265563965
calibration_test/ece:	0.1013716608285904
calibration_test/brier:	0.5708211064338684
accuracy_test/task:	57.99102519848119
accuracy_test/concepts:	93.46610260009766
map_test/concepts:	0.890437126159668

Epoch 81
losses_train/task:	0.9809393286705017
losses_train/concepts:	7.302173614501953
losses_train/precision:	0.1026802510023117
losses_train/total:	1.7121838331222534
losses_test/task:	1.6366318464279175
losses_test/concepts:	21.251192092895508
losses_test/precision:	0.09972026944160461
losses_test/total:	3.7627482414245605
calibration_test/ece:	0.0696076899766922
calibration_test/brier:	0.4834500551223755
accuracy_test/task:	65.11908871246116
accuracy_test/concepts:	94.83875274658203
map_test/concepts:	0.9233581664714408

Epoch 82
losses_train/task:	1.017246127128601
losses_train/concepts:	7.813860893249512
losses_train/precision:	0.10087284445762634
losses_train/total:	1.7996410131454468
losses_test/task:	1.8916301727294922
losses_test/concepts:	21.736358642578125
losses_test/precision:	0.1021619364619255
losses_test/total:	4.066287517547607
calibration_test/ece:	0.08744751662015915
calibration_test/brier:	0.5344734787940979
accuracy_test/task:	60.33828098032448
accuracy_test/concepts:	93.30966186523438
map_test/concepts:	0.9032168515185093

Epoch 83
losses_train/task:	1.1026570796966553
losses_train/concepts:	8.798158645629883
losses_train/precision:	0.10508931428194046
losses_train/total:	1.9835236072540283
losses_test/task:	1.966748595237732
losses_test/concepts:	23.863483428955078
losses_test/precision:	0.10619925707578659
losses_test/total:	4.354158878326416
calibration_test/ece:	0.09738072752952576
calibration_test/brier:	0.5525138974189758
accuracy_test/task:	59.371763893683124
accuracy_test/concepts:	93.56781768798828
map_test/concepts:	0.9038057314588669

Epoch 84
losses_train/task:	1.0795931816101074
losses_train/concepts:	8.24368667602539
losses_train/precision:	0.11103788763284683
losses_train/total:	1.9050719738006592
losses_test/task:	1.8860092163085938
losses_test/concepts:	23.278039932250977
losses_test/precision:	0.11304110288619995
losses_test/total:	4.214942932128906
calibration_test/ece:	0.08962696045637131
calibration_test/brier:	0.5345682501792908
accuracy_test/task:	60.33828098032448
accuracy_test/concepts:	93.48298645019531
map_test/concepts:	0.9023435902088246

Epoch 85
losses_train/task:	1.0390366315841675
losses_train/concepts:	8.081826210021973
losses_train/precision:	0.11348161101341248
losses_train/total:	1.8483541011810303
losses_test/task:	2.1874098777770996
losses_test/concepts:	27.632797241210938
losses_test/precision:	0.11241625994443893
losses_test/total:	4.951813220977783
calibration_test/ece:	0.12428858131170273
calibration_test/brier:	0.6062761545181274
accuracy_test/task:	55.005177770107004
accuracy_test/concepts:	92.36554718017578
map_test/concepts:	0.8781422008859351

Epoch 86
losses_train/task:	1.0211894512176514
losses_train/concepts:	7.817882061004639
losses_train/precision:	0.11163550615310669
losses_train/total:	1.804093837738037
losses_test/task:	1.6693415641784668
losses_test/concepts:	21.38636016845703
losses_test/precision:	0.11045171320438385
losses_test/total:	3.809081792831421
calibration_test/ece:	0.07115929573774338
calibration_test/brier:	0.4870050847530365
accuracy_test/task:	64.30790472903003
accuracy_test/concepts:	94.78845977783203
map_test/concepts:	0.9227874177567502

Epoch 87
losses_train/task:	1.036428689956665
losses_train/concepts:	7.930194854736328
losses_train/precision:	0.11240316182374954
losses_train/total:	1.8305717706680298
losses_test/task:	1.8528220653533936
losses_test/concepts:	24.34992790222168
losses_test/precision:	0.11272477358579636
losses_test/total:	4.288942337036133
calibration_test/ece:	0.08490285277366638
calibration_test/brier:	0.5202475190162659
accuracy_test/task:	61.563686572316186
accuracy_test/concepts:	93.95008850097656
map_test/concepts:	0.906882386258308

Epoch 88
losses_train/task:	1.0279432535171509
losses_train/concepts:	8.052929878234863
losses_train/precision:	0.10816542059183121
losses_train/total:	1.8343178033828735
losses_test/task:	2.151535987854004
losses_test/concepts:	29.526180267333984
losses_test/precision:	0.1040635034441948
losses_test/total:	5.105194568634033
calibration_test/ece:	0.10794740170240402
calibration_test/brier:	0.5768312215805054
accuracy_test/task:	56.80013807386952
accuracy_test/concepts:	92.94132995605469
map_test/concepts:	0.8871245853444363

Epoch 89
losses_train/task:	1.0559324026107788
losses_train/concepts:	8.379061698913574
losses_train/precision:	0.1054324135184288
losses_train/total:	1.894892930984497
losses_test/task:	2.030686855316162
losses_test/concepts:	25.974477767944336
losses_test/precision:	0.10579349100589752
losses_test/total:	4.62919282913208
calibration_test/ece:	0.1162477433681488
calibration_test/brier:	0.5684215426445007
accuracy_test/task:	57.87021056265102
accuracy_test/concepts:	93.33975982666016
map_test/concepts:	0.8902829986937503

Epoch 90
losses_train/task:	1.0168811082839966
losses_train/concepts:	8.044124603271484
losses_train/precision:	0.10903870314359665
losses_train/total:	1.8223836421966553
losses_test/task:	1.8501501083374023
losses_test/concepts:	22.593599319458008
losses_test/precision:	0.10785631835460663
losses_test/total:	4.1105875968933105
calibration_test/ece:	0.10075028985738754
calibration_test/brier:	0.5312784910202026
accuracy_test/task:	60.95961339316534
accuracy_test/concepts:	94.09551239013672
map_test/concepts:	0.9050595608163388

Epoch 91
losses_train/task:	0.9482935667037964
losses_train/concepts:	7.161721706390381
losses_train/precision:	0.10886907577514648
losses_train/total:	1.6655547618865967
losses_test/task:	1.5721193552017212
losses_test/concepts:	19.41352081298828
losses_test/precision:	0.10936979949474335
losses_test/total:	3.5145652294158936
calibration_test/ece:	0.0694723054766655
calibration_test/brier:	0.4573434293270111
accuracy_test/task:	66.51708664135312
accuracy_test/concepts:	95.09912109375
map_test/concepts:	0.9299012257697734

Epoch 92
losses_train/task:	0.9749380946159363
losses_train/concepts:	7.322369575500488
losses_train/precision:	0.10747028142213821
losses_train/total:	1.708249568939209
losses_test/task:	1.8113980293273926
losses_test/concepts:	22.582584381103516
losses_test/precision:	0.10475735366344452
losses_test/total:	4.070703983306885
calibration_test/ece:	0.08020716160535812
calibration_test/brier:	0.5063637495040894
accuracy_test/task:	61.94338971349672
accuracy_test/concepts:	94.2203598022461
map_test/concepts:	0.9158558731383466

Epoch 93
losses_train/task:	0.9768158197402954
losses_train/concepts:	7.452999114990234
losses_train/precision:	0.10410227626562119
losses_train/total:	1.7231568098068237
losses_test/task:	2.048210620880127
losses_test/concepts:	26.85212516784668
losses_test/precision:	0.10234813392162323
losses_test/total:	4.7344465255737305
calibration_test/ece:	0.11279775947332382
calibration_test/brier:	0.5661349892616272
accuracy_test/task:	58.12909906800138
accuracy_test/concepts:	93.61075592041016
map_test/concepts:	0.9010355079427679

Epoch 94
losses_train/task:	1.0125428438186646
losses_train/concepts:	7.633642196655273
losses_train/precision:	0.10741297155618668
losses_train/total:	1.776981234550476
losses_test/task:	1.9155008792877197
losses_test/concepts:	23.15915298461914
losses_test/precision:	0.1093139797449112
losses_test/total:	4.232508659362793
calibration_test/ece:	0.11341128498315811
calibration_test/brier:	0.5492992401123047
accuracy_test/task:	60.06213324128409
accuracy_test/concepts:	93.64421081542969
map_test/concepts:	0.9062243357617804

Epoch 95
losses_train/task:	0.9534569978713989
losses_train/concepts:	7.147984981536865
losses_train/precision:	0.10546011477708817
losses_train/total:	1.669310212135315
losses_test/task:	1.7960556745529175
losses_test/concepts:	24.47722816467285
losses_test/precision:	0.10392946749925613
losses_test/total:	4.244818687438965
calibration_test/ece:	0.09185408800840378
calibration_test/brier:	0.5035704374313354
accuracy_test/task:	63.255091473938556
accuracy_test/concepts:	94.49687957763672
map_test/concepts:	0.9135873317718506

Epoch 96
losses_train/task:	0.9510440826416016
losses_train/concepts:	7.200014114379883
losses_train/precision:	0.1062232032418251
losses_train/total:	1.6721076965332031
losses_test/task:	1.6807297468185425
losses_test/concepts:	21.06862449645996
losses_test/precision:	0.10643163323402405
losses_test/total:	3.78865647315979
calibration_test/ece:	0.08826391398906708
calibration_test/brier:	0.4831056594848633
accuracy_test/task:	64.86020020711081
accuracy_test/concepts:	94.69590759277344
map_test/concepts:	0.922700601689359

Epoch 97
losses_train/task:	0.9219322204589844
losses_train/concepts:	7.1727800369262695
losses_train/precision:	0.1065712422132492
losses_train/total:	1.6402760744094849
losses_test/task:	2.020373582839966
losses_test/concepts:	27.698389053344727
losses_test/precision:	0.11100545525550842
losses_test/total:	4.791322708129883
calibration_test/ece:	0.11360260099172592
calibration_test/brier:	0.5512425899505615
accuracy_test/task:	59.371763893683124
accuracy_test/concepts:	93.64051818847656
map_test/concepts:	0.8978177270990737

Epoch 98
losses_train/task:	1.0071492195129395
losses_train/concepts:	7.800307273864746
losses_train/precision:	0.10554556548595428
losses_train/total:	1.7882353067398071
losses_test/task:	2.3742902278900146
losses_test/concepts:	29.40763282775879
losses_test/precision:	0.10183116048574448
losses_test/total:	5.316072463989258
calibration_test/ece:	0.1390492022037506
calibration_test/brier:	0.6258863210678101
accuracy_test/task:	52.726958923023815
accuracy_test/concepts:	92.09307098388672
map_test/concepts:	0.8657287600192618

Epoch 99
losses_train/task:	0.9955521821975708
losses_train/concepts:	7.681023120880127
losses_train/precision:	0.10557717084884644
losses_train/total:	1.7647103071212769
losses_test/task:	1.8435404300689697
losses_test/concepts:	23.869525909423828
losses_test/precision:	0.10653596371412277
losses_test/total:	4.231558322906494
calibration_test/ece:	0.0969836562871933
calibration_test/brier:	0.5218076705932617
accuracy_test/task:	61.52916810493614
accuracy_test/concepts:	94.05474853515625
map_test/concepts:	0.9122509233495022

Epoch 100
losses_train/task:	0.9398690462112427
losses_train/concepts:	7.32304048538208
losses_train/precision:	0.10185250639915466
losses_train/total:	1.673191785812378
losses_test/task:	1.8469034433364868
losses_test/concepts:	24.39225959777832
losses_test/precision:	0.09854597598314285
losses_test/total:	4.287115573883057
calibration_train/ece:	0.04405771568417549
calibration_train/brier:	0.33184632658958435
accuracy_train/task:	73.64864864864865
calibration_test/ece:	0.1052117720246315
calibration_test/brier:	0.5291005373001099
accuracy_test/task:	62.046945115636866
accuracy_train/concepts:	94.3681869506836
map_train/concepts:	0.9640584968506022
accuracy_test/concepts:	94.05436706542969
map_test/concepts:	0.9097745228320995
accuracy_test/nuisances_task:	0.011948438791128306
accuracy_test/nuisances_nontask:	0.0
mutual_inf_test/nuisances_task:	0.005951307315559798
mutual_inf_test/nuisances_nontask:	0.0

Epoch 101
losses_train/task:	0.8797590136528015
losses_train/concepts:	6.851059436798096
losses_train/precision:	0.09510912001132965
losses_train/total:	1.565816044807434
losses_test/task:	1.4030009508132935
losses_test/concepts:	17.473886489868164
losses_test/precision:	0.09054536372423172
losses_test/total:	3.151294708251953
calibration_test/ece:	0.05893606320023537
calibration_test/brier:	0.4192045032978058
accuracy_test/task:	69.76182257507767
accuracy_test/concepts:	95.71199035644531
map_test/concepts:	0.9416241278039649

Epoch 102
losses_train/task:	0.7729388475418091
losses_train/concepts:	5.811072826385498
losses_train/precision:	0.08654578030109406
losses_train/total:	1.3549113273620605
losses_test/task:	1.3644906282424927
losses_test/concepts:	17.265954971313477
losses_test/precision:	0.08253483474254608
losses_test/total:	3.0919106006622314
calibration_test/ece:	0.05406710132956505
calibration_test/brier:	0.40496474504470825
accuracy_test/task:	70.62478425957887
accuracy_test/concepts:	95.93379211425781
map_test/concepts:	0.9445414505106338

Epoch 103
losses_train/task:	0.795473039150238
losses_train/concepts:	6.071955680847168
losses_train/precision:	0.07906962931156158
losses_train/total:	1.4034593105316162
losses_test/task:	1.3354748487472534
losses_test/concepts:	16.98493766784668
losses_test/precision:	0.07554883509874344
losses_test/total:	3.034723997116089
calibration_test/ece:	0.057598281651735306
calibration_test/brier:	0.4009614884853363
accuracy_test/task:	70.86641353123922
accuracy_test/concepts:	96.05535125732422
map_test/concepts:	0.9468856669486837

Epoch 104
losses_train/task:	0.798296332359314
losses_train/concepts:	5.9274678230285645
losses_train/precision:	0.07246335595846176
losses_train/total:	1.3917678594589233
losses_test/task:	1.343801498413086
losses_test/concepts:	17.19895362854004
losses_test/precision:	0.06928212195634842
losses_test/total:	3.064389944076538
calibration_test/ece:	0.05750497058033943
calibration_test/brier:	0.39897146821022034
accuracy_test/task:	71.07352433551951
accuracy_test/concepts:	96.0832290649414
map_test/concepts:	0.9466907356647735

Epoch 105
losses_train/task:	0.7422592639923096
losses_train/concepts:	5.370772838592529
losses_train/precision:	0.06656234711408615
losses_train/total:	1.2800021171569824
losses_test/task:	1.3277668952941895
losses_test/concepts:	17.242961883544922
losses_test/precision:	0.06389505416154861
losses_test/total:	3.052701473236084
calibration_test/ece:	0.056559596210718155
calibration_test/brier:	0.3955163359642029
accuracy_test/task:	71.41870900931998
accuracy_test/concepts:	96.13246154785156
map_test/concepts:	0.9472472388693627

Epoch 106
losses_train/task:	0.7583096623420715
losses_train/concepts:	5.493945121765137
losses_train/precision:	0.061862774193286896
losses_train/total:	1.3083226680755615
losses_test/task:	1.3221865892410278
losses_test/concepts:	17.612836837768555
losses_test/precision:	0.059616826474666595
losses_test/total:	3.084066390991211
calibration_test/ece:	0.06176900118589401
calibration_test/brier:	0.3957368731498718
accuracy_test/task:	71.47048671039006
accuracy_test/concepts:	96.23490142822266
map_test/concepts:	0.947448194026947

Epoch 107
losses_train/task:	0.7322410941123962
losses_train/concepts:	5.187716484069824
losses_train/precision:	0.057492759078741074
losses_train/total:	1.2515876293182373
losses_test/task:	1.3121281862258911
losses_test/concepts:	17.212949752807617
losses_test/precision:	0.05537531152367592
losses_test/total:	3.033977508544922
calibration_test/ece:	0.05696580186486244
calibration_test/brier:	0.3912804424762726
accuracy_test/task:	71.90196755264066
accuracy_test/concepts:	96.25106811523438
map_test/concepts:	0.9484328729041079

Epoch 108
losses_train/task:	0.7521800398826599
losses_train/concepts:	5.6498308181762695
losses_train/precision:	0.05380217358469963
losses_train/total:	1.3177013397216797
losses_test/task:	1.2944347858428955
losses_test/concepts:	17.179306030273438
losses_test/precision:	0.05218973383307457
losses_test/total:	3.0128870010375977
calibration_test/ece:	0.056770626455545425
calibration_test/brier:	0.3882618844509125
accuracy_test/task:	72.143596824301
accuracy_test/concepts:	96.30543518066406
map_test/concepts:	0.9489358333831138

Epoch 109
losses_train/task:	0.6833961009979248
losses_train/concepts:	5.055807113647461
losses_train/precision:	0.050491996109485626
losses_train/total:	1.1894817352294922
losses_test/task:	1.301154375076294
losses_test/concepts:	17.476654052734375
losses_test/precision:	0.04872753843665123
losses_test/total:	3.049306869506836
calibration_test/ece:	0.05722803622484207
calibration_test/brier:	0.387346476316452
accuracy_test/task:	71.91922678633068
accuracy_test/concepts:	96.30506134033203
map_test/concepts:	0.9489412979876741

Epoch 110
losses_train/task:	0.7245829701423645
losses_train/concepts:	5.461462020874023
losses_train/precision:	0.047310564666986465
losses_train/total:	1.2712024450302124
losses_test/task:	1.3001136779785156
losses_test/concepts:	17.264490127563477
losses_test/precision:	0.045636679977178574
losses_test/total:	3.0270190238952637
calibration_test/ece:	0.05803913623094559
calibration_test/brier:	0.38791826367378235
accuracy_test/task:	72.10907835692095
accuracy_test/concepts:	96.3021240234375
map_test/concepts:	0.9490702304434269

Epoch 111
losses_train/task:	0.7195926308631897
losses_train/concepts:	5.181395053863525
losses_train/precision:	0.04407171532511711
losses_train/total:	1.2381727695465088
losses_test/task:	1.3091371059417725
losses_test/concepts:	17.694393157958984
losses_test/precision:	0.042535655200481415
losses_test/total:	3.0790011882781982
calibration_test/ece:	0.0584624819457531
calibration_test/brier:	0.3913451135158539
accuracy_test/task:	72.16085605799103
accuracy_test/concepts:	96.32634735107422
map_test/concepts:	0.9490620544616212

Epoch 112
losses_train/task:	0.7156384587287903
losses_train/concepts:	5.099477767944336
losses_train/precision:	0.041090723127126694
losses_train/total:	1.225996971130371
losses_test/task:	1.295859932899475
losses_test/concepts:	17.514331817626953
losses_test/precision:	0.03956929221749306
losses_test/total:	3.047689437866211
calibration_test/ece:	0.057074472308158875
calibration_test/brier:	0.38765397667884827
accuracy_test/task:	72.47152226441146
accuracy_test/concepts:	96.33663177490234
map_test/concepts:	0.9491304920074788

Epoch 113
losses_train/task:	0.6679938435554504
losses_train/concepts:	4.790707111358643
losses_train/precision:	0.038721296936273575
losses_train/total:	1.1474519968032837
losses_test/task:	1.287308931350708
losses_test/concepts:	17.148653030395508
losses_test/precision:	0.03772423043847084
losses_test/total:	3.0025525093078613
calibration_test/ece:	0.05527514964342117
calibration_test/brier:	0.3864368200302124
accuracy_test/task:	72.43700379703141
accuracy_test/concepts:	96.33369445800781
map_test/concepts:	0.9495369170574431

Epoch 114
losses_train/task:	0.6992557644844055
losses_train/concepts:	5.072283744812012
losses_train/precision:	0.03664865344762802
losses_train/total:	1.2068508863449097
losses_test/task:	1.2975302934646606
losses_test/concepts:	17.581174850463867
losses_test/precision:	0.03562866523861885
losses_test/total:	3.056004047393799
calibration_test/ece:	0.0563456229865551
calibration_test/brier:	0.38902178406715393
accuracy_test/task:	72.26441146013117
accuracy_test/concepts:	96.33516693115234
map_test/concepts:	0.9491552976851768

Epoch 115
losses_train/task:	0.6480224132537842
losses_train/concepts:	4.60666561126709
losses_train/precision:	0.03440708667039871
losses_train/total:	1.1090329885482788
losses_test/task:	1.2985420227050781
losses_test/concepts:	17.851430892944336
losses_test/precision:	0.03357624262571335
losses_test/total:	3.0840213298797607
calibration_test/ece:	0.06266333162784576
calibration_test/brier:	0.3909318745136261
accuracy_test/task:	71.95374525371074
accuracy_test/concepts:	96.34837341308594
map_test/concepts:	0.9490887649515842

Epoch 116
losses_train/task:	0.6821580529212952
losses_train/concepts:	5.043697357177734
losses_train/precision:	0.03291293978691101
losses_train/total:	1.186856985092163
losses_test/task:	1.298689842224121
losses_test/concepts:	17.879262924194336
losses_test/precision:	0.03189500421285629
losses_test/total:	3.08693528175354
calibration_test/ece:	0.06040032207965851
calibration_test/brier:	0.38855594396591187
accuracy_test/task:	72.24715222644114
accuracy_test/concepts:	96.38069152832031
map_test/concepts:	0.9494871890291254

Epoch 117
losses_train/task:	0.6984895467758179
losses_train/concepts:	5.011312484741211
losses_train/precision:	0.03122302144765854
losses_train/total:	1.1999330520629883
losses_test/task:	1.2733163833618164
losses_test/concepts:	17.197065353393555
losses_test/precision:	0.03075755015015602
losses_test/total:	2.9933292865753174
calibration_test/ece:	0.05722593516111374
calibration_test/brier:	0.38586336374282837
accuracy_test/task:	72.40248532965137
accuracy_test/concepts:	96.38876342773438
map_test/concepts:	0.9499996266466506

Epoch 118
losses_train/task:	0.6763743758201599
losses_train/concepts:	4.916851997375488
losses_train/precision:	0.02981659211218357
losses_train/total:	1.1683577299118042
losses_test/task:	1.2664892673492432
losses_test/concepts:	17.02225685119629
losses_test/precision:	0.028936224058270454
losses_test/total:	2.9690043926239014
calibration_test/ece:	0.06017596274614334
calibration_test/brier:	0.38388770818710327
accuracy_test/task:	72.55781843286158
accuracy_test/concepts:	96.3854751586914
map_test/concepts:	0.9506050703373361

Epoch 119
losses_train/task:	0.6812387704849243
losses_train/concepts:	4.891593933105469
losses_train/precision:	0.0280366912484169
losses_train/total:	1.1706784963607788
losses_test/task:	1.2673187255859375
losses_test/concepts:	17.279897689819336
losses_test/precision:	0.02713732421398163
losses_test/total:	2.995579957962036
calibration_test/ece:	0.05678742006421089
calibration_test/brier:	0.37999725341796875
accuracy_test/task:	72.93752157404211
accuracy_test/concepts:	96.43026733398438
map_test/concepts:	0.9508710173850364

Epoch 120
losses_train/task:	0.6707572937011719
losses_train/concepts:	4.796151161193848
losses_train/precision:	0.02667275257408619
losses_train/total:	1.1506391763687134
losses_test/task:	1.2747440338134766
losses_test/concepts:	17.276973724365234
losses_test/precision:	0.0260490570217371
losses_test/total:	3.002702236175537
calibration_test/ece:	0.05857180058956146
calibration_test/brier:	0.38158702850341797
accuracy_test/task:	72.67863306869175
accuracy_test/concepts:	96.42366027832031
map_test/concepts:	0.9509167100520844

Epoch 121
losses_train/task:	0.6668910384178162
losses_train/concepts:	4.695499420166016
losses_train/precision:	0.02563844807446003
losses_train/total:	1.1366972923278809
losses_test/task:	1.2688876390457153
losses_test/concepts:	17.449195861816406
losses_test/precision:	0.024927210062742233
losses_test/total:	3.01405668258667
calibration_test/ece:	0.05974096432328224
calibration_test/brier:	0.38114669919013977
accuracy_test/task:	72.60959613393166
accuracy_test/concepts:	96.45526885986328
map_test/concepts:	0.951019194531948

Epoch 122
losses_train/task:	0.6578777432441711
losses_train/concepts:	4.8052239418029785
losses_train/precision:	0.02410789765417576
losses_train/total:	1.1386412382125854
losses_test/task:	1.2746803760528564
losses_test/concepts:	17.2902774810791
losses_test/precision:	0.02347821742296219
losses_test/total:	3.0039427280426025
calibration_test/ece:	0.05925367772579193
calibration_test/brier:	0.38326534628868103
accuracy_test/task:	72.73041076976182
accuracy_test/concepts:	96.42733764648438
map_test/concepts:	0.9511888889556236

Epoch 123
losses_train/task:	0.6200694441795349
losses_train/concepts:	4.387004375457764
losses_train/precision:	0.022989043965935707
losses_train/total:	1.0589998960494995
losses_test/task:	1.2772387266159058
losses_test/concepts:	17.339956283569336
losses_test/precision:	0.02235664613544941
losses_test/total:	3.011457681655884
calibration_test/ece:	0.06140902265906334
calibration_test/brier:	0.3847765028476715
accuracy_test/task:	72.45426303072144
accuracy_test/concepts:	96.41780090332031
map_test/concepts:	0.9510141370144296

Epoch 124
losses_train/task:	0.6887189745903015
losses_train/concepts:	4.919982433319092
losses_train/precision:	0.0219828300178051
losses_train/total:	1.1809370517730713
losses_test/task:	1.2871919870376587
losses_test/concepts:	17.640562057495117
losses_test/precision:	0.021462872624397278
losses_test/total:	3.0514626502990723
calibration_test/ece:	0.061317894607782364
calibration_test/brier:	0.3877081274986267
accuracy_test/task:	72.50604073179151
accuracy_test/concepts:	96.41191101074219
map_test/concepts:	0.9502176338053764

Epoch 125
losses_train/task:	0.6398964524269104
losses_train/concepts:	4.6868462562561035
losses_train/precision:	0.02088497206568718
losses_train/total:	1.1087899208068848
losses_test/task:	1.2688037157058716
losses_test/concepts:	17.319263458251953
losses_test/precision:	0.0205729641020298
losses_test/total:	3.0009357929229736
calibration_test/ece:	0.05849951505661011
calibration_test/brier:	0.3811579644680023
accuracy_test/task:	73.04107697618225
accuracy_test/concepts:	96.44680786132812
map_test/concepts:	0.9509758201051266

Epoch 126
losses_train/task:	0.6416517496109009
losses_train/concepts:	4.485937595367432
losses_train/precision:	0.020031558349728584
losses_train/total:	1.0904459953308105
losses_test/task:	1.2839016914367676
losses_test/concepts:	17.419292449951172
losses_test/precision:	0.019633011892437935
losses_test/total:	3.0260279178619385
calibration_test/ece:	0.06268458813428879
calibration_test/brier:	0.38503408432006836
accuracy_test/task:	72.59233690024163
accuracy_test/concepts:	96.41669464111328
map_test/concepts:	0.9504441149691318

Epoch 127
losses_train/task:	0.6908987164497375
losses_train/concepts:	5.033073902130127
losses_train/precision:	0.01962817646563053
losses_train/total:	1.1944023370742798
losses_test/task:	1.2707469463348389
losses_test/concepts:	17.665483474731445
losses_test/precision:	0.019588053226470947
losses_test/total:	3.0374908447265625
calibration_test/ece:	0.05983762815594673
calibration_test/brier:	0.3815522789955139
accuracy_test/task:	72.86848463928202
accuracy_test/concepts:	96.46221160888672
map_test/concepts:	0.9508990379090004

Epoch 128
losses_train/task:	0.6892712116241455
losses_train/concepts:	4.815942764282227
losses_train/precision:	0.01922096312046051
losses_train/total:	1.1710577011108398
losses_test/task:	1.2848504781723022
losses_test/concepts:	17.945337295532227
losses_test/precision:	0.018476253375411034
losses_test/total:	3.079569101333618
calibration_test/ece:	0.06351151317358017
calibration_test/brier:	0.3850210905075073
accuracy_test/task:	72.50604073179151
accuracy_test/concepts:	96.44973754882812
map_test/concepts:	0.9504447110155796

Epoch 129
losses_train/task:	0.6492540240287781
losses_train/concepts:	4.61280632019043
losses_train/precision:	0.017944524064660072
losses_train/total:	1.110714316368103
losses_test/task:	1.2654688358306885
losses_test/concepts:	17.044939041137695
losses_test/precision:	0.017804617062211037
losses_test/total:	2.9701406955718994
calibration_test/ece:	0.059270229190588
calibration_test/brier:	0.3798829913139343
accuracy_test/task:	73.00655850880221
accuracy_test/concepts:	96.42256927490234
map_test/concepts:	0.9508554478909107

Epoch 130
losses_train/task:	0.6382440328598022
losses_train/concepts:	4.455318450927734
losses_train/precision:	0.017505737021565437
losses_train/total:	1.0839508771896362
losses_test/task:	1.2857615947723389
losses_test/concepts:	17.61185073852539
losses_test/precision:	0.017072994261980057
losses_test/total:	3.047117233276367
calibration_test/ece:	0.06402185559272766
calibration_test/brier:	0.38390809297561646
accuracy_test/task:	72.5750776665516
accuracy_test/concepts:	96.4266128540039
map_test/concepts:	0.950971061879016

Epoch 131
losses_train/task:	0.6324672102928162
losses_train/concepts:	4.340630054473877
losses_train/precision:	0.016490589827299118
losses_train/total:	1.066695213317871
losses_test/task:	1.2736129760742188
losses_test/concepts:	17.81559944152832
losses_test/precision:	0.016093214973807335
losses_test/total:	3.055333375930786
calibration_test/ece:	0.058589208871126175
calibration_test/brier:	0.3794573247432709
accuracy_test/task:	73.31722471522265
accuracy_test/concepts:	96.4714126586914
map_test/concepts:	0.9510932235007591

Epoch 132
losses_train/task:	0.6526744365692139
losses_train/concepts:	4.697121620178223
losses_train/precision:	0.01593519188463688
losses_train/total:	1.122545838356018
losses_test/task:	1.2708951234817505
losses_test/concepts:	17.829763412475586
losses_test/precision:	0.0157913975417614
losses_test/total:	3.0540289878845215
calibration_test/ece:	0.06001235544681549
calibration_test/brier:	0.37783756852149963
accuracy_test/task:	73.35174318260269
accuracy_test/concepts:	96.49930572509766
map_test/concepts:	0.951366311692177

Epoch 133
losses_train/task:	0.6876803040504456
losses_train/concepts:	4.931034088134766
losses_train/precision:	0.015432856045663357
losses_train/total:	1.1809377670288086
losses_test/task:	1.2647080421447754
losses_test/concepts:	17.494491577148438
losses_test/precision:	0.014973818324506283
losses_test/total:	3.0143065452575684
calibration_test/ece:	0.05876397341489792
calibration_test/brier:	0.37751758098602295
accuracy_test/task:	73.17915084570245
accuracy_test/concepts:	96.48020935058594
map_test/concepts:	0.9513786473172776

Epoch 134
losses_train/task:	0.6185628771781921
losses_train/concepts:	4.2484049797058105
losses_train/precision:	0.014700066298246384
losses_train/total:	1.0435503721237183
losses_test/task:	1.2603542804718018
losses_test/concepts:	17.353315353393555
losses_test/precision:	0.014398815110325813
losses_test/total:	2.9958298206329346
calibration_test/ece:	0.05822351574897766
calibration_test/brier:	0.37711194157600403
accuracy_test/task:	73.23092854677252
accuracy_test/concepts:	96.46112823486328
map_test/concepts:	0.951212855095559

Epoch 135
losses_train/task:	0.638331949710846
losses_train/concepts:	4.629785537719727
losses_train/precision:	0.013973884284496307
losses_train/total:	1.1014502048492432
losses_test/task:	1.292982816696167
losses_test/concepts:	18.166107177734375
losses_test/precision:	0.013559602200984955
losses_test/total:	3.109729290008545
calibration_test/ece:	0.06555122882127762
calibration_test/brier:	0.38630154728889465
accuracy_test/task:	72.35070762858129
accuracy_test/concepts:	96.43982696533203
map_test/concepts:	0.9502953734803707

Epoch 136
losses_train/task:	0.6250362396240234
losses_train/concepts:	4.306456565856934
losses_train/precision:	0.013458269648253918
losses_train/total:	1.0558165311813354
losses_test/task:	1.2794156074523926
losses_test/concepts:	17.33687973022461
losses_test/precision:	0.013043486513197422
losses_test/total:	3.013233184814453
calibration_test/ece:	0.06587440520524979
calibration_test/brier:	0.3840842843055725
accuracy_test/task:	72.40248532965137
accuracy_test/concepts:	96.42109680175781
map_test/concepts:	0.9507164105455926

Epoch 137
losses_train/task:	0.697001039981842
losses_train/concepts:	4.855154037475586
losses_train/precision:	0.012817109003663063
losses_train/total:	1.1826446056365967
losses_test/task:	1.267828106880188
losses_test/concepts:	17.926660537719727
losses_test/precision:	0.012752154842019081
losses_test/total:	3.060621500015259
calibration_test/ece:	0.06433737277984619
calibration_test/brier:	0.37975186109542847
accuracy_test/task:	72.74767000345184
accuracy_test/concepts:	96.47583770751953
map_test/concepts:	0.9511372142649711

Epoch 138
losses_train/task:	0.641096293926239
losses_train/concepts:	4.432977676391602
losses_train/precision:	0.012624620459973812
losses_train/total:	1.0845202207565308
losses_test/task:	1.2657766342163086
losses_test/concepts:	17.75251007080078
losses_test/precision:	0.01258224155753851
losses_test/total:	3.0411534309387207
calibration_test/ece:	0.05996498093008995
calibration_test/brier:	0.37862125039100647
accuracy_test/task:	73.11011391094236
accuracy_test/concepts:	96.49821472167969
map_test/concepts:	0.9512483160546485

Epoch 139
losses_train/task:	0.6471750140190125
losses_train/concepts:	4.608305931091309
losses_train/precision:	0.012461054138839245
losses_train/total:	1.1081303358078003
losses_test/task:	1.2605432271957397
losses_test/concepts:	17.36053466796875
losses_test/precision:	0.012314100749790668
losses_test/total:	2.996720314025879
calibration_test/ece:	0.05736643448472023
calibration_test/brier:	0.3772629499435425
accuracy_test/task:	73.2136693130825
accuracy_test/concepts:	96.4750747680664
map_test/concepts:	0.9513086803415989

Epoch 140
losses_train/task:	0.6308281421661377
losses_train/concepts:	4.426652431488037
losses_train/precision:	0.011945410631597042
losses_train/total:	1.0736128091812134
losses_test/task:	1.266061782836914
losses_test/concepts:	17.771129608154297
losses_test/precision:	0.011815064586699009
losses_test/total:	3.04329252243042
calibration_test/ece:	0.05922413244843483
calibration_test/brier:	0.3779752850532532
accuracy_test/task:	73.17915084570245
accuracy_test/concepts:	96.4919662475586
map_test/concepts:	0.9508412302808559

Epoch 141
losses_train/task:	0.6328803300857544
losses_train/concepts:	4.445306301116943
losses_train/precision:	0.01172399427741766
losses_train/total:	1.0775282382965088
losses_test/task:	1.2771903276443481
losses_test/concepts:	18.12603759765625
losses_test/precision:	0.011432799510657787
losses_test/total:	3.0899081230163574
calibration_test/ece:	0.06497693806886673
calibration_test/brier:	0.38388141989707947
accuracy_test/task:	72.7131515360718
accuracy_test/concepts:	96.49453735351562
map_test/concepts:	0.9507187528813139

Epoch 142
losses_train/task:	0.6212728023529053
losses_train/concepts:	4.492008209228516
losses_train/precision:	0.011331670917570591
losses_train/total:	1.0705870389938354
losses_test/task:	1.2594053745269775
losses_test/concepts:	17.90804100036621
losses_test/precision:	0.010917275212705135
losses_test/total:	3.050318956375122
calibration_test/ece:	0.061246901750564575
calibration_test/brier:	0.37680119276046753
accuracy_test/task:	73.24818778046254
accuracy_test/concepts:	96.52613830566406
map_test/concepts:	0.9508275402353165

Epoch 143
losses_train/task:	0.6328348517417908
losses_train/concepts:	4.470962047576904
losses_train/precision:	0.01089850626885891
losses_train/total:	1.0800399780273438
losses_test/task:	1.2784544229507446
losses_test/concepts:	18.513896942138672
losses_test/precision:	0.010889717377722263
losses_test/total:	3.129953145980835
calibration_test/ece:	0.06393348425626755
calibration_test/brier:	0.382422536611557
accuracy_test/task:	72.83396617190196
accuracy_test/concepts:	96.48719787597656
map_test/concepts:	0.9503689966303237

Epoch 144
losses_train/task:	0.6219940185546875
losses_train/concepts:	4.288829326629639
losses_train/precision:	0.010949235409498215
losses_train/total:	1.0509862899780273
losses_test/task:	1.2680598497390747
losses_test/concepts:	17.76974868774414
losses_test/precision:	0.010844768956303596
losses_test/total:	3.045142889022827
calibration_test/ece:	0.06430201232433319
calibration_test/brier:	0.3806910514831543
accuracy_test/task:	72.97204004142216
accuracy_test/concepts:	96.4864501953125
map_test/concepts:	0.9510192452593053

Epoch 145
losses_train/task:	0.6183035969734192
losses_train/concepts:	4.418923854827881
losses_train/precision:	0.010939115658402443
losses_train/total:	1.0603052377700806
losses_test/task:	1.2810758352279663
losses_test/concepts:	17.915851593017578
losses_test/precision:	0.011031242087483406
losses_test/total:	3.0727715492248535
calibration_test/ece:	0.06276080757379532
calibration_test/brier:	0.3814884424209595
accuracy_test/task:	72.7131515360718
accuracy_test/concepts:	96.43029022216797
map_test/concepts:	0.9503531988630903

Epoch 146
losses_train/task:	0.6600039601325989
losses_train/concepts:	4.736280918121338
losses_train/precision:	0.011239617131650448
losses_train/total:	1.133744478225708
losses_test/task:	1.2617343664169312
losses_test/concepts:	17.66305923461914
losses_test/precision:	0.01140197366476059
losses_test/total:	3.0281546115875244
calibration_test/ece:	0.06036541610956192
calibration_test/brier:	0.37700971961021423
accuracy_test/task:	73.33448394891266
accuracy_test/concepts:	96.49198150634766
map_test/concepts:	0.9512682785379126

Epoch 147
losses_train/task:	0.615626335144043
losses_train/concepts:	4.3994011878967285
losses_train/precision:	0.011047529056668282
losses_train/total:	1.055677056312561
losses_test/task:	1.262690544128418
losses_test/concepts:	17.735490798950195
losses_test/precision:	0.010748418048024178
losses_test/total:	3.036346912384033
calibration_test/ece:	0.0622529610991478
calibration_test/brier:	0.3773394227027893
accuracy_test/task:	73.02381774249223
accuracy_test/concepts:	96.49638366699219
map_test/concepts:	0.95094392781562

Epoch 148
losses_train/task:	0.5910329818725586
losses_train/concepts:	4.076127529144287
losses_train/precision:	0.010431300848722458
losses_train/total:	0.998749852180481
losses_test/task:	1.2705280780792236
losses_test/concepts:	17.85440444946289
losses_test/precision:	0.009874336421489716
losses_test/total:	3.056067705154419
calibration_test/ece:	0.06193729490041733
calibration_test/brier:	0.380674809217453
accuracy_test/task:	73.04107697618225
accuracy_test/concepts:	96.47398376464844
map_test/concepts:	0.9511765051395336

Epoch 149
losses_train/task:	0.6043633222579956
losses_train/concepts:	4.108348846435547
losses_train/precision:	0.009743680246174335
losses_train/total:	1.0152956247329712
losses_test/task:	1.2745282649993896
losses_test/concepts:	17.985260009765625
losses_test/precision:	0.009284088388085365
losses_test/total:	3.0731468200683594
calibration_test/ece:	0.0630071610212326
calibration_test/brier:	0.3804565370082855
accuracy_test/task:	73.16189161201243
accuracy_test/concepts:	96.48058319091797
map_test/concepts:	0.9506775736808777

Epoch 150
losses_train/task:	0.6178092360496521
losses_train/concepts:	4.354687213897705
losses_train/precision:	0.009410098195075989
losses_train/total:	1.0533720254898071
losses_test/task:	1.2739313840866089
losses_test/concepts:	17.986963272094727
losses_test/precision:	0.0093383202329278
losses_test/total:	3.072721242904663
calibration_test/ece:	0.06459088623523712
calibration_test/brier:	0.3803003430366516
accuracy_test/task:	72.83396617190196
accuracy_test/concepts:	96.4948959350586
map_test/concepts:	0.9503245328335052

Epoch 151
losses_train/task:	0.6135959029197693
losses_train/concepts:	4.276205539703369
losses_train/precision:	0.009232159703969955
losses_train/total:	1.0413089990615845
losses_test/task:	1.2802478075027466
losses_test/concepts:	18.293087005615234
losses_test/precision:	0.00917965266853571
losses_test/total:	3.1096479892730713
calibration_test/ece:	0.06482473015785217
calibration_test/brier:	0.3834521472454071
accuracy_test/task:	72.83396617190196
accuracy_test/concepts:	96.49784851074219
map_test/concepts:	0.9499482233473595

Epoch 152
losses_train/task:	0.6260188221931458
losses_train/concepts:	4.443007469177246
losses_train/precision:	0.00924580916762352
losses_train/total:	1.070412039756775
losses_test/task:	1.2857048511505127
losses_test/concepts:	18.542041778564453
losses_test/precision:	0.009363829158246517
losses_test/total:	3.140002727508545
calibration_test/ece:	0.06726524233818054
calibration_test/brier:	0.3844248652458191
accuracy_test/task:	72.81670693821194
accuracy_test/concepts:	96.48462677001953
map_test/concepts:	0.9495433201181128

Epoch 153
losses_train/task:	0.6367096304893494
losses_train/concepts:	4.4503655433654785
losses_train/precision:	0.009291551075875759
losses_train/total:	1.0818390846252441
losses_test/task:	1.27899169921875
losses_test/concepts:	18.499794006347656
losses_test/precision:	0.00933927483856678
losses_test/total:	3.1290647983551025
calibration_test/ece:	0.06432435661554337
calibration_test/brier:	0.3809632360935211
accuracy_test/task:	73.02381774249223
accuracy_test/concepts:	96.46443176269531
map_test/concepts:	0.9492732730317623

Epoch 154
losses_train/task:	0.5872687101364136
losses_train/concepts:	3.909099817276001
losses_train/precision:	0.008981435559689999
losses_train/total:	0.9782685041427612
losses_test/task:	1.2777163982391357
losses_test/concepts:	18.161785125732422
losses_test/precision:	0.008394417352974415
losses_test/total:	3.0939786434173584
calibration_test/ece:	0.062470536679029465
calibration_test/brier:	0.3805311620235443
accuracy_test/task:	73.17915084570245
accuracy_test/concepts:	96.44606018066406
map_test/concepts:	0.9497382856429891

Epoch 155
losses_train/task:	0.5746363401412964
losses_train/concepts:	4.003231048583984
losses_train/precision:	0.008627780713140965
losses_train/total:	0.9750458002090454
losses_test/task:	1.2813496589660645
losses_test/concepts:	18.033315658569336
losses_test/precision:	0.008558246307075024
losses_test/total:	3.0847673416137695
calibration_test/ece:	0.06507009267807007
calibration_test/brier:	0.3816041052341461
accuracy_test/task:	72.88574387297204
accuracy_test/concepts:	96.4489974975586
map_test/concepts:	0.9499700234291402

Epoch 156
losses_train/task:	0.6171717643737793
losses_train/concepts:	4.431943416595459
losses_train/precision:	0.00830527301877737
losses_train/total:	1.0604491233825684
losses_test/task:	1.283926010131836
losses_test/concepts:	18.11792755126953
losses_test/precision:	0.008352825418114662
losses_test/total:	3.095802068710327
calibration_test/ece:	0.06690914928913116
calibration_test/brier:	0.38294100761413574
accuracy_test/task:	72.7821884708319
accuracy_test/concepts:	96.4794692993164
map_test/concepts:	0.9501927038456531

Epoch 157
losses_train/task:	0.6156570315361023
losses_train/concepts:	4.236723899841309
losses_train/precision:	0.008246210403740406
losses_train/total:	1.0394117832183838
losses_test/task:	1.2665044069290161
losses_test/concepts:	17.969581604003906
losses_test/precision:	0.007954535074532032
losses_test/total:	3.063542366027832
calibration_test/ece:	0.06341368705034256
calibration_test/brier:	0.3774227797985077
accuracy_test/task:	73.1446323783224
accuracy_test/concepts:	96.50887298583984
map_test/concepts:	0.9511988454676689

Epoch 158
losses_train/task:	0.6010064482688904
losses_train/concepts:	4.1605658531188965
losses_train/precision:	0.007855910807847977
losses_train/total:	1.017141580581665
losses_test/task:	1.2778879404067993
losses_test/concepts:	18.219154357910156
losses_test/precision:	0.007767438422888517
losses_test/total:	3.0998806953430176
calibration_test/ece:	0.06413421034812927
calibration_test/brier:	0.37980958819389343
accuracy_test/task:	73.1446323783224
accuracy_test/concepts:	96.49380493164062
map_test/concepts:	0.9503340327993353

Epoch 159
losses_train/task:	0.5910002589225769
losses_train/concepts:	3.9637558460235596
losses_train/precision:	0.007740978617221117
losses_train/total:	0.9874534010887146
losses_test/task:	1.2806077003479004
losses_test/concepts:	18.399221420288086
losses_test/precision:	0.007574108894914389
losses_test/total:	3.12060546875
calibration_test/ece:	0.062198419123888016
calibration_test/brier:	0.37850329279899597
accuracy_test/task:	73.35174318260269
accuracy_test/concepts:	96.51729583740234
map_test/concepts:	0.9500082705883269

Epoch 160
losses_train/task:	0.57940673828125
losses_train/concepts:	3.9744324684143066
losses_train/precision:	0.007512441370636225
losses_train/total:	0.9769250154495239
losses_test/task:	1.2859221696853638
losses_test/concepts:	18.54057502746582
losses_test/precision:	0.007376938592642546
losses_test/total:	3.1400535106658936
calibration_test/ece:	0.06381554156541824
calibration_test/brier:	0.3769274652004242
accuracy_test/task:	73.23092854677252
accuracy_test/concepts:	96.47177124023438
map_test/concepts:	0.9493102443979141

Epoch 161
losses_train/task:	0.585960328578949
losses_train/concepts:	4.14790678024292
losses_train/precision:	0.007235887460410595
losses_train/total:	1.0008233785629272
losses_test/task:	1.2896068096160889
losses_test/concepts:	18.8703556060791
losses_test/precision:	0.0072683487087488174
losses_test/total:	3.17671537399292
calibration_test/ece:	0.06936024874448776
calibration_test/brier:	0.38189223408699036
accuracy_test/task:	72.83396617190196
accuracy_test/concepts:	96.50444793701172
map_test/concepts:	0.9491537619144359

Epoch 162
losses_train/task:	0.5974540114402771
losses_train/concepts:	4.2143731117248535
losses_train/precision:	0.00749259814620018
losses_train/total:	1.0189661979675293
losses_test/task:	1.2860428094863892
losses_test/concepts:	18.081575393676758
losses_test/precision:	0.007603933103382587
losses_test/total:	3.094276189804077
calibration_test/ece:	0.06784151494503021
calibration_test/brier:	0.3813767731189728
accuracy_test/task:	72.67863306869175
accuracy_test/concepts:	96.41889190673828
map_test/concepts:	0.9495880197971425

Epoch 163
losses_train/task:	0.60826176404953
losses_train/concepts:	4.130245208740234
losses_train/precision:	0.007486681919544935
losses_train/total:	1.021360993385315
losses_test/task:	1.2727915048599243
losses_test/concepts:	18.2593936920166
losses_test/precision:	0.007245142478495836
losses_test/total:	3.0988030433654785
calibration_test/ece:	0.06169251352548599
calibration_test/brier:	0.37445592880249023
accuracy_test/task:	73.50707628581291
accuracy_test/concepts:	96.49637603759766
map_test/concepts:	0.9499883651733398

Epoch 164
losses_train/task:	0.6089305877685547
losses_train/concepts:	4.322282791137695
losses_train/precision:	0.007095811422914267
losses_train/total:	1.0412298440933228
losses_test/task:	1.2891883850097656
losses_test/concepts:	18.39970588684082
losses_test/precision:	0.007123169954866171
losses_test/total:	3.129230499267578
calibration_test/ece:	0.06480260193347931
calibration_test/brier:	0.37813565135002136
accuracy_test/task:	73.24818778046254
accuracy_test/concepts:	96.46039581298828
map_test/concepts:	0.9495829064795311

Epoch 165
losses_train/task:	0.5954394936561584
losses_train/concepts:	4.19196081161499
losses_train/precision:	0.007363652344793081
losses_train/total:	1.014709234237671
losses_test/task:	1.2775877714157104
losses_test/concepts:	17.735795974731445
losses_test/precision:	0.007576047908514738
losses_test/total:	3.0512428283691406
calibration_test/ece:	0.06500966101884842
calibration_test/brier:	0.3796616792678833
accuracy_test/task:	73.16189161201243
accuracy_test/concepts:	96.48463439941406
map_test/concepts:	0.9503133246239196

Epoch 166
losses_train/task:	0.5924453139305115
losses_train/concepts:	3.959731340408325
losses_train/precision:	0.007375502958893776
losses_train/total:	0.9884923100471497
losses_test/task:	1.2865722179412842
losses_test/concepts:	18.47728157043457
losses_test/precision:	0.0071037523448467255
losses_test/total:	3.134371280670166
calibration_test/ece:	0.06912808120250702
calibration_test/brier:	0.3825762867927551
accuracy_test/task:	72.83396617190196
accuracy_test/concepts:	96.50886535644531
map_test/concepts:	0.9495869037952829

Epoch 167
losses_train/task:	0.5909903645515442
losses_train/concepts:	4.153388023376465
losses_train/precision:	0.007069947198033333
losses_train/total:	1.0063998699188232
losses_test/task:	1.287607192993164
losses_test/concepts:	18.542200088500977
losses_test/precision:	0.00737714720889926
losses_test/total:	3.1419014930725098
calibration_test/ece:	0.0687083825469017
calibration_test/brier:	0.3823157548904419
accuracy_test/task:	72.97204004142216
accuracy_test/concepts:	96.50042724609375
map_test/concepts:	0.9495125032485799

Epoch 168
losses_train/task:	0.6092987060546875
losses_train/concepts:	4.24215030670166
losses_train/precision:	0.007351112086325884
losses_train/total:	1.0335873365402222
losses_test/task:	1.2797372341156006
losses_test/concepts:	18.473922729492188
losses_test/precision:	0.0072392853908240795
losses_test/total:	3.127202033996582
calibration_test/ece:	0.07159062474966049
calibration_test/brier:	0.38120633363723755
accuracy_test/task:	73.11011391094236
accuracy_test/concepts:	96.525390625
map_test/concepts:	0.9497247655340966

Epoch 169
losses_train/task:	0.5866995453834534
losses_train/concepts:	4.146544456481934
losses_train/precision:	0.007211518473923206
losses_train/total:	1.0014262199401855
losses_test/task:	1.267289638519287
losses_test/concepts:	18.178434371948242
losses_test/precision:	0.007311257533729076
losses_test/total:	3.0852065086364746
calibration_test/ece:	0.06941749155521393
calibration_test/brier:	0.37896472215652466
accuracy_test/task:	73.24818778046254
accuracy_test/concepts:	96.54412078857422
map_test/concepts:	0.9500022441782849

Epoch 170
losses_train/task:	0.6178926229476929
losses_train/concepts:	4.457803249359131
losses_train/precision:	0.007386951241642237
losses_train/total:	1.0637470483779907
losses_test/task:	1.2823556661605835
losses_test/concepts:	18.685813903808594
losses_test/precision:	0.007603547535836697
losses_test/total:	3.1510136127471924
calibration_test/ece:	0.06899508833885193
calibration_test/brier:	0.3814695179462433
accuracy_test/task:	73.16189161201243
accuracy_test/concepts:	96.52613830566406
map_test/concepts:	0.9501768325237517

Epoch 171
losses_train/task:	0.5650341510772705
losses_train/concepts:	3.95100736618042
losses_train/precision:	0.007519709412008524
losses_train/total:	0.9602100253105164
losses_test/task:	1.2843785285949707
losses_test/concepts:	18.265308380126953
losses_test/precision:	0.007254979573190212
losses_test/total:	3.1109812259674072
calibration_test/ece:	0.06992021203041077
calibration_test/brier:	0.3830397427082062
accuracy_test/task:	73.05833620987228
accuracy_test/concepts:	96.50334167480469
map_test/concepts:	0.9493900309217737

Epoch 172
losses_train/task:	0.5955869555473328
losses_train/concepts:	4.189633846282959
losses_train/precision:	0.007372542284429073
losses_train/total:	1.014623999595642
losses_test/task:	1.2803747653961182
losses_test/concepts:	17.947917938232422
losses_test/precision:	0.007367345504462719
losses_test/total:	3.07524037361145
calibration_test/ece:	0.06905175000429153
calibration_test/brier:	0.38128969073295593
accuracy_test/task:	72.93752157404211
accuracy_test/concepts:	96.50114440917969
map_test/concepts:	0.9501210096034598

Epoch 173
losses_train/task:	0.6343120336532593
losses_train/concepts:	4.433284282684326
losses_train/precision:	0.007087334059178829
losses_train/total:	1.0777113437652588
losses_test/task:	1.2781745195388794
losses_test/concepts:	18.696435928344727
losses_test/precision:	0.0071594128385186195
losses_test/total:	3.1478898525238037
calibration_test/ece:	0.06905408203601837
calibration_test/brier:	0.3808741271495819
accuracy_test/task:	73.11011391094236
accuracy_test/concepts:	96.55440521240234
map_test/concepts:	0.9499327692579715

Epoch 174
losses_train/task:	0.5927322506904602
losses_train/concepts:	4.010548114776611
losses_train/precision:	0.007348902523517609
losses_train/total:	0.9938605427742004
losses_test/task:	1.2802907228469849
losses_test/concepts:	18.318958282470703
losses_test/precision:	0.007238578051328659
losses_test/total:	3.1122586727142334
calibration_test/ece:	0.06813821941614151
calibration_test/brier:	0.38110706210136414
accuracy_test/task:	73.09285467725233
accuracy_test/concepts:	96.55292510986328
map_test/concepts:	0.9502027630805969

Epoch 175
losses_train/task:	0.5752015709877014
losses_train/concepts:	3.9265334606170654
losses_train/precision:	0.007011582143604755
losses_train/total:	0.9679251313209534
losses_test/task:	1.2863069772720337
losses_test/concepts:	18.389673233032227
losses_test/precision:	0.006800611037760973
losses_test/total:	3.125342607498169
calibration_test/ece:	0.06864835321903229
calibration_test/brier:	0.379908949136734
accuracy_test/task:	73.19641007939248
accuracy_test/concepts:	96.52613067626953
map_test/concepts:	0.9497080952563184

Epoch 176
losses_train/task:	0.5778179168701172
losses_train/concepts:	4.016152381896973
losses_train/precision:	0.006847559940069914
losses_train/total:	0.9795017838478088
losses_test/task:	1.2803099155426025
losses_test/concepts:	18.504261016845703
losses_test/precision:	0.007086892146617174
losses_test/total:	3.1308069229125977
calibration_test/ece:	0.06948750466108322
calibration_test/brier:	0.3804953992366791
accuracy_test/task:	73.1446323783224
accuracy_test/concepts:	96.55404663085938
map_test/concepts:	0.9502922765752102

Epoch 177
losses_train/task:	0.5615102052688599
losses_train/concepts:	3.8544464111328125
losses_train/precision:	0.007065571844577789
losses_train/total:	0.9470256567001343
losses_test/task:	1.2796574831008911
losses_test/concepts:	18.36136245727539
losses_test/precision:	0.006920069456100464
losses_test/total:	3.1158623695373535
calibration_test/ece:	0.06929222494363785
calibration_test/brier:	0.37967371940612793
accuracy_test/task:	73.09285467725233
accuracy_test/concepts:	96.53751373291016
map_test/concepts:	0.9499604790768725

Epoch 178
losses_train/task:	0.5649543404579163
losses_train/concepts:	3.999077558517456
losses_train/precision:	0.00666121207177639
losses_train/total:	0.9649288058280945
losses_test/task:	1.2924861907958984
losses_test/concepts:	18.51803207397461
losses_test/precision:	0.00639959005638957
losses_test/total:	3.1443538665771484
calibration_test/ece:	0.06988148391246796
calibration_test/brier:	0.3823185861110687
accuracy_test/task:	73.02381774249223
accuracy_test/concepts:	96.50738525390625
map_test/concepts:	0.9497848609660534

Epoch 179
losses_train/task:	0.5955221652984619
losses_train/concepts:	4.273420810699463
losses_train/precision:	0.006690130569040775
losses_train/total:	1.0229308605194092
losses_test/task:	1.272225260734558
losses_test/concepts:	17.833826065063477
losses_test/precision:	0.006584117654711008
losses_test/total:	3.0556740760803223
calibration_test/ece:	0.06961335986852646
calibration_test/brier:	0.38084590435028076
accuracy_test/task:	73.23092854677252
accuracy_test/concepts:	96.51693725585938
map_test/concepts:	0.9509885006762565

Epoch 180
losses_train/task:	0.6059505939483643
losses_train/concepts:	4.2741851806640625
losses_train/precision:	0.006532181054353714
losses_train/total:	1.0334347486495972
losses_test/task:	1.2844774723052979
losses_test/concepts:	18.35942268371582
losses_test/precision:	0.006581304129213095
losses_test/total:	3.12048602104187
calibration_test/ece:	0.06633781641721725
calibration_test/brier:	0.37983188033103943
accuracy_test/task:	73.45529858474283
accuracy_test/concepts:	96.53529357910156
map_test/concepts:	0.9502417140818656

Epoch 181
losses_train/task:	0.5879400968551636
losses_train/concepts:	4.026886940002441
losses_train/precision:	0.006280606612563133
losses_train/total:	0.9906919598579407
losses_test/task:	1.2702373266220093
losses_test/concepts:	17.897855758666992
losses_test/precision:	0.006231336388736963
losses_test/total:	3.0600855350494385
calibration_test/ece:	0.06865140795707703
calibration_test/brier:	0.37596502900123596
accuracy_test/task:	73.35174318260269
accuracy_test/concepts:	96.55147552490234
map_test/concepts:	0.9510098822573398

Epoch 182
losses_train/task:	0.6191028356552124
losses_train/concepts:	4.346772193908691
losses_train/precision:	0.006676885299384594
losses_train/total:	1.053846836090088
losses_test/task:	1.272063136100769
losses_test/concepts:	18.112966537475586
losses_test/precision:	0.006973594427108765
losses_test/total:	3.0834295749664307
calibration_test/ece:	0.0698571503162384
calibration_test/brier:	0.37779173254966736
accuracy_test/task:	73.33448394891266
accuracy_test/concepts:	96.58377838134766
map_test/concepts:	0.9515983132605857

Epoch 183
losses_train/task:	0.5549802780151367
losses_train/concepts:	3.805677652359009
losses_train/precision:	0.006896674167364836
losses_train/total:	0.935617208480835
losses_test/task:	1.2624402046203613
losses_test/concepts:	17.79762840270996
losses_test/precision:	0.006686239968985319
losses_test/total:	3.0422706604003906
calibration_test/ece:	0.07088129222393036
calibration_test/brier:	0.37650832533836365
accuracy_test/task:	73.16189161201243
accuracy_test/concepts:	96.56356811523438
map_test/concepts:	0.951213131559656

Epoch 184
losses_train/task:	0.5879173874855042
losses_train/concepts:	4.049040794372559
losses_train/precision:	0.006569393910467625
losses_train/total:	0.9928870797157288
losses_test/task:	1.2764729261398315
losses_test/concepts:	18.27031898498535
losses_test/precision:	0.006264747120440006
losses_test/total:	3.103567123413086
calibration_test/ece:	0.07327189296483994
calibration_test/brier:	0.38210856914520264
accuracy_test/task:	72.92026234035208
accuracy_test/concepts:	96.55256652832031
map_test/concepts:	0.9506307383801075

Epoch 185
losses_train/task:	0.6236622333526611
losses_train/concepts:	4.503071308135986
losses_train/precision:	0.006504566874355078
losses_train/total:	1.0740344524383545
losses_test/task:	1.2892992496490479
losses_test/concepts:	18.353897094726562
losses_test/precision:	0.006828001234680414
losses_test/total:	3.1247575283050537
calibration_test/ece:	0.06939612329006195
calibration_test/brier:	0.3805665969848633
accuracy_test/task:	73.43803935105281
accuracy_test/concepts:	96.50408172607422
map_test/concepts:	0.9502340085962986

Epoch 186
losses_train/task:	0.5521404147148132
losses_train/concepts:	3.8323633670806885
losses_train/precision:	0.0069640884175896645
losses_train/total:	0.9354465007781982
losses_test/task:	1.2711883783340454
losses_test/concepts:	17.803417205810547
losses_test/precision:	0.006770443636924028
losses_test/total:	3.0515975952148438
calibration_test/ece:	0.0738118439912796
calibration_test/brier:	0.3797224760055542
accuracy_test/task:	73.33448394891266
accuracy_test/concepts:	96.55989074707031
map_test/concepts:	0.950967937073809

Epoch 187
losses_train/task:	0.5229644179344177
losses_train/concepts:	3.4919018745422363
losses_train/precision:	0.006357390433549881
losses_train/total:	0.8722181916236877
losses_test/task:	1.2839866876602173
losses_test/concepts:	18.059587478637695
losses_test/precision:	0.005912215448915958
losses_test/total:	3.0900044441223145
calibration_test/ece:	0.07366640120744705
calibration_test/brier:	0.382911741733551
accuracy_test/task:	73.00655850880221
accuracy_test/concepts:	96.5353012084961
map_test/concepts:	0.9504898190498352

Epoch 188
losses_train/task:	0.5863963961601257
losses_train/concepts:	4.0680999755859375
losses_train/precision:	0.006118236109614372
losses_train/total:	0.9932675957679749
losses_test/task:	1.2590657472610474
losses_test/concepts:	18.26353645324707
losses_test/precision:	0.006378117483109236
losses_test/total:	3.0854828357696533
calibration_test/ece:	0.07128895819187164
calibration_test/brier:	0.37623879313468933
accuracy_test/task:	73.61063168795306
accuracy_test/concepts:	96.61425018310547
map_test/concepts:	0.9510451948389094

Epoch 189
losses_train/task:	0.5775263905525208
losses_train/concepts:	4.053123950958252
losses_train/precision:	0.006282232701778412
losses_train/total:	0.9829016327857971
losses_test/task:	1.272596001625061
losses_test/concepts:	18.25847816467285
losses_test/precision:	0.006078153848648071
losses_test/total:	3.0985054969787598
calibration_test/ece:	0.06846258789300919
calibration_test/brier:	0.37803351879119873
accuracy_test/task:	73.48981705212289
accuracy_test/concepts:	96.56028747558594
map_test/concepts:	0.950453722730596

Epoch 190
losses_train/task:	0.5899658203125
losses_train/concepts:	3.992037057876587
losses_train/precision:	0.00594438286498189
losses_train/total:	0.9892289638519287
losses_test/task:	1.2657890319824219
losses_test/concepts:	18.36208724975586
losses_test/precision:	0.0059794653207063675
losses_test/total:	3.102057695388794
calibration_test/ece:	0.0722510889172554
calibration_test/brier:	0.37713882327079773
accuracy_test/task:	73.55885398688298
accuracy_test/concepts:	96.6072769165039
map_test/concepts:	0.9511192796078134

Epoch 191
losses_train/task:	0.5860182642936707
losses_train/concepts:	3.990781307220459
losses_train/precision:	0.006023996043950319
losses_train/total:	0.9851567149162292
losses_test/task:	1.2766755819320679
losses_test/concepts:	18.224035263061523
losses_test/precision:	0.005916370544582605
losses_test/total:	3.0991389751434326
calibration_test/ece:	0.07279784977436066
calibration_test/brier:	0.38030940294265747
accuracy_test/task:	73.11011391094236
accuracy_test/concepts:	96.54337310791016
map_test/concepts:	0.9503198202620161

Epoch 192
losses_train/task:	0.5519146919250488
losses_train/concepts:	3.6845340728759766
losses_train/precision:	0.0057520875707268715
losses_train/total:	0.9204257726669312
losses_test/task:	1.2906475067138672
losses_test/concepts:	18.768362045288086
losses_test/precision:	0.005585458129644394
losses_test/total:	3.167539596557617
calibration_test/ece:	0.07247130572795868
calibration_test/brier:	0.38387906551361084
accuracy_test/task:	73.2827062478426
accuracy_test/concepts:	96.56100463867188
map_test/concepts:	0.950053647477576

Epoch 193
losses_train/task:	0.5795478224754333
losses_train/concepts:	4.14602518081665
losses_train/precision:	0.005868664011359215
losses_train/total:	0.9942092299461365
losses_test/task:	1.287933588027954
losses_test/concepts:	18.594141006469727
losses_test/precision:	0.006333113647997379
losses_test/total:	3.147411346435547
calibration_test/ece:	0.07216843217611313
calibration_test/brier:	0.38137125968933105
accuracy_test/task:	73.54159475319295
accuracy_test/concepts:	96.51364135742188
map_test/concepts:	0.9504979582543068

Epoch 194
losses_train/task:	0.5759391188621521
losses_train/concepts:	3.9797255992889404
losses_train/precision:	0.006143547594547272
losses_train/total:	0.9739729762077332
losses_test/task:	1.276673674583435
losses_test/concepts:	18.202653884887695
losses_test/precision:	0.005942810792475939
losses_test/total:	3.096998453140259
calibration_test/ece:	0.07510320097208023
calibration_test/brier:	0.3811952471733093
accuracy_test/task:	73.12737314463237
accuracy_test/concepts:	96.55951690673828
map_test/concepts:	0.9512234748678005

Epoch 195
losses_train/task:	0.5508162379264832
losses_train/concepts:	3.7099053859710693
losses_train/precision:	0.005880632437765598
losses_train/total:	0.9218654632568359
losses_test/task:	1.269639492034912
losses_test/concepts:	17.76376724243164
losses_test/precision:	0.005756486672908068
losses_test/total:	3.0460736751556396
calibration_test/ece:	0.07280905544757843
calibration_test/brier:	0.3793155550956726
accuracy_test/task:	73.38626164998274
accuracy_test/concepts:	96.54447174072266
map_test/concepts:	0.9508191435895068

Epoch 196
losses_train/task:	0.5693276524543762
losses_train/concepts:	3.9260025024414062
losses_train/precision:	0.005873522721230984
losses_train/total:	0.9619864821434021
losses_test/task:	1.2784440517425537
losses_test/concepts:	18.09195327758789
losses_test/precision:	0.006065247114747763
losses_test/total:	3.087700605392456
calibration_test/ece:	0.07552986592054367
calibration_test/brier:	0.3832874298095703
accuracy_test/task:	73.0755954435623
accuracy_test/concepts:	96.52796936035156
map_test/concepts:	0.9505107884711408

Epoch 197
losses_train/task:	0.5728268027305603
losses_train/concepts:	3.9828553199768066
losses_train/precision:	0.006227700971066952
losses_train/total:	0.9711745381355286
losses_test/task:	1.2813470363616943
losses_test/concepts:	18.341026306152344
losses_test/precision:	0.006307780276983976
losses_test/total:	3.1155123710632324
calibration_test/ece:	0.07774272561073303
calibration_test/brier:	0.3838954567909241
accuracy_test/task:	72.81670693821194
accuracy_test/concepts:	96.53128051757812
map_test/concepts:	0.9505735787939518

Epoch 198
losses_train/task:	0.543481707572937
losses_train/concepts:	3.653649091720581
losses_train/precision:	0.006019086576998234
losses_train/total:	0.9089068174362183
losses_test/task:	1.2896599769592285
losses_test/concepts:	18.562456130981445
losses_test/precision:	0.005799551028758287
losses_test/total:	3.145963430404663
calibration_test/ece:	0.0785197988152504
calibration_test/brier:	0.38581663370132446
accuracy_test/task:	72.81670693821194
accuracy_test/concepts:	96.5753173828125
map_test/concepts:	0.950312354463212

Epoch 199
losses_train/task:	0.5548455119132996
losses_train/concepts:	3.8245317935943604
losses_train/precision:	0.005534105934202671
losses_train/total:	0.9373540282249451
losses_test/task:	1.2730406522750854
losses_test/concepts:	18.491737365722656
losses_test/precision:	0.00537152960896492
losses_test/total:	3.122267961502075
calibration_test/ece:	0.07299759238958359
calibration_test/brier:	0.38032081723213196
accuracy_test/task:	73.31722471522265
accuracy_test/concepts:	96.56761932373047
map_test/concepts:	0.950386922410194

Epoch 200
losses_train/task:	0.5641064047813416
losses_train/concepts:	3.877883195877075
losses_train/precision:	0.005854283459484577
losses_train/total:	0.9519531726837158
losses_test/task:	1.28888738155365
losses_test/concepts:	18.697019577026367
losses_test/precision:	0.00576046435162425
losses_test/total:	3.1586461067199707
calibration_train/ece:	0.05491570010781288
calibration_train/brier:	0.1521259844303131
accuracy_train/task:	87.64780405405405
calibration_test/ece:	0.07550792396068573
calibration_test/brier:	0.38346120715141296
accuracy_test/task:	72.92026234035208
accuracy_train/concepts:	97.73711395263672
map_train/concepts:	0.9918496304369987
accuracy_test/concepts:	96.55990600585938
map_test/concepts:	0.9503472675668433
accuracy_test/nuisances_task:	-0.02920847672682542
accuracy_test/nuisances_nontask:	0.0
mutual_inf_test/nuisances_task:	0.0017055749724131162
mutual_inf_test/nuisances_nontask:	0.0

Epoch 201
losses_train/task:	0.5498228669166565
losses_train/concepts:	3.950042486190796
losses_train/precision:	0.005441881716251373
losses_train/total:	0.9448815584182739
losses_test/task:	1.2854785919189453
losses_test/concepts:	18.934276580810547
losses_test/precision:	0.005037516821175814
losses_test/total:	3.1789565086364746
calibration_test/ece:	0.07556329667568207
calibration_test/brier:	0.3822312355041504
accuracy_test/task:	73.29996548153262
accuracy_test/concepts:	96.58486938476562
map_test/concepts:	0.9502602676127819

Epoch 202
losses_train/task:	0.5697782635688782
losses_train/concepts:	3.8274004459381104
losses_train/precision:	0.004690777510404587
losses_train/total:	0.9525651931762695
losses_test/task:	1.2718443870544434
losses_test/concepts:	18.285377502441406
losses_test/precision:	0.004343558568507433
losses_test/total:	3.1004254817962646
calibration_test/ece:	0.07507538795471191
calibration_test/brier:	0.3797985315322876
accuracy_test/task:	73.26544701415257
accuracy_test/concepts:	96.6003189086914
map_test/concepts:	0.9509336086029702

Epoch 203
losses_train/task:	0.6063464879989624
losses_train/concepts:	4.2201313972473145
losses_train/precision:	0.004083297215402126
losses_train/total:	1.0284003019332886
losses_test/task:	1.2763060331344604
losses_test/concepts:	18.316259384155273
losses_test/precision:	0.0038286203052848577
losses_test/total:	3.1079702377319336
calibration_test/ece:	0.07492062449455261
calibration_test/brier:	0.3794911205768585
accuracy_test/task:	73.26544701415257
accuracy_test/concepts:	96.58965301513672
map_test/concepts:	0.9507245281909374

Epoch 204
losses_train/task:	0.5534796118736267
losses_train/concepts:	3.7415449619293213
losses_train/precision:	0.003608932951465249
losses_train/total:	0.9276701807975769
losses_test/task:	1.273510217666626
losses_test/concepts:	18.11164665222168
losses_test/precision:	0.003381804097443819
losses_test/total:	3.0847089290618896
calibration_test/ece:	0.07440666109323502
calibration_test/brier:	0.38136354088783264
accuracy_test/task:	73.29996548153262
accuracy_test/concepts:	96.58413696289062
map_test/concepts:	0.950750709848201

Epoch 205
losses_train/task:	0.5808895826339722
losses_train/concepts:	4.120024681091309
losses_train/precision:	0.0031969845294952393
losses_train/total:	0.9929240942001343
losses_test/task:	1.274929165840149
losses_test/concepts:	18.714235305786133
losses_test/precision:	0.0030247701797634363
losses_test/total:	3.146383047103882
calibration_test/ece:	0.07510533928871155
calibration_test/brier:	0.37940269708633423
accuracy_test/task:	73.38626164998274
accuracy_test/concepts:	96.62049102783203
map_test/concepts:	0.9511874495668614

Epoch 206
losses_train/task:	0.5411447882652283
losses_train/concepts:	3.721999406814575
losses_train/precision:	0.002905790926888585
losses_train/total:	0.9133737087249756
losses_test/task:	1.2722216844558716
losses_test/concepts:	18.430946350097656
losses_test/precision:	0.002762935357168317
losses_test/total:	3.1153435707092285
calibration_test/ece:	0.07409833371639252
calibration_test/brier:	0.3781798183917999
accuracy_test/task:	73.55885398688298
accuracy_test/concepts:	96.60728454589844
map_test/concepts:	0.9510693905201364

Epoch 207
losses_train/task:	0.5138727426528931
losses_train/concepts:	3.620279312133789
losses_train/precision:	0.0026469482108950615
losses_train/total:	0.8759270906448364
losses_test/task:	1.2701114416122437
losses_test/concepts:	18.232545852661133
losses_test/precision:	0.0025197549257427454
losses_test/total:	3.0933914184570312
calibration_test/ece:	0.07519639283418655
calibration_test/brier:	0.3787771761417389
accuracy_test/task:	73.38626164998274
accuracy_test/concepts:	96.59038543701172
map_test/concepts:	0.9507869456676726

Epoch 208
losses_train/task:	0.5454400181770325
losses_train/concepts:	3.853534698486328
losses_train/precision:	0.002441190183162689
losses_train/total:	0.9308177828788757
losses_test/task:	1.2698429822921753
losses_test/concepts:	18.228843688964844
losses_test/precision:	0.002355387667194009
losses_test/total:	3.0927510261535645
calibration_test/ece:	0.07574155181646347
calibration_test/brier:	0.38095852732658386
accuracy_test/task:	73.31722471522265
accuracy_test/concepts:	96.59845733642578
map_test/concepts:	0.9507457854899954

Epoch 209
losses_train/task:	0.5626062154769897
losses_train/concepts:	3.7827208042144775
losses_train/precision:	0.0022728873882442713
losses_train/total:	0.9409011006355286
losses_test/task:	1.2703715562820435
losses_test/concepts:	18.327308654785156
losses_test/precision:	0.002171183004975319
losses_test/total:	3.103123903274536
calibration_test/ece:	0.07491617649793625
calibration_test/brier:	0.37906163930892944
accuracy_test/task:	73.43803935105281
accuracy_test/concepts:	96.6032485961914
map_test/concepts:	0.9511402731246137

Epoch 210
losses_train/task:	0.5785039067268372
losses_train/concepts:	4.103269100189209
losses_train/precision:	0.002079680794849992
losses_train/total:	0.9888515472412109
losses_test/task:	1.2687530517578125
losses_test/concepts:	18.641578674316406
losses_test/precision:	0.002002603840082884
losses_test/total:	3.1329312324523926
calibration_test/ece:	0.07466835528612137
calibration_test/brier:	0.37744376063346863
accuracy_test/task:	73.47255781843286
accuracy_test/concepts:	96.6274642944336
map_test/concepts:	0.9512334072843511

Epoch 211
losses_train/task:	0.5376974940299988
losses_train/concepts:	3.663912773132324
losses_train/precision:	0.0019456297159194946
losses_train/total:	0.9041083455085754
losses_test/task:	1.2683478593826294
losses_test/concepts:	18.232608795166016
losses_test/precision:	0.001890197629109025
losses_test/total:	3.091627836227417
calibration_test/ece:	0.0724245086312294
calibration_test/brier:	0.37794965505599976
accuracy_test/task:	73.47255781843286
accuracy_test/concepts:	96.59222412109375
map_test/concepts:	0.9510739255458751

Epoch 212
losses_train/task:	0.5568099021911621
losses_train/concepts:	3.906278133392334
losses_train/precision:	0.0018692181911319494
losses_train/total:	0.9474565982818604
losses_test/task:	1.2683300971984863
losses_test/concepts:	18.467239379882812
losses_test/precision:	0.001812548260204494
losses_test/total:	3.115072011947632
calibration_test/ece:	0.077163927257061
calibration_test/brier:	0.37901461124420166
accuracy_test/task:	73.19641007939248
accuracy_test/concepts:	96.62049865722656
map_test/concepts:	0.9511928748577199

Epoch 213
losses_train/task:	0.5544127225875854
losses_train/concepts:	3.866842031478882
losses_train/precision:	0.0017604550812393427
losses_train/total:	0.9411144256591797
losses_test/task:	1.268040418624878
losses_test/concepts:	18.223674774169922
losses_test/precision:	0.00172239460516721
losses_test/total:	3.0904245376586914
calibration_test/ece:	0.07528737932443619
calibration_test/brier:	0.37850064039230347
accuracy_test/task:	73.43803935105281
accuracy_test/concepts:	96.58965301513672
map_test/concepts:	0.9511346423879583

Epoch 214
losses_train/task:	0.5196292996406555
losses_train/concepts:	3.5574889183044434
losses_train/precision:	0.0016642231494188309
losses_train/total:	0.8753947615623474
losses_test/task:	1.2694875001907349
losses_test/concepts:	18.023361206054688
losses_test/precision:	0.0015968086663633585
losses_test/total:	3.0718390941619873
calibration_test/ece:	0.07243964821100235
calibration_test/brier:	0.37731167674064636
accuracy_test/task:	73.45529858474283
accuracy_test/concepts:	96.57936096191406
map_test/concepts:	0.9511355732349639

Epoch 215
losses_train/task:	0.5290203094482422
losses_train/concepts:	3.620880126953125
losses_train/precision:	0.0015270496951416135
losses_train/total:	0.8911235928535461
losses_test/task:	1.2681360244750977
losses_test/concepts:	18.111671447753906
losses_test/precision:	0.001467172522097826
losses_test/total:	3.0793182849884033
calibration_test/ece:	0.07239805907011032
calibration_test/brier:	0.37681642174720764
accuracy_test/task:	73.54159475319295
accuracy_test/concepts:	96.59735870361328
map_test/concepts:	0.9512839317321777

Epoch 216
losses_train/task:	0.5800787806510925
losses_train/concepts:	4.043851375579834
losses_train/precision:	0.001441867440007627
losses_train/total:	0.9844783544540405
losses_test/task:	1.272256851196289
losses_test/concepts:	18.34037971496582
losses_test/precision:	0.0014226246858015656
losses_test/total:	3.106309413909912
calibration_test/ece:	0.07618057727813721
calibration_test/brier:	0.3799195885658264
accuracy_test/task:	73.23092854677252
accuracy_test/concepts:	96.58963775634766
map_test/concepts:	0.9511537171424703

Epoch 217
losses_train/task:	0.5543414354324341
losses_train/concepts:	3.7729687690734863
losses_train/precision:	0.0013936354080215096
losses_train/total:	0.931652307510376
losses_test/task:	1.266432285308838
losses_test/concepts:	18.339279174804688
losses_test/precision:	0.0013594079064205289
losses_test/total:	3.1003737449645996
calibration_test/ece:	0.0733262151479721
calibration_test/brier:	0.37753310799598694
accuracy_test/task:	73.45529858474283
accuracy_test/concepts:	96.59957885742188
map_test/concepts:	0.951007328134902

Epoch 218
losses_train/task:	0.5490345358848572
losses_train/concepts:	3.6282272338867188
losses_train/precision:	0.0013408352388069034
losses_train/total:	0.911870539188385
losses_test/task:	1.2705732583999634
losses_test/concepts:	18.06183624267578
losses_test/precision:	0.0013301605358719826
losses_test/total:	3.076770305633545
calibration_test/ece:	0.07602278888225555
calibration_test/brier:	0.38003936409950256
accuracy_test/task:	73.26544701415257
accuracy_test/concepts:	96.56761169433594
map_test/concepts:	0.9511111657670204

Epoch 219
losses_train/task:	0.5242331624031067
losses_train/concepts:	3.5565202236175537
losses_train/precision:	0.0013048435794189572
losses_train/total:	0.8798983097076416
losses_test/task:	1.270564079284668
losses_test/concepts:	18.190202713012695
losses_test/precision:	0.001254640519618988
losses_test/total:	3.0895962715148926
calibration_test/ece:	0.07420780509710312
calibration_test/brier:	0.3793399930000305
accuracy_test/task:	73.52433551950294
accuracy_test/concepts:	96.58965301513672
map_test/concepts:	0.9511214469341521

Epoch 220
losses_train/task:	0.555993378162384
losses_train/concepts:	3.8027191162109375
losses_train/precision:	0.001219665864482522
losses_train/total:	0.936277449131012
losses_test/task:	1.273154854774475
losses_test/concepts:	18.340229034423828
losses_test/precision:	0.0011874290648847818
losses_test/total:	3.107189655303955
calibration_test/ece:	0.07558507472276688
calibration_test/brier:	0.37936273217201233
accuracy_test/task:	73.24818778046254
accuracy_test/concepts:	96.58048248291016
map_test/concepts:	0.9508179121829093

Epoch 221
losses_train/task:	0.5572704672813416
losses_train/concepts:	3.9244353771209717
losses_train/precision:	0.0011852304451167583
losses_train/total:	0.9497258067131042
losses_test/task:	1.2765053510665894
losses_test/concepts:	18.27669334411621
losses_test/precision:	0.0011844226391986012
losses_test/total:	3.104186773300171
calibration_test/ece:	0.07434839010238647
calibration_test/brier:	0.37908923625946045
accuracy_test/task:	73.26544701415257
accuracy_test/concepts:	96.57569122314453
map_test/concepts:	0.9508603785900359

Epoch 222
losses_train/task:	0.5622435808181763
losses_train/concepts:	3.783848524093628
losses_train/precision:	0.0011564103187993169
losses_train/total:	0.9406401515007019
losses_test/task:	1.2687323093414307
losses_test/concepts:	18.396446228027344
losses_test/precision:	0.0011443134862929583
losses_test/total:	3.108388900756836
calibration_test/ece:	0.07364477962255478
calibration_test/brier:	0.37756866216659546
accuracy_test/task:	73.54159475319295
accuracy_test/concepts:	96.61571502685547
map_test/concepts:	0.9511151364509095

Epoch 223
losses_train/task:	0.5619049668312073
losses_train/concepts:	3.828352689743042
losses_train/precision:	0.0011461916146799922
losses_train/total:	0.9447517395019531
losses_test/task:	1.2626954317092896
losses_test/concepts:	18.235572814941406
losses_test/precision:	0.0011467236327007413
losses_test/total:	3.0862643718719482
calibration_test/ece:	0.07489821314811707
calibration_test/brier:	0.37718239426612854
accuracy_test/task:	73.48981705212289
accuracy_test/concepts:	96.61167907714844
map_test/concepts:	0.951209305448735

Epoch 224
losses_train/task:	0.5356109738349915
losses_train/concepts:	3.550240993499756
losses_train/precision:	0.001102795940823853
losses_train/total:	0.8906460404396057
losses_test/task:	1.267610788345337
losses_test/concepts:	18.17203140258789
losses_test/precision:	0.0010870295809581876
losses_test/total:	3.084825038909912
calibration_test/ece:	0.07284708321094513
calibration_test/brier:	0.3765566647052765
accuracy_test/task:	73.50707628581291
accuracy_test/concepts:	96.58413696289062
map_test/concepts:	0.9512014959720855

Epoch 225
losses_train/task:	0.5595411062240601
losses_train/concepts:	3.869097948074341
losses_train/precision:	0.0010866172378882766
losses_train/total:	0.9464617967605591
losses_test/task:	1.2669473886489868
losses_test/concepts:	18.48600959777832
losses_test/precision:	0.001097605680115521
losses_test/total:	3.1155595779418945
calibration_test/ece:	0.07382810115814209
calibration_test/brier:	0.376749187707901
accuracy_test/task:	73.52433551950294
accuracy_test/concepts:	96.60580444335938
map_test/concepts:	0.9509807393905965

Epoch 226
losses_train/task:	0.5367730259895325
losses_train/concepts:	3.6807103157043457
losses_train/precision:	0.0010709018679335713
losses_train/total:	0.9048546552658081
losses_test/task:	1.268876075744629
losses_test/concepts:	18.233701705932617
losses_test/precision:	0.0010520804207772017
losses_test/total:	3.092256784439087
calibration_test/ece:	0.07415764033794403
calibration_test/brier:	0.37934160232543945
accuracy_test/task:	73.36900241629272
accuracy_test/concepts:	96.59771728515625
map_test/concepts:	0.9511095310779328

Epoch 227
losses_train/task:	0.5198882222175598
losses_train/concepts:	3.604804515838623
losses_train/precision:	0.001057806541211903
losses_train/total:	0.8803793787956238
losses_test/task:	1.2815961837768555
losses_test/concepts:	18.039121627807617
losses_test/precision:	0.0010334057733416557
losses_test/total:	3.085519313812256
calibration_test/ece:	0.07516726851463318
calibration_test/brier:	0.38062870502471924
accuracy_test/task:	73.31722471522265
accuracy_test/concepts:	96.55549621582031
map_test/concepts:	0.9510316442936024

Epoch 228
losses_train/task:	0.5607514977455139
losses_train/concepts:	3.908252000808716
losses_train/precision:	0.001037952140904963
losses_train/total:	0.9515870809555054
losses_test/task:	1.2669005393981934
losses_test/concepts:	18.475149154663086
losses_test/precision:	0.0010628887685015798
losses_test/total:	3.114426374435425
calibration_test/ece:	0.07396835833787918
calibration_test/brier:	0.3778238296508789
accuracy_test/task:	73.43803935105281
accuracy_test/concepts:	96.61241149902344
map_test/concepts:	0.9511304852810312

Epoch 229
losses_train/task:	0.5335942506790161
losses_train/concepts:	3.6315243244171143
losses_train/precision:	0.0010636773658916354
losses_train/total:	0.8967573046684265
losses_test/task:	1.2620487213134766
losses_test/concepts:	18.131494522094727
losses_test/precision:	0.0010401274776086211
losses_test/total:	3.0752086639404297
calibration_test/ece:	0.07559651881456375
calibration_test/brier:	0.37772953510284424
accuracy_test/task:	73.45529858474283
accuracy_test/concepts:	96.61939239501953
map_test/concepts:	0.9513114589325925

Epoch 230
losses_train/task:	0.5496565699577332
losses_train/concepts:	3.790607452392578
losses_train/precision:	0.0010232559870928526
losses_train/total:	0.9287273287773132
losses_test/task:	1.269187331199646
losses_test/concepts:	18.297887802124023
losses_test/precision:	0.0009993165731430054
losses_test/total:	3.098986864089966
calibration_test/ece:	0.07296711206436157
calibration_test/brier:	0.378132164478302
accuracy_test/task:	73.576113220573
accuracy_test/concepts:	96.5852279663086
map_test/concepts:	0.9510524615328363

Epoch 231
losses_train/task:	0.5600565671920776
losses_train/concepts:	3.7055091857910156
losses_train/precision:	0.0009934059344232082
losses_train/total:	0.9306172728538513
losses_test/task:	1.2693626880645752
losses_test/concepts:	18.773712158203125
losses_test/precision:	0.0009745722636580467
losses_test/total:	3.1467437744140625
calibration_test/ece:	0.07418650388717651
calibration_test/brier:	0.3768661618232727
accuracy_test/task:	73.61063168795306
accuracy_test/concepts:	96.62967681884766
map_test/concepts:	0.9511070885556809

Epoch 232
losses_train/task:	0.5399025082588196
losses_train/concepts:	3.7261242866516113
losses_train/precision:	0.0009981503244489431
losses_train/total:	0.9125251173973083
losses_test/task:	1.2619060277938843
losses_test/concepts:	18.264949798583984
losses_test/precision:	0.0009917725110426545
losses_test/total:	3.0884110927581787
calibration_test/ece:	0.07321837544441223
calibration_test/brier:	0.3762405216693878
accuracy_test/task:	73.47255781843286
accuracy_test/concepts:	96.62416076660156
map_test/concepts:	0.9515143239751775

Epoch 233
losses_train/task:	0.5278692245483398
losses_train/concepts:	3.380981206893921
losses_train/precision:	0.000965314859058708
losses_train/total:	0.8659769296646118
losses_test/task:	1.2734227180480957
losses_test/concepts:	18.39960479736328
losses_test/precision:	0.0009544826461933553
losses_test/total:	3.113393545150757
calibration_test/ece:	0.07549348473548889
calibration_test/brier:	0.3788054585456848
accuracy_test/task:	73.40352088367277
accuracy_test/concepts:	96.61241912841797
map_test/concepts:	0.9511022681885577

Epoch 234
losses_train/task:	0.5629671216011047
losses_train/concepts:	3.9267067909240723
losses_train/precision:	0.0009608057443983853
losses_train/total:	0.955647349357605
losses_test/task:	1.268811821937561
losses_test/concepts:	18.367778778076172
losses_test/precision:	0.0009637176408432424
losses_test/total:	3.1055994033813477
calibration_test/ece:	0.0743558332324028
calibration_test/brier:	0.37750551104545593
accuracy_test/task:	73.48981705212289
accuracy_test/concepts:	96.59552764892578
map_test/concepts:	0.9512794334837731

Epoch 235
losses_train/task:	0.5471238493919373
losses_train/concepts:	3.7056102752685547
losses_train/precision:	0.0009391432977281511
losses_train/total:	0.9176944494247437
losses_test/task:	1.2697067260742188
losses_test/concepts:	17.938539505004883
losses_test/precision:	0.000917281664442271
losses_test/total:	3.063570261001587
calibration_test/ece:	0.07499504834413528
calibration_test/brier:	0.377008318901062
accuracy_test/task:	73.52433551950294
accuracy_test/concepts:	96.56835174560547
map_test/concepts:	0.9512440651021106

Epoch 236
losses_train/task:	0.5755816698074341
losses_train/concepts:	3.925060987472534
losses_train/precision:	0.0009256564080715179
losses_train/total:	0.9680970907211304
losses_test/task:	1.2731980085372925
losses_test/concepts:	18.20866584777832
losses_test/precision:	0.0009180468041449785
losses_test/total:	3.0940730571746826
calibration_test/ece:	0.07603416591882706
calibration_test/brier:	0.37866783142089844
accuracy_test/task:	73.33448394891266
accuracy_test/concepts:	96.59589385986328
map_test/concepts:	0.9513010839198498

Epoch 237
losses_train/task:	0.5717574954032898
losses_train/concepts:	3.887465715408325
losses_train/precision:	0.0009219383937306702
losses_train/total:	0.9605132937431335
losses_test/task:	1.271491289138794
losses_test/concepts:	18.513648986816406
losses_test/precision:	0.0009314181515946984
losses_test/total:	3.1228654384613037
calibration_test/ece:	0.07642535865306854
calibration_test/brier:	0.37946152687072754
accuracy_test/task:	73.45529858474283
accuracy_test/concepts:	96.60800170898438
map_test/concepts:	0.9512621100912703

Epoch 238
losses_train/task:	0.5576665997505188
losses_train/concepts:	3.864182472229004
losses_train/precision:	0.0009564667707309127
losses_train/total:	0.9440943002700806
losses_test/task:	1.2667573690414429
losses_test/concepts:	18.60071563720703
losses_test/precision:	0.0009502297616563737
losses_test/total:	3.126838445663452
calibration_test/ece:	0.0767793357372284
calibration_test/brier:	0.378145694732666
accuracy_test/task:	73.33448394891266
accuracy_test/concepts:	96.63261413574219
map_test/concepts:	0.9512671029314081

Epoch 239
losses_train/task:	0.5296298265457153
losses_train/concepts:	3.6844441890716553
losses_train/precision:	0.0009510889067314565
losses_train/total:	0.8980838060379028
losses_test/task:	1.2771382331848145
losses_test/concepts:	18.48212242126465
losses_test/precision:	0.000923086074180901
losses_test/total:	3.125359535217285
calibration_test/ece:	0.07536465674638748
calibration_test/brier:	0.3794880211353302
accuracy_test/task:	73.45529858474283
accuracy_test/concepts:	96.60433959960938
map_test/concepts:	0.9510435538089022

Epoch 240
losses_train/task:	0.5539221167564392
losses_train/concepts:	3.731842041015625
losses_train/precision:	0.0009007960325106978
losses_train/total:	0.9271152019500732
losses_test/task:	1.268627405166626
losses_test/concepts:	18.233966827392578
losses_test/precision:	0.0008912238990888
losses_test/total:	3.0920326709747314
calibration_test/ece:	0.07726453244686127
calibration_test/brier:	0.3783281445503235
accuracy_test/task:	73.2136693130825
accuracy_test/concepts:	96.58413696289062
map_test/concepts:	0.9510785468081211

Epoch 241
losses_train/task:	0.5600853562355042
losses_train/concepts:	3.8830645084381104
losses_train/precision:	0.0009101700852625072
losses_train/total:	0.9484007954597473
losses_test/task:	1.2711944580078125
losses_test/concepts:	18.359949111938477
losses_test/precision:	0.0009224015520885587
losses_test/total:	3.1071979999542236
calibration_test/ece:	0.07649436593055725
calibration_test/brier:	0.37896040081977844
accuracy_test/task:	73.35174318260269
accuracy_test/concepts:	96.59844207763672
map_test/concepts:	0.9511260073235694

Epoch 242
losses_train/task:	0.5422546863555908
losses_train/concepts:	3.7332170009613037
losses_train/precision:	0.0009172983700409532
losses_train/total:	0.9155856370925903
losses_test/task:	1.2677359580993652
losses_test/concepts:	17.99919319152832
losses_test/precision:	0.0009052121313288808
losses_test/total:	3.06766414642334
calibration_test/ece:	0.07539130002260208
calibration_test/brier:	0.3784886598587036
accuracy_test/task:	73.35174318260269
accuracy_test/concepts:	96.57421875
map_test/concepts:	0.9511549168444694

Epoch 243
losses_train/task:	0.5416121482849121
losses_train/concepts:	3.6292173862457275
losses_train/precision:	0.0008862731629051268
losses_train/total:	0.9045426845550537
losses_test/task:	1.282270908355713
losses_test/concepts:	18.535795211791992
losses_test/precision:	0.0008569023921154439
losses_test/total:	3.1358590126037598
calibration_test/ece:	0.07512224465608597
calibration_test/brier:	0.3810137212276459
accuracy_test/task:	73.31722471522265
accuracy_test/concepts:	96.58890533447266
map_test/concepts:	0.951042485998032

Epoch 244
losses_train/task:	0.5280547142028809
losses_train/concepts:	3.6992039680480957
losses_train/precision:	0.000843584246467799
losses_train/total:	0.8979835510253906
losses_test/task:	1.2756671905517578
losses_test/concepts:	18.09499168395996
losses_test/precision:	0.0008623649482615292
losses_test/total:	3.0851759910583496
calibration_test/ece:	0.07629459351301193
calibration_test/brier:	0.3778693974018097
accuracy_test/task:	73.47255781843286
accuracy_test/concepts:	96.58670806884766
map_test/concepts:	0.9512834663086749

Epoch 245
losses_train/task:	0.5537858009338379
losses_train/concepts:	3.786454677581787
losses_train/precision:	0.0008706571534276009
losses_train/total:	0.9324399828910828
losses_test/task:	1.2700704336166382
losses_test/concepts:	18.475021362304688
losses_test/precision:	0.0009006459731608629
losses_test/total:	3.117582321166992
calibration_test/ece:	0.07609549164772034
calibration_test/brier:	0.3788633942604065
accuracy_test/task:	73.45529858474283
accuracy_test/concepts:	96.6131591796875
map_test/concepts:	0.9512381959468761

Epoch 246
losses_train/task:	0.5538290143013
losses_train/concepts:	3.7197935581207275
losses_train/precision:	0.0008917748345993459
losses_train/total:	0.9258172512054443
losses_test/task:	1.2665026187896729
losses_test/concepts:	18.24041748046875
losses_test/precision:	0.0008677322184666991
losses_test/total:	3.0905537605285645
calibration_test/ece:	0.07643596827983856
calibration_test/brier:	0.37827953696250916
accuracy_test/task:	73.4207801173628
accuracy_test/concepts:	96.60801696777344
map_test/concepts:	0.9513168613961402

Epoch 247
losses_train/task:	0.5173681974411011
losses_train/concepts:	3.520101308822632
losses_train/precision:	0.0008545439341105521
losses_train/total:	0.8693870306015015
losses_test/task:	1.2718135118484497
losses_test/concepts:	18.36591339111328
losses_test/precision:	0.0008446857100352645
losses_test/total:	3.108412742614746
calibration_test/ece:	0.07624782621860504
calibration_test/brier:	0.38009345531463623
accuracy_test/task:	73.33448394891266
accuracy_test/concepts:	96.59662628173828
map_test/concepts:	0.9510610369925804

Epoch 248
losses_train/task:	0.5116119980812073
losses_train/concepts:	3.465625286102295
losses_train/precision:	0.0008412651950493455
losses_train/total:	0.858182966709137
losses_test/task:	1.2670300006866455
losses_test/concepts:	18.412479400634766
losses_test/precision:	0.0008220301242545247
losses_test/total:	3.108285665512085
calibration_test/ece:	0.07477372139692307
calibration_test/brier:	0.3773028254508972
accuracy_test/task:	73.74870555747324
accuracy_test/concepts:	96.61534881591797
map_test/concepts:	0.9514043242373365

Epoch 249
losses_train/task:	0.5349230766296387
losses_train/concepts:	3.6955831050872803
losses_train/precision:	0.0008199994335882366
losses_train/total:	0.9044896960258484
losses_test/task:	1.2660069465637207
losses_test/concepts:	18.295452117919922
losses_test/precision:	0.0008347905823029578
losses_test/total:	3.0955605506896973
calibration_test/ece:	0.07635553181171417
calibration_test/brier:	0.3787589967250824
accuracy_test/task:	73.23092854677252
accuracy_test/concepts:	96.60287475585938
map_test/concepts:	0.9511818239029418

Epoch 250
losses_train/task:	0.5641760230064392
losses_train/concepts:	3.9017317295074463
losses_train/precision:	0.000890243100002408
losses_train/total:	0.9543582201004028
losses_test/task:	1.279970645904541
losses_test/concepts:	18.595932006835938
losses_test/precision:	0.0009241101215593517
losses_test/total:	3.139572858810425
calibration_train/ece:	0.05472654849290848
calibration_train/brier:	0.1418343335390091
accuracy_train/task:	88.68243243243244
calibration_test/ece:	0.07547704875469208
calibration_test/brier:	0.3801525831222534
accuracy_test/task:	73.33448394891266
accuracy_train/concepts:	97.9262466430664
map_train/concepts:	0.9924560557020471
accuracy_test/concepts:	96.59515380859375
map_test/concepts:	0.951006662338338
accuracy_test/nuisances_task:	-0.024694296029897835
accuracy_test/nuisances_nontask:	0.0
mutual_inf_test/nuisances_task:	0.0011376818561781418
mutual_inf_test/nuisances_nontask:	0.0

epoch_250.pt
groups=0 err_lowconf=26.666 err_random=26.666
groups=1 err_lowconf=24.974 err_random=24.974
groups=2 err_lowconf=25.026 err_random=25.026
groups=3 err_lowconf=22.799 err_random=22.799
groups=4 err_lowconf=22.333 err_random=22.333
groups=5 err_lowconf=20.642 err_random=20.642
groups=6 err_lowconf=17.984 err_random=17.984
groups=7 err_lowconf=15.257 err_random=15.257
groups=8 err_lowconf=14.929 err_random=14.929
groups=9 err_lowconf=13.911 err_random=13.911
groups=10 err_lowconf=13.790 err_random=13.790
groups=11 err_lowconf=13.894 err_random=13.894
groups=12 err_lowconf=13.635 err_random=13.635
[1;34mwandb[0m:
[1;34mwandb[0m: You can sync this run to the cloud by running:
[1;34mwandb[0m: [1mwandb sync /research/hal-afsharim/minimal_cbm/results/cub12-shcbm/42/wandb/offline-run-20260726_044932-2ce82wnw[0m
[1;34mwandb[0m: Find logs at: [1;35mresults/cub12-shcbm/42/wandb/offline-run-20260726_044932-2ce82wnw/logs[0m
