
===== launch 2026-07-27 08:37:41.577002 gpu1 =====
wandb: Using wandb-core as the SDK backend.  Please refer to https://wandb.me/wandb-core for more information.
wandb: Tracking run with wandb version 0.19.0
wandb: W&B syncing is set to `offline` in this directory.  
wandb: Run `wandb online` or set WANDB_MODE=online to enable cloud syncing.
/research/hal-afsharim/miniconda3/envs/mcbm/lib/python3.10/site-packages/torchvision/models/_utils.py:208: UserWarning: The parameter 'pretrained' is deprecated since 0.13 and will be removed in 0.15, please use 'weights' instead.
  warnings.warn(
/research/hal-afsharim/miniconda3/envs/mcbm/lib/python3.10/site-packages/torchvision/models/_utils.py:223: UserWarning: Arguments other than a weight enum or `None` for 'weights' are deprecated since 0.13 and will be removed in 0.15. The current behavior is equivalent to passing `weights=Inception_V3_Weights.IMAGENET1K_V1`. You can also use `weights=Inception_V3_Weights.DEFAULT` to get the most up-to-date weights.
  warnings.warn(msg)
Epoch 1
losses_train/task:	5.308116912841797
losses_train/concepts:	68.78980255126953
losses_train/precision:	0.015489581972360611
losses_train/total:	12.187254905700684
losses_test/task:	5.290110111236572
losses_test/concepts:	59.99563980102539
losses_test/precision:	0.028151754289865494
losses_test/total:	11.289957046508789
calibration_test/ece:	0.004783987067639828
calibration_test/brier:	0.9948984384536743
accuracy_test/task:	1.1218501898515707
accuracy_test/concepts:	73.73172760009766
map_test/concepts:	0.4125399187207222

Epoch 2
losses_train/task:	5.249048233032227
losses_train/concepts:	52.213768005371094
losses_train/precision:	0.035868089646101
losses_train/total:	10.470784187316895
losses_test/task:	5.21938943862915
losses_test/concepts:	54.2857551574707
losses_test/precision:	0.043657392263412476
losses_test/total:	10.648401260375977
calibration_test/ece:	0.008314162492752075
calibration_test/brier:	0.9941611886024475
accuracy_test/task:	1.5705902657921988
accuracy_test/concepts:	74.90477752685547
map_test/concepts:	0.49565268742541474

Epoch 3
losses_train/task:	5.140913009643555
losses_train/concepts:	47.94305419921875
losses_train/precision:	0.050614114850759506
losses_train/total:	9.935725212097168
losses_test/task:	5.051029205322266
losses_test/concepts:	44.230533599853516
losses_test/precision:	0.05661734938621521
losses_test/total:	9.474650382995605
calibration_test/ece:	0.02423030696809292
calibration_test/brier:	0.9921888709068298
accuracy_test/task:	3.3310321021746634
accuracy_test/concepts:	79.22563934326172
map_test/concepts:	0.5907154726485412

Epoch 4
losses_train/task:	4.950596332550049
losses_train/concepts:	43.95354080200195
losses_train/precision:	0.061098918318748474
losses_train/total:	9.346562385559082
losses_test/task:	4.994346618652344
losses_test/concepts:	60.733421325683594
losses_test/precision:	0.06722705066204071
losses_test/total:	11.06836223602295
calibration_test/ece:	0.027222122997045517
calibration_test/brier:	0.991207480430603
accuracy_test/task:	3.7970314118053157
accuracy_test/concepts:	80.64490509033203
map_test/concepts:	0.51410098473231

Epoch 5
losses_train/task:	4.718410015106201
losses_train/concepts:	41.186309814453125
losses_train/precision:	0.0705256313085556
losses_train/total:	8.837746620178223
losses_test/task:	4.530812740325928
losses_test/concepts:	40.19218063354492
losses_test/precision:	0.07404572516679764
losses_test/total:	8.55077075958252
calibration_test/ece:	0.023368164896965027
calibration_test/brier:	0.9842035174369812
accuracy_test/task:	4.418363824646185
accuracy_test/concepts:	81.55850982666016
map_test/concepts:	0.650158415734768

Epoch 6
losses_train/task:	4.482627868652344
losses_train/concepts:	39.50617599487305
losses_train/precision:	0.07864765077829361
losses_train/total:	8.43403148651123
losses_test/task:	4.335958957672119
losses_test/concepts:	38.525840759277344
losses_test/precision:	0.08187347650527954
losses_test/total:	8.189361572265625
calibration_test/ece:	0.036030374467372894
calibration_test/brier:	0.9798114895820618
accuracy_test/task:	6.299620296858819
accuracy_test/concepts:	81.28120422363281
map_test/concepts:	0.6872182076176008

Epoch 7
losses_train/task:	4.287300109863281
losses_train/concepts:	37.02906799316406
losses_train/precision:	0.08564967662096024
losses_train/total:	7.991063594818115
losses_test/task:	4.156406879425049
losses_test/concepts:	36.918312072753906
losses_test/precision:	0.09061478823423386
losses_test/total:	7.849143028259277
calibration_test/ece:	0.05735912546515465
calibration_test/brier:	0.9752984642982483
accuracy_test/task:	8.802209181912323
accuracy_test/concepts:	82.8204574584961
map_test/concepts:	0.6964730108777683

Epoch 8
losses_train/task:	4.129262447357178
losses_train/concepts:	35.792327880859375
losses_train/precision:	0.09484449028968811
losses_train/total:	7.709444046020508
losses_test/task:	4.021627426147461
losses_test/concepts:	36.58490753173828
losses_test/precision:	0.09840964525938034
losses_test/total:	7.681102752685547
calibration_test/ece:	0.07622484862804413
calibration_test/brier:	0.9704546928405762
accuracy_test/task:	11.546427338626165
accuracy_test/concepts:	83.89078521728516
map_test/concepts:	0.7031365220745405

Epoch 9
losses_train/task:	3.9882888793945312
losses_train/concepts:	33.89243698120117
losses_train/precision:	0.10007075220346451
losses_train/total:	7.3785319328308105
losses_test/task:	3.875835418701172
losses_test/concepts:	35.39934158325195
losses_test/precision:	0.10190515965223312
losses_test/total:	7.416789531707764
calibration_test/ece:	0.09604884684085846
calibration_test/brier:	0.9636778831481934
accuracy_test/task:	14.394200897480152
accuracy_test/concepts:	85.47693634033203
map_test/concepts:	0.7391718536615371

Epoch 10
losses_train/task:	3.806863307952881
losses_train/concepts:	31.650659561157227
losses_train/precision:	0.10463520139455795
losses_train/total:	6.972975730895996
losses_test/task:	4.102614402770996
losses_test/concepts:	49.336463928222656
losses_test/precision:	0.10727309435606003
losses_test/total:	9.037333488464355
calibration_test/ece:	0.07787694782018661
calibration_test/brier:	0.9665600061416626
accuracy_test/task:	12.702795995857784
accuracy_test/concepts:	85.93919372558594
map_test/concepts:	0.7245055978496869

Epoch 11
losses_train/task:	3.686530590057373
losses_train/concepts:	31.318235397338867
losses_train/precision:	0.10935207456350327
losses_train/total:	6.819447040557861
losses_test/task:	3.550504684448242
losses_test/concepts:	31.251264572143555
losses_test/precision:	0.11384677141904831
losses_test/total:	6.676769733428955
calibration_test/ece:	0.12775041162967682
calibration_test/brier:	0.9446426033973694
accuracy_test/task:	19.27856403175699
accuracy_test/concepts:	86.92524719238281
map_test/concepts:	0.7756053020556768

Epoch 12
losses_train/task:	3.5271265506744385
losses_train/concepts:	29.019214630126953
losses_train/precision:	0.11831258237361908
losses_train/total:	6.430230140686035
losses_test/task:	3.9407119750976562
losses_test/concepts:	50.9976692199707
losses_test/precision:	0.12318837642669678
losses_test/total:	9.041709899902344
calibration_test/ece:	0.073287732899189
calibration_test/brier:	0.951850950717926
accuracy_test/task:	15.326199516741458
accuracy_test/concepts:	83.7909927368164
map_test/concepts:	0.6982192610700925

Epoch 13
losses_train/task:	3.408935546875
losses_train/concepts:	27.842424392700195
losses_train/precision:	0.12805095314979553
losses_train/total:	6.194458961486816
losses_test/task:	3.2941842079162598
losses_test/concepts:	32.206695556640625
losses_test/precision:	0.13129059970378876
losses_test/total:	6.516166687011719
calibration_test/ece:	0.14358218014240265
calibration_test/brier:	0.9214693903923035
accuracy_test/task:	23.524335519502934
accuracy_test/concepts:	88.26142120361328
map_test/concepts:	0.7930103192726771

Epoch 14
losses_train/task:	3.3196568489074707
losses_train/concepts:	27.935346603393555
losses_train/precision:	0.13361909985542297
losses_train/total:	6.114528179168701
losses_test/task:	4.148263931274414
losses_test/concepts:	53.980369567871094
losses_test/precision:	0.13921129703521729
losses_test/total:	9.547694206237793
calibration_test/ece:	0.03951132297515869
calibration_test/brier:	0.9499931335449219
accuracy_test/task:	14.842940973420781
accuracy_test/concepts:	81.7900619506836
map_test/concepts:	0.6803989897171656

Epoch 15
losses_train/task:	3.2052509784698486
losses_train/concepts:	27.620691299438477
losses_train/precision:	0.14235371351242065
losses_train/total:	5.968744277954102
losses_test/task:	3.2776310443878174
losses_test/concepts:	33.21591567993164
losses_test/precision:	0.1436993032693863
losses_test/total:	6.6006598472595215
calibration_test/ece:	0.12186940759420395
calibration_test/brier:	0.9036507606506348
accuracy_test/task:	24.697963410424578
accuracy_test/concepts:	87.87367248535156
map_test/concepts:	0.795593719681104

Epoch 16
losses_train/task:	3.072596549987793
losses_train/concepts:	25.878578186035156
losses_train/precision:	0.1424587070941925
losses_train/total:	5.661879062652588
losses_test/task:	3.560728073120117
losses_test/concepts:	48.82234573364258
losses_test/precision:	0.14394797384738922
losses_test/total:	8.444401741027832
calibration_test/ece:	0.08212988078594208
calibration_test/brier:	0.9141009449958801
accuracy_test/task:	21.43596824301001
accuracy_test/concepts:	86.80388641357422
map_test/concepts:	0.7569063266118368

Epoch 17
losses_train/task:	3.000772476196289
losses_train/concepts:	25.730459213256836
losses_train/precision:	0.14979827404022217
losses_train/total:	5.575316905975342
losses_test/task:	3.229931116104126
losses_test/concepts:	34.29724884033203
losses_test/precision:	0.15611311793327332
losses_test/total:	6.661219120025635
calibration_test/ece:	0.10106489062309265
calibration_test/brier:	0.8863848447799683
accuracy_test/task:	25.906109768726267
accuracy_test/concepts:	87.00062561035156
map_test/concepts:	0.7954661269982656

Epoch 18
losses_train/task:	2.8366501331329346
losses_train/concepts:	23.778108596801758
losses_train/precision:	0.15999463200569153
losses_train/total:	5.216061592102051
losses_test/task:	2.9636833667755127
losses_test/concepts:	31.28059959411621
losses_test/precision:	0.16375066339969635
losses_test/total:	6.093381404876709
calibration_test/ece:	0.12100481986999512
calibration_test/brier:	0.8521926999092102
accuracy_test/task:	30.755954435623057
accuracy_test/concepts:	88.77978515625
map_test/concepts:	0.8290125528971354

Epoch 19
losses_train/task:	2.720079183578491
losses_train/concepts:	22.68290138244629
losses_train/precision:	0.16762584447860718
losses_train/total:	4.990045547485352
losses_test/task:	3.233095407485962
losses_test/concepts:	38.22117614746094
losses_test/precision:	0.17221400141716003
losses_test/total:	7.056935787200928
calibration_test/ece:	0.1101713553071022
calibration_test/brier:	0.8622370958328247
accuracy_test/task:	29.496030376251294
accuracy_test/concepts:	87.71198272705078
map_test/concepts:	0.7881381163994471

Epoch 20
losses_train/task:	2.6524081230163574
losses_train/concepts:	22.318283081054688
losses_train/precision:	0.17142783105373383
losses_train/total:	4.885951042175293
losses_test/task:	2.952674150466919
losses_test/concepts:	37.14674377441406
losses_test/precision:	0.17328882217407227
losses_test/total:	6.669082164764404
calibration_test/ece:	0.09611044824123383
calibration_test/brier:	0.83637934923172
accuracy_test/task:	31.54987918536417
accuracy_test/concepts:	88.85599517822266
map_test/concepts:	0.8105568796396255

Epoch 21
losses_train/task:	2.5894052982330322
losses_train/concepts:	22.11279296875
losses_train/precision:	0.180243581533432
losses_train/total:	4.802486419677734
losses_test/task:	2.8508903980255127
losses_test/concepts:	34.22602081298828
losses_test/precision:	0.18634118139743805
losses_test/total:	6.275355815887451
calibration_test/ece:	0.08802666515111923
calibration_test/brier:	0.8274439573287964
accuracy_test/task:	32.292026234035205
accuracy_test/concepts:	88.77861022949219
map_test/concepts:	0.7999603013197581

Epoch 22
losses_train/task:	2.5963547229766846
losses_train/concepts:	22.73458480834961
losses_train/precision:	0.1907835751771927
losses_train/total:	4.871720790863037
losses_test/task:	2.5882654190063477
losses_test/concepts:	27.687152862548828
losses_test/precision:	0.19534461200237274
losses_test/total:	5.35893440246582
calibration_test/ece:	0.12122266739606857
calibration_test/brier:	0.7936376333236694
accuracy_test/task:	37.83224024853296
accuracy_test/concepts:	90.35294342041016
map_test/concepts:	0.8459181199471156

Epoch 23
losses_train/task:	2.582319974899292
losses_train/concepts:	23.270225524902344
losses_train/precision:	0.1986032873392105
losses_train/total:	4.9113287925720215
losses_test/task:	2.867399215698242
losses_test/concepts:	34.04576110839844
losses_test/precision:	0.20172660052776337
losses_test/total:	6.273993015289307
calibration_test/ece:	0.04286618530750275
calibration_test/brier:	0.8248436450958252
accuracy_test/task:	31.670693821194337
accuracy_test/concepts:	87.43785858154297
map_test/concepts:	0.7911677271127701

Epoch 24
losses_train/task:	2.517404317855835
losses_train/concepts:	23.162195205688477
losses_train/precision:	0.204461932182312
losses_train/total:	4.835669040679932
losses_test/task:	2.7006382942199707
losses_test/concepts:	28.71198844909668
losses_test/precision:	0.20832446217536926
losses_test/total:	5.573920249938965
calibration_test/ece:	0.09100262075662613
calibration_test/brier:	0.7882785797119141
accuracy_test/task:	36.15809458060062
accuracy_test/concepts:	88.8050765991211
map_test/concepts:	0.8436715026696523

Epoch 25
losses_train/task:	2.4278371334075928
losses_train/concepts:	21.510177612304688
losses_train/precision:	0.2075311541557312
losses_train/total:	4.580930233001709
losses_test/task:	2.4199435710906982
losses_test/concepts:	27.84288215637207
losses_test/precision:	0.2080432027578354
losses_test/total:	5.206312656402588
calibration_test/ece:	0.09394676238298416
calibration_test/brier:	0.7561481595039368
accuracy_test/task:	40.265792198826375
accuracy_test/concepts:	91.16642761230469
map_test/concepts:	0.858906802535057

Epoch 26
losses_train/task:	2.2237188816070557
losses_train/concepts:	19.34957504272461
losses_train/precision:	0.21143291890621185
losses_train/total:	4.160791397094727
losses_test/task:	2.7114028930664062
losses_test/concepts:	31.90981674194336
losses_test/precision:	0.21533937752246857
losses_test/total:	5.904537200927734
calibration_test/ece:	0.07283181697130203
calibration_test/brier:	0.7723746299743652
accuracy_test/task:	36.952019330341734
accuracy_test/concepts:	89.39420318603516
map_test/concepts:	0.8260023027658463

Epoch 27
losses_train/task:	2.274261236190796
losses_train/concepts:	20.170602798461914
losses_train/precision:	0.211796373128891
losses_train/total:	4.293438911437988
losses_test/task:	2.56426739692688
losses_test/concepts:	29.27063751220703
losses_test/precision:	0.20982512831687927
losses_test/total:	5.493430137634277
calibration_test/ece:	0.07537252455949783
calibration_test/brier:	0.7501380443572998
accuracy_test/task:	40.02416292716603
accuracy_test/concepts:	89.61857604980469
map_test/concepts:	0.8454584429661433

Epoch 28
losses_train/task:	2.2090206146240234
losses_train/concepts:	19.80417823791504
losses_train/precision:	0.21537907421588898
losses_train/total:	4.191592693328857
losses_test/task:	2.4242026805877686
losses_test/concepts:	29.44605255126953
losses_test/precision:	0.22013762593269348
losses_test/total:	5.3710103034973145
calibration_test/ece:	0.05842134356498718
calibration_test/brier:	0.7332524657249451
accuracy_test/task:	42.2851225405592
accuracy_test/concepts:	90.54740142822266
map_test/concepts:	0.8528179824352264

Epoch 29
losses_train/task:	2.1337063312530518
losses_train/concepts:	18.866580963134766
losses_train/precision:	0.22023116052150726
losses_train/total:	4.022567272186279
losses_test/task:	2.24200439453125
losses_test/concepts:	24.774147033691406
losses_test/precision:	0.22461222112178802
losses_test/total:	4.7216644287109375
calibration_test/ece:	0.07252402603626251
calibration_test/brier:	0.7073873281478882
accuracy_test/task:	44.3562305833621
accuracy_test/concepts:	91.00679016113281
map_test/concepts:	0.8689357320467631

Epoch 30
losses_train/task:	2.139914035797119
losses_train/concepts:	18.98847198486328
losses_train/precision:	0.22977732121944427
losses_train/total:	4.041058540344238
losses_test/task:	2.6409692764282227
losses_test/concepts:	40.043270111083984
losses_test/precision:	0.23258599638938904
losses_test/total:	6.647623062133789
calibration_test/ece:	0.05374477431178093
calibration_test/brier:	0.7420395016670227
accuracy_test/task:	39.73075595443562
accuracy_test/concepts:	90.7720718383789
map_test/concepts:	0.8341436137755712

Epoch 31
losses_train/task:	2.111112356185913
losses_train/concepts:	19.106971740722656
losses_train/precision:	0.23441101610660553
losses_train/total:	4.024153709411621
losses_test/task:	2.3606927394866943
losses_test/concepts:	31.766937255859375
losses_test/precision:	0.23414456844329834
losses_test/total:	5.539727687835693
calibration_test/ece:	0.052035119384527206
calibration_test/brier:	0.7138099670410156
accuracy_test/task:	42.682084915429755
accuracy_test/concepts:	91.4759521484375
map_test/concepts:	0.8564338376124699

Epoch 32
losses_train/task:	1.9978415966033936
losses_train/concepts:	17.57570457458496
losses_train/precision:	0.23394572734832764
losses_train/total:	3.75775146484375
losses_test/task:	2.280197858810425
losses_test/concepts:	26.705551147460938
losses_test/precision:	0.23670774698257446
losses_test/total:	4.953120231628418
calibration_test/ece:	0.04244915023446083
calibration_test/brier:	0.6946767568588257
accuracy_test/task:	44.874007594062824
accuracy_test/concepts:	90.77725219726562
map_test/concepts:	0.8657372564077377

Epoch 33
losses_train/task:	2.020174741744995
losses_train/concepts:	17.94015121459961
losses_train/precision:	0.23801711201667786
losses_train/total:	3.816570520401001
losses_test/task:	2.1792895793914795
losses_test/concepts:	26.783702850341797
losses_test/precision:	0.24264779686927795
losses_test/total:	4.860085964202881
calibration_test/ece:	0.04880685359239578
calibration_test/brier:	0.672126829624176
accuracy_test/task:	47.3593372454263
accuracy_test/concepts:	91.7017593383789
map_test/concepts:	0.8744832952817281

Epoch 34
losses_train/task:	1.957411766052246
losses_train/concepts:	17.746688842773438
losses_train/precision:	0.2446354627609253
losses_train/total:	3.734527587890625
losses_test/task:	2.1245687007904053
losses_test/concepts:	25.61849594116211
losses_test/precision:	0.2455168068408966
losses_test/total:	4.688874244689941
calibration_test/ece:	0.061860136687755585
calibration_test/brier:	0.6587014198303223
accuracy_test/task:	48.205039696237485
accuracy_test/concepts:	92.382080078125
map_test/concepts:	0.8876236180464426

Epoch 35
losses_train/task:	1.890626311302185
losses_train/concepts:	16.733835220336914
losses_train/precision:	0.24501827359199524
losses_train/total:	3.5664591789245605
losses_test/task:	2.1456804275512695
losses_test/concepts:	28.334260940551758
losses_test/precision:	0.24739386141300201
losses_test/total:	4.981579303741455
calibration_test/ece:	0.05503673478960991
calibration_test/brier:	0.6590569615364075
accuracy_test/task:	48.9989644459786
accuracy_test/concepts:	92.4715347290039
map_test/concepts:	0.8763327827056249

Epoch 36
losses_train/task:	1.854741096496582
losses_train/concepts:	16.990039825439453
losses_train/precision:	0.252564936876297
losses_train/total:	3.5562708377838135
losses_test/task:	1.9998040199279785
losses_test/concepts:	24.72329330444336
losses_test/precision:	0.25689610838890076
losses_test/total:	4.47470235824585
calibration_test/ece:	0.05500711128115654
calibration_test/brier:	0.6322470903396606
accuracy_test/task:	51.518812564722126
accuracy_test/concepts:	92.36854553222656
map_test/concepts:	0.8910169025262197

Epoch 37
losses_train/task:	1.8198846578598022
losses_train/concepts:	16.37269401550293
losses_train/precision:	0.2618066370487213
losses_train/total:	3.4597725868225098
losses_test/task:	2.6859161853790283
losses_test/concepts:	36.89421844482422
losses_test/precision:	0.26649221777915955
losses_test/total:	6.378002166748047
calibration_test/ece:	0.028203453868627548
calibration_test/brier:	0.7417029142379761
accuracy_test/task:	40.36934760096652
accuracy_test/concepts:	89.72126007080078
map_test/concepts:	0.8252114057540894

Epoch 38
losses_train/task:	1.7549399137496948
losses_train/concepts:	16.12894058227539
losses_train/precision:	0.269601970911026
losses_train/total:	3.370530605316162
losses_test/task:	2.7871270179748535
losses_test/concepts:	44.378379821777344
losses_test/precision:	0.2747688591480255
losses_test/total:	7.227713108062744
calibration_test/ece:	0.05612786486744881
calibration_test/brier:	0.7412742376327515
accuracy_test/task:	40.95616154642734
accuracy_test/concepts:	89.27999877929688
map_test/concepts:	0.8257274011770884

Epoch 39
losses_train/task:	1.848778247833252
losses_train/concepts:	17.54833221435547
losses_train/precision:	0.27451759576797485
losses_train/total:	3.6063554286956787
losses_test/task:	2.2022807598114014
losses_test/concepts:	27.650163650512695
losses_test/precision:	0.27584734559059143
losses_test/total:	4.97005558013916
calibration_test/ece:	0.02269933931529522
calibration_test/brier:	0.6573053598403931
accuracy_test/task:	48.72281670693821
accuracy_test/concepts:	91.66033172607422
map_test/concepts:	0.8790045619010926

Epoch 40
losses_train/task:	1.7996444702148438
losses_train/concepts:	16.234251022338867
losses_train/precision:	0.281757116317749
losses_train/total:	3.425886869430542
losses_test/task:	2.307772397994995
losses_test/concepts:	32.6094856262207
losses_test/precision:	0.29088398814201355
losses_test/total:	5.571629524230957
calibration_test/ece:	0.03481816500425339
calibration_test/brier:	0.670221209526062
accuracy_test/task:	46.772523299965485
accuracy_test/concepts:	91.99459838867188
map_test/concepts:	0.8658250908056895

Epoch 41
losses_train/task:	1.72386634349823
losses_train/concepts:	15.485102653503418
losses_train/precision:	0.29142042994499207
losses_train/total:	3.2752909660339355
losses_test/task:	2.4273669719696045
losses_test/concepts:	33.3072509765625
losses_test/precision:	0.2906549274921417
losses_test/total:	5.760997772216797
calibration_test/ece:	0.03324402496218681
calibration_test/brier:	0.6755330562591553
accuracy_test/task:	46.66896789782534
accuracy_test/concepts:	91.18656921386719
map_test/concepts:	0.8583471198876699

Epoch 42
losses_train/task:	1.5948576927185059
losses_train/concepts:	13.958407402038574
losses_train/precision:	0.2925415337085724
losses_train/total:	2.993624448776245
losses_test/task:	1.860440969467163
losses_test/concepts:	24.284095764160156
losses_test/precision:	0.29349809885025024
losses_test/total:	4.291785717010498
calibration_test/ece:	0.04483332484960556
calibration_test/brier:	0.5847750902175903
accuracy_test/task:	55.1432516396272
accuracy_test/concepts:	93.30715942382812
map_test/concepts:	0.9062327603499095

Epoch 43
losses_train/task:	1.6380698680877686
losses_train/concepts:	14.483492851257324
losses_train/precision:	0.2950744926929474
losses_train/total:	3.089369535446167
losses_test/task:	2.2929069995880127
losses_test/concepts:	29.11287498474121
losses_test/precision:	0.2966957688331604
losses_test/total:	5.2071614265441895
calibration_test/ece:	0.034166429191827774
calibration_test/brier:	0.6637101769447327
accuracy_test/task:	47.3593372454263
accuracy_test/concepts:	91.00132751464844
map_test/concepts:	0.8667108903328578

Epoch 44
losses_train/task:	1.6062482595443726
losses_train/concepts:	14.416428565979004
losses_train/precision:	0.3001950681209564
losses_train/total:	3.0508925914764404
losses_test/task:	1.8750914335250854
losses_test/concepts:	26.187002182006836
losses_test/precision:	0.3100481629371643
losses_test/total:	4.49689245223999
calibration_test/ece:	0.032222021371126175
calibration_test/brier:	0.5795692205429077
accuracy_test/task:	55.125992405937176
accuracy_test/concepts:	93.26803588867188
map_test/concepts:	0.9022701263427735

Epoch 45
losses_train/task:	1.6260558366775513
losses_train/concepts:	14.755965232849121
losses_train/precision:	0.3163853883743286
losses_train/total:	3.104816198348999
losses_test/task:	2.1261351108551025
losses_test/concepts:	31.870941162109375
losses_test/precision:	0.3179912865161896
losses_test/total:	5.316409111022949
calibration_test/ece:	0.03082934394478798
calibration_test/brier:	0.6341710090637207
accuracy_test/task:	50.58681394546082
accuracy_test/concepts:	92.49108123779297
map_test/concepts:	0.8779327750205994

Epoch 46
losses_train/task:	1.5653713941574097
losses_train/concepts:	13.9503173828125
losses_train/precision:	0.3175172209739685
losses_train/total:	2.963578462600708
losses_test/task:	1.9108624458312988
losses_test/concepts:	25.472749710083008
losses_test/precision:	0.31604692339897156
losses_test/total:	4.46129846572876
calibration_test/ece:	0.03567110747098923
calibration_test/brier:	0.5900226831436157
accuracy_test/task:	54.43562305833621
accuracy_test/concepts:	93.32903289794922
map_test/concepts:	0.9028839429219564

Epoch 47
losses_train/task:	1.611781358718872
losses_train/concepts:	15.021710395812988
losses_train/precision:	0.31843891739845276
losses_train/total:	3.1171371936798096
losses_test/task:	2.6087851524353027
losses_test/concepts:	40.5677604675293
losses_test/precision:	0.32209300994873047
losses_test/total:	6.66878080368042
calibration_test/ece:	0.07353716343641281
calibration_test/brier:	0.7117267847061157
accuracy_test/task:	43.8557128063514
accuracy_test/concepts:	90.01407623291016
map_test/concepts:	0.8251038819551468

Epoch 48
losses_train/task:	1.651185154914856
losses_train/concepts:	15.678950309753418
losses_train/precision:	0.3307800590991974
losses_train/total:	3.2223868370056152
losses_test/task:	2.1418533325195312
losses_test/concepts:	29.48828125
losses_test/precision:	0.3413393497467041
losses_test/total:	5.094094753265381
calibration_test/ece:	0.047493673861026764
calibration_test/brier:	0.6357219815254211
accuracy_test/task:	50.08629616845012
accuracy_test/concepts:	92.38639068603516
map_test/concepts:	0.8754817942778269

Epoch 49
losses_train/task:	1.5481302738189697
losses_train/concepts:	14.498355865478516
losses_train/precision:	0.33999496698379517
losses_train/total:	3.0013656616210938
losses_test/task:	2.000814437866211
losses_test/concepts:	29.827728271484375
losses_test/precision:	0.3408450484275818
losses_test/total:	4.986996173858643
calibration_test/ece:	0.0276850163936615
calibration_test/brier:	0.599699079990387
accuracy_test/task:	53.74525371073524
accuracy_test/concepts:	92.97206115722656
map_test/concepts:	0.8933582574129104

Epoch 50
losses_train/task:	1.580468773841858
losses_train/concepts:	14.993946075439453
losses_train/precision:	0.3425476551055908
losses_train/total:	3.0832886695861816
losses_test/task:	2.142503499984741
losses_test/concepts:	29.997785568237305
losses_test/precision:	0.3470765948295593
losses_test/total:	5.145752429962158
calibration_test/ece:	0.039974454790353775
calibration_test/brier:	0.6121724843978882
accuracy_test/task:	52.27821884708319
accuracy_test/concepts:	92.37112426757812
map_test/concepts:	0.8826339026292165

Epoch 51
losses_train/task:	1.515550136566162
losses_train/concepts:	13.61075496673584
losses_train/precision:	0.3530065715312958
losses_train/total:	2.880155563354492
losses_test/task:	2.161862373352051
losses_test/concepts:	29.118366241455078
losses_test/precision:	0.3603009283542633
losses_test/total:	5.0773024559021
calibration_test/ece:	0.04772999510169029
calibration_test/brier:	0.627776563167572
accuracy_test/task:	51.397997928891954
accuracy_test/concepts:	92.2022933959961
map_test/concepts:	0.8737164199352264

Epoch 52
losses_train/task:	1.4839086532592773
losses_train/concepts:	13.253052711486816
losses_train/precision:	0.3712863326072693
losses_train/total:	2.812927007675171
losses_test/task:	1.8519786596298218
losses_test/concepts:	25.5090389251709
losses_test/precision:	0.3737642467021942
losses_test/total:	4.406620025634766
calibration_test/ece:	0.024777835234999657
calibration_test/brier:	0.5649119019508362
accuracy_test/task:	58.025543665861235
accuracy_test/concepts:	93.7348861694336
map_test/concepts:	0.9075334201256434

Epoch 53
losses_train/task:	1.4391199350357056
losses_train/concepts:	13.127314567565918
losses_train/precision:	0.372284471988678
losses_train/total:	2.7555739879608154
losses_test/task:	1.9553860425949097
losses_test/concepts:	29.56925392150879
losses_test/precision:	0.37190714478492737
losses_test/total:	4.916029930114746
calibration_test/ece:	0.03259534016251564
calibration_test/brier:	0.5735572576522827
accuracy_test/task:	55.43665861235761
accuracy_test/concepts:	93.45243072509766
map_test/concepts:	0.8981817563374838

Epoch 54
losses_train/task:	1.533101201057434
losses_train/concepts:	14.08387279510498
losses_train/precision:	0.36856091022491455
losses_train/total:	2.945174217224121
losses_test/task:	1.8553545475006104
losses_test/concepts:	26.442659378051758
losses_test/precision:	0.3631603419780731
losses_test/total:	4.503252983093262
calibration_test/ece:	0.026013225317001343
calibration_test/brier:	0.5677459239959717
accuracy_test/task:	56.86917500862962
accuracy_test/concepts:	93.6698989868164
map_test/concepts:	0.9038476427396138

Epoch 55
losses_train/task:	1.3984867334365845
losses_train/concepts:	13.042118072509766
losses_train/precision:	0.3603013753890991
losses_train/total:	2.706301689147949
losses_test/task:	2.042153835296631
losses_test/concepts:	29.03331184387207
losses_test/precision:	0.3599242866039276
losses_test/total:	4.949084758758545
calibration_test/ece:	0.047471776604652405
calibration_test/brier:	0.5963470935821533
accuracy_test/task:	54.03866068346566
accuracy_test/concepts:	92.84662628173828
map_test/concepts:	0.8891922692457835

Epoch 56
losses_train/task:	1.4020390510559082
losses_train/concepts:	12.688375473022461
losses_train/precision:	0.35733214020729065
losses_train/total:	2.6744496822357178
losses_test/task:	1.8148272037506104
losses_test/concepts:	24.389543533325195
losses_test/precision:	0.3560330867767334
losses_test/total:	4.257341384887695
calibration_test/ece:	0.03184792026877403
calibration_test/brier:	0.5523921251296997
accuracy_test/task:	58.025543665861235
accuracy_test/concepts:	93.665283203125
map_test/concepts:	0.9119936058918635

Epoch 57
losses_train/task:	1.3955092430114746
losses_train/concepts:	12.818538665771484
losses_train/precision:	0.36611998081207275
losses_train/total:	2.6810243129730225
losses_test/task:	2.08510684967041
losses_test/concepts:	31.36231231689453
losses_test/precision:	0.3779772222042084
losses_test/total:	5.225118637084961
calibration_test/ece:	0.05445452034473419
calibration_test/brier:	0.6070364713668823
accuracy_test/task:	53.60717984121505
accuracy_test/concepts:	93.08969116210938
map_test/concepts:	0.8904430041710536

Epoch 58
losses_train/task:	1.3444181680679321
losses_train/concepts:	12.361397743225098
losses_train/precision:	0.3849699795246124
losses_train/total:	2.584407329559326
losses_test/task:	1.9243353605270386
losses_test/concepts:	27.85770606994629
losses_test/precision:	0.3936537802219391
losses_test/total:	4.714043617248535
calibration_test/ece:	0.04731374979019165
calibration_test/brier:	0.5691877007484436
accuracy_test/task:	55.6437694166379
accuracy_test/concepts:	93.27810668945312
map_test/concepts:	0.9012523144483566

Epoch 59
losses_train/task:	1.4537495374679565
losses_train/concepts:	13.67963981628418
losses_train/precision:	0.4000644385814667
losses_train/total:	2.825713872909546
losses_test/task:	2.2783334255218506
losses_test/concepts:	33.740421295166016
losses_test/precision:	0.40580257773399353
losses_test/total:	5.656432628631592
calibration_test/ece:	0.057639557868242264
calibration_test/brier:	0.6309234499931335
accuracy_test/task:	51.93303417328271
accuracy_test/concepts:	92.00753021240234
map_test/concepts:	0.868038946390152

Epoch 60
losses_train/task:	1.4261847734451294
losses_train/concepts:	13.443984985351562
losses_train/precision:	0.40652957558631897
losses_train/total:	2.774648666381836
losses_test/task:	1.8567047119140625
losses_test/concepts:	25.99889373779297
losses_test/precision:	0.4069842994213104
losses_test/total:	4.46066427230835
calibration_test/ece:	0.03901341184973717
calibration_test/brier:	0.560114324092865
accuracy_test/task:	57.00724887814981
accuracy_test/concepts:	93.35262298583984
map_test/concepts:	0.9038451502720515

Epoch 61
losses_train/task:	1.3822131156921387
losses_train/concepts:	13.2620849609375
losses_train/precision:	0.41099920868873596
losses_train/total:	2.712531805038452
losses_test/task:	2.290131092071533
losses_test/concepts:	30.448516845703125
losses_test/precision:	0.41296514868736267
losses_test/total:	5.339112281799316
calibration_test/ece:	0.07834092527627945
calibration_test/brier:	0.6493755578994751
accuracy_test/task:	49.603037625129446
accuracy_test/concepts:	91.5889892578125
map_test/concepts:	0.8656676600376765

Epoch 62
losses_train/task:	1.429148554801941
losses_train/concepts:	13.456933975219727
losses_train/precision:	0.4137808382511139
losses_train/total:	2.778979778289795
losses_test/task:	1.9160774946212769
losses_test/concepts:	27.621747970581055
losses_test/precision:	0.4138081967830658
losses_test/total:	4.682391166687012
calibration_test/ece:	0.03235548734664917
calibration_test/brier:	0.5505964756011963
accuracy_test/task:	58.26717293752157
accuracy_test/concepts:	93.4705581665039
map_test/concepts:	0.9015273044506709

Epoch 63
losses_train/task:	1.3364753723144531
losses_train/concepts:	12.471776962280273
losses_train/precision:	0.4201965928077698
losses_train/total:	2.587855339050293
losses_test/task:	1.8025962114334106
losses_test/concepts:	24.22144317626953
losses_test/precision:	0.4205017685890198
losses_test/total:	4.228945732116699
calibration_test/ece:	0.036712467670440674
calibration_test/brier:	0.5424696803092957
accuracy_test/task:	58.83672764929237
accuracy_test/concepts:	93.68022918701172
map_test/concepts:	0.9123230834801992

Epoch 64
losses_train/task:	1.3511210680007935
losses_train/concepts:	12.70626163482666
losses_train/precision:	0.4206729233264923
losses_train/total:	2.6259536743164062
losses_test/task:	2.1903598308563232
losses_test/concepts:	31.003971099853516
losses_test/precision:	0.4217950999736786
losses_test/total:	5.294975280761719
calibration_test/ece:	0.0653400644659996
calibration_test/brier:	0.6277274489402771
accuracy_test/task:	52.502588885053505
accuracy_test/concepts:	91.95000457763672
map_test/concepts:	0.8592437704404196

Epoch 65
losses_train/task:	1.3665378093719482
losses_train/concepts:	12.566336631774902
losses_train/precision:	0.42203980684280396
losses_train/total:	2.6273915767669678
losses_test/task:	1.7611953020095825
losses_test/concepts:	25.28333854675293
losses_test/precision:	0.4246152341365814
losses_test/total:	4.29377555847168
calibration_test/ece:	0.037956252694129944
calibration_test/brier:	0.5384222865104675
accuracy_test/task:	59.440800828443216
accuracy_test/concepts:	93.76538848876953
map_test/concepts:	0.9094672699769338

Epoch 66
losses_train/task:	1.3462235927581787
losses_train/concepts:	12.755040168762207
losses_train/precision:	0.4274745285511017
losses_train/total:	2.626002550125122
losses_test/task:	1.7923787832260132
losses_test/concepts:	26.96601676940918
losses_test/precision:	0.42721956968307495
losses_test/total:	4.493252277374268
calibration_test/ece:	0.039836712181568146
calibration_test/brier:	0.5399194955825806
accuracy_test/task:	58.97480151881256
accuracy_test/concepts:	93.86376953125
map_test/concepts:	0.9112423698107401

Epoch 67
losses_train/task:	1.2759424448013306
losses_train/concepts:	11.473817825317383
losses_train/precision:	0.4282899498939514
losses_train/total:	2.427607297897339
losses_test/task:	1.8003885746002197
losses_test/concepts:	26.41621971130371
losses_test/precision:	0.42899206280708313
losses_test/total:	4.446300983428955
calibration_test/ece:	0.04908810555934906
calibration_test/brier:	0.5416241884231567
accuracy_test/task:	58.87124611667242
accuracy_test/concepts:	93.81916809082031
map_test/concepts:	0.9100380738576254

Epoch 68
losses_train/task:	1.192327857017517
losses_train/concepts:	10.999656677246094
losses_train/precision:	0.43011850118637085
losses_train/total:	2.2965943813323975
losses_test/task:	1.7530698776245117
losses_test/concepts:	26.68081283569336
losses_test/precision:	0.4356938302516937
losses_test/total:	4.425507545471191
calibration_test/ece:	0.03697530925273895
calibration_test/brier:	0.5165413618087769
accuracy_test/task:	61.25302036589576
accuracy_test/concepts:	93.91382598876953
map_test/concepts:	0.9122041910886765

Epoch 69
losses_train/task:	1.1840753555297852
losses_train/concepts:	10.591429710388184
losses_train/precision:	0.4378797709941864
losses_train/total:	2.2475974559783936
losses_test/task:	1.8125003576278687
losses_test/concepts:	27.255701065063477
losses_test/precision:	0.4353523850440979
losses_test/total:	4.542422771453857
calibration_test/ece:	0.054315436631441116
calibration_test/brier:	0.5367829203605652
accuracy_test/task:	59.16465308940283
accuracy_test/concepts:	94.07807159423828
map_test/concepts:	0.9111561864614487

Epoch 70
losses_train/task:	1.2312407493591309
losses_train/concepts:	11.39744758605957
losses_train/precision:	0.4346483051776886
losses_train/total:	2.3753323554992676
losses_test/task:	1.991170883178711
losses_test/concepts:	32.40488052368164
losses_test/precision:	0.4296799302101135
losses_test/total:	5.235957145690918
calibration_test/ece:	0.0707065537571907
calibration_test/brier:	0.5679709315299988
accuracy_test/task:	57.7148774594408
accuracy_test/concepts:	93.50476837158203
map_test/concepts:	0.8952230423688888

Epoch 71
losses_train/task:	1.224011778831482
losses_train/concepts:	11.209416389465332
losses_train/precision:	0.42747604846954346
losses_train/total:	2.3492279052734375
losses_test/task:	1.8526698350906372
losses_test/concepts:	26.87862777709961
losses_test/precision:	0.4221109449863434
losses_test/total:	4.544753074645996
calibration_test/ece:	0.058136843144893646
calibration_test/brier:	0.5480957627296448
accuracy_test/task:	58.90576458405247
accuracy_test/concepts:	93.69605255126953
map_test/concepts:	0.9069918652375539

Epoch 72
losses_train/task:	1.2367360591888428
losses_train/concepts:	11.252127647399902
losses_train/precision:	0.42717015743255615
losses_train/total:	2.366220712661743
losses_test/task:	1.9745992422103882
losses_test/concepts:	32.6599006652832
losses_test/precision:	0.4368000626564026
losses_test/total:	5.244958400726318
calibration_test/ece:	0.08069811016321182
calibration_test/brier:	0.5753228664398193
accuracy_test/task:	56.38591646530894
accuracy_test/concepts:	93.4806137084961
map_test/concepts:	0.8925685147444408

Epoch 73
losses_train/task:	1.1717389822006226
losses_train/concepts:	11.038643836975098
losses_train/precision:	0.43857917189598083
losses_train/total:	2.279989242553711
losses_test/task:	2.2769036293029785
losses_test/concepts:	36.38657760620117
losses_test/precision:	0.43408986926078796
losses_test/total:	5.91990327835083
calibration_test/ece:	0.10553346574306488
calibration_test/brier:	0.6381968855857849
accuracy_test/task:	52.03658957542285
accuracy_test/concepts:	92.26470184326172
map_test/concepts:	0.8560766965150833

Epoch 74
losses_train/task:	1.186983346939087
losses_train/concepts:	11.345245361328125
losses_train/precision:	0.44038960337638855
losses_train/total:	2.3259117603302
losses_test/task:	1.8626437187194824
losses_test/concepts:	28.899688720703125
losses_test/precision:	0.4550093114376068
losses_test/total:	4.757161617279053
calibration_test/ece:	0.06739741563796997
calibration_test/brier:	0.5462391972541809
accuracy_test/task:	58.439765274421816
accuracy_test/concepts:	93.84939575195312
map_test/concepts:	0.9035020023584366

Epoch 75
losses_train/task:	1.2399145364761353
losses_train/concepts:	11.88244342803955
losses_train/precision:	0.46303606033325195
losses_train/total:	2.4327890872955322
losses_test/task:	2.052992820739746
losses_test/concepts:	35.662620544433594
losses_test/precision:	0.46413925290107727
losses_test/total:	5.623897552490234
calibration_test/ece:	0.09221243113279343
calibration_test/brier:	0.5934730768203735
accuracy_test/task:	55.833620987228166
accuracy_test/concepts:	93.50419616699219
map_test/concepts:	0.887798065940539

Epoch 76
losses_train/task:	1.183725118637085
losses_train/concepts:	11.059804916381836
losses_train/precision:	0.4672479033470154
losses_train/total:	2.294377565383911
losses_test/task:	1.8304272890090942
losses_test/concepts:	31.34695816040039
losses_test/precision:	0.46835842728614807
losses_test/total:	4.96980619430542
calibration_test/ece:	0.06296044588088989
calibration_test/brier:	0.5370062589645386
accuracy_test/task:	59.87228167069382
accuracy_test/concepts:	94.36631774902344
map_test/concepts:	0.9099720577398936

Epoch 77
losses_train/task:	1.2124027013778687
losses_train/concepts:	11.775545120239258
losses_train/precision:	0.46667739748954773
losses_train/total:	2.3946237564086914
losses_test/task:	2.1734414100646973
losses_test/concepts:	34.34879684448242
losses_test/precision:	0.46146589517593384
losses_test/total:	5.612935543060303
calibration_test/ece:	0.099538654088974
calibration_test/brier:	0.6111969351768494
accuracy_test/task:	53.72799447704522
accuracy_test/concepts:	92.64122772216797
map_test/concepts:	0.8742904484272003

Epoch 78
losses_train/task:	1.228893756866455
losses_train/concepts:	11.548552513122559
losses_train/precision:	0.4554300308227539
losses_train/total:	2.38830304145813
losses_test/task:	1.854420781135559
losses_test/concepts:	29.332212448120117
losses_test/precision:	0.4529235363006592
losses_test/total:	4.792171955108643
calibration_test/ece:	0.06885294616222382
calibration_test/brier:	0.5436972379684448
accuracy_test/task:	58.92302381774249
accuracy_test/concepts:	93.8114013671875
map_test/concepts:	0.9041883279879888

Epoch 79
losses_train/task:	1.2132269144058228
losses_train/concepts:	11.604990005493164
losses_train/precision:	0.45360225439071655
losses_train/total:	2.3782618045806885
losses_test/task:	2.2574429512023926
losses_test/concepts:	35.74134063720703
losses_test/precision:	0.4582367539405823
losses_test/total:	5.836159706115723
calibration_test/ece:	0.11197483539581299
calibration_test/brier:	0.6316289901733398
accuracy_test/task:	52.5716258198136
accuracy_test/concepts:	92.29287719726562
map_test/concepts:	0.8756178041299184

Epoch 80
losses_train/task:	1.1752471923828125
losses_train/concepts:	10.999492645263672
losses_train/precision:	0.46646860241889954
losses_train/total:	2.2798612117767334
losses_test/task:	1.8140796422958374
losses_test/concepts:	25.02893829345703
losses_test/precision:	0.4727250933647156
losses_test/total:	4.321700096130371
calibration_test/ece:	0.07310181111097336
calibration_test/brier:	0.5416479110717773
accuracy_test/task:	58.7159130134622
accuracy_test/concepts:	93.40554809570312
map_test/concepts:	0.9104099263747533

Epoch 81
losses_train/task:	1.1391737461090088
losses_train/concepts:	10.909199714660645
losses_train/precision:	0.47764959931373596
losses_train/total:	2.234870433807373
losses_test/task:	2.09434175491333
losses_test/concepts:	33.29806900024414
losses_test/precision:	0.48290058970451355
losses_test/total:	5.42897891998291
calibration_test/ece:	0.09183850884437561
calibration_test/brier:	0.5860286951065063
accuracy_test/task:	55.52295478080773
accuracy_test/concepts:	93.13282775878906
map_test/concepts:	0.8967081060012182

Epoch 82
losses_train/task:	1.1400330066680908
losses_train/concepts:	10.585771560668945
losses_train/precision:	0.4831301271915436
losses_train/total:	2.2034411430358887
losses_test/task:	2.053971529006958
losses_test/concepts:	34.52891159057617
losses_test/precision:	0.48624786734580994
losses_test/total:	5.511724948883057
calibration_test/ece:	0.09968530386686325
calibration_test/brier:	0.5813851356506348
accuracy_test/task:	56.541249568519156
accuracy_test/concepts:	93.73633575439453
map_test/concepts:	0.8917213032643

Epoch 83
losses_train/task:	1.130358338356018
losses_train/concepts:	10.862069129943848
losses_train/precision:	0.4882439970970154
losses_train/total:	2.221447706222534
losses_test/task:	1.8542379140853882
losses_test/concepts:	29.09770393371582
losses_test/precision:	0.49317029118537903
losses_test/total:	4.768939971923828
calibration_test/ece:	0.075601726770401
calibration_test/brier:	0.541344165802002
accuracy_test/task:	60.04487400759406
accuracy_test/concepts:	94.12609100341797
map_test/concepts:	0.9092799633741379

Epoch 84
losses_train/task:	1.1068631410598755
losses_train/concepts:	10.249399185180664
losses_train/precision:	0.4933978021144867
losses_train/total:	2.1367366313934326
losses_test/task:	1.8282511234283447
losses_test/concepts:	26.64086151123047
losses_test/precision:	0.48939117789268494
losses_test/total:	4.497231483459473
calibration_test/ece:	0.06848909705877304
calibration_test/brier:	0.5331015586853027
accuracy_test/task:	60.20020711080428
accuracy_test/concepts:	93.98860931396484
map_test/concepts:	0.9057839026053747

Epoch 85
losses_train/task:	1.0610709190368652
losses_train/concepts:	9.694023132324219
losses_train/precision:	0.48609986901283264
losses_train/total:	2.0353341102600098
losses_test/task:	2.1031181812286377
losses_test/concepts:	32.466636657714844
losses_test/precision:	0.4824313819408417
losses_test/total:	5.354605674743652
calibration_test/ece:	0.10406168550252914
calibration_test/brier:	0.5943012237548828
accuracy_test/task:	55.28132550914739
accuracy_test/concepts:	93.10004425048828
map_test/concepts:	0.8873761425415675

Epoch 86
losses_train/task:	1.1060991287231445
losses_train/concepts:	10.623920440673828
losses_train/precision:	0.4917135536670685
losses_train/total:	2.173408031463623
losses_test/task:	1.7886967658996582
losses_test/concepts:	31.205081939697266
losses_test/precision:	0.4984900653362274
losses_test/total:	4.914190769195557
calibration_test/ece:	0.06942451745271683
calibration_test/brier:	0.5197407603263855
accuracy_test/task:	61.87435277873662
accuracy_test/concepts:	94.41519927978516
map_test/concepts:	0.914168295264244

Epoch 87
losses_train/task:	1.1580309867858887
losses_train/concepts:	11.390746116638184
losses_train/precision:	0.48889949917793274
losses_train/total:	2.3019943237304688
losses_test/task:	2.1029789447784424
losses_test/concepts:	31.22093963623047
losses_test/precision:	0.47918006777763367
losses_test/total:	5.229865550994873
calibration_test/ece:	0.11631150543689728
calibration_test/brier:	0.6093862652778625
accuracy_test/task:	54.86710390058681
accuracy_test/concepts:	92.6679916381836
map_test/concepts:	0.8867715626955033

Epoch 88
losses_train/task:	1.0930079221725464
losses_train/concepts:	10.354777336120605
losses_train/precision:	0.4853726029396057
losses_train/total:	2.1333396434783936
losses_test/task:	1.7410472631454468
losses_test/concepts:	25.045917510986328
losses_test/precision:	0.4854399263858795
losses_test/total:	4.250493049621582
calibration_test/ece:	0.08610136061906815
calibration_test/brier:	0.5254517197608948
accuracy_test/task:	60.82153952364515
accuracy_test/concepts:	93.78178405761719
map_test/concepts:	0.9160604576269785

Epoch 89
losses_train/task:	1.0279035568237305
losses_train/concepts:	9.75275707244873
losses_train/precision:	0.4793141484260559
losses_train/total:	2.007972240447998
losses_test/task:	1.833821415901184
losses_test/concepts:	28.499298095703125
losses_test/precision:	0.47886860370635986
losses_test/total:	4.688539981842041
calibration_test/ece:	0.08703336119651794
calibration_test/brier:	0.5386346578598022
accuracy_test/task:	59.56161546427339
accuracy_test/concepts:	93.9920654296875
map_test/concepts:	0.9090834051370621

Epoch 90
losses_train/task:	1.0829588174819946
losses_train/concepts:	10.201010704040527
losses_train/precision:	0.4845619201660156
losses_train/total:	2.1079049110412598
losses_test/task:	2.128215789794922
losses_test/concepts:	35.79954147338867
losses_test/precision:	0.4914129674434662
losses_test/total:	5.713083744049072
calibration_test/ece:	0.11577440798282623
calibration_test/brier:	0.5952273011207581
accuracy_test/task:	55.902657921988265
accuracy_test/concepts:	93.321533203125
map_test/concepts:	0.8885048935810725

Epoch 91
losses_train/task:	1.0482532978057861
losses_train/concepts:	9.686822891235352
losses_train/precision:	0.49294528365135193
losses_train/total:	2.021864891052246
losses_test/task:	1.7699012756347656
losses_test/concepts:	28.27417755126953
losses_test/precision:	0.4950029253959656
losses_test/total:	4.602269649505615
calibration_test/ece:	0.07568278163671494
calibration_test/brier:	0.5149327516555786
accuracy_test/task:	61.97790818087677
accuracy_test/concepts:	94.34788513183594
map_test/concepts:	0.914848385254542

Epoch 92
losses_train/task:	1.0427007675170898
losses_train/concepts:	9.695051193237305
losses_train/precision:	0.4955441355705261
losses_train/total:	2.0171611309051514
losses_test/task:	1.7832978963851929
losses_test/concepts:	29.953876495361328
losses_test/precision:	0.5024967789649963
losses_test/total:	4.783710479736328
calibration_test/ece:	0.08703287690877914
calibration_test/brier:	0.5274304151535034
accuracy_test/task:	61.11494649637556
accuracy_test/concepts:	94.39505767822266
map_test/concepts:	0.9151625941197078

Epoch 93
losses_train/task:	1.0208489894866943
losses_train/concepts:	9.32751178741455
losses_train/precision:	0.5111556649208069
losses_train/total:	1.9587116241455078
losses_test/task:	1.6843231916427612
losses_test/concepts:	27.074249267578125
losses_test/precision:	0.5218409895896912
losses_test/total:	4.396966934204102
calibration_test/ece:	0.07800796627998352
calibration_test/brier:	0.49564310908317566
accuracy_test/task:	63.84190541939938
accuracy_test/concepts:	94.61974334716797
map_test/concepts:	0.9227068583170573

Epoch 94
losses_train/task:	0.9599940776824951
losses_train/concepts:	9.015632629394531
losses_train/precision:	0.5189483165740967
losses_train/total:	1.8667471408843994
losses_test/task:	1.7614625692367554
losses_test/concepts:	30.647798538208008
losses_test/precision:	0.5178275108337402
losses_test/total:	4.831420421600342
calibration_test/ece:	0.08680883049964905
calibration_test/brier:	0.5107854008674622
accuracy_test/task:	62.18501898515706
accuracy_test/concepts:	94.44999694824219
map_test/concepts:	0.9148563901583354

Epoch 95
losses_train/task:	1.0328587293624878
losses_train/concepts:	9.893099784851074
losses_train/precision:	0.526203453540802
losses_train/total:	2.027430295944214
losses_test/task:	1.7869627475738525
losses_test/concepts:	29.146915435791016
losses_test/precision:	0.5314713716506958
losses_test/total:	4.706968784332275
calibration_test/ece:	0.09992481023073196
calibration_test/brier:	0.5346611738204956
accuracy_test/task:	60.32102174663445
accuracy_test/concepts:	94.31969451904297
map_test/concepts:	0.9146440953016282

Epoch 96
losses_train/task:	1.0143104791641235
losses_train/concepts:	9.446489334106445
losses_train/precision:	0.5343995094299316
losses_train/total:	1.9643033742904663
losses_test/task:	1.7553187608718872
losses_test/concepts:	30.82684898376465
losses_test/precision:	0.536100447177887
losses_test/total:	4.843364715576172
calibration_test/ece:	0.08941967040300369
calibration_test/brier:	0.5147963762283325
accuracy_test/task:	62.046945115636866
accuracy_test/concepts:	94.68733215332031
map_test/concepts:	0.9152263661225637

Epoch 97
losses_train/task:	0.9776962399482727
losses_train/concepts:	9.01895523071289
losses_train/precision:	0.5455160737037659
losses_train/total:	1.8850469589233398
losses_test/task:	1.6944485902786255
losses_test/concepts:	26.12190055847168
losses_test/precision:	0.5497289299964905
losses_test/total:	4.312136650085449
calibration_test/ece:	0.08728287369012833
calibration_test/brier:	0.4990035593509674
accuracy_test/task:	63.18605453917846
accuracy_test/concepts:	94.80985260009766
map_test/concepts:	0.9246024231115977

Epoch 98
losses_train/task:	0.9352531433105469
losses_train/concepts:	8.737154006958008
losses_train/precision:	0.5535855889320374
losses_train/total:	1.8145045042037964
losses_test/task:	1.955653190612793
losses_test/concepts:	30.73172950744629
losses_test/precision:	0.5562630295753479
losses_test/total:	5.034388542175293
calibration_test/ece:	0.10679300129413605
calibration_test/brier:	0.5570309162139893
accuracy_test/task:	58.733172247152226
accuracy_test/concepts:	93.72110748291016
map_test/concepts:	0.9006575465202331

Epoch 99
losses_train/task:	0.9968775510787964
losses_train/concepts:	9.68893814086914
losses_train/precision:	0.5554277300834656
losses_train/total:	1.9713256359100342
losses_test/task:	1.7458657026290894
losses_test/concepts:	29.901813507080078
losses_test/precision:	0.553392231464386
losses_test/total:	4.741580963134766
calibration_test/ece:	0.09789609909057617
calibration_test/brier:	0.51577228307724
accuracy_test/task:	62.16775975146704
accuracy_test/concepts:	94.63093566894531
map_test/concepts:	0.9166339099407196

Epoch 100
losses_train/task:	1.009139060974121
losses_train/concepts:	9.551372528076172
losses_train/precision:	0.5557514429092407
losses_train/total:	1.9698338508605957
losses_test/task:	1.6665936708450317
losses_test/concepts:	26.258033752441406
losses_test/precision:	0.5564270615577698
losses_test/total:	4.297961235046387
calibration_train/ece:	0.05386526137590408
calibration_train/brier:	0.3208606541156769
accuracy_train/task:	74.64104729729729
calibration_test/ece:	0.08398208022117615
calibration_test/brier:	0.4926278293132782
accuracy_test/task:	64.32516396272005
accuracy_train/concepts:	94.6097183227539
map_train/concepts:	0.9674190411965052
accuracy_test/concepts:	94.8981704711914
map_test/concepts:	0.9253399749596913
accuracy_test/nuisances_task:	0.007301683609302227
accuracy_test/nuisances_nontask:	0.0
mutual_inf_test/nuisances_task:	0.0007580838879220107
mutual_inf_test/nuisances_nontask:	0.0

Epoch 101
losses_train/task:	0.9148906469345093
losses_train/concepts:	8.250568389892578
losses_train/precision:	0.5558013916015625
losses_train/total:	1.745505452156067
losses_test/task:	1.3722538948059082
losses_test/concepts:	21.492338180541992
losses_test/precision:	0.5556201338768005
losses_test/total:	3.5270440578460693
calibration_test/ece:	0.05834011733531952
calibration_test/brier:	0.4263302981853485
accuracy_test/task:	68.95063859164654
accuracy_test/concepts:	95.8321762084961
map_test/concepts:	0.9450038552284241

Epoch 102
losses_train/task:	0.8669635653495789
losses_train/concepts:	8.001130104064941
losses_train/precision:	0.5544852018356323
losses_train/total:	1.672621488571167
losses_test/task:	1.3364137411117554
losses_test/concepts:	21.819597244262695
losses_test/precision:	0.5531063079833984
losses_test/total:	3.523904323577881
calibration_test/ece:	0.052840907126665115
calibration_test/brier:	0.41495656967163086
accuracy_test/task:	70.03797031411806
accuracy_test/concepts:	96.00592803955078
map_test/concepts:	0.947121548652649

Epoch 103
losses_train/task:	0.8636119365692139
losses_train/concepts:	8.034514427185059
losses_train/precision:	0.5518014430999756
losses_train/total:	1.672581434249878
losses_test/task:	1.3226503133773804
losses_test/concepts:	22.072303771972656
losses_test/precision:	0.550554096698761
losses_test/total:	3.535386562347412
calibration_test/ece:	0.052365366369485855
calibration_test/brier:	0.4131782054901123
accuracy_test/task:	70.15878494994823
accuracy_test/concepts:	96.06748962402344
map_test/concepts:	0.9486591815948486

Epoch 104
losses_train/task:	0.8062970042228699
losses_train/concepts:	7.42191219329834
losses_train/precision:	0.5486121773719788
losses_train/total:	1.5539737939834595
losses_test/task:	1.3064502477645874
losses_test/concepts:	21.657608032226562
losses_test/precision:	0.5465642213821411
losses_test/total:	3.4776763916015625
calibration_test/ece:	0.05155450850725174
calibration_test/brier:	0.4089318811893463
accuracy_test/task:	70.62478425957887
accuracy_test/concepts:	96.12791442871094
map_test/concepts:	0.9499555756648381

Epoch 105
losses_train/task:	0.7736548781394958
losses_train/concepts:	6.97501277923584
losses_train/precision:	0.5453410148620605
losses_train/total:	1.4766095876693726
losses_test/task:	1.29325270652771
losses_test/concepts:	21.663850784301758
losses_test/precision:	0.5446966290473938
losses_test/total:	3.4650843143463135
calibration_test/ece:	0.05057913064956665
calibration_test/brier:	0.40382570028305054
accuracy_test/task:	71.1425612702796
accuracy_test/concepts:	96.20326232910156
map_test/concepts:	0.9507769534985224

Epoch 106
losses_train/task:	0.7870246171951294
losses_train/concepts:	7.101668834686279
losses_train/precision:	0.5446798205375671
losses_train/total:	1.502638578414917
losses_test/task:	1.2788926362991333
losses_test/concepts:	21.321462631225586
losses_test/precision:	0.5444234609603882
losses_test/total:	3.41648268699646
calibration_test/ece:	0.05013897269964218
calibration_test/brier:	0.4032617509365082
accuracy_test/task:	70.88367276492924
accuracy_test/concepts:	96.1903076171875
map_test/concepts:	0.9508334408203761

Epoch 107
losses_train/task:	0.8401026725769043
losses_train/concepts:	7.652702808380127
losses_train/precision:	0.543052077293396
losses_train/total:	1.6108036041259766
losses_test/task:	1.287376046180725
losses_test/concepts:	21.81625747680664
losses_test/precision:	0.5416579842567444
losses_test/total:	3.4744176864624023
calibration_test/ece:	0.0514393076300621
calibration_test/brier:	0.40366119146347046
accuracy_test/task:	70.93545046599931
accuracy_test/concepts:	96.23344421386719
map_test/concepts:	0.9512090136607488

Epoch 108
losses_train/task:	0.7823606133460999
losses_train/concepts:	7.092398166656494
losses_train/precision:	0.5406990647315979
losses_train/total:	1.4970076084136963
losses_test/task:	1.2767189741134644
losses_test/concepts:	21.646883010864258
losses_test/precision:	0.5397490859031677
losses_test/total:	3.4468040466308594
calibration_test/ece:	0.04776759818196297
calibration_test/brier:	0.3977280557155609
accuracy_test/task:	71.55678287884018
accuracy_test/concepts:	96.24755859375
map_test/concepts:	0.9509801189104716

Epoch 109
losses_train/task:	0.8055751323699951
losses_train/concepts:	7.4888176918029785
losses_train/precision:	0.5387173295021057
losses_train/total:	1.5598437786102295
losses_test/task:	1.281674861907959
losses_test/concepts:	22.340776443481445
losses_test/precision:	0.5374933481216431
losses_test/total:	3.521127939224243
calibration_test/ece:	0.05077314376831055
calibration_test/brier:	0.4000183045864105
accuracy_test/task:	71.38419054193994
accuracy_test/concepts:	96.27487182617188
map_test/concepts:	0.9508340189854304

Epoch 110
losses_train/task:	0.7998095154762268
losses_train/concepts:	7.406574249267578
losses_train/precision:	0.5361733436584473
losses_train/total:	1.5458288192749023
losses_test/task:	1.2754064798355103
losses_test/concepts:	22.03343391418457
losses_test/precision:	0.5347399711608887
losses_test/total:	3.484097719192505
calibration_test/ece:	0.05131620913743973
calibration_test/brier:	0.4003080725669861
accuracy_test/task:	71.2806351397998
accuracy_test/concepts:	96.23690795898438
map_test/concepts:	0.9507073481877645

Epoch 111
losses_train/task:	0.7342332601547241
losses_train/concepts:	6.620508193969727
losses_train/precision:	0.5341200232505798
losses_train/total:	1.4016252756118774
losses_test/task:	1.2745246887207031
losses_test/concepts:	22.2734375
losses_test/precision:	0.5335559248924255
losses_test/total:	3.5072038173675537
calibration_test/ece:	0.05148511379957199
calibration_test/brier:	0.3982062041759491
accuracy_test/task:	71.40144977562996
accuracy_test/concepts:	96.29759979248047
map_test/concepts:	0.9514646728833517

Epoch 112
losses_train/task:	0.7328602075576782
losses_train/concepts:	6.618930816650391
losses_train/precision:	0.5324933528900146
losses_train/total:	1.4000780582427979
losses_test/task:	1.2757775783538818
losses_test/concepts:	21.981508255004883
losses_test/precision:	0.531618058681488
losses_test/total:	3.4792444705963135
calibration_test/ece:	0.050632163882255554
calibration_test/brier:	0.39729246497154236
accuracy_test/task:	71.41870900931998
accuracy_test/concepts:	96.28752899169922
map_test/concepts:	0.9516788750886918

Epoch 113
losses_train/task:	0.708745539188385
losses_train/concepts:	6.342356204986572
losses_train/precision:	0.5314160585403442
losses_train/total:	1.3482954502105713
losses_test/task:	1.2673155069351196
losses_test/concepts:	21.804609298706055
losses_test/precision:	0.5308424830436707
losses_test/total:	3.453084707260132
calibration_test/ece:	0.050798967480659485
calibration_test/brier:	0.3973363935947418
accuracy_test/task:	71.52226441146013
accuracy_test/concepts:	96.2685546875
map_test/concepts:	0.951415236790975

Epoch 114
losses_train/task:	0.717567503452301
losses_train/concepts:	6.319689750671387
losses_train/precision:	0.5308666229248047
losses_train/total:	1.3548452854156494
losses_test/task:	1.2746542692184448
losses_test/concepts:	22.331106185913086
losses_test/precision:	0.5306759476661682
losses_test/total:	3.5130715370178223
calibration_test/ece:	0.0519215427339077
calibration_test/brier:	0.3973144292831421
accuracy_test/task:	71.60856057991025
accuracy_test/concepts:	96.29989624023438
map_test/concepts:	0.9509377807378769

Epoch 115
losses_train/task:	0.7493621110916138
losses_train/concepts:	6.57797908782959
losses_train/precision:	0.5295122265815735
losses_train/total:	1.4124548435211182
losses_test/task:	1.2731704711914062
losses_test/concepts:	22.340044021606445
losses_test/precision:	0.5278376340866089
losses_test/total:	3.512453556060791
calibration_test/ece:	0.05155123025178909
calibration_test/brier:	0.3973221480846405
accuracy_test/task:	71.62581981360027
accuracy_test/concepts:	96.29701232910156
map_test/concepts:	0.9509071449438731

Epoch 116
losses_train/task:	0.7449532151222229
losses_train/concepts:	6.726195812225342
losses_train/precision:	0.5261310935020447
losses_train/total:	1.4228341579437256
losses_test/task:	1.2707786560058594
losses_test/concepts:	22.36240005493164
losses_test/precision:	0.5241032242774963
losses_test/total:	3.5122604370117188
calibration_test/ece:	0.051934823393821716
calibration_test/brier:	0.3970300853252411
accuracy_test/task:	71.45322747670004
accuracy_test/concepts:	96.29270935058594
map_test/concepts:	0.9508884410063426

Epoch 117
losses_train/task:	0.710132360458374
losses_train/concepts:	6.398079872131348
losses_train/precision:	0.5226559638977051
losses_train/total:	1.3551665544509888
losses_test/task:	1.2585222721099854
losses_test/concepts:	22.124666213989258
losses_test/precision:	0.5220102071762085
losses_test/total:	3.4762094020843506
calibration_test/ece:	0.05073954537510872
calibration_test/brier:	0.3951185643672943
accuracy_test/task:	71.7811529168105
accuracy_test/concepts:	96.33010864257812
map_test/concepts:	0.9516691168149313

Epoch 118
losses_train/task:	0.7059994339942932
losses_train/concepts:	6.250561714172363
losses_train/precision:	0.5213337540626526
losses_train/total:	1.3362692594528198
losses_test/task:	1.254724144935608
losses_test/concepts:	21.8194522857666
losses_test/precision:	0.5204854607582092
losses_test/total:	3.4418742656707764
calibration_test/ece:	0.05225106328725815
calibration_test/brier:	0.3945772349834442
accuracy_test/task:	71.76389368312047
accuracy_test/concepts:	96.32145690917969
map_test/concepts:	0.9514512280623119

Epoch 119
losses_train/task:	0.7875640988349915
losses_train/concepts:	6.891615867614746
losses_train/precision:	0.519798755645752
losses_train/total:	1.4819235801696777
losses_test/task:	1.2605236768722534
losses_test/concepts:	22.53251838684082
losses_test/precision:	0.519528865814209
losses_test/total:	3.5189709663391113
calibration_test/ece:	0.04916449263691902
calibration_test/brier:	0.3928934335708618
accuracy_test/task:	71.97100448740076
accuracy_test/concepts:	96.35167694091797
map_test/concepts:	0.951362066467603

Epoch 120
losses_train/task:	0.7375701069831848
losses_train/concepts:	6.580187797546387
losses_train/precision:	0.519210696220398
losses_train/total:	1.4007809162139893
losses_test/task:	1.25989830493927
losses_test/concepts:	22.045635223388672
losses_test/precision:	0.5185261368751526
losses_test/total:	3.46964693069458
calibration_test/ece:	0.05256020650267601
calibration_test/brier:	0.3938644826412201
accuracy_test/task:	71.81567138419054
accuracy_test/concepts:	96.30623626708984
map_test/concepts:	0.9517518490552902

Epoch 121
losses_train/task:	0.7515326738357544
losses_train/concepts:	6.817031383514404
losses_train/precision:	0.5182691216468811
losses_train/total:	1.4384185075759888
losses_test/task:	1.263542652130127
losses_test/concepts:	22.147600173950195
losses_test/precision:	0.5172837972640991
losses_test/total:	3.4834752082824707
calibration_test/ece:	0.05493328347802162
calibration_test/brier:	0.39622312784194946
accuracy_test/task:	71.69485674836038
accuracy_test/concepts:	96.32147979736328
map_test/concepts:	0.9514029651880265

Epoch 122
losses_train/task:	0.7270717024803162
losses_train/concepts:	6.447123050689697
losses_train/precision:	0.5159201622009277
losses_train/total:	1.3769432306289673
losses_test/task:	1.26246976852417
losses_test/concepts:	22.3802547454834
losses_test/precision:	0.5147214531898499
losses_test/total:	3.505643129348755
calibration_test/ece:	0.05072775110602379
calibration_test/brier:	0.39441999793052673
accuracy_test/task:	72.02278218847083
accuracy_test/concepts:	96.33989715576172
map_test/concepts:	0.9516116579373678

Epoch 123
losses_train/task:	0.7291739583015442
losses_train/concepts:	6.728092193603516
losses_train/precision:	0.5136004686355591
losses_train/total:	1.4071193933486938
losses_test/task:	1.2534972429275513
losses_test/concepts:	22.152647018432617
losses_test/precision:	0.5128173232078552
losses_test/total:	3.4738903045654297
calibration_test/ece:	0.05118109658360481
calibration_test/brier:	0.39374789595603943
accuracy_test/task:	71.90196755264066
accuracy_test/concepts:	96.33182525634766
map_test/concepts:	0.9521564861138662

Epoch 124
losses_train/task:	0.6524821519851685
losses_train/concepts:	5.768662452697754
losses_train/precision:	0.512200653553009
losses_train/total:	1.2344707250595093
losses_test/task:	1.2447431087493896
losses_test/concepts:	21.708324432373047
losses_test/precision:	0.5110303163528442
losses_test/total:	3.420686960220337
calibration_test/ece:	0.05187828093767166
calibration_test/brier:	0.3907237648963928
accuracy_test/task:	72.143596824301
accuracy_test/concepts:	96.36721801757812
map_test/concepts:	0.9524082005023956

Epoch 125
losses_train/task:	0.7010997533798218
losses_train/concepts:	6.367290019989014
losses_train/precision:	0.5098413825035095
losses_train/total:	1.3429274559020996
losses_test/task:	1.2645862102508545
losses_test/concepts:	22.197158813476562
losses_test/precision:	0.508665144443512
losses_test/total:	3.489388942718506
calibration_test/ece:	0.05594231188297272
calibration_test/brier:	0.3965018093585968
accuracy_test/task:	71.79841215050052
accuracy_test/concepts:	96.33731842041016
map_test/concepts:	0.9519052684307099

Epoch 126
losses_train/task:	0.6901478171348572
losses_train/concepts:	6.098733425140381
losses_train/precision:	0.5073775053024292
losses_train/total:	1.3050950765609741
losses_test/task:	1.27311372756958
losses_test/concepts:	22.57125473022461
losses_test/precision:	0.5059469938278198
losses_test/total:	3.535299062728882
calibration_test/ece:	0.05895565450191498
calibration_test/brier:	0.39784446358680725
accuracy_test/task:	71.62581981360027
accuracy_test/concepts:	96.34535217285156
map_test/concepts:	0.9520437548557917

Epoch 127
losses_train/task:	0.7009190917015076
losses_train/concepts:	6.143321514129639
losses_train/precision:	0.5043665766716003
losses_train/total:	1.320294976234436
losses_test/task:	1.2686470746994019
losses_test/concepts:	22.195573806762695
losses_test/precision:	0.5028152465820312
losses_test/total:	3.4932327270507812
calibration_test/ece:	0.05293603241443634
calibration_test/brier:	0.39417564868927
accuracy_test/task:	71.88470831895064
accuracy_test/concepts:	96.34852600097656
map_test/concepts:	0.9518588205178579

Epoch 128
losses_train/task:	0.7089475989341736
losses_train/concepts:	6.4057297706604
losses_train/precision:	0.5018535256385803
losses_train/total:	1.354539155960083
losses_test/task:	1.2674682140350342
losses_test/concepts:	22.084548950195312
losses_test/precision:	0.500925600528717
losses_test/total:	3.4809324741363525
calibration_test/ece:	0.05731707811355591
calibration_test/brier:	0.3964519798755646
accuracy_test/task:	71.67759751467035
accuracy_test/concepts:	96.37901306152344
map_test/concepts:	0.9517571528752645

Epoch 129
losses_train/task:	0.7024736404418945
losses_train/concepts:	6.414088249206543
losses_train/precision:	0.5003527402877808
losses_train/total:	1.3488860130310059
losses_test/task:	1.266331434249878
losses_test/concepts:	22.35268783569336
losses_test/precision:	0.4998829960823059
losses_test/total:	3.506598711013794
calibration_test/ece:	0.05982767045497894
calibration_test/brier:	0.3947395384311676
accuracy_test/task:	71.66033828098033
accuracy_test/concepts:	96.36693572998047
map_test/concepts:	0.9517857184012731

Epoch 130
losses_train/task:	0.6901453733444214
losses_train/concepts:	6.036228179931641
losses_train/precision:	0.4993402659893036
losses_train/total:	1.2987617254257202
losses_test/task:	1.2796403169631958
losses_test/concepts:	23.297801971435547
losses_test/precision:	0.49860888719558716
losses_test/total:	3.614406108856201
calibration_test/ece:	0.062484417110681534
calibration_test/brier:	0.3983611464500427
accuracy_test/task:	71.40144977562996
accuracy_test/concepts:	96.38937377929688
map_test/concepts:	0.9515049447615941

Epoch 131
losses_train/task:	0.6906911730766296
losses_train/concepts:	6.110599994659424
losses_train/precision:	0.4983486533164978
losses_train/total:	1.3067346811294556
losses_test/task:	1.2663426399230957
losses_test/concepts:	22.607501983642578
losses_test/precision:	0.4978388249874115
losses_test/total:	3.5320706367492676
calibration_test/ece:	0.059227146208286285
calibration_test/brier:	0.396764874458313
accuracy_test/task:	71.66033828098033
accuracy_test/concepts:	96.39053344726562
map_test/concepts:	0.9519089053074519

Epoch 132
losses_train/task:	0.673195481300354
losses_train/concepts:	5.926368236541748
losses_train/precision:	0.49734798073768616
losses_train/total:	1.270805835723877
losses_test/task:	1.271223545074463
losses_test/concepts:	23.071733474731445
losses_test/precision:	0.49601730704307556
losses_test/total:	3.5833568572998047
calibration_test/ece:	0.06064576283097267
calibration_test/brier:	0.3957744538784027
accuracy_test/task:	71.81567138419054
accuracy_test/concepts:	96.42647552490234
map_test/concepts:	0.9525235414505004

Epoch 133
losses_train/task:	0.6599268913269043
losses_train/concepts:	5.925600528717041
losses_train/precision:	0.49451467394828796
losses_train/total:	1.2574318647384644
losses_test/task:	1.2616798877716064
losses_test/concepts:	22.29458999633789
losses_test/precision:	0.49335116147994995
losses_test/total:	3.496073007583618
calibration_test/ece:	0.05965879559516907
calibration_test/brier:	0.3959481418132782
accuracy_test/task:	71.66033828098033
accuracy_test/concepts:	96.40377044677734
map_test/concepts:	0.9527046024799347

Epoch 134
losses_train/task:	0.6644423604011536
losses_train/concepts:	6.016574382781982
losses_train/precision:	0.49311020970344543
losses_train/total:	1.2710310220718384
losses_test/task:	1.285081386566162
losses_test/concepts:	22.527132034301758
losses_test/precision:	0.4928526282310486
losses_test/total:	3.5427229404449463
calibration_test/ece:	0.06403450667858124
calibration_test/brier:	0.40162917971611023
accuracy_test/task:	71.47048671039006
accuracy_test/concepts:	96.3862075805664
map_test/concepts:	0.9518480996290842

Epoch 135
losses_train/task:	0.672497570514679
losses_train/concepts:	6.161383152008057
losses_train/precision:	0.49269306659698486
losses_train/total:	1.293562889099121
losses_test/task:	1.2627345323562622
losses_test/concepts:	22.14913558959961
losses_test/precision:	0.49200233817100525
losses_test/total:	3.48256778717041
calibration_test/ece:	0.06239502131938934
calibration_test/brier:	0.3956725597381592
accuracy_test/task:	71.97100448740076
accuracy_test/concepts:	96.41268157958984
map_test/concepts:	0.9529552718003591

Epoch 136
losses_train/task:	0.7047459483146667
losses_train/concepts:	6.479847431182861
losses_train/precision:	0.4909621775150299
losses_train/total:	1.3576403856277466
losses_test/task:	1.2550634145736694
losses_test/concepts:	21.745731353759766
losses_test/precision:	0.4898281693458557
losses_test/total:	3.434534788131714
calibration_test/ece:	0.06235896795988083
calibration_test/brier:	0.39408889412879944
accuracy_test/task:	71.91922678633068
accuracy_test/concepts:	96.39395904541016
map_test/concepts:	0.9530850609143575

Epoch 137
losses_train/task:	0.6699029803276062
losses_train/concepts:	5.9268975257873535
losses_train/precision:	0.488882452249527
losses_train/total:	1.2674814462661743
losses_test/task:	1.284873127937317
losses_test/concepts:	23.105867385864258
losses_test/precision:	0.4877459704875946
losses_test/total:	3.6003365516662598
calibration_test/ece:	0.0677269697189331
calibration_test/brier:	0.401140958070755
accuracy_test/task:	71.33241284086986
accuracy_test/concepts:	96.39366912841797
map_test/concepts:	0.9518386632204056

Epoch 138
losses_train/task:	0.6575081944465637
losses_train/concepts:	5.735438346862793
losses_train/precision:	0.487161248922348
losses_train/total:	1.2359235286712646
losses_test/task:	1.2833905220031738
losses_test/concepts:	22.94220733642578
losses_test/precision:	0.48631855845451355
losses_test/total:	3.582475185394287
calibration_test/ece:	0.06396409869194031
calibration_test/brier:	0.3997449576854706
accuracy_test/task:	71.6430790472903
accuracy_test/concepts:	96.39309692382812
map_test/concepts:	0.9519688129425049

Epoch 139
losses_train/task:	0.6779705882072449
losses_train/concepts:	5.8693366050720215
losses_train/precision:	0.4851541817188263
losses_train/total:	1.2697560787200928
losses_test/task:	1.266477346420288
losses_test/concepts:	22.63080596923828
losses_test/precision:	0.4839707016944885
losses_test/total:	3.534398078918457
calibration_test/ece:	0.06353402137756348
calibration_test/brier:	0.3965595066547394
accuracy_test/task:	71.81567138419054
accuracy_test/concepts:	96.43453979492188
map_test/concepts:	0.9526674677928288

Epoch 140
losses_train/task:	0.6568785905838013
losses_train/concepts:	5.732246398925781
losses_train/precision:	0.48331379890441895
losses_train/total:	1.2349364757537842
losses_test/task:	1.2609543800354004
losses_test/concepts:	22.49530601501465
losses_test/precision:	0.48280733823776245
losses_test/total:	3.515312671661377
calibration_test/ece:	0.06299018114805222
calibration_test/brier:	0.39507678151130676
accuracy_test/task:	71.67759751467035
accuracy_test/concepts:	96.4434585571289
map_test/concepts:	0.9529376675685247

Epoch 141
losses_train/task:	0.7140143513679504
losses_train/concepts:	6.378738880157471
losses_train/precision:	0.4823332130908966
losses_train/total:	1.3567111492156982
losses_test/task:	1.2746977806091309
losses_test/concepts:	23.06343650817871
losses_test/precision:	0.4815939664840698
losses_test/total:	3.58585786819458
calibration_test/ece:	0.06365527212619781
calibration_test/brier:	0.39624837040901184
accuracy_test/task:	71.67759751467035
accuracy_test/concepts:	96.4192886352539
map_test/concepts:	0.9525543649991354

Epoch 142
losses_train/task:	0.6380417346954346
losses_train/concepts:	5.5543742179870605
losses_train/precision:	0.48057109117507935
losses_train/total:	1.1982848644256592
losses_test/task:	1.2765414714813232
losses_test/concepts:	23.28675651550293
losses_test/precision:	0.47985973954200745
losses_test/total:	3.6100165843963623
calibration_test/ece:	0.06444817036390305
calibration_test/brier:	0.39564481377601624
accuracy_test/task:	71.86744908526062
accuracy_test/concepts:	96.4549560546875
map_test/concepts:	0.952470330397288

Epoch 143
losses_train/task:	0.7019011974334717
losses_train/concepts:	6.147126197814941
losses_train/precision:	0.4790002107620239
losses_train/total:	1.321403980255127
losses_test/task:	1.2655352354049683
losses_test/concepts:	22.396963119506836
losses_test/precision:	0.478340208530426
losses_test/total:	3.5100157260894775
calibration_test/ece:	0.06428708881139755
calibration_test/brier:	0.393842488527298
accuracy_test/task:	71.91922678633068
accuracy_test/concepts:	96.43281555175781
map_test/concepts:	0.9529819329579671

Epoch 144
losses_train/task:	0.6523852348327637
losses_train/concepts:	5.627334117889404
losses_train/precision:	0.4776737093925476
losses_train/total:	1.219895362854004
losses_test/task:	1.2643686532974243
losses_test/concepts:	22.720857620239258
losses_test/precision:	0.47704440355300903
losses_test/total:	3.541224718093872
calibration_test/ece:	0.06390158832073212
calibration_test/brier:	0.39493560791015625
accuracy_test/task:	71.97100448740076
accuracy_test/concepts:	96.47163391113281
map_test/concepts:	0.9530916879574458

Epoch 145
losses_train/task:	0.6270987391471863
losses_train/concepts:	5.346405029296875
losses_train/precision:	0.4758768379688263
losses_train/total:	1.1664979457855225
losses_test/task:	1.2569010257720947
losses_test/concepts:	22.499847412109375
losses_test/precision:	0.4749818444252014
losses_test/total:	3.5116357803344727
calibration_test/ece:	0.057653170078992844
calibration_test/brier:	0.39225873351097107
accuracy_test/task:	72.36796686227132
accuracy_test/concepts:	96.4725112915039
map_test/concepts:	0.9530660460392634

Epoch 146
losses_train/task:	0.6750812530517578
losses_train/concepts:	5.845012187957764
losses_train/precision:	0.474644273519516
losses_train/total:	1.2643290758132935
losses_test/task:	1.2659416198730469
losses_test/concepts:	22.766511917114258
losses_test/precision:	0.47393104434013367
losses_test/total:	3.5473320484161377
calibration_test/ece:	0.061446450650691986
calibration_test/brier:	0.39552298188209534
accuracy_test/task:	71.66033828098033
accuracy_test/concepts:	96.41209411621094
map_test/concepts:	0.9524177332719167

Epoch 147
losses_train/task:	0.6759927868843079
losses_train/concepts:	6.1225361824035645
losses_train/precision:	0.47390836477279663
losses_train/total:	1.2929855585098267
losses_test/task:	1.2666696310043335
losses_test/concepts:	23.35405158996582
losses_test/precision:	0.47378212213516235
losses_test/total:	3.6068122386932373
calibration_test/ece:	0.06465116143226624
calibration_test/brier:	0.39380139112472534
accuracy_test/task:	71.93648602002071
accuracy_test/concepts:	96.4523696899414
map_test/concepts:	0.9525540391604106

Epoch 148
losses_train/task:	0.6487841010093689
losses_train/concepts:	5.596651554107666
losses_train/precision:	0.4729364812374115
losses_train/total:	1.2131786346435547
losses_test/task:	1.2705274820327759
losses_test/concepts:	22.744121551513672
losses_test/precision:	0.47226712107658386
losses_test/total:	3.5496623516082764
calibration_test/ece:	0.06578859686851501
calibration_test/brier:	0.3949821889400482
accuracy_test/task:	71.79841215050052
accuracy_test/concepts:	96.43164825439453
map_test/concepts:	0.9528065423170725

Epoch 149
losses_train/task:	0.6604962944984436
losses_train/concepts:	5.753559112548828
losses_train/precision:	0.4715656638145447
losses_train/total:	1.2405680418014526
losses_test/task:	1.2840766906738281
losses_test/concepts:	23.507863998413086
losses_test/precision:	0.47053131461143494
losses_test/total:	3.639568328857422
calibration_test/ece:	0.06943449378013611
calibration_test/brier:	0.3986552059650421
accuracy_test/task:	71.24611667241975
accuracy_test/concepts:	96.4120864868164
map_test/concepts:	0.9520835955937703

Epoch 150
losses_train/task:	0.6236817836761475
losses_train/concepts:	5.573450088500977
losses_train/precision:	0.47009947896003723
losses_train/total:	1.185727596282959
losses_test/task:	1.2709872722625732
losses_test/concepts:	23.20570182800293
losses_test/precision:	0.4697139263153076
losses_test/total:	3.596254825592041
calibration_test/ece:	0.06455568224191666
calibration_test/brier:	0.39554867148399353
accuracy_test/task:	71.72937521574042
accuracy_test/concepts:	96.41783905029297
map_test/concepts:	0.9520612895488739

Epoch 151
losses_train/task:	0.6500453352928162
losses_train/concepts:	5.851518154144287
losses_train/precision:	0.46920979022979736
losses_train/total:	1.239889144897461
losses_test/task:	1.2684532403945923
losses_test/concepts:	22.720109939575195
losses_test/precision:	0.46830353140830994
losses_test/total:	3.5451478958129883
calibration_test/ece:	0.0655549019575119
calibration_test/brier:	0.39400771260261536
accuracy_test/task:	71.74663444943045
accuracy_test/concepts:	96.43336486816406
map_test/concepts:	0.9523418426513672

Epoch 152
losses_train/task:	0.6533165574073792
losses_train/concepts:	5.744685173034668
losses_train/precision:	0.46765029430389404
losses_train/total:	1.2324613332748413
losses_test/task:	1.2702642679214478
losses_test/concepts:	22.29499626159668
losses_test/precision:	0.46703583002090454
losses_test/total:	3.50443434715271
calibration_test/ece:	0.06299614906311035
calibration_test/brier:	0.3947818875312805
accuracy_test/task:	71.93648602002071
accuracy_test/concepts:	96.35255432128906
map_test/concepts:	0.9520768682161967

Epoch 153
losses_train/task:	0.6727903485298157
losses_train/concepts:	6.073922157287598
losses_train/precision:	0.46648913621902466
losses_train/total:	1.284847617149353
losses_test/task:	1.2818819284439087
losses_test/concepts:	23.322072982788086
losses_test/precision:	0.46587738394737244
losses_test/total:	3.6187477111816406
calibration_test/ece:	0.06820283830165863
calibration_test/brier:	0.395045667886734
accuracy_test/task:	71.7811529168105
accuracy_test/concepts:	96.42819213867188
map_test/concepts:	0.9520730833212535

Epoch 154
losses_train/task:	0.6359243392944336
losses_train/concepts:	5.735633850097656
losses_train/precision:	0.4658716022968292
losses_train/total:	1.2141462564468384
losses_test/task:	1.2659192085266113
losses_test/concepts:	23.02580451965332
losses_test/precision:	0.4659348130226135
losses_test/total:	3.57315993309021
calibration_test/ece:	0.06575538963079453
calibration_test/brier:	0.3913014233112335
accuracy_test/task:	72.16085605799103
accuracy_test/concepts:	96.4664535522461
map_test/concepts:	0.9528624832630157

Epoch 155
losses_train/task:	0.677987813949585
losses_train/concepts:	5.838360786437988
losses_train/precision:	0.46551504731178284
losses_train/total:	1.266479253768921
losses_test/task:	1.278635859489441
losses_test/concepts:	23.3129825592041
losses_test/precision:	0.4650249183177948
losses_test/total:	3.61458420753479
calibration_test/ece:	0.06305702030658722
calibration_test/brier:	0.39203590154647827
accuracy_test/task:	72.143596824301
accuracy_test/concepts:	96.43683624267578
map_test/concepts:	0.9515474488337835

Epoch 156
losses_train/task:	0.6250125169754028
losses_train/concepts:	5.502018451690674
losses_train/precision:	0.4645496606826782
losses_train/total:	1.1798597574234009
losses_test/task:	1.2714409828186035
losses_test/concepts:	23.264707565307617
losses_test/precision:	0.4637316167354584
losses_test/total:	3.6025497913360596
calibration_test/ece:	0.06558088213205338
calibration_test/brier:	0.39368438720703125
accuracy_test/task:	71.90196755264066
accuracy_test/concepts:	96.431640625
map_test/concepts:	0.9521742234627406

Epoch 157
losses_train/task:	0.6166946887969971
losses_train/concepts:	5.292101860046387
losses_train/precision:	0.46308231353759766
losses_train/total:	1.1505355834960938
losses_test/task:	1.2641931772232056
losses_test/concepts:	23.291948318481445
losses_test/precision:	0.4624188244342804
losses_test/total:	3.598013162612915
calibration_test/ece:	0.06486977636814117
calibration_test/brier:	0.3927425146102905
accuracy_test/task:	72.05730065585088
accuracy_test/concepts:	96.46903228759766
map_test/concepts:	0.952716330687205

Epoch 158
losses_train/task:	0.6633212566375732
losses_train/concepts:	5.8420491218566895
losses_train/precision:	0.4619324207305908
losses_train/total:	1.2521454095840454
losses_test/task:	1.2955546379089355
losses_test/concepts:	24.298622131347656
losses_test/precision:	0.4608076512813568
losses_test/total:	3.730025291442871
calibration_test/ece:	0.0698208138346672
calibration_test/brier:	0.3995281755924225
accuracy_test/task:	71.52226441146013
accuracy_test/concepts:	96.44458770751953
map_test/concepts:	0.9516642600297928

Epoch 159
losses_train/task:	0.636355996131897
losses_train/concepts:	5.499444961547852
losses_train/precision:	0.4600570797920227
losses_train/total:	1.1909008026123047
losses_test/task:	1.2851536273956299
losses_test/concepts:	23.29161262512207
losses_test/precision:	0.45945948362350464
losses_test/total:	3.6189095973968506
calibration_test/ece:	0.06917539983987808
calibration_test/brier:	0.39625558257102966
accuracy_test/task:	71.59130134622023
accuracy_test/concepts:	96.4187240600586
map_test/concepts:	0.9518182694911956

Epoch 160
losses_train/task:	0.6284781694412231
losses_train/concepts:	5.601574897766113
losses_train/precision:	0.4591493010520935
losses_train/total:	1.1932271718978882
losses_test/task:	1.2809038162231445
losses_test/concepts:	23.455095291137695
losses_test/precision:	0.45884445309638977
losses_test/total:	3.6310009956359863
calibration_test/ece:	0.06895902007818222
calibration_test/brier:	0.3960004448890686
accuracy_test/task:	71.83293061788056
accuracy_test/concepts:	96.4583969116211
map_test/concepts:	0.9521572589874268

Epoch 161
losses_train/task:	0.6481540203094482
losses_train/concepts:	5.693413257598877
losses_train/precision:	0.45858266949653625
losses_train/total:	1.222081184387207
losses_test/task:	1.2876745462417603
losses_test/concepts:	23.450002670288086
losses_test/precision:	0.4583532214164734
losses_test/total:	3.637258768081665
calibration_test/ece:	0.06972836703062057
calibration_test/brier:	0.39909273386001587
accuracy_test/task:	71.71211598205039
accuracy_test/concepts:	96.41956329345703
map_test/concepts:	0.9518760879834492

Epoch 162
losses_train/task:	0.6152526140213013
losses_train/concepts:	5.239274978637695
losses_train/precision:	0.45790719985961914
losses_train/total:	1.1437591314315796
losses_test/task:	1.2775009870529175
losses_test/concepts:	23.676321029663086
losses_test/precision:	0.4573783576488495
losses_test/total:	3.6497066020965576
calibration_test/ece:	0.07052730768918991
calibration_test/brier:	0.39828649163246155
accuracy_test/task:	71.33241284086986
accuracy_test/concepts:	96.4333724975586
map_test/concepts:	0.9517963488896688

Epoch 163
losses_train/task:	0.6303146481513977
losses_train/concepts:	5.482272148132324
losses_train/precision:	0.45709744095802307
losses_train/total:	1.1831129789352417
losses_test/task:	1.2855247259140015
losses_test/concepts:	23.46730613708496
losses_test/precision:	0.45647236704826355
losses_test/total:	3.63681960105896
calibration_test/ece:	0.07208101451396942
calibration_test/brier:	0.400023877620697
accuracy_test/task:	71.41870900931998
accuracy_test/concepts:	96.42617797851562
map_test/concepts:	0.9517497599124909

Epoch 164
losses_train/task:	0.6242377161979675
losses_train/concepts:	5.424620628356934
losses_train/precision:	0.45594602823257446
losses_train/total:	1.1712595224380493
losses_test/task:	1.2826106548309326
losses_test/concepts:	23.097681045532227
losses_test/precision:	0.4554361402988434
losses_test/total:	3.5969338417053223
calibration_test/ece:	0.07482346892356873
calibration_test/brier:	0.3992893397808075
accuracy_test/task:	71.43596824301001
accuracy_test/concepts:	96.44200897216797
map_test/concepts:	0.9517485539118449

Epoch 165
losses_train/task:	0.635631799697876
losses_train/concepts:	5.446157455444336
losses_train/precision:	0.45449042320251465
losses_train/total:	1.184792399406433
losses_test/task:	1.2797164916992188
losses_test/concepts:	22.845144271850586
losses_test/precision:	0.45382633805274963
losses_test/total:	3.5687685012817383
calibration_test/ece:	0.07152747362852097
calibration_test/brier:	0.39697620272636414
accuracy_test/task:	71.72937521574042
accuracy_test/concepts:	96.42589569091797
map_test/concepts:	0.9524138540029525

Epoch 166
losses_train/task:	0.6297244429588318
losses_train/concepts:	5.422561168670654
losses_train/precision:	0.45368269085884094
losses_train/total:	1.1765172481536865
losses_test/task:	1.2924867868423462
losses_test/concepts:	23.690834045410156
losses_test/precision:	0.45321980118751526
losses_test/total:	3.666102647781372
calibration_test/ece:	0.07300826907157898
calibration_test/brier:	0.4000738263130188
accuracy_test/task:	71.53952364515015
accuracy_test/concepts:	96.42532348632812
map_test/concepts:	0.9513144532839457

Epoch 167
losses_train/task:	0.639674723148346
losses_train/concepts:	5.592103481292725
losses_train/precision:	0.45275819301605225
losses_train/total:	1.2034128904342651
losses_test/task:	1.2867507934570312
losses_test/concepts:	23.410921096801758
losses_test/precision:	0.4520118236541748
losses_test/total:	3.63236403465271
calibration_test/ece:	0.07343734800815582
calibration_test/brier:	0.39863407611846924
accuracy_test/task:	71.41870900931998
accuracy_test/concepts:	96.4434585571289
map_test/concepts:	0.95169171889623

Epoch 168
losses_train/task:	0.6109325289726257
losses_train/concepts:	5.47204065322876
losses_train/precision:	0.4515712857246399
losses_train/total:	1.1626523733139038
losses_test/task:	1.2984613180160522
losses_test/concepts:	23.453948974609375
losses_test/precision:	0.4510180950164795
losses_test/total:	3.6483659744262695
calibration_test/ece:	0.07047146558761597
calibration_test/brier:	0.4020041823387146
accuracy_test/task:	71.57404211253021
accuracy_test/concepts:	96.40287780761719
map_test/concepts:	0.9513844947020212

Epoch 169
losses_train/task:	0.6236296892166138
losses_train/concepts:	5.473721981048584
losses_train/precision:	0.4508548974990845
losses_train/total:	1.1755104064941406
losses_test/task:	1.2940828800201416
losses_test/concepts:	23.58238410949707
losses_test/precision:	0.4504815936088562
losses_test/total:	3.656825542449951
calibration_test/ece:	0.07026973366737366
calibration_test/brier:	0.39987117052078247
accuracy_test/task:	71.74663444943045
accuracy_test/concepts:	96.44949340820312
map_test/concepts:	0.9515440146128337

Epoch 170
losses_train/task:	0.6385917067527771
losses_train/concepts:	5.613315582275391
losses_train/precision:	0.4501926898956299
losses_train/total:	1.2044250965118408
losses_test/task:	1.2690552473068237
losses_test/concepts:	22.780521392822266
losses_test/precision:	0.4497978985309601
losses_test/total:	3.551605701446533
calibration_test/ece:	0.06841321289539337
calibration_test/brier:	0.39470115303993225
accuracy_test/task:	71.81567138419054
accuracy_test/concepts:	96.42447662353516
map_test/concepts:	0.9518679658571879

Epoch 171
losses_train/task:	0.6221656799316406
losses_train/concepts:	5.435470104217529
losses_train/precision:	0.4498530328273773
losses_train/total:	1.1702115535736084
losses_test/task:	1.2876951694488525
losses_test/concepts:	23.459688186645508
losses_test/precision:	0.44991108775138855
losses_test/total:	3.6381630897521973
calibration_test/ece:	0.07134438306093216
calibration_test/brier:	0.39771392941474915
accuracy_test/task:	71.69485674836038
accuracy_test/concepts:	96.44661712646484
map_test/concepts:	0.9516773611307144

Epoch 172
losses_train/task:	0.6321226954460144
losses_train/concepts:	5.617753982543945
losses_train/precision:	0.44952476024627686
losses_train/total:	1.1983932256698608
losses_test/task:	1.306812047958374
losses_test/concepts:	23.06947135925293
losses_test/precision:	0.4490987956523895
losses_test/total:	3.618251323699951
calibration_test/ece:	0.07126045227050781
calibration_test/brier:	0.40164002776145935
accuracy_test/task:	71.34967207455989
accuracy_test/concepts:	96.37498474121094
map_test/concepts:	0.9512428720792134

Epoch 173
losses_train/task:	0.614059567451477
losses_train/concepts:	5.265230178833008
losses_train/precision:	0.44851154088974
losses_train/total:	1.145067811012268
losses_test/task:	1.286501407623291
losses_test/concepts:	22.735111236572266
losses_test/precision:	0.4478301703929901
losses_test/total:	3.564491033554077
calibration_test/ece:	0.07274883985519409
calibration_test/brier:	0.39827123284339905
accuracy_test/task:	71.48774594408009
accuracy_test/concepts:	96.3945541381836
map_test/concepts:	0.9516510168711344

Epoch 174
losses_train/task:	0.6050772070884705
losses_train/concepts:	5.121302127838135
losses_train/precision:	0.44731053709983826
losses_train/total:	1.1216806173324585
losses_test/task:	1.2904298305511475
losses_test/concepts:	23.56682014465332
losses_test/precision:	0.4466763138771057
losses_test/total:	3.6515796184539795
calibration_test/ece:	0.0740378126502037
calibration_test/brier:	0.4003174901008606
accuracy_test/task:	71.41870900931998
accuracy_test/concepts:	96.42819213867188
map_test/concepts:	0.9520223081111908

Epoch 175
losses_train/task:	0.6419545412063599
losses_train/concepts:	5.758339881896973
losses_train/precision:	0.4462434649467468
losses_train/total:	1.2222508192062378
losses_test/task:	1.3016350269317627
losses_test/concepts:	23.68451499938965
losses_test/precision:	0.4455205798149109
losses_test/total:	3.674541473388672
calibration_test/ece:	0.07569205015897751
calibration_test/brier:	0.4016193449497223
accuracy_test/task:	71.21159820503969
accuracy_test/concepts:	96.3985824584961
map_test/concepts:	0.9518343448638916

Epoch 176
losses_train/task:	0.6250635385513306
losses_train/concepts:	5.529521465301514
losses_train/precision:	0.4452725648880005
losses_train/total:	1.1824684143066406
losses_test/task:	1.2981239557266235
losses_test/concepts:	22.72991180419922
losses_test/precision:	0.44504162669181824
losses_test/total:	3.575566291809082
calibration_test/ece:	0.07617557793855667
calibration_test/brier:	0.4038485884666443
accuracy_test/task:	71.03900586813945
accuracy_test/concepts:	96.38504028320312
map_test/concepts:	0.9524030695358913

Epoch 177
losses_train/task:	0.5719635486602783
losses_train/concepts:	4.946370601654053
losses_train/precision:	0.4452792704105377
losses_train/total:	1.0710535049438477
losses_test/task:	1.2694883346557617
losses_test/concepts:	21.90806007385254
losses_test/precision:	0.44563162326812744
losses_test/total:	3.4647505283355713
calibration_test/ece:	0.07158621400594711
calibration_test/brier:	0.3952843248844147
accuracy_test/task:	71.71211598205039
accuracy_test/concepts:	96.41064453125
map_test/concepts:	0.9530819902817408

Epoch 178
losses_train/task:	0.6192173361778259
losses_train/concepts:	5.51318883895874
losses_train/precision:	0.44497862458229065
losses_train/total:	1.1749861240386963
losses_test/task:	1.2837862968444824
losses_test/concepts:	22.896604537963867
losses_test/precision:	0.4439944922924042
losses_test/total:	3.5778863430023193
calibration_test/ece:	0.07485224306583405
calibration_test/brier:	0.3990032374858856
accuracy_test/task:	71.43596824301001
accuracy_test/concepts:	96.46012878417969
map_test/concepts:	0.9526113837957382

Epoch 179
losses_train/task:	0.576804518699646
losses_train/concepts:	4.898299694061279
losses_train/precision:	0.44306957721710205
losses_train/total:	1.0710651874542236
losses_test/task:	1.2875027656555176
losses_test/concepts:	22.74455451965332
losses_test/precision:	0.4419574439525604
losses_test/total:	3.566377878189087
calibration_test/ece:	0.0748262107372284
calibration_test/brier:	0.39805832505226135
accuracy_test/task:	71.55678287884018
accuracy_test/concepts:	96.43309783935547
map_test/concepts:	0.9524356255928675

Epoch 180
losses_train/task:	0.5971493124961853
losses_train/concepts:	5.088640213012695
losses_train/precision:	0.44040778279304504
losses_train/total:	1.110417366027832
losses_test/task:	1.2803179025650024
losses_test/concepts:	22.402259826660156
losses_test/precision:	0.4387626349925995
losses_test/total:	3.524932622909546
calibration_test/ece:	0.07764791697263718
calibration_test/brier:	0.3992651104927063
accuracy_test/task:	71.38419054193994
accuracy_test/concepts:	96.43567657470703
map_test/concepts:	0.9530850052833557

Epoch 181
losses_train/task:	0.6008079051971436
losses_train/concepts:	5.360992431640625
losses_train/precision:	0.43758031725883484
losses_train/total:	1.1412830352783203
losses_test/task:	1.290094017982483
losses_test/concepts:	22.912433624267578
losses_test/precision:	0.4368284046649933
losses_test/total:	3.585705280303955
calibration_test/ece:	0.07794563472270966
calibration_test/brier:	0.40210503339767456
accuracy_test/task:	71.26337590610977
accuracy_test/concepts:	96.41869354248047
map_test/concepts:	0.9522695730129878

Epoch 182
losses_train/task:	0.5798563957214355
losses_train/concepts:	4.871604919433594
losses_train/precision:	0.4367201626300812
losses_train/total:	1.071384072303772
losses_test/task:	1.2872687578201294
losses_test/concepts:	22.841367721557617
losses_test/precision:	0.436574786901474
losses_test/total:	3.575770616531372
calibration_test/ece:	0.07729972898960114
calibration_test/brier:	0.40089792013168335
accuracy_test/task:	71.2806351397998
accuracy_test/concepts:	96.41439819335938
map_test/concepts:	0.9522606690724691

Epoch 183
losses_train/task:	0.5688020586967468
losses_train/concepts:	4.815030097961426
losses_train/precision:	0.43609723448753357
losses_train/total:	1.0546661615371704
losses_test/task:	1.2999961376190186
losses_test/concepts:	23.607988357543945
losses_test/precision:	0.43498024344444275
losses_test/total:	3.665144205093384
calibration_test/ece:	0.07897781580686569
calibration_test/brier:	0.403224915266037
accuracy_test/task:	71.03900586813945
accuracy_test/concepts:	96.40576171875
map_test/concepts:	0.9511453290780385

Epoch 184
losses_train/task:	0.5805166959762573
losses_train/concepts:	5.1637444496154785
losses_train/precision:	0.43404683470726013
losses_train/total:	1.101231575012207
losses_test/task:	1.2964965105056763
losses_test/concepts:	23.918230056762695
losses_test/precision:	0.4334889054298401
losses_test/total:	3.6926538944244385
calibration_test/ece:	0.08202748745679855
calibration_test/brier:	0.40144866704940796
accuracy_test/task:	71.12530203658957
accuracy_test/concepts:	96.47653198242188
map_test/concepts:	0.9522232671578725

Epoch 185
losses_train/task:	0.5698089003562927
losses_train/concepts:	4.896291732788086
losses_train/precision:	0.43335384130477905
losses_train/total:	1.0637717247009277
losses_test/task:	1.3052641153335571
losses_test/concepts:	23.9446964263916
losses_test/precision:	0.4330284297466278
losses_test/total:	3.70406436920166
calibration_test/ece:	0.07851352542638779
calibration_test/brier:	0.4021953344345093
accuracy_test/task:	71.22885743872972
accuracy_test/concepts:	96.4678955078125
map_test/concepts:	0.951587071021398

Epoch 186
losses_train/task:	0.6208583116531372
losses_train/concepts:	5.338736057281494
losses_train/precision:	0.43211039900779724
losses_train/total:	1.159053087234497
losses_test/task:	1.30515718460083
losses_test/concepts:	23.84186363220215
losses_test/precision:	0.43131765723228455
losses_test/total:	3.6936557292938232
calibration_test/ece:	0.08094976842403412
calibration_test/brier:	0.40420737862586975
accuracy_test/task:	71.10804280289955
accuracy_test/concepts:	96.42591094970703
map_test/concepts:	0.951262453198433

Epoch 187
losses_train/task:	0.554330587387085
losses_train/concepts:	4.793594837188721
losses_train/precision:	0.43059003353118896
losses_train/total:	1.0379959344863892
losses_test/task:	1.2911169528961182
losses_test/concepts:	23.14992332458496
losses_test/precision:	0.4298554062843323
losses_test/total:	3.6104087829589844
calibration_test/ece:	0.07996684312820435
calibration_test/brier:	0.40195900201797485
accuracy_test/task:	71.41870900931998
accuracy_test/concepts:	96.44259643554688
map_test/concepts:	0.9513007571299871

Epoch 188
losses_train/task:	0.6134161949157715
losses_train/concepts:	5.342501163482666
losses_train/precision:	0.4295291602611542
losses_train/total:	1.1519616842269897
losses_test/task:	1.3034478425979614
losses_test/concepts:	23.393239974975586
losses_test/precision:	0.4289785623550415
losses_test/total:	3.647061586380005
calibration_test/ece:	0.0819837674498558
calibration_test/brier:	0.4060083329677582
accuracy_test/task:	71.03900586813945
accuracy_test/concepts:	96.3712387084961
map_test/concepts:	0.9509409079949062

Epoch 189
losses_train/task:	0.6451335549354553
losses_train/concepts:	5.621674060821533
losses_train/precision:	0.4282366931438446
losses_train/total:	1.2115834951400757
losses_test/task:	1.2960562705993652
losses_test/concepts:	23.049774169921875
losses_test/precision:	0.4275520145893097
losses_test/total:	3.605309247970581
calibration_test/ece:	0.07527691125869751
calibration_test/brier:	0.4005046486854553
accuracy_test/task:	71.5050051777701
accuracy_test/concepts:	96.40663146972656
map_test/concepts:	0.9520171016454697

Epoch 190
losses_train/task:	0.5917080044746399
losses_train/concepts:	5.440584659576416
losses_train/precision:	0.42696818709373474
losses_train/total:	1.1400363445281982
losses_test/task:	1.2978007793426514
losses_test/concepts:	23.111745834350586
losses_test/precision:	0.4262993037700653
losses_test/total:	3.613236904144287
calibration_test/ece:	0.07937228679656982
calibration_test/brier:	0.402885377407074
accuracy_test/task:	71.21159820503969
accuracy_test/concepts:	96.41639709472656
map_test/concepts:	0.9514636536439259

Epoch 191
losses_train/task:	0.5904403328895569
losses_train/concepts:	5.054281711578369
losses_train/precision:	0.4260396361351013
losses_train/total:	1.1001290082931519
losses_test/task:	1.2980049848556519
losses_test/concepts:	23.458345413208008
losses_test/precision:	0.4263494312763214
losses_test/total:	3.6481027603149414
calibration_test/ece:	0.07962485402822495
calibration_test/brier:	0.40242600440979004
accuracy_test/task:	71.2806351397998
accuracy_test/concepts:	96.43309783935547
map_test/concepts:	0.9517218271891276

Epoch 192
losses_train/task:	0.5784555673599243
losses_train/concepts:	5.238658905029297
losses_train/precision:	0.42580342292785645
losses_train/total:	1.1065794229507446
losses_test/task:	1.3083034753799438
losses_test/concepts:	23.83494758605957
losses_test/precision:	0.4246160387992859
losses_test/total:	3.696044921875
calibration_test/ece:	0.07800127565860748
calibration_test/brier:	0.4029313623905182
accuracy_test/task:	71.36693130824992
accuracy_test/concepts:	96.41004943847656
map_test/concepts:	0.9512783219416936

Epoch 193
losses_train/task:	0.5989726185798645
losses_train/concepts:	5.075232982635498
losses_train/precision:	0.423646479845047
losses_train/total:	1.1107324361801147
losses_test/task:	1.2991917133331299
losses_test/concepts:	23.23042869567871
losses_test/precision:	0.4229162037372589
losses_test/total:	3.6264631748199463
calibration_test/ece:	0.07722333073616028
calibration_test/brier:	0.4010704457759857
accuracy_test/task:	71.41870900931998
accuracy_test/concepts:	96.41267395019531
map_test/concepts:	0.9514040023088455

Epoch 194
losses_train/task:	0.6259127855300903
losses_train/concepts:	5.518392562866211
losses_train/precision:	0.4220620393753052
losses_train/total:	1.1819723844528198
losses_test/task:	1.2996631860733032
losses_test/concepts:	24.220687866210938
losses_test/precision:	0.42113691568374634
losses_test/total:	3.725942611694336
calibration_test/ece:	0.076177679002285
calibration_test/brier:	0.40290001034736633
accuracy_test/task:	71.29789437348981
accuracy_test/concepts:	96.41842651367188
map_test/concepts:	0.9509988139073055

Epoch 195
losses_train/task:	0.5712800621986389
losses_train/concepts:	4.9707417488098145
losses_train/precision:	0.42108872532844543
losses_train/total:	1.0725653171539307
losses_test/task:	1.292667269706726
losses_test/concepts:	23.519550323486328
losses_test/precision:	0.42140135169029236
losses_test/total:	3.648836851119995
calibration_test/ece:	0.07448171824216843
calibration_test/brier:	0.4002486765384674
accuracy_test/task:	71.62581981360027
accuracy_test/concepts:	96.421875
map_test/concepts:	0.9515159289042155

Epoch 196
losses_train/task:	0.5911132097244263
losses_train/concepts:	5.144539833068848
losses_train/precision:	0.42134493589401245
losses_train/total:	1.1097806692123413
losses_test/task:	1.3039240837097168
losses_test/concepts:	23.569732666015625
losses_test/precision:	0.4209262728691101
losses_test/total:	3.665106773376465
calibration_test/ece:	0.0768074244260788
calibration_test/brier:	0.403198778629303
accuracy_test/task:	71.52226441146013
accuracy_test/concepts:	96.44373321533203
map_test/concepts:	0.9520336151123047

Epoch 197
losses_train/task:	0.581138551235199
losses_train/concepts:	5.174947738647461
losses_train/precision:	0.42053383588790894
losses_train/total:	1.1028388738632202
losses_test/task:	1.3076547384262085
losses_test/concepts:	23.920774459838867
losses_test/precision:	0.4201461672782898
losses_test/total:	3.7039334774017334
calibration_test/ece:	0.07836268097162247
calibration_test/brier:	0.4052980840206146
accuracy_test/task:	71.22885743872972
accuracy_test/concepts:	96.44719696044922
map_test/concepts:	0.9512949218352635

Epoch 198
losses_train/task:	0.5967782139778137
losses_train/concepts:	5.294326305389404
losses_train/precision:	0.41962364315986633
losses_train/total:	1.1304072141647339
losses_test/task:	1.2932745218276978
losses_test/concepts:	23.093280792236328
losses_test/precision:	0.4188651740550995
losses_test/total:	3.6067912578582764
calibration_test/ece:	0.07585349678993225
calibration_test/brier:	0.4003843367099762
accuracy_test/task:	71.52226441146013
accuracy_test/concepts:	96.42762756347656
map_test/concepts:	0.9515143752098083

Epoch 199
losses_train/task:	0.6162776350975037
losses_train/concepts:	5.226231575012207
losses_train/precision:	0.4179258346557617
losses_train/total:	1.1430799961090088
losses_test/task:	1.2859408855438232
losses_test/concepts:	23.217594146728516
losses_test/precision:	0.4172879159450531
losses_test/total:	3.611872911453247
calibration_test/ece:	0.07470347732305527
calibration_test/brier:	0.39717772603034973
accuracy_test/task:	71.66033828098033
accuracy_test/concepts:	96.42964935302734
map_test/concepts:	0.951672954360644

Epoch 200
losses_train/task:	0.6110941171646118
losses_train/concepts:	5.42434549331665
losses_train/precision:	0.4166133403778076
losses_train/total:	1.157694697380066
losses_test/task:	1.2914111614227295
losses_test/concepts:	23.75682258605957
losses_test/precision:	0.41578108072280884
losses_test/total:	3.6712515354156494
calibration_train/ece:	0.054462287575006485
calibration_train/brier:	0.1514921635389328
accuracy_train/task:	88.61908783783784
calibration_test/ece:	0.07686296105384827
calibration_test/brier:	0.39801454544067383
accuracy_test/task:	71.67759751467035
accuracy_train/concepts:	97.893798828125
map_train/concepts:	0.9925158977508545
accuracy_test/concepts:	96.44776916503906
map_test/concepts:	0.9516274720430374
accuracy_test/nuisances_task:	-0.01825529795426589
accuracy_test/nuisances_nontask:	0.0
mutual_inf_test/nuisances_task:	-0.0034402996102530182
mutual_inf_test/nuisances_nontask:	0.0

Epoch 201
losses_train/task:	0.6056898236274719
losses_train/concepts:	5.227652072906494
losses_train/precision:	0.41574275493621826
losses_train/total:	1.1326122283935547
losses_test/task:	1.2809181213378906
losses_test/concepts:	23.03295135498047
losses_test/precision:	0.41575369238853455
losses_test/total:	3.5883712768554688
calibration_test/ece:	0.07739067077636719
calibration_test/brier:	0.3971366584300995
accuracy_test/task:	71.71211598205039
accuracy_test/concepts:	96.44345092773438
map_test/concepts:	0.9519091278314591

Epoch 202
losses_train/task:	0.6066932082176208
losses_train/concepts:	5.366889476776123
losses_train/precision:	0.41565215587615967
losses_train/total:	1.1475385427474976
losses_test/task:	1.294567346572876
losses_test/concepts:	23.63942527770996
losses_test/precision:	0.4155673682689667
losses_test/total:	3.662665367126465
calibration_test/ece:	0.07713370770215988
calibration_test/brier:	0.40031611919403076
accuracy_test/task:	71.41870900931998
accuracy_test/concepts:	96.41181945800781
map_test/concepts:	0.9513547678788503

Epoch 203
losses_train/task:	0.5689845681190491
losses_train/concepts:	4.795715808868408
losses_train/precision:	0.4155251979827881
losses_train/total:	1.0527113676071167
losses_test/task:	1.2899311780929565
losses_test/concepts:	23.499835968017578
losses_test/precision:	0.41550955176353455
losses_test/total:	3.6440699100494385
calibration_test/ece:	0.07899721711874008
calibration_test/brier:	0.39962732791900635
accuracy_test/task:	71.43596824301001
accuracy_test/concepts:	96.43827819824219
map_test/concepts:	0.9516802102327346

Epoch 204
losses_train/task:	0.5808402299880981
losses_train/concepts:	5.048855781555176
losses_train/precision:	0.4154088795185089
losses_train/total:	1.0898799896240234
losses_test/task:	1.2885719537734985
losses_test/concepts:	23.46880340576172
losses_test/precision:	0.4153355062007904
losses_test/total:	3.6396050453186035
calibration_test/ece:	0.07746493071317673
calibration_test/brier:	0.3980456590652466
accuracy_test/task:	71.69485674836038
accuracy_test/concepts:	96.4523696899414
map_test/concepts:	0.9517591138680775

Epoch 205
losses_train/task:	0.6121286153793335
losses_train/concepts:	5.301414489746094
losses_train/precision:	0.4152270555496216
losses_train/total:	1.1464225053787231
losses_test/task:	1.2920382022857666
losses_test/concepts:	22.83918571472168
losses_test/precision:	0.41516759991645813
losses_test/total:	3.5801076889038086
calibration_test/ece:	0.08020881563425064
calibration_test/brier:	0.40144962072372437
accuracy_test/task:	71.22885743872972
accuracy_test/concepts:	96.40060424804688
map_test/concepts:	0.9517325709263483

Epoch 206
losses_train/task:	0.5842626690864563
losses_train/concepts:	4.9631667137146
losses_train/precision:	0.41506409645080566
losses_train/total:	1.0847301483154297
losses_test/task:	1.2920479774475098
losses_test/concepts:	22.84769630432129
losses_test/precision:	0.4149932563304901
losses_test/total:	3.5809669494628906
calibration_test/ece:	0.07890018820762634
calibration_test/brier:	0.3999701142311096
accuracy_test/task:	71.57404211253021
accuracy_test/concepts:	96.42215728759766
map_test/concepts:	0.9518130948146184

Epoch 207
losses_train/task:	0.5995603799819946
losses_train/concepts:	5.18451452255249
losses_train/precision:	0.4148205816745758
losses_train/total:	1.1221599578857422
losses_test/task:	1.294478178024292
losses_test/concepts:	23.349411010742188
losses_test/precision:	0.41470152139663696
losses_test/total:	3.633565902709961
calibration_test/ece:	0.07752987742424011
calibration_test/brier:	0.3994733989238739
accuracy_test/task:	71.5050051777701
accuracy_test/concepts:	96.4333724975586
map_test/concepts:	0.9518276661634445

Epoch 208
losses_train/task:	0.5548453330993652
losses_train/concepts:	4.703824043273926
losses_train/precision:	0.41458263993263245
losses_train/total:	1.0293736457824707
losses_test/task:	1.282471776008606
losses_test/concepts:	22.846818923950195
losses_test/precision:	0.4145449101924896
losses_test/total:	3.5712990760803223
calibration_test/ece:	0.07726128399372101
calibration_test/brier:	0.3961782455444336
accuracy_test/task:	71.83293061788056
accuracy_test/concepts:	96.4549560546875
map_test/concepts:	0.9521364460388819

Epoch 209
losses_train/task:	0.5956104397773743
losses_train/concepts:	5.203300476074219
losses_train/precision:	0.41444119811058044
losses_train/total:	1.1200848817825317
losses_test/task:	1.296785831451416
losses_test/concepts:	23.290334701538086
losses_test/precision:	0.41438028216362
losses_test/total:	3.629962921142578
calibration_test/ece:	0.07864432036876678
calibration_test/brier:	0.4004925489425659
accuracy_test/task:	71.38419054193994
accuracy_test/concepts:	96.42159271240234
map_test/concepts:	0.9515222579240799

Epoch 210
losses_train/task:	0.5772024393081665
losses_train/concepts:	4.886322498321533
losses_train/precision:	0.4142457842826843
losses_train/total:	1.0699774026870728
losses_test/task:	1.2834415435791016
losses_test/concepts:	23.02674674987793
losses_test/precision:	0.41418954730033875
losses_test/total:	3.5902583599090576
calibration_test/ece:	0.07706739008426666
calibration_test/brier:	0.39832568168640137
accuracy_test/task:	71.69485674836038
accuracy_test/concepts:	96.44574737548828
map_test/concepts:	0.9520967344443003

Epoch 211
losses_train/task:	0.5733098983764648
losses_train/concepts:	5.000166893005371
losses_train/precision:	0.4140786826610565
losses_train/total:	1.0774673223495483
losses_test/task:	1.293243646621704
losses_test/concepts:	23.521997451782227
losses_test/precision:	0.4140549302101135
losses_test/total:	3.6495842933654785
calibration_test/ece:	0.08018448203802109
calibration_test/brier:	0.4008128345012665
accuracy_test/task:	71.41870900931998
accuracy_test/concepts:	96.4491958618164
map_test/concepts:	0.9517122000455857

Epoch 212
losses_train/task:	0.5846903920173645
losses_train/concepts:	5.094319820404053
losses_train/precision:	0.41397953033447266
losses_train/total:	1.098262071609497
losses_test/task:	1.297236442565918
losses_test/concepts:	23.776897430419922
losses_test/precision:	0.4139271378517151
losses_test/total:	3.679065704345703
calibration_test/ece:	0.08026225864887238
calibration_test/brier:	0.4000048339366913
accuracy_test/task:	71.48774594408009
accuracy_test/concepts:	96.46791076660156
map_test/concepts:	0.9519943922758103

Epoch 213
losses_train/task:	0.5929332375526428
losses_train/concepts:	5.121380805969238
losses_train/precision:	0.4138765037059784
losses_train/total:	1.1092098951339722
losses_test/task:	1.2873954772949219
losses_test/concepts:	23.50916862487793
losses_test/precision:	0.41383740305900574
losses_test/total:	3.6424508094787598
calibration_test/ece:	0.0783526673913002
calibration_test/brier:	0.3982067108154297
accuracy_test/task:	71.6430790472903
accuracy_test/concepts:	96.45234680175781
map_test/concepts:	0.951827206214269

Epoch 214
losses_train/task:	0.5832372903823853
losses_train/concepts:	5.054319381713867
losses_train/precision:	0.4137864410877228
losses_train/total:	1.0928070545196533
losses_test/task:	1.2948036193847656
losses_test/concepts:	23.22237205505371
losses_test/precision:	0.4138336777687073
losses_test/total:	3.6211798191070557
calibration_test/ece:	0.07857643812894821
calibration_test/brier:	0.39918261766433716
accuracy_test/task:	71.72937521574042
accuracy_test/concepts:	96.45697784423828
map_test/concepts:	0.9520266125599544

Epoch 215
losses_train/task:	0.5936761498451233
losses_train/concepts:	5.229873180389404
losses_train/precision:	0.4138217568397522
losses_train/total:	1.1208014488220215
losses_test/task:	1.2914775609970093
losses_test/concepts:	23.487346649169922
losses_test/precision:	0.41375547647476196
losses_test/total:	3.644350290298462
calibration_test/ece:	0.08039756119251251
calibration_test/brier:	0.39836958050727844
accuracy_test/task:	71.55678287884018
accuracy_test/concepts:	96.45954132080078
map_test/concepts:	0.9520362575848897

Epoch 216
losses_train/task:	0.5746079087257385
losses_train/concepts:	4.97512149810791
losses_train/precision:	0.41366544365882874
losses_train/total:	1.0762566328048706
losses_test/task:	1.3002824783325195
losses_test/concepts:	23.513608932495117
losses_test/precision:	0.4135831296443939
losses_test/total:	3.6557791233062744
calibration_test/ece:	0.07956694066524506
calibration_test/brier:	0.4014686942100525
accuracy_test/task:	71.5050051777701
accuracy_test/concepts:	96.4517822265625
map_test/concepts:	0.951730665564537

Epoch 217
losses_train/task:	0.6177262663841248
losses_train/concepts:	5.393482208251953
losses_train/precision:	0.4135418236255646
losses_train/total:	1.161210060119629
losses_test/task:	1.2970415353775024
losses_test/concepts:	23.572717666625977
losses_test/precision:	0.4135034382343292
losses_test/total:	3.6584486961364746
calibration_test/ece:	0.0800500214099884
calibration_test/brier:	0.40160685777664185
accuracy_test/task:	71.36693130824992
accuracy_test/concepts:	96.44458770751953
map_test/concepts:	0.9517442593971889

Epoch 218
losses_train/task:	0.5829809308052063
losses_train/concepts:	4.953221797943115
losses_train/precision:	0.413450688123703
losses_train/total:	1.0824376344680786
losses_test/task:	1.287366509437561
losses_test/concepts:	23.22365379333496
losses_test/precision:	0.41336628794670105
losses_test/total:	3.613866090774536
calibration_test/ece:	0.07872170209884644
calibration_test/brier:	0.39887964725494385
accuracy_test/task:	71.5050051777701
accuracy_test/concepts:	96.45293426513672
map_test/concepts:	0.9520170559485753

Epoch 219
losses_train/task:	0.5682019591331482
losses_train/concepts:	4.850241661071777
losses_train/precision:	0.41329845786094666
losses_train/total:	1.0573590993881226
losses_test/task:	1.300309658050537
losses_test/concepts:	23.711776733398438
losses_test/precision:	0.4132135808467865
losses_test/total:	3.6756198406219482
calibration_test/ece:	0.07793787121772766
calibration_test/brier:	0.4000184237957001
accuracy_test/task:	71.53952364515015
accuracy_test/concepts:	96.45783233642578
map_test/concepts:	0.9518199602762858

Epoch 220
losses_train/task:	0.6281841397285461
losses_train/concepts:	5.529705047607422
losses_train/precision:	0.41309690475463867
losses_train/total:	1.1852855682373047
losses_test/task:	1.2909423112869263
losses_test/concepts:	23.8602237701416
losses_test/precision:	0.412981241941452
losses_test/total:	3.6810944080352783
calibration_test/ece:	0.0789186954498291
calibration_test/brier:	0.39935657382011414
accuracy_test/task:	71.5050051777701
accuracy_test/concepts:	96.48343658447266
map_test/concepts:	0.9518761038780212

Epoch 221
losses_train/task:	0.5636531114578247
losses_train/concepts:	5.063161849975586
losses_train/precision:	0.4129563570022583
losses_train/total:	1.0740989446640015
losses_test/task:	1.29377281665802
losses_test/concepts:	23.538490295410156
losses_test/precision:	0.4129011332988739
losses_test/total:	3.651750326156616
calibration_test/ece:	0.0784403532743454
calibration_test/brier:	0.39879801869392395
accuracy_test/task:	71.59130134622023
accuracy_test/concepts:	96.45380401611328
map_test/concepts:	0.9519570310910542

Epoch 222
losses_train/task:	0.5613878965377808
losses_train/concepts:	4.762059688568115
losses_train/precision:	0.4128541946411133
losses_train/total:	1.0417225360870361
losses_test/task:	1.291630506515503
losses_test/concepts:	23.042654037475586
losses_test/precision:	0.4127160906791687
losses_test/total:	3.6000235080718994
calibration_test/ece:	0.0779283419251442
calibration_test/brier:	0.39846470952033997
accuracy_test/task:	71.69485674836038
accuracy_test/concepts:	96.45295715332031
map_test/concepts:	0.9521239111820857

Epoch 223
losses_train/task:	0.5927552580833435
losses_train/concepts:	5.296098232269287
losses_train/precision:	0.41266801953315735
losses_train/total:	1.1264915466308594
losses_test/task:	1.2865769863128662
losses_test/concepts:	23.639625549316406
losses_test/precision:	0.4125301241874695
losses_test/total:	3.6546647548675537
calibration_test/ece:	0.07757632434368134
calibration_test/brier:	0.3973187804222107
accuracy_test/task:	71.79841215050052
accuracy_test/concepts:	96.47019958496094
map_test/concepts:	0.9522557506958643

Epoch 224
losses_train/task:	0.5635349154472351
losses_train/concepts:	4.810214519500732
losses_train/precision:	0.41254398226737976
losses_train/total:	1.0486819744110107
losses_test/task:	1.296135663986206
losses_test/concepts:	23.38778305053711
losses_test/precision:	0.4125022888183594
losses_test/total:	3.6390397548675537
calibration_test/ece:	0.08200499415397644
calibration_test/brier:	0.40066826343536377
accuracy_test/task:	71.31515360717984
accuracy_test/concepts:	96.45465850830078
map_test/concepts:	0.9522550274928411

Epoch 225
losses_train/task:	0.5651986002922058
losses_train/concepts:	4.9715895652771
losses_train/precision:	0.41250544786453247
losses_train/total:	1.066482424736023
losses_test/task:	1.2914988994598389
losses_test/concepts:	23.605937957763672
losses_test/precision:	0.4124508500099182
losses_test/total:	3.656217336654663
calibration_test/ece:	0.08071107417345047
calibration_test/brier:	0.39911338686943054
accuracy_test/task:	71.48774594408009
accuracy_test/concepts:	96.46271514892578
map_test/concepts:	0.952085926135381

Epoch 226
losses_train/task:	0.5608822703361511
losses_train/concepts:	4.845433712005615
losses_train/precision:	0.4124439060688019
losses_train/total:	1.0495502948760986
losses_test/task:	1.286368489265442
losses_test/concepts:	23.081628799438477
losses_test/precision:	0.4123457372188568
losses_test/total:	3.5986547470092773
calibration_test/ece:	0.07731388509273529
calibration_test/brier:	0.3979205787181854
accuracy_test/task:	71.76389368312047
accuracy_test/concepts:	96.45811462402344
map_test/concepts:	0.9521411418914795

Epoch 227
losses_train/task:	0.5963335037231445
losses_train/concepts:	5.131441593170166
losses_train/precision:	0.4123186469078064
losses_train/total:	1.113600730895996
losses_test/task:	1.2812135219573975
losses_test/concepts:	23.336063385009766
losses_test/precision:	0.41223397850990295
losses_test/total:	3.6189420223236084
calibration_test/ece:	0.07740496098995209
calibration_test/brier:	0.3955579698085785
accuracy_test/task:	71.85018985157059
accuracy_test/concepts:	96.49176788330078
map_test/concepts:	0.952353568871816

Epoch 228
losses_train/task:	0.568709135055542
losses_train/concepts:	5.041562557220459
losses_train/precision:	0.4122258722782135
losses_train/total:	1.0769875049591064
losses_test/task:	1.2923041582107544
losses_test/concepts:	23.58997917175293
losses_test/precision:	0.4121112525463104
losses_test/total:	3.655423164367676
calibration_test/ece:	0.07886040955781937
calibration_test/brier:	0.40032270550727844
accuracy_test/task:	71.52226441146013
accuracy_test/concepts:	96.45265197753906
map_test/concepts:	0.951820453008016

Epoch 229
losses_train/task:	0.6104934811592102
losses_train/concepts:	5.310675144195557
losses_train/precision:	0.41214519739151
losses_train/total:	1.1456823348999023
losses_test/task:	1.296265721321106
losses_test/concepts:	24.216781616210938
losses_test/precision:	0.41212448477745056
losses_test/total:	3.72206449508667
calibration_test/ece:	0.07899048179388046
calibration_test/brier:	0.3985779881477356
accuracy_test/task:	71.57404211253021
accuracy_test/concepts:	96.4791259765625
map_test/concepts:	0.9518432716528574

Epoch 230
losses_train/task:	0.5872066020965576
losses_train/concepts:	5.236469268798828
losses_train/precision:	0.4121038019657135
losses_train/total:	1.1149747371673584
losses_test/task:	1.2851942777633667
losses_test/concepts:	23.45166015625
losses_test/precision:	0.4120177924633026
losses_test/total:	3.6344804763793945
calibration_test/ece:	0.07831746339797974
calibration_test/brier:	0.39788487553596497
accuracy_test/task:	71.67759751467035
accuracy_test/concepts:	96.47423553466797
map_test/concepts:	0.9521204034487406

Epoch 231
losses_train/task:	0.5858568549156189
losses_train/concepts:	5.208859920501709
losses_train/precision:	0.4120648503303528
losses_train/total:	1.110863447189331
losses_test/task:	1.2825570106506348
losses_test/concepts:	23.21855926513672
losses_test/precision:	0.41201338171958923
losses_test/total:	3.6085331439971924
calibration_test/ece:	0.07731443643569946
calibration_test/brier:	0.3965509235858917
accuracy_test/task:	71.66033828098033
accuracy_test/concepts:	96.4477767944336
map_test/concepts:	0.9521205335855484

Epoch 232
losses_train/task:	0.588421106338501
losses_train/concepts:	5.142868995666504
losses_train/precision:	0.4119683504104614
losses_train/total:	1.1068276166915894
losses_test/task:	1.2916920185089111
losses_test/concepts:	23.889638900756836
losses_test/precision:	0.4118652045726776
losses_test/total:	3.6847751140594482
calibration_test/ece:	0.07728654146194458
calibration_test/brier:	0.39779844880104065
accuracy_test/task:	71.74663444943045
accuracy_test/concepts:	96.49005889892578
map_test/concepts:	0.9517607758442561

Epoch 233
losses_train/task:	0.571137547492981
losses_train/concepts:	4.980010509490967
losses_train/precision:	0.41179847717285156
losses_train/total:	1.073256492614746
losses_test/task:	1.2815650701522827
losses_test/concepts:	22.95688819885254
losses_test/precision:	0.41166815161705017
losses_test/total:	3.5813705921173096
calibration_test/ece:	0.07679778337478638
calibration_test/brier:	0.39793169498443604
accuracy_test/task:	71.85018985157059
accuracy_test/concepts:	96.45294952392578
map_test/concepts:	0.9522180239359538

Epoch 234
losses_train/task:	0.5738691091537476
losses_train/concepts:	4.999988555908203
losses_train/precision:	0.41160622239112854
losses_train/total:	1.0779839754104614
losses_test/task:	1.2918462753295898
losses_test/concepts:	23.5723934173584
losses_test/precision:	0.4114692509174347
losses_test/total:	3.653200387954712
calibration_test/ece:	0.07951095700263977
calibration_test/brier:	0.3984166085720062
accuracy_test/task:	71.52226441146013
accuracy_test/concepts:	96.47020721435547
map_test/concepts:	0.9518446455399195

Epoch 235
losses_train/task:	0.5931907296180725
losses_train/concepts:	5.284992694854736
losses_train/precision:	0.41134995222091675
losses_train/total:	1.1258035898208618
losses_test/task:	1.2964482307434082
losses_test/concepts:	24.39565658569336
losses_test/precision:	0.4112226665019989
losses_test/total:	3.740125894546509
calibration_test/ece:	0.07970117032527924
calibration_test/brier:	0.39878398180007935
accuracy_test/task:	71.52226441146013
accuracy_test/concepts:	96.47193145751953
map_test/concepts:	0.951541401942571

Epoch 236
losses_train/task:	0.6057539582252502
losses_train/concepts:	5.440908432006836
losses_train/precision:	0.4111628234386444
losses_train/total:	1.153956413269043
losses_test/task:	1.2856954336166382
losses_test/concepts:	23.223020553588867
losses_test/precision:	0.41106733679771423
losses_test/total:	3.612107276916504
calibration_test/ece:	0.07638528198003769
calibration_test/brier:	0.39843040704727173
accuracy_test/task:	71.71211598205039
accuracy_test/concepts:	96.43827819824219
map_test/concepts:	0.9522066136201223

Epoch 237
losses_train/task:	0.5825265049934387
losses_train/concepts:	5.033140182495117
losses_train/precision:	0.41106483340263367
losses_train/total:	1.0899511575698853
losses_test/task:	1.2846840620040894
losses_test/concepts:	23.08502960205078
losses_test/precision:	0.4109974503517151
losses_test/total:	3.597296714782715
calibration_test/ece:	0.07781355082988739
calibration_test/brier:	0.3961593806743622
accuracy_test/task:	71.97100448740076
accuracy_test/concepts:	96.46873474121094
map_test/concepts:	0.9523219178120296

Epoch 238
losses_train/task:	0.592283308506012
losses_train/concepts:	5.09020471572876
losses_train/precision:	0.4109579026699066
losses_train/total:	1.105413556098938
losses_test/task:	1.2832053899765015
losses_test/concepts:	22.959165573120117
losses_test/precision:	0.4109560549259186
losses_test/total:	3.5832321643829346
calibration_test/ece:	0.0771656483411789
calibration_test/brier:	0.3978109657764435
accuracy_test/task:	71.6430790472903
accuracy_test/concepts:	96.45264434814453
map_test/concepts:	0.9519573201735815

Epoch 239
losses_train/task:	0.5730671882629395
losses_train/concepts:	4.856247425079346
losses_train/precision:	0.4109653830528259
losses_train/total:	1.062801480293274
losses_test/task:	1.2849749326705933
losses_test/concepts:	23.282068252563477
losses_test/precision:	0.4109422564506531
losses_test/total:	3.617290496826172
calibration_test/ece:	0.07540059834718704
calibration_test/brier:	0.3955851197242737
accuracy_test/task:	71.93648602002071
accuracy_test/concepts:	96.4673080444336
map_test/concepts:	0.9522414316733678

Epoch 240
losses_train/task:	0.5647280812263489
losses_train/concepts:	4.951393127441406
losses_train/precision:	0.41086605191230774
losses_train/total:	1.0639758110046387
losses_test/task:	1.2898690700531006
losses_test/concepts:	23.323829650878906
losses_test/precision:	0.4108358919620514
losses_test/total:	3.6263601779937744
calibration_test/ece:	0.07946531474590302
calibration_test/brier:	0.3986934721469879
accuracy_test/task:	71.55678287884018
accuracy_test/concepts:	96.45352172851562
map_test/concepts:	0.9519702504078548

Epoch 241
losses_train/task:	0.5783892869949341
losses_train/concepts:	5.165443420410156
losses_train/precision:	0.4107733368873596
losses_train/total:	1.09904146194458
losses_test/task:	1.2911241054534912
losses_test/concepts:	23.26285171508789
losses_test/precision:	0.41065916419029236
losses_test/total:	3.6215147972106934
calibration_test/ece:	0.07814807444810867
calibration_test/brier:	0.39960750937461853
accuracy_test/task:	71.52226441146013
accuracy_test/concepts:	96.44834899902344
map_test/concepts:	0.9517639865477879

Epoch 242
losses_train/task:	0.590345561504364
losses_train/concepts:	5.017074108123779
losses_train/precision:	0.410595178604126
losses_train/total:	1.0961588621139526
losses_test/task:	1.2973294258117676
losses_test/concepts:	23.75909423828125
losses_test/precision:	0.41048410534858704
losses_test/total:	3.677342653274536
calibration_test/ece:	0.07825443148612976
calibration_test/brier:	0.3976452052593231
accuracy_test/task:	71.60856057991025
accuracy_test/concepts:	96.45265197753906
map_test/concepts:	0.9516253401835759

Epoch 243
losses_train/task:	0.5495548844337463
losses_train/concepts:	4.770016193389893
losses_train/precision:	0.41035038232803345
losses_train/total:	1.0306600332260132
losses_test/task:	1.2891486883163452
losses_test/concepts:	23.17534828186035
losses_test/precision:	0.41026052832603455
losses_test/total:	3.610786199569702
calibration_test/ece:	0.07803165167570114
calibration_test/brier:	0.39790332317352295
accuracy_test/task:	71.83293061788056
accuracy_test/concepts:	96.45726013183594
map_test/concepts:	0.9523962547381719

Epoch 244
losses_train/task:	0.5881026387214661
losses_train/concepts:	5.106767654418945
losses_train/precision:	0.41024842858314514
losses_train/total:	1.1028817892074585
losses_test/task:	1.2835922241210938
losses_test/concepts:	23.37906837463379
losses_test/precision:	0.41017135977745056
losses_test/total:	3.6256015300750732
calibration_test/ece:	0.07668671011924744
calibration_test/brier:	0.39599382877349854
accuracy_test/task:	71.91922678633068
accuracy_test/concepts:	96.47107696533203
map_test/concepts:	0.9521481961011886

Epoch 245
losses_train/task:	0.5967593789100647
losses_train/concepts:	5.063461780548096
losses_train/precision:	0.41011711955070496
losses_train/total:	1.1072068214416504
losses_test/task:	1.2843005657196045
losses_test/concepts:	23.333881378173828
losses_test/precision:	0.4100818336009979
losses_test/total:	3.62178897857666
calibration_test/ece:	0.07896913588047028
calibration_test/brier:	0.3978770077228546
accuracy_test/task:	71.60856057991025
accuracy_test/concepts:	96.46791076660156
map_test/concepts:	0.9520360827445984

Epoch 246
losses_train/task:	0.5839285254478455
losses_train/concepts:	4.927318096160889
losses_train/precision:	0.41001635789871216
losses_train/total:	1.0807604789733887
losses_test/task:	1.289894461631775
losses_test/concepts:	23.57187843322754
losses_test/precision:	0.4099515378475189
losses_test/total:	3.6511824131011963
calibration_test/ece:	0.07850177586078644
calibration_test/brier:	0.3980647027492523
accuracy_test/task:	71.71211598205039
accuracy_test/concepts:	96.47566986083984
map_test/concepts:	0.9520586252212524

Epoch 247
losses_train/task:	0.5496570467948914
losses_train/concepts:	4.657479763031006
losses_train/precision:	0.40992894768714905
losses_train/total:	1.0195043087005615
losses_test/task:	1.2879747152328491
losses_test/concepts:	22.74972152709961
losses_test/precision:	0.4098670184612274
losses_test/total:	3.567044496536255
calibration_test/ece:	0.078333280980587
calibration_test/brier:	0.3985317051410675
accuracy_test/task:	71.6430790472903
accuracy_test/concepts:	96.425048828125
map_test/concepts:	0.9522630761067072

Epoch 248
losses_train/task:	0.5817512273788452
losses_train/concepts:	5.074304580688477
losses_train/precision:	0.4098479151725769
losses_train/total:	1.09328031539917
losses_test/task:	1.288780689239502
losses_test/concepts:	23.71710777282715
losses_test/precision:	0.4098376929759979
losses_test/total:	3.66459059715271
calibration_test/ece:	0.08124338090419769
calibration_test/brier:	0.399338036775589
accuracy_test/task:	71.38419054193994
accuracy_test/concepts:	96.47138977050781
map_test/concepts:	0.9520821611086527

Epoch 249
losses_train/task:	0.5750199556350708
losses_train/concepts:	4.905829906463623
losses_train/precision:	0.4097830355167389
losses_train/total:	1.0697009563446045
losses_test/task:	1.2865875959396362
losses_test/concepts:	23.24456024169922
losses_test/precision:	0.40968817472457886
losses_test/total:	3.6151411533355713
calibration_test/ece:	0.07911960780620575
calibration_test/brier:	0.39745819568634033
accuracy_test/task:	71.6430790472903
accuracy_test/concepts:	96.47767639160156
map_test/concepts:	0.9522195090850194

Epoch 250
losses_train/task:	0.5605554580688477
losses_train/concepts:	4.703633785247803
losses_train/precision:	0.40964582562446594
losses_train/total:	1.0350152254104614
losses_test/task:	1.2918450832366943
losses_test/concepts:	23.679719924926758
losses_test/precision:	0.4095870852470398
losses_test/total:	3.6639132499694824
calibration_train/ece:	0.055124685168266296
calibration_train/brier:	0.16388218104839325
accuracy_train/task:	87.66891891891892
calibration_test/ece:	0.08090493828058243
calibration_test/brier:	0.40042465925216675
accuracy_test/task:	71.47048671039006
accuracy_train/concepts:	97.59959411621094
map_train/concepts:	0.9917419036229451
accuracy_test/concepts:	96.46989440917969
map_test/concepts:	0.9520561655362447
accuracy_test/nuisances_task:	-0.007966504647181584
accuracy_test/nuisances_nontask:	0.0
mutual_inf_test/nuisances_task:	-0.0023534751260713203
mutual_inf_test/nuisances_nontask:	0.0

epoch_250.pt
groups=0 err_lowconf=28.530 err_random=28.530
groups=1 err_lowconf=26.027 err_random=26.027
groups=2 err_lowconf=24.336 err_random=24.336
groups=3 err_lowconf=21.609 err_random=21.609
groups=4 err_lowconf=19.848 err_random=19.848
groups=5 err_lowconf=18.122 err_random=18.122
groups=6 err_lowconf=17.708 err_random=17.708
groups=7 err_lowconf=17.000 err_random=17.000
groups=8 err_lowconf=16.690 err_random=16.690
groups=9 err_lowconf=13.255 err_random=13.255
groups=10 err_lowconf=11.650 err_random=11.650
groups=11 err_lowconf=11.546 err_random=11.546
groups=12 err_lowconf=10.804 err_random=10.804
[1;34mwandb[0m:
[1;34mwandb[0m: You can sync this run to the cloud by running:
[1;34mwandb[0m: [1mwandb sync /research/hal-afsharim/minimal_cbm/results/cub12-shcbm/43/wandb/offline-run-20260727_083745-ue507rt1[0m
[1;34mwandb[0m: Find logs at: [1;35mresults/cub12-shcbm/43/wandb/offline-run-20260727_083745-ue507rt1/logs[0m
