
===== launch 2026-07-26 10:06:15.665950 gpu4 =====
wandb: Using wandb-core as the SDK backend.  Please refer to https://wandb.me/wandb-core for more information.
wandb: Tracking run with wandb version 0.19.0
wandb: W&B syncing is set to `offline` in this directory.  
wandb: Run `wandb online` or set WANDB_MODE=online to enable cloud syncing.
/research/hal-afsharim/miniconda3/envs/mcbm/lib/python3.10/site-packages/torchvision/models/_utils.py:208: UserWarning: The parameter 'pretrained' is deprecated since 0.13 and will be removed in 0.15, please use 'weights' instead.
  warnings.warn(
/research/hal-afsharim/miniconda3/envs/mcbm/lib/python3.10/site-packages/torchvision/models/_utils.py:223: UserWarning: Arguments other than a weight enum or `None` for 'weights' are deprecated since 0.13 and will be removed in 0.15. The current behavior is equivalent to passing `weights=Inception_V3_Weights.IMAGENET1K_V1`. You can also use `weights=Inception_V3_Weights.DEFAULT` to get the most up-to-date weights.
  warnings.warn(msg)
Epoch 1
losses_train/task:	5.366725921630859
losses_train/concepts:	62.877098083496094
losses_train/representations:	53.761653900146484
losses_train/total:	14.342517852783203
losses_test/task:	5.308002948760986
losses_test/concepts:	55.15592575073242
losses_test/representations:	43.454933166503906
losses_test/total:	12.996341705322266
calibration_test/ece:	0.0025189020670950413
calibration_test/brier:	0.9950858950614929
accuracy_test/task:	0.5522954780807732
accuracy_test/concepts:	52.490474700927734
map_test/concepts:	0.26088577041283567

Epoch 2
losses_train/task:	5.280996322631836
losses_train/concepts:	53.92484664916992
losses_train/representations:	40.76872634887695
losses_train/total:	12.711918830871582
losses_test/task:	5.145495414733887
losses_test/concepts:	51.50714874267578
losses_test/representations:	39.09234619140625
losses_test/total:	12.250826835632324
calibration_test/ece:	0.007397862151265144
calibration_test/brier:	0.9930785298347473
accuracy_test/task:	1.7086641353123921
accuracy_test/concepts:	60.6900749206543
map_test/concepts:	0.37735706932367163

Epoch 3
losses_train/task:	4.872562408447266
losses_train/concepts:	50.92665481567383
losses_train/representations:	37.30735397338867
losses_train/total:	11.830595970153809
losses_test/task:	4.732073783874512
losses_test/concepts:	50.168006896972656
losses_test/representations:	38.77081298828125
losses_test/total:	11.68741512298584
calibration_test/ece:	0.002328211208805442
calibration_test/brier:	0.9862953424453735
accuracy_test/task:	2.5543665861235763
accuracy_test/concepts:	66.7040023803711
map_test/concepts:	0.4066581077715184

Epoch 4
losses_train/task:	4.353219032287598
losses_train/concepts:	48.9968376159668
losses_train/representations:	35.90703582763672
losses_train/total:	11.048255920410156
losses_test/task:	4.28109884262085
losses_test/concepts:	47.832462310791016
losses_test/representations:	39.6371955871582
losses_test/total:	11.046205520629883
calibration_test/ece:	0.013934249058365822
calibration_test/brier:	0.9769395589828491
accuracy_test/task:	5.281325509147394
accuracy_test/concepts:	71.20829772949219
map_test/concepts:	0.49100575207712804

Epoch 5
losses_train/task:	3.941279411315918
losses_train/concepts:	46.681705474853516
losses_train/representations:	34.71525192260742
losses_train/total:	10.345213890075684
losses_test/task:	3.8600172996520996
losses_test/concepts:	44.88462448120117
losses_test/representations:	37.544742584228516
losses_test/total:	10.225716590881348
calibration_test/ece:	0.028023364022374153
calibration_test/brier:	0.9608762264251709
accuracy_test/task:	8.905764584052468
accuracy_test/concepts:	71.87479400634766
map_test/concepts:	0.5571562370404284

Epoch 6
losses_train/task:	3.5721824169158936
losses_train/concepts:	43.89113998413086
losses_train/representations:	34.220550537109375
losses_train/total:	9.672325134277344
losses_test/task:	3.4948484897613525
losses_test/concepts:	41.71418762207031
losses_test/representations:	36.281280517578125
losses_test/total:	9.480332374572754
calibration_test/ece:	0.02246120385825634
calibration_test/brier:	0.9381988644599915
accuracy_test/task:	12.97894373489817
accuracy_test/concepts:	74.8793716430664
map_test/concepts:	0.5859048177904271

Epoch 7
losses_train/task:	3.292222499847412
losses_train/concepts:	41.3597412109375
losses_train/representations:	34.08124923706055
losses_train/total:	9.132259368896484
losses_test/task:	3.190009355545044
losses_test/concepts:	39.61152648925781
losses_test/representations:	36.0167121887207
losses_test/total:	8.951998710632324
calibration_test/ece:	0.0239523034542799
calibration_test/brier:	0.9089198112487793
accuracy_test/task:	17.638936831204695
accuracy_test/concepts:	75.03948211669922
map_test/concepts:	0.596056008116996

Epoch 8
losses_train/task:	3.1366536617279053
losses_train/concepts:	40.019683837890625
losses_train/representations:	33.627105712890625
losses_train/total:	8.819977760314941
losses_test/task:	3.3213348388671875
losses_test/concepts:	40.299293518066406
losses_test/representations:	36.42671203613281
losses_test/total:	9.172597885131836
calibration_test/ece:	0.01912544295191765
calibration_test/brier:	0.9048013091087341
accuracy_test/task:	18.86434242319641
accuracy_test/concepts:	74.21984100341797
map_test/concepts:	0.5932126718949764

Epoch 9
losses_train/task:	2.8200573921203613
losses_train/concepts:	38.01762008666992
losses_train/representations:	32.48894500732422
losses_train/total:	8.246267318725586
losses_test/task:	2.761869192123413
losses_test/concepts:	35.85658264160156
losses_test/representations:	34.2255973815918
losses_test/total:	8.058807373046875
calibration_test/ece:	0.02379555068910122
calibration_test/brier:	0.8431133031845093
accuracy_test/task:	26.70003451846738
accuracy_test/concepts:	77.53434753417969
map_test/concepts:	0.6556299647435229

Epoch 10
losses_train/task:	2.711714506149292
losses_train/concepts:	36.68760681152344
losses_train/representations:	31.82505989074707
losses_train/total:	7.9717278480529785
losses_test/task:	2.9130804538726807
losses_test/concepts:	36.225852966308594
losses_test/representations:	33.37247848510742
losses_test/total:	8.204288482666016
calibration_test/ece:	0.030251657590270042
calibration_test/brier:	0.8504284024238586
accuracy_test/task:	24.905074214704868
accuracy_test/concepts:	78.38041687011719
map_test/concepts:	0.6544993462714743

Epoch 11
losses_train/task:	2.586571455001831
losses_train/concepts:	35.148372650146484
losses_train/representations:	31.062847137451172
losses_train/total:	7.654551982879639
losses_test/task:	2.685939311981201
losses_test/concepts:	33.84260559082031
losses_test/representations:	32.624961853027344
losses_test/total:	7.7014479637146
calibration_test/ece:	0.030174868181347847
calibration_test/brier:	0.8324701189994812
accuracy_test/task:	28.89195719710045
accuracy_test/concepts:	78.93822479248047
map_test/concepts:	0.6714957058429718

Epoch 12
losses_train/task:	2.4283077716827393
losses_train/concepts:	33.58595657348633
losses_train/representations:	30.24649429321289
losses_train/total:	7.299229145050049
losses_test/task:	2.365421772003174
losses_test/concepts:	31.284589767456055
losses_test/representations:	31.468082427978516
losses_test/total:	7.067285537719727
calibration_test/ece:	0.029202060773968697
calibration_test/brier:	0.7739652991294861
accuracy_test/task:	35.743872972040045
accuracy_test/concepts:	80.47686767578125
map_test/concepts:	0.706762563357962

Epoch 13
losses_train/task:	2.3105785846710205
losses_train/concepts:	32.6932487487793
losses_train/representations:	29.24785041809082
losses_train/total:	7.042294979095459
losses_test/task:	2.381798505783081
losses_test/concepts:	30.646705627441406
losses_test/representations:	30.489635467529297
losses_test/total:	6.970949172973633
calibration_test/ece:	0.03375783562660217
calibration_test/brier:	0.7769739627838135
accuracy_test/task:	34.38039351052813
accuracy_test/concepts:	81.59284973144531
map_test/concepts:	0.7333960510948871

Epoch 14
losses_train/task:	2.1953625679016113
losses_train/concepts:	31.711772918701172
losses_train/representations:	28.50457000732422
losses_train/total:	6.791769027709961
losses_test/task:	2.0911917686462402
losses_test/concepts:	29.09760093688965
losses_test/representations:	28.264007568359375
losses_test/total:	6.414152145385742
calibration_test/ece:	0.01301149744540453
calibration_test/brier:	0.7145827412605286
accuracy_test/task:	41.09423541594753
accuracy_test/concepts:	82.94640350341797
map_test/concepts:	0.7520210110443704

Epoch 15
losses_train/task:	2.20051646232605
losses_train/concepts:	31.070758819580078
losses_train/representations:	28.21461296081543
losses_train/total:	6.718322277069092
losses_test/task:	2.5238852500915527
losses_test/concepts:	31.119295120239258
losses_test/representations:	31.32606315612793
losses_test/total:	7.202117919921875
calibration_test/ece:	0.048674099147319794
calibration_test/brier:	0.7691716551780701
accuracy_test/task:	35.27787366240939
accuracy_test/concepts:	82.16275024414062
map_test/concepts:	0.7273636193985634

Epoch 16
losses_train/task:	2.0980660915374756
losses_train/concepts:	30.19706916809082
losses_train/representations:	27.706174850463867
losses_train/total:	6.503081321716309
losses_test/task:	2.4493062496185303
losses_test/concepts:	32.22854232788086
losses_test/representations:	30.142473220825195
losses_test/total:	7.179285049438477
calibration_test/ece:	0.04441847652196884
calibration_test/brier:	0.7721819281578064
accuracy_test/task:	35.12254055919917
accuracy_test/concepts:	82.35077667236328
map_test/concepts:	0.7172115451477944

Epoch 17
losses_train/task:	2.00126051902771
losses_train/concepts:	28.924034118652344
losses_train/representations:	26.833303451538086
losses_train/total:	6.235329627990723
losses_test/task:	2.348442316055298
losses_test/concepts:	30.21957778930664
losses_test/representations:	29.97008514404297
losses_test/total:	6.868903160095215
calibration_test/ece:	0.022925078868865967
calibration_test/brier:	0.7444337010383606
accuracy_test/task:	38.91957197100449
accuracy_test/concepts:	82.78924560546875
map_test/concepts:	0.7391051447137873

Epoch 18
losses_train/task:	1.945488452911377
losses_train/concepts:	28.4738712310791
losses_train/representations:	26.14057159423828
losses_train/total:	6.0999040603637695
losses_test/task:	2.416578531265259
losses_test/concepts:	30.93931007385254
losses_test/representations:	30.23714828491211
losses_test/total:	7.022367000579834
calibration_test/ece:	0.05762093886733055
calibration_test/brier:	0.7331827878952026
accuracy_test/task:	40.54193993786676
accuracy_test/concepts:	83.40654754638672
map_test/concepts:	0.7565624130533096

Epoch 19
losses_train/task:	1.857680082321167
losses_train/concepts:	27.556589126586914
losses_train/representations:	25.536972045898438
losses_train/total:	5.890187740325928
losses_test/task:	2.045170307159424
losses_test/concepts:	27.57433319091797
losses_test/representations:	25.984996795654297
losses_test/total:	6.101853370666504
calibration_test/ece:	0.0189407616853714
calibration_test/brier:	0.674625039100647
accuracy_test/task:	45.18467380048326
accuracy_test/concepts:	84.40939331054688
map_test/concepts:	0.7867509735391495

Epoch 20
losses_train/task:	1.835945963859558
losses_train/concepts:	27.153329849243164
losses_train/representations:	25.245725631713867
losses_train/total:	5.813565254211426
losses_test/task:	2.312778949737549
losses_test/concepts:	28.679773330688477
losses_test/representations:	29.065902709960938
losses_test/total:	6.634052753448486
calibration_test/ece:	0.09288306534290314
calibration_test/brier:	0.725020706653595
accuracy_test/task:	41.80186399723852
accuracy_test/concepts:	83.5780258178711
map_test/concepts:	0.7686779017144061

Epoch 21
losses_train/task:	1.7925776243209839
losses_train/concepts:	26.57278060913086
losses_train/representations:	24.795982360839844
losses_train/total:	5.68965482711792
losses_test/task:	2.3457753658294678
losses_test/concepts:	28.877595901489258
losses_test/representations:	30.506013870239258
losses_test/total:	6.758835792541504
calibration_test/ece:	0.06388591229915619
calibration_test/brier:	0.7032021880149841
accuracy_test/task:	42.49223334483949
accuracy_test/concepts:	84.56070709228516
map_test/concepts:	0.764489157402769

Epoch 22
losses_train/task:	1.7321654558181763
losses_train/concepts:	25.729270935058594
losses_train/representations:	24.378828048706055
losses_train/total:	5.5240349769592285
losses_test/task:	1.869698405265808
losses_test/concepts:	24.94710350036621
losses_test/representations:	25.718368530273438
losses_test/total:	5.650326251983643
calibration_test/ece:	0.030105775222182274
calibration_test/brier:	0.6217809319496155
accuracy_test/task:	50.15533310321022
accuracy_test/concepts:	86.6354751586914
map_test/concepts:	0.8168440042658055

Epoch 23
losses_train/task:	1.7097042798995972
losses_train/concepts:	25.24848747253418
losses_train/representations:	23.89548110961914
losses_train/total:	5.42932653427124
losses_test/task:	2.0400893688201904
losses_test/concepts:	26.244266510009766
losses_test/representations:	28.996166229248047
losses_test/total:	6.114325046539307
calibration_test/ece:	0.060620054602622986
calibration_test/brier:	0.6591198444366455
accuracy_test/task:	48.4984466689679
accuracy_test/concepts:	85.9715576171875
map_test/concepts:	0.8099696433290522

Epoch 24
losses_train/task:	1.667966604232788
losses_train/concepts:	24.451810836791992
losses_train/representations:	23.629758834838867
losses_train/total:	5.2946367263793945
losses_test/task:	2.5037434101104736
losses_test/concepts:	29.90323257446289
losses_test/representations:	28.7087459564209
losses_test/total:	6.929503917694092
calibration_test/ece:	0.09214863181114197
calibration_test/brier:	0.7416375875473022
accuracy_test/task:	41.45667932343804
accuracy_test/concepts:	85.18423461914062
map_test/concepts:	0.7500638289654509

Epoch 25
losses_train/task:	1.6586244106292725
losses_train/concepts:	24.567527770996094
losses_train/representations:	23.229917526245117
losses_train/total:	5.2768731117248535
losses_test/task:	2.134657621383667
losses_test/concepts:	26.280338287353516
losses_test/representations:	28.09550666809082
losses_test/total:	6.16746711730957
calibration_test/ece:	0.08066590875387192
calibration_test/brier:	0.6765892505645752
accuracy_test/task:	46.18570935450466
accuracy_test/concepts:	87.74447631835938
map_test/concepts:	0.8024429957917396

Epoch 26
losses_train/task:	1.6083002090454102
losses_train/concepts:	24.04375648498535
losses_train/representations:	23.2352237701416
losses_train/total:	5.174436569213867
losses_test/task:	2.0105397701263428
losses_test/concepts:	24.99730682373047
losses_test/representations:	24.94832420349121
losses_test/total:	5.757686614990234
calibration_test/ece:	0.05201343819499016
calibration_test/brier:	0.6535487771034241
accuracy_test/task:	47.63548498446669
accuracy_test/concepts:	87.80396270751953
map_test/concepts:	0.8161394260031112

Epoch 27
losses_train/task:	1.5840575695037842
losses_train/concepts:	23.47532844543457
losses_train/representations:	22.41652488708496
losses_train/total:	5.0524163246154785
losses_test/task:	1.7716064453125
losses_test/concepts:	22.713274002075195
losses_test/representations:	24.004541397094727
losses_test/total:	5.243161201477051
calibration_test/ece:	0.06053026393055916
calibration_test/brier:	0.6012706756591797
accuracy_test/task:	53.003106662064205
accuracy_test/concepts:	89.11236572265625
map_test/concepts:	0.8345795654236002

Epoch 28
losses_train/task:	1.5206108093261719
losses_train/concepts:	22.763830184936523
losses_train/representations:	22.12310791015625
losses_train/total:	4.903149604797363
losses_test/task:	2.280224561691284
losses_test/concepts:	28.02052879333496
losses_test/representations:	28.184310913085938
losses_test/total:	6.491493225097656
calibration_test/ece:	0.049509212374687195
calibration_test/brier:	0.6877039670944214
accuracy_test/task:	45.23645150155333
accuracy_test/concepts:	86.35309600830078
map_test/concepts:	0.7701735116065817

Epoch 29
losses_train/task:	1.519285798072815
losses_train/concepts:	22.81247329711914
losses_train/representations:	22.176864624023438
losses_train/total:	4.9093756675720215
losses_test/task:	2.3812143802642822
losses_test/concepts:	28.24001121520996
losses_test/representations:	28.292736053466797
losses_test/total:	6.619852542877197
calibration_test/ece:	0.07845741510391235
calibration_test/brier:	0.6967862248420715
accuracy_test/task:	44.20089748015188
accuracy_test/concepts:	86.21096801757812
map_test/concepts:	0.7860919649296618

Epoch 30
losses_train/task:	1.4867678880691528
losses_train/concepts:	22.07761573791504
losses_train/representations:	21.47102928161621
losses_train/total:	4.7680816650390625
losses_test/task:	1.8365129232406616
losses_test/concepts:	25.256412506103516
losses_test/representations:	23.76995849609375
losses_test/total:	5.550652503967285
calibration_test/ece:	0.01338605023920536
calibration_test/brier:	0.5938353538513184
accuracy_test/task:	52.795995857783915
accuracy_test/concepts:	88.60376739501953
map_test/concepts:	0.829948753752607

Epoch 31
losses_train/task:	1.4230490922927856
losses_train/concepts:	21.5127010345459
losses_train/representations:	21.170785903930664
losses_train/total:	4.6328582763671875
losses_test/task:	1.6132683753967285
losses_test/concepts:	21.342304229736328
losses_test/representations:	22.092784881591797
losses_test/total:	4.852137088775635
calibration_test/ece:	0.05574367567896843
calibration_test/brier:	0.559803307056427
accuracy_test/task:	56.57576803589921
accuracy_test/concepts:	90.4380111694336
map_test/concepts:	0.8513343461016392

Epoch 32
losses_train/task:	1.385215401649475
losses_train/concepts:	21.267314910888672
losses_train/representations:	20.566478729248047
losses_train/total:	4.5402703285217285
losses_test/task:	1.5585542917251587
losses_test/concepts:	20.352466583251953
losses_test/representations:	21.095306396484375
losses_test/total:	4.648565769195557
calibration_test/ece:	0.04781888797879219
calibration_test/brier:	0.5348623991012573
accuracy_test/task:	58.00828443217121
accuracy_test/concepts:	90.66200256347656
map_test/concepts:	0.8586766783227312

Epoch 33
losses_train/task:	1.3609968423843384
losses_train/concepts:	20.621885299682617
losses_train/representations:	20.349811553955078
losses_train/total:	4.440676689147949
losses_test/task:	1.5849535465240479
losses_test/concepts:	20.66191291809082
losses_test/representations:	20.836280822753906
losses_test/total:	4.692959308624268
calibration_test/ece:	0.05747265741229057
calibration_test/brier:	0.5390692949295044
accuracy_test/task:	58.04280289955126
accuracy_test/concepts:	91.01712036132812
map_test/concepts:	0.8669180781283277

Epoch 34
losses_train/task:	1.391687273979187
losses_train/concepts:	20.495372772216797
losses_train/representations:	20.3043155670166
losses_train/total:	4.456440448760986
losses_test/task:	2.1697041988372803
losses_test/concepts:	28.19057846069336
losses_test/representations:	26.21450424194336
losses_test/total:	6.299487590789795
calibration_test/ece:	0.1260211169719696
calibration_test/brier:	0.6574394106864929
accuracy_test/task:	49.464963755609254
accuracy_test/concepts:	89.53392028808594
map_test/concepts:	0.8052829186967079

Epoch 35
losses_train/task:	1.3673430681228638
losses_train/concepts:	20.340707778930664
losses_train/representations:	20.104848861694336
losses_train/total:	4.406655311584473
losses_test/task:	1.8299421072006226
losses_test/concepts:	22.102781295776367
losses_test/representations:	23.90950584411621
losses_test/total:	5.235695838928223
calibration_test/ece:	0.07817188650369644
calibration_test/brier:	0.5902945399284363
accuracy_test/task:	54.26303072143597
accuracy_test/concepts:	90.22905731201172
map_test/concepts:	0.8402480153327293

Epoch 36
losses_train/task:	1.2826752662658691
losses_train/concepts:	19.620559692382812
losses_train/representations:	19.73537254333496
losses_train/total:	4.231499671936035
losses_test/task:	1.7070472240447998
losses_test/concepts:	22.0063419342041
losses_test/representations:	22.039487838745117
losses_test/total:	5.0096564292907715
calibration_test/ece:	0.10491961240768433
calibration_test/brier:	0.5663987398147583
accuracy_test/task:	56.679323438039354
accuracy_test/concepts:	91.46513366699219
map_test/concepts:	0.8560005844907558

Epoch 37
losses_train/task:	1.2549299001693726
losses_train/concepts:	19.224058151245117
losses_train/representations:	19.07707977294922
losses_train/total:	4.131189823150635
losses_test/task:	1.6201386451721191
losses_test/concepts:	20.99436378479004
losses_test/representations:	21.090866088867188
losses_test/total:	4.774118423461914
calibration_test/ece:	0.08190375566482544
calibration_test/brier:	0.5419043898582458
accuracy_test/task:	58.595098377632034
accuracy_test/concepts:	91.76625061035156
map_test/concepts:	0.858843039959035

Epoch 38
losses_train/task:	1.3227895498275757
losses_train/concepts:	19.8985538482666
losses_train/representations:	19.620983123779297
losses_train/total:	4.293694496154785
losses_test/task:	1.815492033958435
losses_test/concepts:	23.222158432006836
losses_test/representations:	22.787221908569336
losses_test/total:	5.277069091796875
calibration_test/ece:	0.0674409419298172
calibration_test/brier:	0.5683753490447998
accuracy_test/task:	56.05799102519848
accuracy_test/concepts:	90.73141479492188
map_test/concepts:	0.8410389892598416

Epoch 39
losses_train/task:	1.2865409851074219
losses_train/concepts:	19.53466033935547
losses_train/representations:	19.524932861328125
losses_train/total:	4.216254234313965
losses_test/task:	1.935117483139038
losses_test/concepts:	25.48874282836914
losses_test/representations:	24.305431365966797
losses_test/total:	5.699263095855713
calibration_test/ece:	0.10254461318254471
calibration_test/brier:	0.5884492993354797
accuracy_test/task:	54.86710390058681
accuracy_test/concepts:	90.1071548461914
map_test/concepts:	0.830161174561115

Epoch 40
losses_train/task:	1.313015341758728
losses_train/concepts:	19.713857650756836
losses_train/representations:	19.550325393676758
losses_train/total:	4.2619171142578125
losses_test/task:	1.7278114557266235
losses_test/concepts:	22.365550994873047
losses_test/representations:	22.90521240234375
losses_test/total:	5.109627723693848
calibration_test/ece:	0.08699524402618408
calibration_test/brier:	0.5519396066665649
accuracy_test/task:	58.7849499482223
accuracy_test/concepts:	91.79452514648438
map_test/concepts:	0.8518091009018269

Epoch 41
losses_train/task:	1.2528880834579468
losses_train/concepts:	19.205286026000977
losses_train/representations:	19.214323043823242
losses_train/total:	4.134133338928223
losses_test/task:	1.5835133790969849
losses_test/concepts:	19.794675827026367
losses_test/representations:	20.233245849609375
losses_test/total:	4.574642658233643
calibration_test/ece:	0.08221960812807083
calibration_test/brier:	0.5243033170700073
accuracy_test/task:	60.20020711080428
accuracy_test/concepts:	92.70484924316406
map_test/concepts:	0.878036656278245

Epoch 42
losses_train/task:	1.13936448097229
losses_train/concepts:	17.876256942749023
losses_train/representations:	17.85800552368164
losses_train/total:	3.8198907375335693
losses_test/task:	1.5676840543746948
losses_test/concepts:	19.63662338256836
losses_test/representations:	19.74725341796875
losses_test/total:	4.518709659576416
calibration_test/ece:	0.08789587765932083
calibration_test/brier:	0.5223187804222107
accuracy_test/task:	60.25198481187435
accuracy_test/concepts:	92.80621337890625
map_test/concepts:	0.8766385709985773

Epoch 43
losses_train/task:	1.2064387798309326
losses_train/concepts:	18.251163482666016
losses_train/representations:	18.56907844543457
losses_train/total:	3.9600093364715576
losses_test/task:	1.7568196058273315
losses_test/concepts:	21.82562255859375
losses_test/representations:	22.36798858642578
losses_test/total:	5.057781219482422
calibration_test/ece:	0.10781579464673996
calibration_test/brier:	0.5718132257461548
accuracy_test/task:	56.6448049706593
accuracy_test/concepts:	91.80738067626953
map_test/concepts:	0.8497048641772981

Epoch 44
losses_train/task:	1.3049572706222534
losses_train/concepts:	19.406213760375977
losses_train/representations:	19.041301727294922
losses_train/total:	4.197643280029297
losses_test/task:	2.6804940700531006
losses_test/concepts:	31.739912033081055
losses_test/representations:	27.70209312438965
losses_test/total:	7.239590167999268
calibration_test/ece:	0.11631126701831818
calibration_test/brier:	0.7223162651062012
accuracy_test/task:	42.2851225405592
accuracy_test/concepts:	87.97251892089844
map_test/concepts:	0.7749241108589984

Epoch 45
losses_train/task:	1.1644130945205688
losses_train/concepts:	17.790252685546875
losses_train/representations:	18.080476760864258
losses_train/total:	3.8474621772766113
losses_test/task:	2.051325559616089
losses_test/concepts:	26.96405601501465
losses_test/representations:	22.8620662689209
losses_test/total:	5.890834808349609
calibration_test/ece:	0.10560743510723114
calibration_test/brier:	0.6158420443534851
accuracy_test/task:	52.96858819468416
accuracy_test/concepts:	91.67445373535156
map_test/concepts:	0.8310247050954941

Epoch 46
losses_train/task:	1.0966521501541138
losses_train/concepts:	16.87799644470215
losses_train/representations:	17.26113510131836
losses_train/total:	3.6475088596343994
losses_test/task:	1.7848750352859497
losses_test/concepts:	21.614788055419922
losses_test/representations:	20.61493682861328
losses_test/total:	4.977100849151611
calibration_test/ece:	0.0907755047082901
calibration_test/brier:	0.5419374704360962
accuracy_test/task:	58.88850535036244
accuracy_test/concepts:	92.60607147216797
map_test/concepts:	0.8652758408100047

Epoch 47
losses_train/task:	1.1054198741912842
losses_train/concepts:	16.982742309570312
losses_train/representations:	17.385183334350586
losses_train/total:	3.6729536056518555
losses_test/task:	1.855848789215088
losses_test/concepts:	22.85054588317871
losses_test/representations:	22.171173095703125
losses_test/total:	5.249462127685547
calibration_test/ece:	0.10966382175683975
calibration_test/brier:	0.5802790522575378
accuracy_test/task:	56.28236106316879
accuracy_test/concepts:	91.5011215209961
map_test/concepts:	0.8423122230996477

Epoch 48
losses_train/task:	1.1814271211624146
losses_train/concepts:	17.67491340637207
losses_train/representations:	17.688064575195312
losses_train/total:	3.8333218097686768
losses_test/task:	1.571545958518982
losses_test/concepts:	20.61124610900879
losses_test/representations:	19.734264373779297
losses_test/total:	4.619383335113525
calibration_test/ece:	0.058675236999988556
calibration_test/brier:	0.5116197466850281
accuracy_test/task:	61.61546427338626
accuracy_test/concepts:	92.62480163574219
map_test/concepts:	0.8686745357006154

Epoch 49
losses_train/task:	1.1121079921722412
losses_train/concepts:	17.08782958984375
losses_train/representations:	17.455820083618164
losses_train/total:	3.6936819553375244
losses_test/task:	1.5019919872283936
losses_test/concepts:	19.1791934967041
losses_test/representations:	18.92840576171875
losses_test/total:	4.366331577301025
calibration_test/ece:	0.08933146297931671
calibration_test/brier:	0.49670055508613586
accuracy_test/task:	62.97894373489817
accuracy_test/concepts:	93.62620544433594
map_test/concepts:	0.8863970751458026

Epoch 50
losses_train/task:	1.0384876728057861
losses_train/concepts:	15.904483795166016
losses_train/representations:	16.43276023864746
losses_train/total:	3.450573682785034
losses_test/task:	1.7179900407791138
losses_test/concepts:	20.84552574157715
losses_test/representations:	20.560667037963867
losses_test/total:	4.830576419830322
calibration_test/ece:	0.09929470717906952
calibration_test/brier:	0.5254549980163574
accuracy_test/task:	60.33828098032448
accuracy_test/concepts:	92.52196502685547
map_test/concepts:	0.8616327770212864

Epoch 51
losses_train/task:	1.093299388885498
losses_train/concepts:	16.938541412353516
losses_train/representations:	17.42787742614746
losses_train/total:	3.6585476398468018
losses_test/task:	1.6525444984436035
losses_test/concepts:	20.24210548400879
losses_test/representations:	20.409828186035156
losses_test/total:	4.697246074676514
calibration_test/ece:	0.11342985928058624
calibration_test/brier:	0.5304304957389832
accuracy_test/task:	60.56265101829479
accuracy_test/concepts:	92.94722747802734
map_test/concepts:	0.8751935527679768

Epoch 52
losses_train/task:	1.0278949737548828
losses_train/concepts:	16.018028259277344
losses_train/representations:	16.61775016784668
losses_train/total:	3.460585832595825
losses_test/task:	1.652448296546936
losses_test/concepts:	20.56125259399414
losses_test/representations:	19.024608612060547
losses_test/total:	4.65980339050293
calibration_test/ece:	0.11631731688976288
calibration_test/brier:	0.5263447761535645
accuracy_test/task:	61.011391094235414
accuracy_test/concepts:	93.37025451660156
map_test/concepts:	0.878906693864376

Epoch 53
losses_train/task:	1.0407191514968872
losses_train/concepts:	16.08693504333496
losses_train/representations:	16.394508361816406
losses_train/total:	3.469137668609619
losses_test/task:	1.4536213874816895
losses_test/concepts:	17.717580795288086
losses_test/representations:	18.771207809448242
losses_test/total:	4.1639404296875
calibration_test/ece:	0.08587166666984558
calibration_test/brier:	0.4655710458755493
accuracy_test/task:	65.37797721781153
accuracy_test/concepts:	93.6728515625
map_test/concepts:	0.8941272560586321

Epoch 54
losses_train/task:	0.9969309568405151
losses_train/concepts:	15.777725219726562
losses_train/representations:	16.185924530029297
losses_train/total:	3.3839995861053467
losses_test/task:	1.553332805633545
losses_test/concepts:	19.06892204284668
losses_test/representations:	19.388771057128906
losses_test/total:	4.429664134979248
calibration_test/ece:	0.10938753932714462
calibration_test/brier:	0.4968720078468323
accuracy_test/task:	63.56575768035899
accuracy_test/concepts:	93.67394256591797
map_test/concepts:	0.8865023027075097

Epoch 55
losses_train/task:	1.0491411685943604
losses_train/concepts:	16.032211303710938
losses_train/representations:	16.225984573364258
losses_train/total:	3.4636619091033936
losses_test/task:	1.6014940738677979
losses_test/concepts:	19.558320999145508
losses_test/representations:	18.997787475585938
losses_test/total:	4.50721549987793
calibration_test/ece:	0.10351885855197906
calibration_test/brier:	0.5130659341812134
accuracy_test/task:	62.25405591991716
accuracy_test/concepts:	93.29019165039062
map_test/concepts:	0.8799231229944432

Epoch 56
losses_train/task:	1.1115697622299194
losses_train/concepts:	16.950820922851562
losses_train/representations:	17.22310447692871
losses_train/total:	3.667807102203369
losses_test/task:	1.776432752609253
losses_test/concepts:	21.79507827758789
losses_test/representations:	21.05513572692871
losses_test/total:	5.008698463439941
calibration_test/ece:	0.11486570537090302
calibration_test/brier:	0.54563307762146
accuracy_test/task:	58.940283051432516
accuracy_test/concepts:	92.57373809814453
map_test/concepts:	0.8656765704459333

Epoch 57
losses_train/task:	1.0558419227600098
losses_train/concepts:	16.11948013305664
losses_train/representations:	16.533998489379883
losses_train/total:	3.494489908218384
losses_test/task:	1.4233278036117554
losses_test/concepts:	17.518306732177734
losses_test/representations:	18.148202896118164
losses_test/total:	4.082569122314453
calibration_test/ece:	0.09495410323143005
calibration_test/brier:	0.4687337875366211
accuracy_test/task:	65.9302726958923
accuracy_test/concepts:	94.05585479736328
map_test/concepts:	0.9015657939809434

Epoch 58
losses_train/task:	0.9658448696136475
losses_train/concepts:	15.23583698272705
losses_train/representations:	15.873505592346191
losses_train/total:	3.2831039428710938
losses_test/task:	1.4942694902420044
losses_test/concepts:	18.434917449951172
losses_test/representations:	18.042327880859375
losses_test/total:	4.239878177642822
calibration_test/ece:	0.1175483912229538
calibration_test/brier:	0.4833622872829437
accuracy_test/task:	65.15360717984122
accuracy_test/concepts:	94.29268646240234
map_test/concepts:	0.8971943259239197

Epoch 59
losses_train/task:	0.9256101250648499
losses_train/concepts:	14.562723159790039
losses_train/representations:	15.344532012939453
losses_train/total:	3.14910888671875
losses_test/task:	1.6481279134750366
losses_test/concepts:	20.235740661621094
losses_test/representations:	20.425832748413086
losses_test/total:	4.692993640899658
calibration_test/ece:	0.11782907694578171
calibration_test/brier:	0.522392988204956
accuracy_test/task:	61.7880566102865
accuracy_test/concepts:	93.22225189208984
map_test/concepts:	0.8742149434191115

Epoch 60
losses_train/task:	0.9905185699462891
losses_train/concepts:	15.209759712219238
losses_train/representations:	15.687108993530273
losses_train/total:	3.2958500385284424
losses_test/task:	1.6342917680740356
losses_test/concepts:	19.964855194091797
losses_test/representations:	19.999235153198242
losses_test/total:	4.630738258361816
calibration_test/ece:	0.11104478687047958
calibration_test/brier:	0.5102044939994812
accuracy_test/task:	62.68553676216776
accuracy_test/concepts:	93.2674331665039
map_test/concepts:	0.8798699264830732

Epoch 61
losses_train/task:	0.9770919680595398
losses_train/concepts:	15.167773246765137
losses_train/representations:	15.703332901000977
losses_train/total:	3.279036283493042
losses_test/task:	1.6562862396240234
losses_test/concepts:	21.579574584960938
losses_test/representations:	18.937328338623047
losses_test/total:	4.761109828948975
calibration_test/ece:	0.12033198773860931
calibration_test/brier:	0.5153196454048157
accuracy_test/task:	62.426648256817394
accuracy_test/concepts:	93.46903228759766
map_test/concepts:	0.8749374988231253

Epoch 62
losses_train/task:	0.9213219881057739
losses_train/concepts:	14.587150573730469
losses_train/representations:	15.409422874450684
losses_train/total:	3.150508165359497
losses_test/task:	1.4288907051086426
losses_test/concepts:	17.2491512298584
losses_test/representations:	18.264677047729492
losses_test/total:	4.067039489746094
calibration_test/ece:	0.1058596521615982
calibration_test/brier:	0.45968663692474365
accuracy_test/task:	66.7069382119434
accuracy_test/concepts:	94.0771255493164
map_test/concepts:	0.897853434085846

Epoch 63
losses_train/task:	0.9669961929321289
losses_train/concepts:	14.84852123260498
losses_train/representations:	15.439879417419434
losses_train/total:	3.223841905593872
losses_test/task:	1.5898665189743042
losses_test/concepts:	18.801477432250977
losses_test/representations:	20.343181610107422
losses_test/total:	4.487173557281494
calibration_test/ece:	0.12072243541479111
calibration_test/brier:	0.49625152349472046
accuracy_test/task:	62.99620296858819
accuracy_test/concepts:	93.43964385986328
map_test/concepts:	0.8841113714461631

Epoch 64
losses_train/task:	0.9297349452972412
losses_train/concepts:	14.809565544128418
losses_train/representations:	15.441706657409668
losses_train/total:	3.182777166366577
losses_test/task:	1.8219002485275269
losses_test/concepts:	20.871334075927734
losses_test/representations:	21.20235252380371
losses_test/total:	4.969151020050049
calibration_test/ece:	0.13897380232810974
calibration_test/brier:	0.5481820702552795
accuracy_test/task:	59.734207801173625
accuracy_test/concepts:	92.47865295410156
map_test/concepts:	0.8629481602222362

Epoch 65
losses_train/task:	0.8865125775337219
losses_train/concepts:	14.272480964660645
losses_train/representations:	14.863825798034668
losses_train/total:	3.0569517612457275
losses_test/task:	1.343461275100708
losses_test/concepts:	16.23976707458496
losses_test/representations:	16.32589340209961
losses_test/total:	3.783733367919922
calibration_test/ece:	0.1013992428779602
calibration_test/brier:	0.43732133507728577
accuracy_test/task:	67.89782533655506
accuracy_test/concepts:	94.6048355102539
map_test/concepts:	0.9064154624938965

Epoch 66
losses_train/task:	0.9061051607131958
losses_train/concepts:	14.49897575378418
losses_train/representations:	15.071514129638672
losses_train/total:	3.10957932472229
losses_test/task:	1.7079845666885376
losses_test/concepts:	20.291093826293945
losses_test/representations:	19.988155364990234
losses_test/total:	4.736502170562744
calibration_test/ece:	0.14139306545257568
calibration_test/brier:	0.5262566804885864
accuracy_test/task:	62.16775975146704
accuracy_test/concepts:	93.14697265625
map_test/concepts:	0.8755909876620516

Epoch 67
losses_train/task:	0.970554769039154
losses_train/concepts:	15.120523452758789
losses_train/representations:	15.672751426696777
losses_train/total:	3.266244411468506
losses_test/task:	1.8106220960617065
losses_test/concepts:	23.012920379638672
losses_test/representations:	19.680543899536133
losses_test/total:	5.095941066741943
calibration_test/ece:	0.1241283193230629
calibration_test/brier:	0.5488214492797852
accuracy_test/task:	59.63065239903348
accuracy_test/concepts:	93.00743865966797
map_test/concepts:	0.8627748235743097

Epoch 68
losses_train/task:	0.9402052760124207
losses_train/concepts:	14.602762222290039
losses_train/representations:	15.318062782287598
losses_train/total:	3.16638445854187
losses_test/task:	1.635790467262268
losses_test/concepts:	19.80278205871582
losses_test/representations:	19.626333236694336
losses_test/total:	4.597385406494141
calibration_test/ece:	0.11217576265335083
calibration_test/brier:	0.5052483677864075
accuracy_test/task:	63.255091473938556
accuracy_test/concepts:	93.33499908447266
map_test/concepts:	0.8773347088631164

Epoch 69
losses_train/task:	0.9555666446685791
losses_train/concepts:	15.383289337158203
losses_train/representations:	15.6969575881958
losses_train/total:	3.2787439823150635
losses_test/task:	1.4569743871688843
losses_test/concepts:	17.983928680419922
losses_test/representations:	17.35320281982422
losses_test/total:	4.123027801513672
calibration_test/ece:	0.10671906173229218
calibration_test/brier:	0.46275031566619873
accuracy_test/task:	66.7069382119434
accuracy_test/concepts:	94.04702758789062
map_test/concepts:	0.8965419543550369

Epoch 70
losses_train/task:	0.9211071133613586
losses_train/concepts:	14.645098686218262
losses_train/representations:	15.350597381591797
losses_train/total:	3.153146982192993
losses_test/task:	1.5222163200378418
losses_test/concepts:	18.122800827026367
losses_test/representations:	17.77574348449707
losses_test/total:	4.223283767700195
calibration_test/ece:	0.11181057244539261
calibration_test/brier:	0.48636505007743835
accuracy_test/task:	64.54953400069037
accuracy_test/concepts:	93.8035659790039
map_test/concepts:	0.8869868187194175

Epoch 71
losses_train/task:	0.8866381645202637
losses_train/concepts:	13.814043998718262
losses_train/representations:	14.861011505126953
losses_train/total:	3.0110929012298584
losses_test/task:	1.9202603101730347
losses_test/concepts:	24.86542510986328
losses_test/representations:	20.628812789916992
losses_test/total:	5.4382429122924805
calibration_test/ece:	0.13964888453483582
calibration_test/brier:	0.563259482383728
accuracy_test/task:	59.40628236106317
accuracy_test/concepts:	92.57080841064453
map_test/concepts:	0.8541333256883824

Epoch 72
losses_train/task:	0.893424928188324
losses_train/concepts:	14.124029159545898
losses_train/representations:	14.787511825561523
losses_train/total:	3.045203447341919
losses_test/task:	1.4571536779403687
losses_test/concepts:	17.855587005615234
losses_test/representations:	17.201265335083008
losses_test/total:	4.102776527404785
calibration_test/ece:	0.10954833030700684
calibration_test/brier:	0.4672335088253021
accuracy_test/task:	66.10286503279255
accuracy_test/concepts:	94.35733032226562
map_test/concepts:	0.8999656552964068

Epoch 73
losses_train/task:	0.8758220076560974
losses_train/concepts:	13.939990997314453
losses_train/representations:	14.640021324157715
losses_train/total:	3.0018224716186523
losses_test/task:	1.8108620643615723
losses_test/concepts:	22.71819305419922
losses_test/representations:	19.90239906311035
losses_test/total:	5.07780122756958
calibration_test/ece:	0.14754606783390045
calibration_test/brier:	0.547571063041687
accuracy_test/task:	60.648947186744905
accuracy_test/concepts:	93.14405059814453
map_test/concepts:	0.8632651542095428

Epoch 74
losses_train/task:	0.9295966625213623
losses_train/concepts:	14.393841743469238
losses_train/representations:	15.193933486938477
losses_train/total:	3.1286778450012207
losses_test/task:	1.7192822694778442
losses_test/concepts:	20.5644474029541
losses_test/representations:	19.53126335144043
losses_test/total:	4.752289772033691
calibration_test/ece:	0.13092133402824402
calibration_test/brier:	0.5278788208961487
accuracy_test/task:	61.37383500172592
accuracy_test/concepts:	93.25826263427734
map_test/concepts:	0.8708439786383446

Epoch 75
losses_train/task:	0.8988750576972961
losses_train/concepts:	13.954019546508789
losses_train/representations:	14.56635570526123
losses_train/total:	3.022594451904297
losses_test/task:	1.4373546838760376
losses_test/concepts:	17.716854095458984
losses_test/representations:	17.72977066040039
losses_test/total:	4.095528602600098
calibration_test/ece:	0.11180590093135834
calibration_test/brier:	0.4642673134803772
accuracy_test/task:	66.30997583707284
accuracy_test/concepts:	94.1270751953125
map_test/concepts:	0.9023188986676804

Epoch 76
losses_train/task:	0.9189590215682983
losses_train/concepts:	14.349855422973633
losses_train/representations:	14.961662292480469
losses_train/total:	3.1020283699035645
losses_test/task:	1.8309693336486816
losses_test/concepts:	23.372711181640625
losses_test/representations:	18.704349517822266
losses_test/total:	5.103458881378174
calibration_test/ece:	0.1483418345451355
calibration_test/brier:	0.5425853729248047
accuracy_test/task:	60.94235415947532
accuracy_test/concepts:	93.74040985107422
map_test/concepts:	0.8758516856964599

Epoch 77
losses_train/task:	0.8248778581619263
losses_train/concepts:	13.3677396774292
losses_train/representations:	14.215867042541504
losses_train/total:	2.8724451065063477
losses_test/task:	1.5637706518173218
losses_test/concepts:	19.529056549072266
losses_test/representations:	18.481809616088867
losses_test/total:	4.44076681137085
calibration_test/ece:	0.13577908277511597
calibration_test/brier:	0.49414920806884766
accuracy_test/task:	64.73938557128064
accuracy_test/concepts:	94.05804443359375
map_test/concepts:	0.885743444270276

Epoch 78
losses_train/task:	0.8576458692550659
losses_train/concepts:	13.543678283691406
losses_train/representations:	14.333000183105469
losses_train/total:	2.928663730621338
losses_test/task:	1.547417402267456
losses_test/concepts:	18.97310447692871
losses_test/representations:	17.866497039794922
losses_test/total:	4.338052749633789
calibration_test/ece:	0.12941114604473114
calibration_test/brier:	0.4868362843990326
accuracy_test/task:	65.46427338626165
accuracy_test/concepts:	94.28314971923828
map_test/concepts:	0.8931939183397496

Epoch 79
losses_train/task:	0.8112238645553589
losses_train/concepts:	12.939840316772461
losses_train/representations:	13.920190811157227
losses_train/total:	2.8012173175811768
losses_test/task:	1.36017644405365
losses_test/concepts:	16.83184242248535
losses_test/representations:	16.14055633544922
losses_test/total:	3.8503880500793457
calibration_test/ece:	0.10191667824983597
calibration_test/brier:	0.42881831526756287
accuracy_test/task:	69.84811874352779
accuracy_test/concepts:	94.85234069824219
map_test/concepts:	0.9130222645211727

Epoch 80
losses_train/task:	0.8333868980407715
losses_train/concepts:	13.20064926147461
losses_train/representations:	14.086620330810547
losses_train/total:	2.8577823638916016
losses_test/task:	1.5409519672393799
losses_test/concepts:	18.364713668823242
losses_test/representations:	17.96228790283203
losses_test/total:	4.275537490844727
calibration_test/ece:	0.13219574093818665
calibration_test/brier:	0.48436298966407776
accuracy_test/task:	66.34449430445288
accuracy_test/concepts:	94.15095520019531
map_test/concepts:	0.8930221149261962

Epoch 81
losses_train/task:	0.8187279105186462
losses_train/concepts:	13.20482349395752
losses_train/representations:	14.056251525878906
losses_train/total:	2.842022657394409
losses_test/task:	1.6234278678894043
losses_test/concepts:	20.372074127197266
losses_test/representations:	18.63991355895996
losses_test/total:	4.5926313400268555
calibration_test/ece:	0.12581536173820496
calibration_test/brier:	0.4973287284374237
accuracy_test/task:	64.67034863652054
accuracy_test/concepts:	93.7529067993164
map_test/concepts:	0.8784665718991705

Epoch 82
losses_train/task:	0.8516674041748047
losses_train/concepts:	13.519694328308105
losses_train/representations:	14.081931114196777
losses_train/total:	2.907733678817749
losses_test/task:	1.3786405324935913
losses_test/concepts:	16.373849868774414
losses_test/representations:	16.47630500793457
losses_test/total:	3.839840888977051
calibration_test/ece:	0.12196819484233856
calibration_test/brier:	0.4429575502872467
accuracy_test/task:	69.12323092854677
accuracy_test/concepts:	94.67718505859375
map_test/concepts:	0.9073192248953149

Epoch 83
losses_train/task:	0.7569804787635803
losses_train/concepts:	12.222400665283203
losses_train/representations:	13.444775581359863
losses_train/total:	2.651458978652954
losses_test/task:	1.8819897174835205
losses_test/concepts:	21.9189510345459
losses_test/representations:	19.838315963745117
losses_test/total:	5.06580114364624
calibration_test/ece:	0.16379442811012268
calibration_test/brier:	0.5528336763381958
accuracy_test/task:	61.44287193648602
accuracy_test/concepts:	93.2453842163086
map_test/concepts:	0.8639682100174275

Epoch 84
losses_train/task:	0.7786946296691895
losses_train/concepts:	12.650936126708984
losses_train/representations:	13.404297828674316
losses_train/total:	2.714003086090088
losses_test/task:	1.634628176689148
losses_test/concepts:	20.690645217895508
losses_test/representations:	18.330364227294922
losses_test/total:	4.620211124420166
calibration_test/ece:	0.14390909671783447
calibration_test/brier:	0.5002216100692749
accuracy_test/task:	64.46323783224025
accuracy_test/concepts:	93.96110534667969
map_test/concepts:	0.8894071261933509

Epoch 85
losses_train/task:	0.8443004488945007
losses_train/concepts:	13.358203887939453
losses_train/representations:	14.020580291748047
losses_train/total:	2.881150245666504
losses_test/task:	2.6197915077209473
losses_test/concepts:	33.55730438232422
losses_test/representations:	26.32401466369629
losses_test/total:	7.291722774505615
calibration_test/ece:	0.1669899821281433
calibration_test/brier:	0.6816360950469971
accuracy_test/task:	49.41318605453918
accuracy_test/concepts:	89.97679138183594
map_test/concepts:	0.7917091440647206

Epoch 86
losses_train/task:	0.8014457821846008
losses_train/concepts:	12.932185173034668
losses_train/representations:	13.874665260314941
losses_train/total:	2.7883973121643066
losses_test/task:	1.6532294750213623
losses_test/concepts:	20.812387466430664
losses_test/representations:	18.94280242919922
losses_test/total:	4.6816086769104
calibration_test/ece:	0.13952100276947021
calibration_test/brier:	0.49176302552223206
accuracy_test/task:	65.34345875043148
accuracy_test/concepts:	93.94824981689453
map_test/concepts:	0.8870786961088789

Epoch 87
losses_train/task:	0.7778327465057373
losses_train/concepts:	12.641481399536133
losses_train/representations:	13.425683975219727
losses_train/total:	2.7132654190063477
losses_test/task:	1.5610809326171875
losses_test/concepts:	19.202011108398438
losses_test/representations:	17.309112548828125
losses_test/total:	4.346737861633301
calibration_test/ece:	0.12224788963794708
calibration_test/brier:	0.47827330231666565
accuracy_test/task:	66.2064204349327
accuracy_test/concepts:	94.09182739257812
map_test/concepts:	0.8944496436321989

Epoch 88
losses_train/task:	0.8012392520904541
losses_train/concepts:	12.879554748535156
losses_train/representations:	13.811651229858398
losses_train/total:	2.7797772884368896
losses_test/task:	1.8280044794082642
losses_test/concepts:	21.788677215576172
losses_test/representations:	19.318227767944336
losses_test/total:	4.972784519195557
calibration_test/ece:	0.14379210770130157
calibration_test/brier:	0.5405322313308716
accuracy_test/task:	61.77079737659648
accuracy_test/concepts:	93.17709350585938
map_test/concepts:	0.871992290019989

Epoch 89
losses_train/task:	0.7215203642845154
losses_train/concepts:	12.269466400146484
losses_train/representations:	13.212444305419922
losses_train/total:	2.6090893745422363
losses_test/task:	1.6441608667373657
losses_test/concepts:	19.959228515625
losses_test/representations:	18.44242286682129
losses_test/total:	4.562204837799072
calibration_test/ece:	0.14450040459632874
calibration_test/brier:	0.4967377781867981
accuracy_test/task:	65.29168104936142
accuracy_test/concepts:	94.01729583740234
map_test/concepts:	0.8904951341608738

Epoch 90
losses_train/task:	0.7178949117660522
losses_train/concepts:	12.042010307312012
losses_train/representations:	13.114378929138184
losses_train/total:	2.577814817428589
losses_test/task:	1.8512355089187622
losses_test/concepts:	21.60527992248535
losses_test/representations:	20.16989517211914
losses_test/total:	5.020257949829102
calibration_test/ece:	0.16573631763458252
calibration_test/brier:	0.5421357750892639
accuracy_test/task:	61.66724197445633
accuracy_test/concepts:	93.13119506835938
map_test/concepts:	0.8702162529559846

Epoch 91
losses_train/task:	0.757077693939209
losses_train/concepts:	12.173335075378418
losses_train/representations:	13.201638221740723
losses_train/total:	2.634493350982666
losses_test/task:	1.4881905317306519
losses_test/concepts:	18.547677993774414
losses_test/representations:	16.94893455505371
losses_test/total:	4.190404415130615
calibration_test/ece:	0.12886744737625122
calibration_test/brier:	0.45629167556762695
accuracy_test/task:	67.93234380393511
accuracy_test/concepts:	94.37568664550781
map_test/concepts:	0.8986848288394035

Epoch 92
losses_train/task:	0.7858225703239441
losses_train/concepts:	12.564361572265625
losses_train/representations:	13.16565227508545
losses_train/total:	2.700540542602539
losses_test/task:	1.404834270477295
losses_test/concepts:	16.809871673583984
losses_test/representations:	16.176319122314453
losses_test/total:	3.894637107849121
calibration_test/ece:	0.12772633135318756
calibration_test/brier:	0.4524824023246765
accuracy_test/task:	68.2084915429755
accuracy_test/concepts:	94.76091003417969
map_test/concepts:	0.9094597101211548

Epoch 93
losses_train/task:	0.7351595759391785
losses_train/concepts:	12.190139770507812
losses_train/representations:	13.056623458862305
losses_train/total:	2.6070046424865723
losses_test/task:	1.774873971939087
losses_test/concepts:	21.379554748535156
losses_test/representations:	19.474315643310547
losses_test/total:	4.886545658111572
calibration_test/ece:	0.15290206670761108
calibration_test/brier:	0.5138766169548035
accuracy_test/task:	64.44597859855023
accuracy_test/concepts:	93.36144256591797
map_test/concepts:	0.8727398273792673

Epoch 94
losses_train/task:	0.7518125772476196
losses_train/concepts:	12.525505065917969
losses_train/representations:	13.240764617919922
losses_train/total:	2.6664013862609863
losses_test/task:	1.7831556797027588
losses_test/concepts:	22.03668212890625
losses_test/representations:	18.360231399536133
losses_test/total:	4.9048357009887695
calibration_test/ece:	0.14937502145767212
calibration_test/brier:	0.5157707333564758
accuracy_test/task:	63.755609250949256
accuracy_test/concepts:	93.78742218017578
map_test/concepts:	0.8796865027001564

Epoch 95
losses_train/task:	0.7523049712181091
losses_train/concepts:	12.129375457763672
losses_train/representations:	13.201930046081543
losses_train/total:	2.6253390312194824
losses_test/task:	1.4166057109832764
losses_test/concepts:	16.919633865356445
losses_test/representations:	15.519516944885254
losses_test/total:	3.884544849395752
calibration_test/ece:	0.1303858458995819
calibration_test/brier:	0.4483545124530792
accuracy_test/task:	68.62271315153608
accuracy_test/concepts:	94.90007781982422
map_test/concepts:	0.911335086568873

Epoch 96
losses_train/task:	0.7635570168495178
losses_train/concepts:	12.469889640808105
losses_train/representations:	12.919821739196777
losses_train/total:	2.656536817550659
losses_test/task:	1.7083001136779785
losses_test/concepts:	19.806398391723633
losses_test/representations:	18.55857276916504
losses_test/total:	4.61686897277832
calibration_test/ece:	0.14133408665657043
calibration_test/brier:	0.5121137499809265
accuracy_test/task:	64.23886779426994
accuracy_test/concepts:	93.43083953857422
map_test/concepts:	0.8833163215758952

Epoch 97
losses_train/task:	0.7310394048690796
losses_train/concepts:	11.988395690917969
losses_train/representations:	13.221270561218262
losses_train/total:	2.5909423828125
losses_test/task:	1.6501010656356812
losses_test/concepts:	19.723220825195312
losses_test/representations:	18.382186889648438
losses_test/total:	4.54153299331665
calibration_test/ece:	0.16106832027435303
calibration_test/brier:	0.49575021862983704
accuracy_test/task:	66.2064204349327
accuracy_test/concepts:	94.4230728149414
map_test/concepts:	0.897804356635885

Epoch 98
losses_train/task:	0.7080478668212891
losses_train/concepts:	11.911577224731445
losses_train/representations:	12.873451232910156
losses_train/total:	2.5428783893585205
losses_test/task:	1.5328333377838135
losses_test/concepts:	17.281688690185547
losses_test/representations:	16.979482650756836
losses_test/total:	4.109976291656494
calibration_test/ece:	0.1375371813774109
calibration_test/brier:	0.46229174733161926
accuracy_test/task:	68.51915774939593
accuracy_test/concepts:	94.52735137939453
map_test/concepts:	0.9029050570853213

Epoch 99
losses_train/task:	0.7449048757553101
losses_train/concepts:	12.119889259338379
losses_train/representations:	12.997082710266113
losses_train/total:	2.606748342514038
losses_test/task:	1.7243672609329224
losses_test/concepts:	20.305444717407227
losses_test/representations:	17.91907501220703
losses_test/total:	4.65086555480957
calibration_test/ece:	0.1404389590024948
calibration_test/brier:	0.5064908862113953
accuracy_test/task:	64.4287193648602
accuracy_test/concepts:	93.74373626708984
map_test/concepts:	0.8852981126054804

Epoch 100
losses_train/task:	0.7235794067382812
losses_train/concepts:	12.124391555786133
losses_train/representations:	12.782622337341309
losses_train/total:	2.5751500129699707
losses_test/task:	1.7722119092941284
losses_test/concepts:	21.176958084106445
losses_test/representations:	17.99822998046875
losses_test/total:	4.789819240570068
calibration_train/ece:	0.03242673724889755
calibration_train/brier:	0.3034430146217346
accuracy_train/task:	76.6258445945946
calibration_test/ece:	0.1654411107301712
calibration_test/brier:	0.5280412435531616
accuracy_test/task:	63.617535381429065
accuracy_train/concepts:	94.81922912597656
map_train/concepts:	0.9449396818242175
accuracy_test/concepts:	93.71467590332031
map_test/concepts:	0.8800463536952404
accuracy_test/nuisances_task:	-0.10886614139263447
accuracy_test/nuisances_nontask:	0.0
mutual_inf_test/nuisances_task:	0.0018589748487066959
mutual_inf_test/nuisances_nontask:	0.0

Epoch 101
losses_train/task:	0.6324468851089478
losses_train/concepts:	11.011247634887695
losses_train/representations:	12.109325408935547
losses_train/total:	2.3390378952026367
losses_test/task:	1.1184815168380737
losses_test/concepts:	13.37450122833252
losses_test/representations:	13.007174491882324
losses_test/total:	3.106290817260742
calibration_test/ece:	0.11129231005907059
calibration_test/brier:	0.36221611499786377
accuracy_test/task:	75.37107352433551
accuracy_test/concepts:	96.13025665283203
map_test/concepts:	0.9353847909480968

Epoch 102
losses_train/task:	0.607461154460907
losses_train/concepts:	10.671401977539062
losses_train/representations:	11.773890495300293
losses_train/total:	2.263296127319336
losses_test/task:	1.085274577140808
losses_test/concepts:	13.164719581604004
losses_test/representations:	12.514281272888184
losses_test/total:	3.027461290359497
calibration_test/ece:	0.10597734898328781
calibration_test/brier:	0.3520905673503876
accuracy_test/task:	76.06144287193649
accuracy_test/concepts:	96.32746124267578
map_test/concepts:	0.9366381193729157

Epoch 103
losses_train/task:	0.5735657811164856
losses_train/concepts:	10.008045196533203
losses_train/representations:	11.067744255065918
losses_train/total:	2.1277577877044678
losses_test/task:	1.0551550388336182
losses_test/concepts:	12.860053062438965
losses_test/representations:	12.22070598602295
losses_test/total:	2.952195644378662
calibration_test/ece:	0.10048431158065796
calibration_test/brier:	0.3420677185058594
accuracy_test/task:	76.87262685536763
accuracy_test/concepts:	96.4016342163086
map_test/concepts:	0.93841426930529

Epoch 104
losses_train/task:	0.5384643077850342
losses_train/concepts:	9.88611888885498
losses_train/representations:	10.820738792419434
losses_train/total:	2.068113327026367
losses_test/task:	1.0563077926635742
losses_test/concepts:	12.955348014831543
losses_test/representations:	12.168935775756836
losses_test/total:	2.9602890014648438
calibration_test/ece:	0.10473991930484772
calibration_test/brier:	0.3421083390712738
accuracy_test/task:	76.66551605108734
accuracy_test/concepts:	96.43392944335938
map_test/concepts:	0.9405053904716004

Epoch 105
losses_train/task:	0.563362181186676
losses_train/concepts:	10.032449722290039
losses_train/representations:	10.932876586914062
losses_train/total:	2.113250732421875
losses_test/task:	1.0382826328277588
losses_test/concepts:	12.571416854858398
losses_test/representations:	11.987096786499023
losses_test/total:	2.8947784900665283
calibration_test/ece:	0.10189695656299591
calibration_test/brier:	0.33846399188041687
accuracy_test/task:	76.95892302381775
accuracy_test/concepts:	96.4361572265625
map_test/concepts:	0.9403018951416016

Epoch 106
losses_train/task:	0.5215803980827332
losses_train/concepts:	9.511879920959473
losses_train/representations:	10.390312194824219
losses_train/total:	1.9922842979431152
losses_test/task:	1.040102243423462
losses_test/concepts:	12.62652587890625
losses_test/representations:	11.95670223236084
losses_test/total:	2.900590419769287
calibration_test/ece:	0.10246118903160095
calibration_test/brier:	0.33944016695022583
accuracy_test/task:	77.23507076285813
accuracy_test/concepts:	96.45964813232422
map_test/concepts:	0.9395259618759155

Epoch 107
losses_train/task:	0.5243799090385437
losses_train/concepts:	9.497727394104004
losses_train/representations:	10.495789527893066
losses_train/total:	1.998942255973816
losses_test/task:	1.030778408050537
losses_test/concepts:	12.64429759979248
losses_test/representations:	11.848883628845215
losses_test/total:	2.8876521587371826
calibration_test/ece:	0.09869356453418732
calibration_test/brier:	0.3372063636779785
accuracy_test/task:	77.18329306178806
accuracy_test/concepts:	96.49673461914062
map_test/concepts:	0.9411704223206703

Epoch 108
losses_train/task:	0.5101037621498108
losses_train/concepts:	9.214701652526855
losses_train/representations:	10.198982238769531
losses_train/total:	1.9415229558944702
losses_test/task:	1.0204932689666748
losses_test/concepts:	12.567070007324219
losses_test/representations:	11.70516300201416
losses_test/total:	2.8624587059020996
calibration_test/ece:	0.09710759669542313
calibration_test/brier:	0.3335624933242798
accuracy_test/task:	77.3558853986883
accuracy_test/concepts:	96.55036926269531
map_test/concepts:	0.9420456949700701

Epoch 109
losses_train/task:	0.5329852104187012
losses_train/concepts:	9.608388900756836
losses_train/representations:	10.508020401000977
losses_train/total:	2.0192251205444336
losses_test/task:	1.0070061683654785
losses_test/concepts:	12.436759948730469
losses_test/representations:	11.63035774230957
losses_test/total:	2.832199811935425
calibration_test/ece:	0.09347696602344513
calibration_test/brier:	0.3282758593559265
accuracy_test/task:	77.70107007248878
accuracy_test/concepts:	96.54962921142578
map_test/concepts:	0.9417469400040647

Epoch 110
losses_train/task:	0.5033891201019287
losses_train/concepts:	9.397530555725098
losses_train/representations:	10.266858100891113
losses_train/total:	1.9564855098724365
losses_test/task:	1.0146548748016357
losses_test/concepts:	12.504570007324219
losses_test/representations:	11.657452583312988
losses_test/total:	2.8479843139648438
calibration_test/ece:	0.10174669325351715
calibration_test/brier:	0.331650048494339
accuracy_test/task:	77.16603382809804
accuracy_test/concepts:	96.57569122314453
map_test/concepts:	0.9411444296228125

Epoch 111
losses_train/task:	0.4929201006889343
losses_train/concepts:	9.089606285095215
losses_train/representations:	9.977287292480469
losses_train/total:	1.900744915008545
losses_test/task:	1.0050170421600342
losses_test/concepts:	12.42790412902832
losses_test/representations:	11.47885799407959
losses_test/total:	2.8217501640319824
calibration_test/ece:	0.09960035979747772
calibration_test/brier:	0.33207741379737854
accuracy_test/task:	77.39040386606834
accuracy_test/concepts:	96.56395721435547
map_test/concepts:	0.9429566746062421

Epoch 112
losses_train/task:	0.5065101385116577
losses_train/concepts:	9.047632217407227
losses_train/representations:	10.236942291259766
losses_train/total:	1.9231202602386475
losses_test/task:	1.020022988319397
losses_test/concepts:	12.650275230407715
losses_test/representations:	11.630797386169434
losses_test/total:	2.8665900230407715
calibration_test/ece:	0.10039546340703964
calibration_test/brier:	0.33439886569976807
accuracy_test/task:	77.59751467034863
accuracy_test/concepts:	96.61388397216797
map_test/concepts:	0.9429631512215797

Epoch 113
losses_train/task:	0.47198885679244995
losses_train/concepts:	8.972582817077637
losses_train/representations:	9.809582710266113
losses_train/total:	1.8597259521484375
losses_test/task:	1.0318716764450073
losses_test/concepts:	12.68377685546875
losses_test/representations:	11.698446273803711
losses_test/total:	2.885171413421631
calibration_test/ece:	0.10091310739517212
calibration_test/brier:	0.337066113948822
accuracy_test/task:	77.02795995857784
accuracy_test/concepts:	96.49124145507812
map_test/concepts:	0.9409064599808227

Epoch 114
losses_train/task:	0.4868524968624115
losses_train/concepts:	8.80455493927002
losses_train/representations:	9.850987434387207
losses_train/total:	1.8598573207855225
losses_test/task:	1.0211180448532104
losses_test/concepts:	12.601737022399902
losses_test/representations:	11.645891189575195
losses_test/total:	2.86358642578125
calibration_test/ece:	0.09951086342334747
calibration_test/brier:	0.3335168659687042
accuracy_test/task:	77.26958923023818
accuracy_test/concepts:	96.53237915039062
map_test/concepts:	0.9410427859488953

Epoch 115
losses_train/task:	0.47026878595352173
losses_train/concepts:	8.769861221313477
losses_train/representations:	9.757659912109375
losses_train/total:	1.8351378440856934
losses_test/task:	1.0142104625701904
losses_test/concepts:	12.59865665435791
losses_test/representations:	11.509401321411133
losses_test/total:	2.849545955657959
calibration_test/ece:	0.10148147493600845
calibration_test/brier:	0.33009499311447144
accuracy_test/task:	77.58025543665862
accuracy_test/concepts:	96.58525848388672
map_test/concepts:	0.9430309736982305

Epoch 116
losses_train/task:	0.5058050751686096
losses_train/concepts:	9.005006790161133
losses_train/representations:	10.005919456481934
losses_train/total:	1.9066016674041748
losses_test/task:	1.0148252248764038
losses_test/concepts:	12.671683311462402
losses_test/representations:	11.4179105758667
losses_test/total:	2.852889060974121
calibration_test/ece:	0.10241743177175522
calibration_test/brier:	0.3330456018447876
accuracy_test/task:	77.3558853986883
accuracy_test/concepts:	96.62232971191406
map_test/concepts:	0.9430747640893814

Epoch 117
losses_train/task:	0.46870067715644836
losses_train/concepts:	8.856534957885742
losses_train/representations:	9.779891014099121
losses_train/total:	1.8433486223220825
losses_test/task:	1.0149627923965454
losses_test/concepts:	12.421035766601562
losses_test/representations:	11.492945671081543
losses_test/total:	2.831713914871216
calibration_test/ece:	0.10044430196285248
calibration_test/brier:	0.33074405789375305
accuracy_test/task:	77.80462547462892
accuracy_test/concepts:	96.60616302490234
map_test/concepts:	0.9429145011496036

Epoch 118
losses_train/task:	0.46599218249320984
losses_train/concepts:	8.772123336791992
losses_train/representations:	9.681814193725586
losses_train/total:	1.8272953033447266
losses_test/task:	1.0186131000518799
losses_test/concepts:	12.51252269744873
losses_test/representations:	11.43461799621582
losses_test/total:	2.8415966033935547
calibration_test/ece:	0.10276126861572266
calibration_test/brier:	0.3344665467739105
accuracy_test/task:	77.32136693130825
accuracy_test/concepts:	96.56504821777344
map_test/concepts:	0.9420951148296924

Epoch 119
losses_train/task:	0.4643899202346802
losses_train/concepts:	8.702205657958984
losses_train/representations:	9.544718742370605
losses_train/total:	1.8118466138839722
losses_test/task:	1.0129852294921875
losses_test/concepts:	12.476381301879883
losses_test/representations:	11.367616653442383
losses_test/total:	2.8290045261383057
calibration_test/ece:	0.10206228494644165
calibration_test/brier:	0.33156079053878784
accuracy_test/task:	77.68381083879876
accuracy_test/concepts:	96.64141082763672
map_test/concepts:	0.9446093719056312

Epoch 120
losses_train/task:	0.4385155439376831
losses_train/concepts:	8.329256057739258
losses_train/representations:	9.546935081481934
losses_train/total:	1.748787760734558
losses_test/task:	1.0118415355682373
losses_test/concepts:	12.564677238464355
losses_test/representations:	11.329690933227539
losses_test/total:	2.834794044494629
calibration_test/ece:	0.10021252930164337
calibration_test/brier:	0.3298865258693695
accuracy_test/task:	77.56299620296859
accuracy_test/concepts:	96.64839935302734
map_test/concepts:	0.9435608754766748

Epoch 121
losses_train/task:	0.44511884450912476
losses_train/concepts:	8.297865867614746
losses_train/representations:	9.426858901977539
losses_train/total:	1.7462486028671265
losses_test/task:	1.0126854181289673
losses_test/concepts:	12.593582153320312
losses_test/representations:	11.343892097473145
losses_test/total:	2.839238405227661
calibration_test/ece:	0.10080952197313309
calibration_test/brier:	0.3292551040649414
accuracy_test/task:	77.58025543665862
accuracy_test/concepts:	96.63224792480469
map_test/concepts:	0.944351130343498

Epoch 122
losses_train/task:	0.47460541129112244
losses_train/concepts:	8.767532348632812
losses_train/representations:	9.669726371765137
losses_train/total:	1.8348450660705566
losses_test/task:	0.999568521976471
losses_test/concepts:	12.437478065490723
losses_test/representations:	11.304201126098633
losses_test/total:	2.808526039123535
calibration_test/ece:	0.10037004202604294
calibration_test/brier:	0.32437559962272644
accuracy_test/task:	78.01173627890921
accuracy_test/concepts:	96.6630859375
map_test/concepts:	0.9445768759605733

Epoch 123
losses_train/task:	0.4488913118839264
losses_train/concepts:	8.17796516418457
losses_train/representations:	9.30379581451416
losses_train/total:	1.7318778038024902
losses_test/task:	0.9947458505630493
losses_test/concepts:	12.428421974182129
losses_test/representations:	11.226801872253418
losses_test/total:	2.7989282608032227
calibration_test/ece:	0.09893163293600082
calibration_test/brier:	0.3257744312286377
accuracy_test/task:	77.87366240938903
accuracy_test/concepts:	96.63996887207031
map_test/concepts:	0.9434890772433991

Epoch 124
losses_train/task:	0.43510910868644714
losses_train/concepts:	8.190767288208008
losses_train/representations:	9.22208023071289
losses_train/total:	1.7152899503707886
losses_test/task:	1.0069352388381958
losses_test/concepts:	12.391685485839844
losses_test/representations:	11.298590660095215
losses_test/total:	2.8110339641571045
calibration_test/ece:	0.10020973533391953
calibration_test/brier:	0.32917535305023193
accuracy_test/task:	77.75284777355886
accuracy_test/concepts:	96.6171875
map_test/concepts:	0.9445399451763072

Epoch 125
losses_train/task:	0.45967984199523926
losses_train/concepts:	8.521834373474121
losses_train/representations:	9.429251670837402
losses_train/total:	1.7833260297775269
losses_test/task:	1.0066499710083008
losses_test/concepts:	12.375651359558105
losses_test/representations:	11.320063591003418
losses_test/total:	2.8102188110351562
calibration_test/ece:	0.1014607697725296
calibration_test/brier:	0.3297017216682434
accuracy_test/task:	77.59751467034863
accuracy_test/concepts:	96.62600708007812
map_test/concepts:	0.9438863422008271

Epoch 126
losses_train/task:	0.4595993161201477
losses_train/concepts:	8.441444396972656
losses_train/representations:	9.436321258544922
losses_train/total:	1.775559902191162
losses_test/task:	1.0057553052902222
losses_test/concepts:	12.460410118103027
losses_test/representations:	11.185803413391113
losses_test/total:	2.811086654663086
calibration_test/ece:	0.10056250542402267
calibration_test/brier:	0.327580988407135
accuracy_test/task:	77.77010700724888
accuracy_test/concepts:	96.64728546142578
map_test/concepts:	0.9428583358196502

Epoch 127
losses_train/task:	0.4704359471797943
losses_train/concepts:	8.6045503616333
losses_train/representations:	9.49258804321289
losses_train/total:	1.8055204153060913
losses_test/task:	1.0081290006637573
losses_test/concepts:	12.37175178527832
losses_test/representations:	11.34483814239502
losses_test/total:	2.812546491622925
calibration_test/ece:	0.10120563954114914
calibration_test/brier:	0.3282666802406311
accuracy_test/task:	77.78736624093891
accuracy_test/concepts:	96.60139465332031
map_test/concepts:	0.9443352108306073

Epoch 128
losses_train/task:	0.4555978775024414
losses_train/concepts:	8.578351974487305
losses_train/representations:	9.48749828338623
losses_train/total:	1.7878080606460571
losses_test/task:	0.9962182641029358
losses_test/concepts:	12.334328651428223
losses_test/representations:	11.201513290405273
losses_test/total:	2.789726734161377
calibration_test/ece:	0.09934475272893906
calibration_test/brier:	0.32582926750183105
accuracy_test/task:	77.70107007248878
accuracy_test/concepts:	96.64804077148438
map_test/concepts:	0.9443947114843003

Epoch 129
losses_train/task:	0.45027250051498413
losses_train/concepts:	8.330641746520996
losses_train/representations:	9.360672950744629
losses_train/total:	1.7513701915740967
losses_test/task:	0.9992436170578003
losses_test/concepts:	12.386435508728027
losses_test/representations:	11.197957038879395
losses_test/total:	2.7977850437164307
calibration_test/ece:	0.10014071315526962
calibration_test/brier:	0.326608270406723
accuracy_test/task:	77.77010700724888
accuracy_test/concepts:	96.64913177490234
map_test/concepts:	0.9431862285796632

Epoch 130
losses_train/task:	0.44318288564682007
losses_train/concepts:	8.531137466430664
losses_train/representations:	9.414545059204102
losses_train/total:	1.7670241594314575
losses_test/task:	1.0055766105651855
losses_test/concepts:	12.463043212890625
losses_test/representations:	11.271666526794434
losses_test/total:	2.8154642581939697
calibration_test/ece:	0.10024793446063995
calibration_test/brier:	0.3258274793624878
accuracy_test/task:	77.63203313772868
accuracy_test/concepts:	96.6197509765625
map_test/concepts:	0.9436377185456296

Epoch 131
losses_train/task:	0.41670894622802734
losses_train/concepts:	7.906387805938721
losses_train/representations:	8.897675514221191
losses_train/total:	1.6522314548492432
losses_test/task:	0.9981844425201416
losses_test/concepts:	12.472115516662598
losses_test/representations:	11.224896430969238
losses_test/total:	2.806641101837158
calibration_test/ece:	0.09756802022457123
calibration_test/brier:	0.3238999545574188
accuracy_test/task:	77.82188470831895
accuracy_test/concepts:	96.60103607177734
map_test/concepts:	0.9433934992932259

Epoch 132
losses_train/task:	0.4309931993484497
losses_train/concepts:	8.219971656799316
losses_train/representations:	9.090654373168945
losses_train/total:	1.7075231075286865
losses_test/task:	0.9988014698028564
losses_test/concepts:	12.425881385803223
losses_test/representations:	11.267830848693848
losses_test/total:	2.804781436920166
calibration_test/ece:	0.09667408466339111
calibration_test/brier:	0.32340919971466064
accuracy_test/task:	78.02899551259924
accuracy_test/concepts:	96.61463165283203
map_test/concepts:	0.9434533765975465

Epoch 133
losses_train/task:	0.41805264353752136
losses_train/concepts:	8.004171371459961
losses_train/representations:	9.085210800170898
losses_train/total:	1.6727304458618164
losses_test/task:	1.00211763381958
losses_test/concepts:	12.47475814819336
losses_test/representations:	11.129049301147461
losses_test/total:	2.8060462474823
calibration_test/ece:	0.09379926323890686
calibration_test/brier:	0.32186758518218994
accuracy_test/task:	78.47773558853987
accuracy_test/concepts:	96.7130355834961
map_test/concepts:	0.9446489595352335

Epoch 134
losses_train/task:	0.394849956035614
losses_train/concepts:	7.896676540374756
losses_train/representations:	8.89000129699707
losses_train/total:	1.6290175914764404
losses_test/task:	0.99964839220047
losses_test/concepts:	12.390586853027344
losses_test/representations:	11.269613265991211
losses_test/total:	2.80218768119812
calibration_test/ece:	0.09504538774490356
calibration_test/brier:	0.32286810874938965
accuracy_test/task:	78.11529168104936
accuracy_test/concepts:	96.59664154052734
map_test/concepts:	0.9432316042007284

Epoch 135
losses_train/task:	0.4235895276069641
losses_train/concepts:	8.038957595825195
losses_train/representations:	9.006257057189941
losses_train/total:	1.6777983903884888
losses_test/task:	0.9918966889381409
losses_test/concepts:	12.18795108795166
losses_test/representations:	11.16818618774414
losses_test/total:	2.7691009044647217
calibration_test/ece:	0.09813868999481201
calibration_test/brier:	0.3237912654876709
accuracy_test/task:	78.27062478425958
accuracy_test/concepts:	96.65133666992188
map_test/concepts:	0.9452828080096143

Epoch 136
losses_train/task:	0.44286471605300903
losses_train/concepts:	8.203529357910156
losses_train/representations:	9.134364128112793
losses_train/total:	1.7199362516403198
losses_test/task:	0.9778192043304443
losses_test/concepts:	12.130043983459473
losses_test/representations:	11.022268295288086
losses_test/total:	2.741936683654785
calibration_test/ece:	0.09327661991119385
calibration_test/brier:	0.31782591342926025
accuracy_test/task:	78.58129099068002
accuracy_test/concepts:	96.69283294677734
map_test/concepts:	0.9459406568648967

Epoch 137
losses_train/task:	0.4491972029209137
losses_train/concepts:	8.219072341918945
losses_train/representations:	9.158489227294922
losses_train/total:	1.7290288209915161
losses_test/task:	0.9879958033561707
losses_test/concepts:	12.302841186523438
losses_test/representations:	11.088457107543945
losses_test/total:	2.772702932357788
calibration_test/ece:	0.09410948306322098
calibration_test/brier:	0.3214302062988281
accuracy_test/task:	78.47773558853987
accuracy_test/concepts:	96.67190551757812
map_test/concepts:	0.9455843910257867

Epoch 138
losses_train/task:	0.4136868417263031
losses_train/concepts:	7.806734085083008
losses_train/representations:	8.838308334350586
losses_train/total:	1.6362754106521606
losses_test/task:	0.9984598159790039
losses_test/concepts:	12.52283000946045
losses_test/representations:	11.133865356445312
losses_test/total:	2.807436227798462
calibration_test/ece:	0.09652433544397354
calibration_test/brier:	0.3231487572193146
accuracy_test/task:	78.20158784949948
accuracy_test/concepts:	96.69356536865234
map_test/concepts:	0.9450410363521982

Epoch 139
losses_train/task:	0.4242876172065735
losses_train/concepts:	7.92667293548584
losses_train/representations:	9.029468536376953
losses_train/total:	1.6684284210205078
losses_test/task:	0.9889135956764221
losses_test/concepts:	12.414342880249023
losses_test/representations:	11.093294143676758
losses_test/total:	2.7850122451782227
calibration_test/ece:	0.09568847715854645
calibration_test/brier:	0.3189394176006317
accuracy_test/task:	78.52951328960994
accuracy_test/concepts:	96.72587585449219
map_test/concepts:	0.94445512396224

Epoch 140
losses_train/task:	0.43963712453842163
losses_train/concepts:	8.381067276000977
losses_train/representations:	9.193634986877441
losses_train/total:	1.7374255657196045
losses_test/task:	1.004601240158081
losses_test/concepts:	12.427178382873535
losses_test/representations:	11.17333698272705
losses_test/total:	2.805985927581787
calibration_test/ece:	0.09698307514190674
calibration_test/brier:	0.3191557228565216
accuracy_test/task:	78.40869865377977
accuracy_test/concepts:	96.69395446777344
map_test/concepts:	0.9432616436735113

Epoch 141
losses_train/task:	0.4285741448402405
losses_train/concepts:	7.965950012207031
losses_train/representations:	9.053975105285645
losses_train/total:	1.6778680086135864
losses_test/task:	0.9882074594497681
losses_test/concepts:	12.38206672668457
losses_test/representations:	11.03470230102539
losses_test/total:	2.778149366378784
calibration_test/ece:	0.09518229216337204
calibration_test/brier:	0.32048526406288147
accuracy_test/task:	78.33966171901967
accuracy_test/concepts:	96.70568084716797
map_test/concepts:	0.944847361838564

Epoch 142
losses_train/task:	0.4230956435203552
losses_train/concepts:	7.810962677001953
losses_train/representations:	8.99344539642334
losses_train/total:	1.6538640260696411
losses_test/task:	0.9912399053573608
losses_test/concepts:	12.41074275970459
losses_test/representations:	11.055567741394043
losses_test/total:	2.785092830657959
calibration_test/ece:	0.09668456017971039
calibration_test/brier:	0.3214367628097534
accuracy_test/task:	78.2188470831895
accuracy_test/concepts:	96.68473815917969
map_test/concepts:	0.9446989741731198

Epoch 143
losses_train/task:	0.4238603711128235
losses_train/concepts:	8.135638236999512
losses_train/representations:	9.000825881958008
losses_train/total:	1.6874656677246094
losses_test/task:	0.9917762875556946
losses_test/concepts:	12.265894889831543
losses_test/representations:	11.106513977050781
losses_test/total:	2.7736916542053223
calibration_test/ece:	0.09928636252880096
calibration_test/brier:	0.32166263461112976
accuracy_test/task:	78.11529168104936
accuracy_test/concepts:	96.71009826660156
map_test/concepts:	0.9436348232817142

Epoch 144
losses_train/task:	0.4566238224506378
losses_train/concepts:	8.474637985229492
losses_train/representations:	9.242951393127441
losses_train/total:	1.7662352323532104
losses_test/task:	0.9923334121704102
losses_test/concepts:	12.259791374206543
losses_test/representations:	11.117425918579102
losses_test/total:	2.774183988571167
calibration_test/ece:	0.09700917452573776
calibration_test/brier:	0.32198187708854675
accuracy_test/task:	78.25336555056955
accuracy_test/concepts:	96.68917083740234
map_test/concepts:	0.944915974393804

Epoch 145
losses_train/task:	0.43108436465263367
losses_train/concepts:	8.22601318359375
losses_train/representations:	9.030496597290039
losses_train/total:	1.705210566520691
losses_test/task:	0.9953743815422058
losses_test/concepts:	12.371405601501465
losses_test/representations:	11.140912055969238
losses_test/total:	2.7895607948303223
calibration_test/ece:	0.09882906079292297
calibration_test/brier:	0.32101690769195557
accuracy_test/task:	77.97721781152917
accuracy_test/concepts:	96.6267318725586
map_test/concepts:	0.9447464511749593

Epoch 146
losses_train/task:	0.41545942425727844
losses_train/concepts:	7.932522296905518
losses_train/representations:	8.85783576965332
losses_train/total:	1.6516036987304688
losses_test/task:	0.9960121512413025
losses_test/concepts:	12.276763916015625
losses_test/representations:	11.20484447479248
losses_test/total:	2.783930540084839
calibration_test/ece:	0.0989130288362503
calibration_test/brier:	0.32210272550582886
accuracy_test/task:	77.95995857783915
accuracy_test/concepts:	96.62855529785156
map_test/concepts:	0.9430084482152411

Epoch 147
losses_train/task:	0.43532490730285645
losses_train/concepts:	8.235441207885742
losses_train/representations:	9.072691917419434
losses_train/total:	1.7125037908554077
losses_test/task:	1.0071004629135132
losses_test/concepts:	12.481246948242188
losses_test/representations:	11.147927284240723
losses_test/total:	2.8126211166381836
calibration_test/ece:	0.10235903412103653
calibration_test/brier:	0.3242167830467224
accuracy_test/task:	77.92544011045909
accuracy_test/concepts:	96.64804077148438
map_test/concepts:	0.9441519481070498

Epoch 148
losses_train/task:	0.4051060974597931
losses_train/concepts:	8.106157302856445
losses_train/representations:	8.9010591506958
losses_train/total:	1.6607747077941895
losses_test/task:	0.9957001805305481
losses_test/concepts:	12.403387069702148
losses_test/representations:	11.092304229736328
losses_test/total:	2.790654420852661
calibration_test/ece:	0.09886092692613602
calibration_test/brier:	0.32138895988464355
accuracy_test/task:	78.01173627890921
accuracy_test/concepts:	96.68183135986328
map_test/concepts:	0.9450103031828049

Epoch 149
losses_train/task:	0.38576918840408325
losses_train/concepts:	7.610316276550293
losses_train/representations:	8.76927375793457
losses_train/total:	1.5852645635604858
losses_test/task:	1.004500389099121
losses_test/concepts:	12.4446382522583
losses_test/representations:	11.133209228515625
losses_test/total:	2.8056249618530273
calibration_test/ece:	0.10071583092212677
calibration_test/brier:	0.32443150877952576
accuracy_test/task:	78.06351397997929
accuracy_test/concepts:	96.6946792602539
map_test/concepts:	0.9437599537220407

Epoch 150
losses_train/task:	0.42918699979782104
losses_train/concepts:	8.068927764892578
losses_train/representations:	9.1329984664917
losses_train/total:	1.6927299499511719
losses_test/task:	0.9998724460601807
losses_test/concepts:	12.459189414978027
losses_test/representations:	11.128212928771973
losses_test/total:	2.802201986312866
calibration_test/ece:	0.09699292480945587
calibration_test/brier:	0.32128602266311646
accuracy_test/task:	78.51225405591991
accuracy_test/concepts:	96.6513442993164
map_test/concepts:	0.9455184251704114

Epoch 151
losses_train/task:	0.4480418860912323
losses_train/concepts:	8.327357292175293
losses_train/representations:	9.069697380065918
losses_train/total:	1.734262466430664
losses_test/task:	0.9911404848098755
losses_test/concepts:	12.305045127868652
losses_test/representations:	11.106122016906738
losses_test/total:	2.7769508361816406
calibration_test/ece:	0.09365908801555634
calibration_test/brier:	0.3204972445964813
accuracy_test/task:	78.47773558853987
accuracy_test/concepts:	96.63554382324219
map_test/concepts:	0.9437174771694427

Epoch 152
losses_train/task:	0.41776785254478455
losses_train/concepts:	8.09912109375
losses_train/representations:	8.974870681762695
losses_train/total:	1.6764235496520996
losses_test/task:	0.988982081413269
losses_test/concepts:	12.375256538391113
losses_test/representations:	11.120861053466797
losses_test/total:	2.782550573348999
calibration_test/ece:	0.09729048609733582
calibration_test/brier:	0.32083114981651306
accuracy_test/task:	78.2188470831895
accuracy_test/concepts:	96.60762786865234
map_test/concepts:	0.9440699321158389

Epoch 153
losses_train/task:	0.3938498795032501
losses_train/concepts:	7.719961643218994
losses_train/representations:	8.812199592590332
losses_train/total:	1.6064558029174805
losses_test/task:	1.002251386642456
losses_test/concepts:	12.45048713684082
losses_test/representations:	11.143845558166504
losses_test/total:	2.804492950439453
calibration_test/ece:	0.0988890677690506
calibration_test/brier:	0.32239198684692383
accuracy_test/task:	78.27062478425958
accuracy_test/concepts:	96.62931060791016
map_test/concepts:	0.9432964083996225

Epoch 154
losses_train/task:	0.4024227559566498
losses_train/concepts:	7.694709777832031
losses_train/representations:	8.676054954528809
losses_train/total:	1.605696678161621
losses_test/task:	1.002951741218567
losses_test/concepts:	12.464676856994629
losses_test/representations:	11.103907585144043
losses_test/total:	2.804614543914795
calibration_test/ece:	0.09853067994117737
calibration_test/brier:	0.32220637798309326
accuracy_test/task:	78.54677252329996
accuracy_test/concepts:	96.64694213867188
map_test/concepts:	0.9436801190071917

Epoch 155
losses_train/task:	0.39921262860298157
losses_train/concepts:	7.667876720428467
losses_train/representations:	8.664286613464355
losses_train/total:	1.5992145538330078
losses_test/task:	1.0153217315673828
losses_test/concepts:	12.591988563537598
losses_test/representations:	11.21273422241211
losses_test/total:	2.8351573944091797
calibration_test/ece:	0.10137130320072174
calibration_test/brier:	0.3248080313205719
accuracy_test/task:	78.18432861580946
accuracy_test/concepts:	96.654296875
map_test/concepts:	0.9428607200054412

Epoch 156
losses_train/task:	0.39697664976119995
losses_train/concepts:	7.685422420501709
losses_train/representations:	8.662368774414062
losses_train/total:	1.5986372232437134
losses_test/task:	1.0041797161102295
losses_test/concepts:	12.566503524780273
losses_test/representations:	11.109553337097168
losses_test/total:	2.81630802154541
calibration_test/ece:	0.09789237380027771
calibration_test/brier:	0.3210061490535736
accuracy_test/task:	78.40869865377977
accuracy_test/concepts:	96.68844604492188
map_test/concepts:	0.9446552142183832

Epoch 157
losses_train/task:	0.4062466621398926
losses_train/concepts:	7.611457824707031
losses_train/representations:	8.671109199523926
losses_train/total:	1.6009479761123657
losses_test/task:	1.01030433177948
losses_test/concepts:	12.619357109069824
losses_test/representations:	11.141030311584473
losses_test/total:	2.8292911052703857
calibration_test/ece:	0.10401744395494461
calibration_test/brier:	0.3260544538497925
accuracy_test/task:	77.89092164307905
accuracy_test/concepts:	96.64180755615234
map_test/concepts:	0.9449571903715742

Epoch 158
losses_train/task:	0.41442424058914185
losses_train/concepts:	8.086463928222656
losses_train/representations:	8.85018539428711
losses_train/total:	1.6655800342559814
losses_test/task:	1.0076913833618164
losses_test/concepts:	12.45416259765625
losses_test/representations:	11.187177658081055
losses_test/total:	2.8124661445617676
calibration_test/ece:	0.09703969955444336
calibration_test/brier:	0.32575035095214844
accuracy_test/task:	78.28788401794961
accuracy_test/concepts:	96.59478759765625
map_test/concepts:	0.9441459901789402

Epoch 159
losses_train/task:	0.40057703852653503
losses_train/concepts:	7.652221202850342
losses_train/representations:	8.704559326171875
losses_train/total:	1.601027011871338
losses_test/task:	1.0188897848129272
losses_test/concepts:	12.655289649963379
losses_test/representations:	11.217949867248535
losses_test/total:	2.845316171646118
calibration_test/ece:	0.10005252063274384
calibration_test/brier:	0.32937100529670715
accuracy_test/task:	77.90818087676907
accuracy_test/concepts:	96.60214233398438
map_test/concepts:	0.9441236536553566

Epoch 160
losses_train/task:	0.38431480526924133
losses_train/concepts:	7.427760124206543
losses_train/representations:	8.557662963867188
losses_train/total:	1.55497407913208
losses_test/task:	1.012786626815796
losses_test/concepts:	12.576533317565918
losses_test/representations:	11.140752792358398
losses_test/total:	2.82747745513916
calibration_test/ece:	0.09866217523813248
calibration_test/brier:	0.3270132541656494
accuracy_test/task:	78.20158784949948
accuracy_test/concepts:	96.59773254394531
map_test/concepts:	0.9440985347362275

Epoch 161
losses_train/task:	0.4035193622112274
losses_train/concepts:	7.884487152099609
losses_train/representations:	8.902029991149902
losses_train/total:	1.637069582939148
losses_test/task:	1.0101300477981567
losses_test/concepts:	12.591439247131348
losses_test/representations:	11.130245208740234
losses_test/total:	2.825786590576172
calibration_test/ece:	0.10209831595420837
calibration_test/brier:	0.32494208216667175
accuracy_test/task:	77.87366240938903
accuracy_test/concepts:	96.65098571777344
map_test/concepts:	0.9439526872431978

Epoch 162
losses_train/task:	0.39701950550079346
losses_train/concepts:	7.438253879547119
losses_train/representations:	8.586301803588867
losses_train/total:	1.5701597929000854
losses_test/task:	0.9958147406578064
losses_test/concepts:	12.394853591918945
losses_test/representations:	10.985203742980957
losses_test/total:	2.784560203552246
calibration_test/ece:	0.0999109297990799
calibration_test/brier:	0.3233611285686493
accuracy_test/task:	78.08077321366932
accuracy_test/concepts:	96.67594909667969
map_test/concepts:	0.9450344836458247

Epoch 163
losses_train/task:	0.4218747019767761
losses_train/concepts:	8.093730926513672
losses_train/representations:	8.904714584350586
losses_train/total:	1.6764832735061646
losses_test/task:	0.999893069267273
losses_test/concepts:	12.39553165435791
losses_test/representations:	11.046271324157715
losses_test/total:	2.791759490966797
calibration_test/ece:	0.10136125981807709
calibration_test/brier:	0.3237334191799164
accuracy_test/task:	77.82188470831895
accuracy_test/concepts:	96.64547729492188
map_test/concepts:	0.9443251744229743

Epoch 164
losses_train/task:	0.4250865578651428
losses_train/concepts:	8.082940101623535
losses_train/representations:	8.839380264282227
losses_train/total:	1.6753497123718262
losses_test/task:	1.0020034313201904
losses_test/concepts:	12.413488388061523
losses_test/representations:	11.084964752197266
losses_test/total:	2.797600507736206
calibration_test/ece:	0.09842315316200256
calibration_test/brier:	0.32214054465293884
accuracy_test/task:	78.32240248532965
accuracy_test/concepts:	96.67227935791016
map_test/concepts:	0.9445285099617978

Epoch 165
losses_train/task:	0.3974117636680603
losses_train/concepts:	7.599462032318115
losses_train/representations:	8.57755184173584
losses_train/total:	1.5862356424331665
losses_test/task:	0.9995190501213074
losses_test/concepts:	12.285675048828125
losses_test/representations:	10.959379196166992
losses_test/total:	2.776055335998535
calibration_test/ece:	0.0989145040512085
calibration_test/brier:	0.3241179883480072
accuracy_test/task:	78.25336555056955
accuracy_test/concepts:	96.67744445800781
map_test/concepts:	0.943974014292372

Epoch 166
losses_train/task:	0.38415250182151794
losses_train/concepts:	7.374228000640869
losses_train/representations:	8.41103744506836
losses_train/total:	1.542127251625061
losses_test/task:	1.0079096555709839
losses_test/concepts:	12.449645042419434
losses_test/representations:	11.080132484436035
losses_test/total:	2.8068811893463135
calibration_test/ece:	0.10164391249418259
calibration_test/brier:	0.3250311613082886
accuracy_test/task:	78.08077321366932
accuracy_test/concepts:	96.66382598876953
map_test/concepts:	0.9437134139081265

Epoch 167
losses_train/task:	0.3900020718574524
losses_train/concepts:	7.61954927444458
losses_train/representations:	8.5986328125
losses_train/total:	1.5818886756896973
losses_test/task:	1.0089596509933472
losses_test/concepts:	12.399036407470703
losses_test/representations:	11.070250511169434
losses_test/total:	2.8023757934570312
calibration_test/ece:	0.10239285975694656
calibration_test/brier:	0.3245265483856201
accuracy_test/task:	78.08077321366932
accuracy_test/concepts:	96.65538024902344
map_test/concepts:	0.9429201065225804

Epoch 168
losses_train/task:	0.40265998244285583
losses_train/concepts:	7.5534348487854
losses_train/representations:	8.545172691345215
losses_train/total:	1.5852619409561157
losses_test/task:	1.0078727006912231
losses_test/concepts:	12.43784236907959
losses_test/representations:	11.078548431396484
losses_test/total:	2.80558443069458
calibration_test/ece:	0.10338597744703293
calibration_test/brier:	0.3247537910938263
accuracy_test/task:	78.23610631687953
accuracy_test/concepts:	96.6281967163086
map_test/concepts:	0.9448452985033076

Epoch 169
losses_train/task:	0.3932131826877594
losses_train/concepts:	7.417601108551025
losses_train/representations:	8.569561004638672
losses_train/total:	1.5634516477584839
losses_test/task:	1.0035418272018433
losses_test/concepts:	12.419230461120605
losses_test/representations:	11.044422149658203
losses_test/total:	2.7976861000061035
calibration_test/ece:	0.10378529131412506
calibration_test/brier:	0.32415327429771423
accuracy_test/task:	78.28788401794961
accuracy_test/concepts:	96.62931060791016
map_test/concepts:	0.9453216207788345

Epoch 170
losses_train/task:	0.38987913727760315
losses_train/concepts:	7.545712947845459
losses_train/representations:	8.712507247924805
losses_train/total:	1.580075740814209
losses_test/task:	1.0021649599075317
losses_test/concepts:	12.593653678894043
losses_test/representations:	10.935857772827148
losses_test/total:	2.808323383331299
calibration_test/ece:	0.10057711601257324
calibration_test/brier:	0.3213789761066437
accuracy_test/task:	78.32240248532965
accuracy_test/concepts:	96.71118927001953
map_test/concepts:	0.9435732491472935

Epoch 171
losses_train/task:	0.3843774199485779
losses_train/concepts:	7.5907745361328125
losses_train/representations:	8.405610084533691
losses_train/total:	1.5637356042861938
losses_test/task:	1.004996657371521
losses_test/concepts:	12.583857536315918
losses_test/representations:	11.106311798095703
losses_test/total:	2.8186981678009033
calibration_test/ece:	0.09921018779277802
calibration_test/brier:	0.3244790732860565
accuracy_test/task:	77.95995857783915
accuracy_test/concepts:	96.59111785888672
map_test/concepts:	0.9428240999262384

Epoch 172
losses_train/task:	0.4031948447227478
losses_train/concepts:	7.632856369018555
losses_train/representations:	8.72874641418457
losses_train/total:	1.6029176712036133
losses_test/task:	1.0061683654785156
losses_test/concepts:	12.46107006072998
losses_test/representations:	11.138148307800293
losses_test/total:	2.80918288230896
calibration_test/ece:	0.09669730067253113
calibration_test/brier:	0.3243620693683624
accuracy_test/task:	78.16706938211944
accuracy_test/concepts:	96.61204528808594
map_test/concepts:	0.9441444239717849

Epoch 173
losses_train/task:	0.3843788206577301
losses_train/concepts:	7.287721633911133
losses_train/representations:	8.523831367492676
losses_train/total:	1.5393425226211548
losses_test/task:	1.0199480056762695
losses_test/concepts:	12.808328628540039
losses_test/representations:	11.105512619018555
losses_test/total:	2.8560566902160645
calibration_test/ece:	0.10212177038192749
calibration_test/brier:	0.32677170634269714
accuracy_test/task:	77.856403175699
accuracy_test/concepts:	96.65133666992188
map_test/concepts:	0.9444412741255253

Epoch 174
losses_train/task:	0.41978511214256287
losses_train/concepts:	7.957106590270996
losses_train/representations:	8.788654327392578
losses_train/total:	1.6549286842346191
losses_test/task:	1.0039328336715698
losses_test/concepts:	12.526451110839844
losses_test/representations:	11.120319366455078
losses_test/total:	2.812593936920166
calibration_test/ece:	0.09966784715652466
calibration_test/brier:	0.3259269595146179
accuracy_test/task:	78.25336555056955
accuracy_test/concepts:	96.58047485351562
map_test/concepts:	0.9433235335857311

Epoch 175
losses_train/task:	0.3980247676372528
losses_train/concepts:	7.71262788772583
losses_train/representations:	8.743760108947754
losses_train/total:	1.606475591659546
losses_test/task:	1.0148184299468994
losses_test/concepts:	12.640713691711426
losses_test/representations:	11.121028900146484
losses_test/total:	2.8349413871765137
calibration_test/ece:	0.10388645529747009
calibration_test/brier:	0.3275635242462158
accuracy_test/task:	77.70107007248878
accuracy_test/concepts:	96.60874938964844
map_test/concepts:	0.9432761199930881

Epoch 176
losses_train/task:	0.39953142404556274
losses_train/concepts:	7.537242412567139
losses_train/representations:	8.646665573120117
losses_train/total:	1.585588812828064
losses_test/task:	1.0211454629898071
losses_test/concepts:	12.570436477661133
losses_test/representations:	11.140549659729004
losses_test/total:	2.835216522216797
calibration_test/ece:	0.10262101143598557
calibration_test/brier:	0.33003029227256775
accuracy_test/task:	77.89092164307905
accuracy_test/concepts:	96.61058044433594
map_test/concepts:	0.9427060307340419

Epoch 177
losses_train/task:	0.36652982234954834
losses_train/concepts:	7.332032203674316
losses_train/representations:	8.360482215881348
losses_train/total:	1.5177571773529053
losses_test/task:	1.0063748359680176
losses_test/concepts:	12.514274597167969
losses_test/representations:	10.999835968017578
losses_test/total:	2.8077940940856934
calibration_test/ece:	0.10220186412334442
calibration_test/brier:	0.32672449946403503
accuracy_test/task:	77.92544011045909
accuracy_test/concepts:	96.6913833618164
map_test/concepts:	0.9447095876044416

Epoch 178
losses_train/task:	0.3876130282878876
losses_train/concepts:	7.471224784851074
losses_train/representations:	8.499987602233887
losses_train/total:	1.5597349405288696
losses_test/task:	1.007986068725586
losses_test/concepts:	12.496710777282715
losses_test/representations:	11.049583435058594
losses_test/total:	2.810136556625366
calibration_test/ece:	0.09884710609912872
calibration_test/brier:	0.32440993189811707
accuracy_test/task:	78.11529168104936
accuracy_test/concepts:	96.63555145263672
map_test/concepts:	0.9434260421610893

Epoch 179
losses_train/task:	0.3703688383102417
losses_train/concepts:	7.260782718658447
losses_train/representations:	8.310261726379395
losses_train/total:	1.5119597911834717
losses_test/task:	1.0080989599227905
losses_test/concepts:	12.41285514831543
losses_test/representations:	11.034707069396973
losses_test/total:	2.8011200428009033
calibration_test/ece:	0.09962587803602219
calibration_test/brier:	0.32523754239082336
accuracy_test/task:	78.13255091473938
accuracy_test/concepts:	96.65280151367188
map_test/concepts:	0.9438460646791661

Epoch 180
losses_train/task:	0.38587263226509094
losses_train/concepts:	7.321552276611328
losses_train/representations:	8.390278816223145
losses_train/total:	1.5375418663024902
losses_test/task:	1.0101221799850464
losses_test/concepts:	12.557856559753418
losses_test/representations:	11.031807899475098
losses_test/total:	2.817497968673706
calibration_test/ece:	0.09938843548297882
calibration_test/brier:	0.3251916468143463
accuracy_test/task:	77.90818087676907
accuracy_test/concepts:	96.66638946533203
map_test/concepts:	0.9438772835630052

Epoch 181
losses_train/task:	0.36414870619773865
losses_train/concepts:	7.028694152832031
losses_train/representations:	8.216174125671387
losses_train/total:	1.4778268337249756
losses_test/task:	1.020051121711731
losses_test/concepts:	12.687255859375
losses_test/representations:	11.076592445373535
losses_test/total:	2.842607021331787
calibration_test/ece:	0.0989721342921257
calibration_test/brier:	0.32809290289878845
accuracy_test/task:	78.09803244735934
accuracy_test/concepts:	96.63629150390625
map_test/concepts:	0.9441301125161191

Epoch 182
losses_train/task:	0.3714785575866699
losses_train/concepts:	7.428225517272949
losses_train/representations:	8.305237770080566
losses_train/total:	1.5295628309249878
losses_test/task:	1.0036770105361938
losses_test/concepts:	12.445969581604004
losses_test/representations:	10.974162101745605
losses_test/total:	2.7969822883605957
calibration_test/ece:	0.10161258280277252
calibration_test/brier:	0.3261762857437134
accuracy_test/task:	77.89092164307905
accuracy_test/concepts:	96.65390014648438
map_test/concepts:	0.9452494306767241

Epoch 183
losses_train/task:	0.3951290249824524
losses_train/concepts:	7.325096607208252
losses_train/representations:	8.492619514465332
losses_train/total:	1.5522695779800415
losses_test/task:	0.9975399374961853
losses_test/concepts:	12.3037691116333
losses_test/representations:	11.033449172973633
losses_test/total:	2.7795894145965576
calibration_test/ece:	0.10036498308181763
calibration_test/brier:	0.32289043068885803
accuracy_test/task:	78.09803244735934
accuracy_test/concepts:	96.63591003417969
map_test/concepts:	0.9452532364967021

Epoch 184
losses_train/task:	0.3778531849384308
losses_train/concepts:	7.545763969421387
losses_train/representations:	8.388976097106934
losses_train/total:	1.551878809928894
losses_test/task:	1.001824140548706
losses_test/concepts:	12.374615669250488
losses_test/representations:	11.044915199279785
losses_test/total:	2.7915308475494385
calibration_test/ece:	0.1011493057012558
calibration_test/brier:	0.32411515712738037
accuracy_test/task:	78.11529168104936
accuracy_test/concepts:	96.64143371582031
map_test/concepts:	0.9446152093562674

Epoch 185
losses_train/task:	0.4015127718448639
losses_train/concepts:	7.6301140785217285
losses_train/representations:	8.671711921691895
losses_train/total:	1.5981096029281616
losses_test/task:	1.00899338722229
losses_test/concepts:	12.553427696228027
losses_test/representations:	10.994183540344238
losses_test/total:	2.814044952392578
calibration_test/ece:	0.10062658786773682
calibration_test/brier:	0.326394259929657
accuracy_test/task:	77.94269934414912
accuracy_test/concepts:	96.63701629638672
map_test/concepts:	0.943705345721955

Epoch 186
losses_train/task:	0.35394203662872314
losses_train/concepts:	7.016364097595215
losses_train/representations:	8.203622817993164
losses_train/total:	1.4657596349716187
losses_test/task:	1.0169739723205566
losses_test/concepts:	12.729575157165527
losses_test/representations:	11.039886474609375
losses_test/total:	2.841925621032715
calibration_test/ece:	0.09893329441547394
calibration_test/brier:	0.32702744007110596
accuracy_test/task:	78.09803244735934
accuracy_test/concepts:	96.6535415649414
map_test/concepts:	0.9437171639280116

Epoch 187
losses_train/task:	0.35715413093566895
losses_train/concepts:	6.96502685546875
losses_train/representations:	8.139570236206055
losses_train/total:	1.4606353044509888
losses_test/task:	1.0038878917694092
losses_test/concepts:	12.81458568572998
losses_test/representations:	10.915078163146973
losses_test/total:	2.8311002254486084
calibration_test/ece:	0.09877733886241913
calibration_test/brier:	0.3234197199344635
accuracy_test/task:	78.06351397997929
accuracy_test/concepts:	96.7100830078125
map_test/concepts:	0.9441559504955372

Epoch 188
losses_train/task:	0.38605761528015137
losses_train/concepts:	7.470693588256836
losses_train/representations:	8.471837997436523
losses_train/total:	1.5567188262939453
losses_test/task:	1.0140786170959473
losses_test/concepts:	12.797863960266113
losses_test/representations:	11.0091552734375
losses_test/total:	2.84432315826416
calibration_test/ece:	0.10062197595834732
calibration_test/brier:	0.32525452971458435
accuracy_test/task:	78.01173627890921
accuracy_test/concepts:	96.6252670288086
map_test/concepts:	0.9447905142256554

Epoch 189
losses_train/task:	0.3741437792778015
losses_train/concepts:	7.17716646194458
losses_train/representations:	8.247379302978516
losses_train/total:	1.5042294263839722
losses_test/task:	1.004916787147522
losses_test/concepts:	12.626219749450684
losses_test/representations:	10.995966911315918
losses_test/total:	2.8173370361328125
calibration_test/ece:	0.09722734987735748
calibration_test/brier:	0.32570865750312805
accuracy_test/task:	78.02899551259924
accuracy_test/concepts:	96.59516143798828
map_test/concepts:	0.9444385285073138

Epoch 190
losses_train/task:	0.3816911578178406
losses_train/concepts:	7.221645355224609
losses_train/representations:	8.291886329650879
losses_train/total:	1.5184499025344849
losses_test/task:	1.007186770439148
losses_test/concepts:	12.694795608520508
losses_test/representations:	10.974408149719238
losses_test/total:	2.8253865242004395
calibration_test/ece:	0.1005948856472969
calibration_test/brier:	0.3260601758956909
accuracy_test/task:	77.89092164307905
accuracy_test/concepts:	96.61388397216797
map_test/concepts:	0.9444852395260588

Epoch 191
losses_train/task:	0.3828580677509308
losses_train/concepts:	7.389163494110107
losses_train/representations:	8.395325660705566
losses_train/total:	1.5415403842926025
losses_test/task:	1.002341628074646
losses_test/concepts:	12.54590129852295
losses_test/representations:	10.985820770263672
losses_test/total:	2.806222677230835
calibration_test/ece:	0.09428665786981583
calibration_test/brier:	0.32410815358161926
accuracy_test/task:	78.37418018639973
accuracy_test/concepts:	96.63774871826172
map_test/concepts:	0.944860393696643

Epoch 192
losses_train/task:	0.34640902280807495
losses_train/concepts:	6.923558712005615
losses_train/representations:	8.117913246154785
losses_train/total:	1.4446607828140259
losses_test/task:	1.0265133380889893
losses_test/concepts:	12.907928466796875
losses_test/representations:	11.094059944152832
losses_test/total:	2.872009754180908
calibration_test/ece:	0.10049265623092651
calibration_test/brier:	0.3309284746646881
accuracy_test/task:	77.97721781152917
accuracy_test/concepts:	96.63812255859375
map_test/concepts:	0.9441388870807405

Epoch 193
losses_train/task:	0.3715802729129791
losses_train/concepts:	7.126821994781494
losses_train/representations:	8.294107437133789
losses_train/total:	1.4989678859710693
losses_test/task:	1.023071527481079
losses_test/concepts:	12.972537994384766
losses_test/representations:	10.995326042175293
losses_test/total:	2.870091438293457
calibration_test/ece:	0.10139532387256622
calibration_test/brier:	0.33169645071029663
accuracy_test/task:	77.70107007248878
accuracy_test/concepts:	96.68107604980469
map_test/concepts:	0.9439965689435919

Epoch 194
losses_train/task:	0.3741576373577118
losses_train/concepts:	7.247095108032227
losses_train/representations:	8.212994575500488
losses_train/total:	1.509516716003418
losses_test/task:	1.016115427017212
losses_test/concepts:	12.81747055053711
losses_test/representations:	11.020221710205078
losses_test/total:	2.8488733768463135
calibration_test/ece:	0.10287539660930634
calibration_test/brier:	0.3307952582836151
accuracy_test/task:	77.68381083879876
accuracy_test/concepts:	96.68732452392578
map_test/concepts:	0.945049081711059

Epoch 195
losses_train/task:	0.3827093243598938
losses_train/concepts:	7.463509559631348
losses_train/representations:	8.495054244995117
losses_train/total:	1.5538129806518555
losses_test/task:	1.005197525024414
losses_test/concepts:	12.577940940856934
losses_test/representations:	10.987947463989258
losses_test/total:	2.8123888969421387
calibration_test/ece:	0.09997042268514633
calibration_test/brier:	0.3260706067085266
accuracy_test/task:	77.97721781152917
accuracy_test/concepts:	96.69283294677734
map_test/concepts:	0.944866749834507

Epoch 196
losses_train/task:	0.3484291732311249
losses_train/concepts:	6.808939456939697
losses_train/representations:	7.964523792266846
losses_train/total:	1.427549123764038
losses_test/task:	1.0352169275283813
losses_test/concepts:	13.069833755493164
losses_test/representations:	10.944663047790527
losses_test/total:	2.8894331455230713
calibration_test/ece:	0.10565520823001862
calibration_test/brier:	0.3340495526790619
accuracy_test/task:	77.51121850189851
accuracy_test/concepts:	96.68990325927734
map_test/concepts:	0.943386750018343

Epoch 197
losses_train/task:	0.3615146279335022
losses_train/concepts:	7.204406261444092
losses_train/representations:	8.21566390991211
losses_train/total:	1.4927384853363037
losses_test/task:	1.0152839422225952
losses_test/concepts:	12.635537147521973
losses_test/representations:	11.008763313293457
losses_test/total:	2.8292758464813232
calibration_test/ece:	0.10059475153684616
calibration_test/brier:	0.32955077290534973
accuracy_test/task:	77.856403175699
accuracy_test/concepts:	96.64949798583984
map_test/concepts:	0.9440021020300845

Epoch 198
losses_train/task:	0.34985780715942383
losses_train/concepts:	6.74502420425415
losses_train/representations:	8.102983474731445
losses_train/total:	1.4295096397399902
losses_test/task:	1.0229214429855347
losses_test/concepts:	12.795130729675293
losses_test/representations:	10.98558235168457
losses_test/total:	2.8517141342163086
calibration_test/ece:	0.10568134486675262
calibration_test/brier:	0.33174753189086914
accuracy_test/task:	77.75284777355886
accuracy_test/concepts:	96.68071746826172
map_test/concepts:	0.9441673197644822

Epoch 199
losses_train/task:	0.38126224279403687
losses_train/concepts:	7.230212211608887
losses_train/representations:	8.243328094482422
losses_train/total:	1.516450047492981
losses_test/task:	1.0288695096969604
losses_test/concepts:	12.9210786819458
losses_test/representations:	11.020169258117676
losses_test/total:	2.871985673904419
calibration_test/ece:	0.10225395113229752
calibration_test/brier:	0.3316720128059387
accuracy_test/task:	78.04625474628926
accuracy_test/concepts:	96.68842315673828
map_test/concepts:	0.9442378028910211

Epoch 200
losses_train/task:	0.34734657406806946
losses_train/concepts:	6.867825508117676
losses_train/representations:	7.99552059173584
losses_train/total:	1.4339052438735962
losses_test/task:	1.039750337600708
losses_test/concepts:	13.230624198913574
losses_test/representations:	11.028286933898926
losses_test/total:	2.91422700881958
calibration_train/ece:	0.007229453884065151
calibration_train/brier:	0.09062172472476959
accuracy_train/task:	92.8420608108108
calibration_test/ece:	0.10227449238300323
calibration_test/brier:	0.333453506231308
accuracy_test/task:	77.78736624093891
accuracy_train/concepts:	98.35798645019531
map_train/concepts:	0.9897536305671043
accuracy_test/concepts:	96.6675033569336
map_test/concepts:	0.9429373462149437
accuracy_test/nuisances_task:	-0.17099958199721116
accuracy_test/nuisances_nontask:	0.0
mutual_inf_test/nuisances_task:	-0.0015072529946944524
mutual_inf_test/nuisances_nontask:	0.0

Epoch 201
losses_train/task:	0.3902614116668701
losses_train/concepts:	7.404305934906006
losses_train/representations:	8.45007610321045
losses_train/total:	1.553195834159851
losses_test/task:	1.0144933462142944
losses_test/concepts:	12.875161170959473
losses_test/representations:	10.942835807800293
losses_test/total:	2.8491508960723877
calibration_test/ece:	0.1010994017124176
calibration_test/brier:	0.32721081376075745
accuracy_test/task:	78.16706938211944
accuracy_test/concepts:	96.7104721069336
map_test/concepts:	0.9447127631370057

Epoch 202
losses_train/task:	0.4220537841320038
losses_train/concepts:	7.784725666046143
losses_train/representations:	8.601838111877441
losses_train/total:	1.6306183338165283
losses_test/task:	1.0179418325424194
losses_test/concepts:	12.93236255645752
losses_test/representations:	10.95362377166748
losses_test/total:	2.8588595390319824
calibration_test/ece:	0.10099096596240997
calibration_test/brier:	0.32809099555015564
accuracy_test/task:	78.18432861580946
accuracy_test/concepts:	96.6972427368164
map_test/concepts:	0.9438134850339687

Epoch 203
losses_train/task:	0.35424140095710754
losses_train/concepts:	7.017699718475342
losses_train/representations:	8.167254447937012
losses_train/total:	1.46437406539917
losses_test/task:	1.0245676040649414
losses_test/concepts:	13.02556324005127
losses_test/representations:	10.986221313476562
losses_test/total:	2.8764350414276123
calibration_test/ece:	0.1009834036231041
calibration_test/brier:	0.3280874192714691
accuracy_test/task:	78.25336555056955
accuracy_test/concepts:	96.71083068847656
map_test/concepts:	0.9438027219569429

Epoch 204
losses_train/task:	0.36845898628234863
losses_train/concepts:	7.086733818054199
losses_train/representations:	8.153520584106445
losses_train/total:	1.484808325767517
losses_test/task:	1.0210908651351929
losses_test/concepts:	12.9357271194458
losses_test/representations:	10.971076011657715
losses_test/total:	2.86321759223938
calibration_test/ece:	0.0995790958404541
calibration_test/brier:	0.32763078808784485
accuracy_test/task:	78.39143942008975
accuracy_test/concepts:	96.6759262084961
map_test/concepts:	0.9435431094879799

Epoch 205
losses_train/task:	0.37623274326324463
losses_train/concepts:	7.157466888427734
losses_train/representations:	8.332551956176758
losses_train/total:	1.5086069107055664
losses_test/task:	1.0162144899368286
losses_test/concepts:	12.939352989196777
losses_test/representations:	10.937664985656738
losses_test/total:	2.8570332527160645
calibration_test/ece:	0.10026262700557709
calibration_test/brier:	0.32694607973098755
accuracy_test/task:	78.39143942008975
accuracy_test/concepts:	96.68035125732422
map_test/concepts:	0.9444019933964344

Epoch 206
losses_train/task:	0.3676431179046631
losses_train/concepts:	6.978522300720215
losses_train/representations:	8.11972713470459
losses_train/total:	1.4714818000793457
losses_test/task:	1.0177719593048096
losses_test/concepts:	12.877445220947266
losses_test/representations:	10.956955909729004
losses_test/total:	2.8533644676208496
calibration_test/ece:	0.10265486687421799
calibration_test/brier:	0.3272968530654907
accuracy_test/task:	78.30514325163962
accuracy_test/concepts:	96.70935821533203
map_test/concepts:	0.9449648032797143

Epoch 207
losses_train/task:	0.3534855842590332
losses_train/concepts:	7.023298263549805
losses_train/representations:	8.097872734069824
losses_train/total:	1.4607089757919312
losses_test/task:	1.016916036605835
losses_test/concepts:	12.886270523071289
losses_test/representations:	10.969578742980957
losses_test/total:	2.854022264480591
calibration_test/ece:	0.10181235522031784
calibration_test/brier:	0.32654497027397156
accuracy_test/task:	78.25336555056955
accuracy_test/concepts:	96.68842315673828
map_test/concepts:	0.9437779175474289

Epoch 208
losses_train/task:	0.32224413752555847
losses_train/concepts:	6.544571399688721
losses_train/representations:	7.738753318786621
losses_train/total:	1.3636388778686523
losses_test/task:	1.0185692310333252
losses_test/concepts:	12.847807884216309
losses_test/representations:	10.978251457214355
losses_test/total:	2.8522627353668213
calibration_test/ece:	0.09920543432235718
calibration_test/brier:	0.3269359767436981
accuracy_test/task:	78.37418018639973
accuracy_test/concepts:	96.67669677734375
map_test/concepts:	0.9442968089529808

Epoch 209
losses_train/task:	0.36492636799812317
losses_train/concepts:	7.0446977615356445
losses_train/representations:	8.161969184875488
losses_train/total:	1.4774948358535767
losses_test/task:	1.016358733177185
losses_test/concepts:	12.94788646697998
losses_test/representations:	10.865736961364746
losses_test/total:	2.8544344902038574
calibration_test/ece:	0.1010783314704895
calibration_test/brier:	0.3268868923187256
accuracy_test/task:	78.04625474628926
accuracy_test/concepts:	96.71669006347656
map_test/concepts:	0.9441862474096582

Epoch 210
losses_train/task:	0.34712424874305725
losses_train/concepts:	6.831826686859131
losses_train/representations:	8.007365226745605
losses_train/total:	1.4306752681732178
losses_test/task:	1.009527564048767
losses_test/concepts:	12.8428316116333
losses_test/representations:	10.882906913757324
losses_test/total:	2.837956428527832
calibration_test/ece:	0.0982438400387764
calibration_test/brier:	0.3254895508289337
accuracy_test/task:	78.30514325163962
accuracy_test/concepts:	96.69099426269531
map_test/concepts:	0.9436946168858954

Epoch 211
losses_train/task:	0.36708903312683105
losses_train/concepts:	7.121078968048096
losses_train/representations:	8.126465797424316
losses_train/total:	1.4855204820632935
losses_test/task:	1.0101096630096436
losses_test/concepts:	12.778437614440918
losses_test/representations:	10.93173885345459
losses_test/total:	2.834540367126465
calibration_test/ece:	0.10030589252710342
calibration_test/brier:	0.32578736543655396
accuracy_test/task:	78.23610631687953
accuracy_test/concepts:	96.69428253173828
map_test/concepts:	0.9440857945604527

Epoch 212
losses_train/task:	0.36899030208587646
losses_train/concepts:	7.250534534454346
losses_train/representations:	8.2806978225708
losses_train/total:	1.508078694343567
losses_test/task:	1.0191984176635742
losses_test/concepts:	12.883103370666504
losses_test/representations:	10.96291446685791
losses_test/total:	2.85565447807312
calibration_test/ece:	0.1011040210723877
calibration_test/brier:	0.32794424891471863
accuracy_test/task:	78.20158784949948
accuracy_test/concepts:	96.68842315673828
map_test/concepts:	0.9440558349832575

Epoch 213
losses_train/task:	0.36972576379776
losses_train/concepts:	7.257236957550049
losses_train/representations:	8.198248863220215
losses_train/total:	1.505361795425415
losses_test/task:	1.0078562498092651
losses_test/concepts:	12.734675407409668
losses_test/representations:	10.873435020446777
losses_test/total:	2.8249950408935547
calibration_test/ece:	0.10012926906347275
calibration_test/brier:	0.3249451816082001
accuracy_test/task:	78.23610631687953
accuracy_test/concepts:	96.72587585449219
map_test/concepts:	0.9448258851436858

Epoch 214
losses_train/task:	0.3176364600658417
losses_train/concepts:	6.4866533279418945
losses_train/representations:	7.732179641723633
losses_train/total:	1.3529108762741089
losses_test/task:	1.0094023942947388
losses_test/concepts:	12.76279067993164
losses_test/representations:	10.907962799072266
losses_test/total:	2.8310797214508057
calibration_test/ece:	0.09920455515384674
calibration_test/brier:	0.3257010281085968
accuracy_test/task:	78.23610631687953
accuracy_test/concepts:	96.70863342285156
map_test/concepts:	0.9440766877316414

Epoch 215
losses_train/task:	0.3464125990867615
losses_train/concepts:	6.928598880767822
losses_train/representations:	7.963326454162598
losses_train/total:	1.4374388456344604
losses_test/task:	1.0105862617492676
losses_test/concepts:	12.786182403564453
losses_test/representations:	10.90589714050293
losses_test/total:	2.8344995975494385
calibration_test/ece:	0.10021702945232391
calibration_test/brier:	0.3260865807533264
accuracy_test/task:	78.33966171901967
accuracy_test/concepts:	96.70126342773438
map_test/concepts:	0.9444536769643743

Epoch 216
losses_train/task:	0.3518012464046478
losses_train/concepts:	7.108510971069336
losses_train/representations:	8.183423042297363
losses_train/total:	1.4718233346939087
losses_test/task:	1.012396216392517
losses_test/concepts:	12.748711585998535
losses_test/representations:	10.923118591308594
losses_test/total:	2.833423614501953
calibration_test/ece:	0.10180336236953735
calibration_test/brier:	0.3261502683162689
accuracy_test/task:	78.14981014842941
accuracy_test/concepts:	96.7134017944336
map_test/concepts:	0.9446671047109239

Epoch 217
losses_train/task:	0.34488943219184875
losses_train/concepts:	6.923852443695068
losses_train/representations:	8.012581825256348
losses_train/total:	1.437903881072998
losses_test/task:	1.0104022026062012
losses_test/concepts:	12.6950101852417
losses_test/representations:	10.913835525512695
losses_test/total:	2.825594663619995
calibration_test/ece:	0.10257813334465027
calibration_test/brier:	0.32577645778656006
accuracy_test/task:	78.04625474628926
accuracy_test/concepts:	96.69284057617188
map_test/concepts:	0.944448618178672

Epoch 218
losses_train/task:	0.3360167145729065
losses_train/concepts:	6.580193996429443
losses_train/representations:	7.92169189453125
losses_train/total:	1.3901206254959106
losses_test/task:	1.0071252584457397
losses_test/concepts:	12.767112731933594
losses_test/representations:	10.87936782836914
losses_test/total:	2.8278050422668457
calibration_test/ece:	0.10143490135669708
calibration_test/brier:	0.3256743550300598
accuracy_test/task:	78.13255091473938
accuracy_test/concepts:	96.71669006347656
map_test/concepts:	0.9440862663248752

Epoch 219
losses_train/task:	0.3341291844844818
losses_train/concepts:	6.603736400604248
losses_train/representations:	7.837715148925781
losses_train/total:	1.3863886594772339
losses_test/task:	1.0145295858383179
losses_test/concepts:	12.775230407714844
losses_test/representations:	10.924227714538574
losses_test/total:	2.8382632732391357
calibration_test/ece:	0.10108229517936707
calibration_test/brier:	0.3272915482521057
accuracy_test/task:	78.23610631687953
accuracy_test/concepts:	96.7130355834961
map_test/concepts:	0.9434601956225456

Epoch 220
losses_train/task:	0.38126638531684875
losses_train/concepts:	7.3273797035217285
losses_train/representations:	8.180778503417969
losses_train/total:	1.5230435132980347
losses_test/task:	1.0111851692199707
losses_test/concepts:	12.764925003051758
losses_test/representations:	10.90008544921875
losses_test/total:	2.8326821327209473
calibration_test/ece:	0.10030470043420792
calibration_test/brier:	0.3259887397289276
accuracy_test/task:	78.28788401794961
accuracy_test/concepts:	96.72550201416016
map_test/concepts:	0.9440046295206598

Epoch 221
losses_train/task:	0.36415785551071167
losses_train/concepts:	7.150423049926758
losses_train/representations:	8.254828453063965
losses_train/total:	1.4919416904449463
losses_test/task:	1.0106314420700073
losses_test/concepts:	12.8140869140625
losses_test/representations:	10.892661094665527
losses_test/total:	2.8366737365722656
calibration_test/ece:	0.10122504085302353
calibration_test/brier:	0.32549387216567993
accuracy_test/task:	78.18432861580946
accuracy_test/concepts:	96.70532989501953
map_test/concepts:	0.9444579963988446

Epoch 222
losses_train/task:	0.3662061393260956
losses_train/concepts:	6.910576343536377
losses_train/representations:	7.95090389251709
losses_train/total:	1.454809308052063
losses_test/task:	1.0094547271728516
losses_test/concepts:	12.737091064453125
losses_test/representations:	10.859460830688477
losses_test/total:	2.826137065887451
calibration_test/ece:	0.10066103935241699
calibration_test/brier:	0.325641930103302
accuracy_test/task:	78.23610631687953
accuracy_test/concepts:	96.72148132324219
map_test/concepts:	0.9443123239151975

Epoch 223
losses_train/task:	0.3960537612438202
losses_train/concepts:	7.513885021209717
losses_train/representations:	8.3089599609375
losses_train/total:	1.5628901720046997
losses_test/task:	1.0042002201080322
losses_test/concepts:	12.599425315856934
losses_test/representations:	10.923857688903809
losses_test/total:	2.810335874557495
calibration_test/ece:	0.10021881759166718
calibration_test/brier:	0.3244059383869171
accuracy_test/task:	78.27062478425958
accuracy_test/concepts:	96.69100189208984
map_test/concepts:	0.9446238723207028

Epoch 224
losses_train/task:	0.3634294271469116
losses_train/concepts:	7.073904037475586
losses_train/representations:	8.135294914245605
losses_train/total:	1.477584719657898
losses_test/task:	1.014349341392517
losses_test/concepts:	12.768012046813965
losses_test/representations:	10.943018913269043
losses_test/total:	2.838301420211792
calibration_test/ece:	0.10039743781089783
calibration_test/brier:	0.3259773850440979
accuracy_test/task:	78.33966171901967
accuracy_test/concepts:	96.72772979736328
map_test/concepts:	0.9446462063079185

Epoch 225
losses_train/task:	0.34540045261383057
losses_train/concepts:	6.885130405426025
losses_train/representations:	8.000357627868652
losses_train/total:	1.4339313507080078
losses_test/task:	1.0053483247756958
losses_test/concepts:	12.642709732055664
losses_test/representations:	10.884695053100586
losses_test/total:	2.813854455947876
calibration_test/ece:	0.10084271430969238
calibration_test/brier:	0.3250279724597931
accuracy_test/task:	78.25336555056955
accuracy_test/concepts:	96.71376037597656
map_test/concepts:	0.9451564791354727

Epoch 226
losses_train/task:	0.39684557914733887
losses_train/concepts:	7.654370307922363
losses_train/representations:	8.42570686340332
losses_train/total:	1.5835680961608887
losses_test/task:	1.004234790802002
losses_test/concepts:	12.709027290344238
losses_test/representations:	10.82668399810791
losses_test/total:	2.816472053527832
calibration_test/ece:	0.10034839808940887
calibration_test/brier:	0.32492512464523315
accuracy_test/task:	78.20158784949948
accuracy_test/concepts:	96.72000885009766
map_test/concepts:	0.945030152797699

Epoch 227
losses_train/task:	0.3833825886249542
losses_train/concepts:	7.431035995483398
losses_train/representations:	8.299677848815918
losses_train/total:	1.5414698123931885
losses_test/task:	1.0057326555252075
losses_test/concepts:	12.675973892211914
losses_test/representations:	10.877731323242188
losses_test/total:	2.81721568107605
calibration_test/ece:	0.10098934173583984
calibration_test/brier:	0.3251751661300659
accuracy_test/task:	78.30514325163962
accuracy_test/concepts:	96.71745300292969
map_test/concepts:	0.9442271628278367

Epoch 228
losses_train/task:	0.3587116301059723
losses_train/concepts:	6.91413688659668
losses_train/representations:	8.198617935180664
losses_train/total:	1.460056185722351
losses_test/task:	1.0064263343811035
losses_test/concepts:	12.671538352966309
losses_test/representations:	10.884652137756348
losses_test/total:	2.8178131580352783
calibration_test/ece:	0.10080652683973312
calibration_test/brier:	0.32458412647247314
accuracy_test/task:	78.44321712115982
accuracy_test/concepts:	96.72994232177734
map_test/concepts:	0.94583357141373

Epoch 229
losses_train/task:	0.34009307622909546
losses_train/concepts:	6.714223861694336
losses_train/representations:	7.965517997741699
losses_train/total:	1.4097914695739746
losses_test/task:	1.004508137702942
losses_test/concepts:	12.762986183166504
losses_test/representations:	10.887964248657227
losses_test/total:	2.825204610824585
calibration_test/ece:	0.09825475513935089
calibration_test/brier:	0.3243940770626068
accuracy_test/task:	78.44321712115982
accuracy_test/concepts:	96.71743774414062
map_test/concepts:	0.9447395129406706

Epoch 230
losses_train/task:	0.3515697121620178
losses_train/concepts:	7.069710731506348
losses_train/representations:	7.974772930145264
losses_train/total:	1.4572794437408447
losses_test/task:	1.0033372640609741
losses_test/concepts:	12.602815628051758
losses_test/representations:	10.924528121948242
losses_test/total:	2.809844970703125
calibration_test/ece:	0.09854410588741302
calibration_test/brier:	0.3244611322879791
accuracy_test/task:	78.30514325163962
accuracy_test/concepts:	96.67851257324219
map_test/concepts:	0.9447343222638394

Epoch 231
losses_train/task:	0.3741289973258972
losses_train/concepts:	7.0002031326293945
losses_train/representations:	8.10766315460205
losses_train/total:	1.4795324802398682
losses_test/task:	1.00725257396698
losses_test/concepts:	12.814099311828613
losses_test/representations:	10.835058212280273
losses_test/total:	2.830416202545166
calibration_test/ece:	0.09984461963176727
calibration_test/brier:	0.32524681091308594
accuracy_test/task:	78.2188470831895
accuracy_test/concepts:	96.73394775390625
map_test/concepts:	0.9440731621803121

Epoch 232
losses_train/task:	0.35738056898117065
losses_train/concepts:	6.816382884979248
losses_train/representations:	8.106941223144531
losses_train/total:	1.4443658590316772
losses_test/task:	1.0006697177886963
losses_test/concepts:	12.616809844970703
losses_test/representations:	10.845263481140137
losses_test/total:	2.8046138286590576
calibration_test/ece:	0.10129936039447784
calibration_test/brier:	0.32344651222229004
accuracy_test/task:	78.20158784949948
accuracy_test/concepts:	96.71378326416016
map_test/concepts:	0.9449702184251014

Epoch 233
losses_train/task:	0.3311494290828705
losses_train/concepts:	6.486979007720947
losses_train/representations:	7.944334506988525
losses_train/total:	1.3770641088485718
losses_test/task:	1.0031604766845703
losses_test/concepts:	12.684762954711914
losses_test/representations:	10.880561828613281
losses_test/total:	2.8156650066375732
calibration_test/ece:	0.10169602930545807
calibration_test/brier:	0.32415148615837097
accuracy_test/task:	78.16706938211944
accuracy_test/concepts:	96.72588348388672
map_test/concepts:	0.9449059468634585

Epoch 234
losses_train/task:	0.34343332052230835
losses_train/concepts:	6.889770030975342
losses_train/representations:	8.095085144042969
losses_train/total:	1.437164545059204
losses_test/task:	1.0118603706359863
losses_test/concepts:	12.80736255645752
losses_test/representations:	10.900737762451172
losses_test/total:	2.8376338481903076
calibration_test/ece:	0.10128018260002136
calibration_test/brier:	0.3248082995414734
accuracy_test/task:	78.3569209527097
accuracy_test/concepts:	96.72480010986328
map_test/concepts:	0.9447923898696899

Epoch 235
losses_train/task:	0.3532731831073761
losses_train/concepts:	6.943192958831787
losses_train/representations:	8.101585388183594
losses_train/total:	1.4526716470718384
losses_test/task:	1.0016309022903442
losses_test/concepts:	12.662216186523438
losses_test/representations:	10.877914428710938
losses_test/total:	2.8117480278015137
calibration_test/ece:	0.09935495257377625
calibration_test/brier:	0.32384416460990906
accuracy_test/task:	78.30514325163962
accuracy_test/concepts:	96.70496368408203
map_test/concepts:	0.9439758835954869

Epoch 236
losses_train/task:	0.3630245625972748
losses_train/concepts:	7.086403846740723
losses_train/representations:	8.070716857910156
losses_train/total:	1.4752005338668823
losses_test/task:	0.9917435050010681
losses_test/concepts:	12.529801368713379
losses_test/representations:	10.795000076293945
losses_test/total:	2.7844736576080322
calibration_test/ece:	0.09802451729774475
calibration_test/brier:	0.32195258140563965
accuracy_test/task:	78.46047635484985
accuracy_test/concepts:	96.73580932617188
map_test/concepts:	0.944694959102793

Epoch 237
losses_train/task:	0.35072392225265503
losses_train/concepts:	6.8660454750061035
losses_train/representations:	7.950949192047119
losses_train/total:	1.4348760843276978
losses_test/task:	0.9963235855102539
losses_test/concepts:	12.626266479492188
losses_test/representations:	10.813605308532715
losses_test/total:	2.7996299266815186
calibration_test/ece:	0.09774105250835419
calibration_test/brier:	0.32219183444976807
accuracy_test/task:	78.42595788746979
accuracy_test/concepts:	96.72440338134766
map_test/concepts:	0.9456161387423252

Epoch 238
losses_train/task:	0.34272706508636475
losses_train/concepts:	7.023007869720459
losses_train/representations:	7.973012924194336
losses_train/total:	1.443678617477417
losses_test/task:	1.0026839971542358
losses_test/concepts:	12.684284210205078
losses_test/representations:	10.879718780517578
losses_test/total:	2.815098285675049
calibration_test/ece:	0.09921716898679733
calibration_test/brier:	0.32498621940612793
accuracy_test/task:	78.2188470831895
accuracy_test/concepts:	96.70972442626953
map_test/concepts:	0.9455003205766069

Epoch 239
losses_train/task:	0.3392801284790039
losses_train/concepts:	6.8995819091796875
losses_train/representations:	7.997872829437256
losses_train/total:	1.429132103919983
losses_test/task:	1.0017225742340088
losses_test/concepts:	12.596366882324219
losses_test/representations:	10.888845443725586
losses_test/total:	2.8058013916015625
calibration_test/ece:	0.10102760046720505
calibration_test/brier:	0.3245835304260254
accuracy_test/task:	78.25336555056955
accuracy_test/concepts:	96.71854400634766
map_test/concepts:	0.9443061681503945

Epoch 240
losses_train/task:	0.34236741065979004
losses_train/concepts:	6.80338191986084
losses_train/representations:	7.984480857849121
losses_train/total:	1.4219298362731934
losses_test/task:	1.0015524625778198
losses_test/concepts:	12.611613273620605
losses_test/representations:	10.849309921264648
losses_test/total:	2.8051795959472656
calibration_test/ece:	0.10196083784103394
calibration_test/brier:	0.3246801495552063
accuracy_test/task:	78.16706938211944
accuracy_test/concepts:	96.73983764648438
map_test/concepts:	0.9445603806921776

Epoch 241
losses_train/task:	0.3713567852973938
losses_train/concepts:	7.348323822021484
losses_train/representations:	8.24052906036377
losses_train/total:	1.5182157754898071
losses_test/task:	1.0002793073654175
losses_test/concepts:	12.638450622558594
losses_test/representations:	10.804207801818848
losses_test/total:	2.804335355758667
calibration_test/ece:	0.10057796537876129
calibration_test/brier:	0.3241119980812073
accuracy_test/task:	78.20158784949948
accuracy_test/concepts:	96.75157165527344
map_test/concepts:	0.9451990647518889

Epoch 242
losses_train/task:	0.3496636152267456
losses_train/concepts:	6.789088726043701
losses_train/representations:	8.007872581481934
losses_train/total:	1.4289661645889282
losses_test/task:	0.9992159605026245
losses_test/concepts:	12.682127952575684
losses_test/representations:	10.806836128234863
losses_test/total:	2.8077704906463623
calibration_test/ece:	0.10223408043384552
calibration_test/brier:	0.3246464729309082
accuracy_test/task:	78.01173627890921
accuracy_test/concepts:	96.73908996582031
map_test/concepts:	0.9454052854091564

Epoch 243
losses_train/task:	0.3374194800853729
losses_train/concepts:	6.730405330657959
losses_train/representations:	8.093841552734375
losses_train/total:	1.4151519536972046
losses_test/task:	0.9994995594024658
losses_test/concepts:	12.701791763305664
losses_test/representations:	10.835108757019043
losses_test/total:	2.8114335536956787
calibration_test/ece:	0.10078690946102142
calibration_test/brier:	0.3240695297718048
accuracy_test/task:	78.28788401794961
accuracy_test/concepts:	96.74755096435547
map_test/concepts:	0.9448967550663238

Epoch 244
losses_train/task:	0.37152349948883057
losses_train/concepts:	7.2045817375183105
losses_train/representations:	8.144071578979492
losses_train/total:	1.49918532371521
losses_test/task:	0.9985705018043518
losses_test/concepts:	12.620856285095215
losses_test/representations:	10.8386812210083
losses_test/total:	2.8025898933410645
calibration_test/ece:	0.10013177990913391
calibration_test/brier:	0.3237491846084595
accuracy_test/task:	78.16706938211944
accuracy_test/concepts:	96.7034912109375
map_test/concepts:	0.9447418616173116

Epoch 245
losses_train/task:	0.3348184823989868
losses_train/concepts:	6.446327209472656
losses_train/representations:	7.880658149719238
losses_train/total:	1.3734840154647827
losses_test/task:	1.0035910606384277
losses_test/concepts:	12.68586254119873
losses_test/representations:	10.860159873962402
losses_test/total:	2.8151848316192627
calibration_test/ece:	0.10067872703075409
calibration_test/brier:	0.32502251863479614
accuracy_test/task:	78.20158784949948
accuracy_test/concepts:	96.72333526611328
map_test/concepts:	0.9448997238849072

Epoch 246
losses_train/task:	0.3263610303401947
losses_train/concepts:	6.534346580505371
losses_train/representations:	7.815526485443115
losses_train/total:	1.3705720901489258
losses_test/task:	0.9999931454658508
losses_test/concepts:	12.745620727539062
losses_test/representations:	10.778816223144531
losses_test/total:	2.8134961128234863
calibration_test/ece:	0.0986676961183548
calibration_test/brier:	0.3242715895175934
accuracy_test/task:	78.27062478425958
accuracy_test/concepts:	96.7409439086914
map_test/concepts:	0.945384218337688

Epoch 247
losses_train/task:	0.3749864399433136
losses_train/concepts:	7.375222682952881
losses_train/representations:	8.214048385620117
losses_train/total:	1.5232112407684326
losses_test/task:	0.996006965637207
losses_test/concepts:	12.598893165588379
losses_test/representations:	10.824508666992188
losses_test/total:	2.797121524810791
calibration_test/ece:	0.09813215583562851
calibration_test/brier:	0.3233203887939453
accuracy_test/task:	78.3569209527097
accuracy_test/concepts:	96.71485137939453
map_test/concepts:	0.9443895461711478

Epoch 248
losses_train/task:	0.3759181797504425
losses_train/concepts:	7.103429317474365
losses_train/representations:	8.353935241699219
losses_train/total:	1.503957986831665
losses_test/task:	1.002506136894226
losses_test/concepts:	12.626355171203613
losses_test/representations:	10.900629997253418
losses_test/total:	2.8101727962493896
calibration_test/ece:	0.10196961462497711
calibration_test/brier:	0.3237804174423218
accuracy_test/task:	78.20158784949948
accuracy_test/concepts:	96.72222137451172
map_test/concepts:	0.9448397045439862

Epoch 249
losses_train/task:	0.351299911737442
losses_train/concepts:	7.017409324645996
losses_train/representations:	8.001899719238281
losses_train/total:	1.45313560962677
losses_test/task:	0.9958457350730896
losses_test/concepts:	12.618922233581543
losses_test/representations:	10.793351173400879
losses_test/total:	2.797405481338501
calibration_test/ece:	0.09907113760709763
calibration_test/brier:	0.3226160705089569
accuracy_test/task:	78.27062478425958
accuracy_test/concepts:	96.73469543457031
map_test/concepts:	0.9451163220912853

Epoch 250
losses_train/task:	0.3766094148159027
losses_train/concepts:	7.406920909881592
losses_train/representations:	8.202239990234375
losses_train/total:	1.5274137258529663
losses_test/task:	0.9956610202789307
losses_test/concepts:	12.53243637084961
losses_test/representations:	10.813104629516602
losses_test/total:	2.789560556411743
calibration_train/ece:	0.012377118691802025
calibration_train/brier:	0.07575728744268417
accuracy_train/task:	94.10895270270271
calibration_test/ece:	0.10010775923728943
calibration_test/brier:	0.32247647643089294
accuracy_test/task:	78.33966171901967
accuracy_train/concepts:	98.54082489013672
map_train/concepts:	0.9909702070215916
accuracy_test/concepts:	96.73469543457031
map_test/concepts:	0.9443050217121205
accuracy_test/nuisances_task:	-0.22330843485318697
accuracy_test/nuisances_nontask:	0.0
mutual_inf_test/nuisances_task:	-0.002489574975137272
mutual_inf_test/nuisances_nontask:	0.0

epoch_250.pt
groups=0 err_lowconf=21.660 err_random=21.660
groups=1 err_lowconf=22.109 err_random=22.109
groups=2 err_lowconf=23.283 err_random=23.283
groups=3 err_lowconf=21.643 err_random=21.643
groups=4 err_lowconf=19.175 err_random=19.175
groups=5 err_lowconf=17.812 err_random=17.812
groups=6 err_lowconf=15.809 err_random=15.809
groups=7 err_lowconf=13.221 err_random=13.221
groups=8 err_lowconf=13.618 err_random=13.618
groups=9 err_lowconf=13.307 err_random=13.307
groups=10 err_lowconf=14.964 err_random=14.964
groups=11 err_lowconf=15.602 err_random=15.602
groups=12 err_lowconf=15.775 err_random=15.775
[1;34mwandb[0m:
[1;34mwandb[0m: You can sync this run to the cloud by running:
[1;34mwandb[0m: [1mwandb sync /research/hal-afsharim/minimal_cbm/results/cub12-mcbm-005/42/wandb/offline-run-20260726_100620-fx8navpn[0m
[1;34mwandb[0m: Find logs at: [1;35mresults/cub12-mcbm-005/42/wandb/offline-run-20260726_100620-fx8navpn/logs[0m
