
===== launch 2026-07-26 03:10:24.294227 gpu4 =====
wandb: Using wandb-core as the SDK backend.  Please refer to https://wandb.me/wandb-core for more information.
wandb: Tracking run with wandb version 0.19.0
wandb: W&B syncing is set to `offline` in this directory.  
wandb: Run `wandb online` or set WANDB_MODE=online to enable cloud syncing.
/research/hal-afsharim/miniconda3/envs/mcbm/lib/python3.10/site-packages/torchvision/models/_utils.py:208: UserWarning: The parameter 'pretrained' is deprecated since 0.13 and will be removed in 0.15, please use 'weights' instead.
  warnings.warn(
/research/hal-afsharim/miniconda3/envs/mcbm/lib/python3.10/site-packages/torchvision/models/_utils.py:223: UserWarning: Arguments other than a weight enum or `None` for 'weights' are deprecated since 0.13 and will be removed in 0.15. The current behavior is equivalent to passing `weights=Inception_V3_Weights.IMAGENET1K_V1`. You can also use `weights=Inception_V3_Weights.DEFAULT` to get the most up-to-date weights.
  warnings.warn(msg)
Epoch 1
losses_train/task:	5.316291809082031
losses_train/concepts:	57.66596603393555
losses_train/total:	11.082889556884766
losses_test/task:	5.304009914398193
losses_test/concepts:	52.81177520751953
losses_test/total:	10.585186958312988
calibration_test/ece:	0.001417292281985283
calibration_test/brier:	0.9950647950172424
accuracy_test/task:	0.5177770107007249
accuracy_test/concepts:	54.995262145996094
map_test/concepts:	0.2592622035361351

Epoch 2
losses_train/task:	5.302318096160889
losses_train/concepts:	51.69827651977539
losses_train/total:	10.472146034240723
losses_test/task:	5.2962751388549805
losses_test/concepts:	50.25606155395508
losses_test/total:	10.321879386901855
calibration_test/ece:	0.00024546682834625244
calibration_test/brier:	0.9949846863746643
accuracy_test/task:	0.6213324128408698
accuracy_test/concepts:	61.20307922363281
map_test/concepts:	0.3306112155476783

Epoch 3
losses_train/task:	5.276315212249756
losses_train/concepts:	47.30140686035156
losses_train/total:	10.006455421447754
losses_test/task:	5.29883337020874
losses_test/concepts:	55.61710739135742
losses_test/total:	10.860546112060547
calibration_test/ece:	8.283182978630066e-05
calibration_test/brier:	0.9949985146522522
accuracy_test/task:	0.6385916465308941
accuracy_test/concepts:	68.2066650390625
map_test/concepts:	0.22122152347831017

Epoch 4
losses_train/task:	5.201043128967285
losses_train/concepts:	42.99480056762695
losses_train/total:	9.500523567199707
losses_test/task:	5.152933120727539
losses_test/concepts:	41.921051025390625
losses_test/total:	9.345038414001465
calibration_test/ece:	0.0053121913224458694
calibration_test/brier:	0.9934104681015015
accuracy_test/task:	1.3462202278218847
accuracy_test/concepts:	71.8722152709961
map_test/concepts:	0.48064908290163

Epoch 5
losses_train/task:	5.071288585662842
losses_train/concepts:	40.51677703857422
losses_train/total:	9.122966766357422
losses_test/task:	4.990275859832764
losses_test/concepts:	40.62074279785156
losses_test/total:	9.052348136901855
calibration_test/ece:	0.0030386820435523987
calibration_test/brier:	0.9914743900299072
accuracy_test/task:	1.4670348636520538
accuracy_test/concepts:	72.17628479003906
map_test/concepts:	0.49180325501142663

Epoch 6
losses_train/task:	4.902470111846924
losses_train/concepts:	38.70424270629883
losses_train/total:	8.772894859313965
losses_test/task:	4.892239093780518
losses_test/concepts:	40.858734130859375
losses_test/total:	8.978113174438477
calibration_test/ece:	0.007054184563457966
calibration_test/brier:	0.9899405837059021
accuracy_test/task:	2.1228857438729722
accuracy_test/concepts:	75.71845245361328
map_test/concepts:	0.5239926099460176

Epoch 7
losses_train/task:	4.7323784828186035
losses_train/concepts:	37.53202819824219
losses_train/total:	8.48558235168457
losses_test/task:	4.666157245635986
losses_test/concepts:	37.512081146240234
losses_test/total:	8.417366981506348
calibration_test/ece:	0.013604996725916862
calibration_test/brier:	0.9869017601013184
accuracy_test/task:	3.1411805315843977
accuracy_test/concepts:	75.98579406738281
map_test/concepts:	0.5464285369566146

Epoch 8
losses_train/task:	4.5496907234191895
losses_train/concepts:	35.24943161010742
losses_train/total:	8.07463264465332
losses_test/task:	4.40687894821167
losses_test/concepts:	33.6121826171875
losses_test/total:	7.768095970153809
calibration_test/ece:	0.02884921431541443
calibration_test/brier:	0.9825692772865295
accuracy_test/task:	4.9706593027269586
accuracy_test/concepts:	78.1035385131836
map_test/concepts:	0.5837211786432469

Epoch 9
losses_train/task:	4.384904384613037
losses_train/concepts:	33.91070556640625
losses_train/total:	7.775975704193115
losses_test/task:	4.323904514312744
losses_test/concepts:	36.11821746826172
losses_test/total:	7.935727596282959
calibration_test/ece:	0.023623904213309288
calibration_test/brier:	0.9805734753608704
accuracy_test/task:	4.936140835346911
accuracy_test/concepts:	78.56403350830078
map_test/concepts:	0.5785990741024626

Epoch 10
losses_train/task:	4.240297317504883
losses_train/concepts:	32.44628143310547
losses_train/total:	7.484926223754883
losses_test/task:	4.148584365844727
losses_test/concepts:	33.62053298950195
losses_test/total:	7.51063871383667
calibration_test/ece:	0.03661599010229111
calibration_test/brier:	0.9759095311164856
accuracy_test/task:	6.9899896444597855
accuracy_test/concepts:	77.61734771728516
map_test/concepts:	0.5920750356100976

Epoch 11
losses_train/task:	4.096931457519531
losses_train/concepts:	30.938596725463867
losses_train/total:	7.190791130065918
losses_test/task:	3.9920060634613037
losses_test/concepts:	31.925872802734375
losses_test/total:	7.184591770172119
calibration_test/ece:	0.05504937469959259
calibration_test/brier:	0.970585286617279
accuracy_test/task:	9.319986192613047
accuracy_test/concepts:	79.57057189941406
map_test/concepts:	0.6405511355780541

Epoch 12
losses_train/task:	3.962930202484131
losses_train/concepts:	29.715850830078125
losses_train/total:	6.934515953063965
losses_test/task:	3.9814953804016113
losses_test/concepts:	32.74068832397461
losses_test/total:	7.255563735961914
calibration_test/ece:	0.05961858481168747
calibration_test/brier:	0.9675149917602539
accuracy_test/task:	10.769761822575077
accuracy_test/concepts:	78.39657592773438
map_test/concepts:	0.6357869616848357

Epoch 13
losses_train/task:	3.837399959564209
losses_train/concepts:	28.655561447143555
losses_train/total:	6.702956199645996
losses_test/task:	3.790968179702759
losses_test/concepts:	31.675378799438477
losses_test/total:	6.958506107330322
calibration_test/ece:	0.06954869627952576
calibration_test/brier:	0.960433304309845
accuracy_test/task:	12.115982050396962
accuracy_test/concepts:	82.64750671386719
map_test/concepts:	0.676312839414211

Epoch 14
losses_train/task:	3.7107925415039062
losses_train/concepts:	27.11852264404297
losses_train/total:	6.422644138336182
losses_test/task:	3.737297773361206
losses_test/concepts:	31.438596725463867
losses_test/total:	6.881157398223877
calibration_test/ece:	0.06782875955104828
calibration_test/brier:	0.9552613496780396
accuracy_test/task:	13.444943044528824
accuracy_test/concepts:	80.84629821777344
map_test/concepts:	0.659158763099224

Epoch 15
losses_train/task:	3.6000399589538574
losses_train/concepts:	26.470151901245117
losses_train/total:	6.247054576873779
losses_test/task:	3.514021635055542
losses_test/concepts:	28.414875030517578
losses_test/total:	6.355509281158447
calibration_test/ece:	0.09579779952764511
calibration_test/brier:	0.9428975582122803
accuracy_test/task:	16.91404901622368
accuracy_test/concepts:	83.59088897705078
map_test/concepts:	0.7037985217063984

Epoch 16
losses_train/task:	3.465320587158203
losses_train/concepts:	25.429319381713867
losses_train/total:	6.008252143859863
losses_test/task:	3.3627920150756836
losses_test/concepts:	27.287954330444336
losses_test/total:	6.091586589813232
calibration_test/ece:	0.1257879137992859
calibration_test/brier:	0.9318065047264099
accuracy_test/task:	20.659302726958924
accuracy_test/concepts:	84.99769592285156
map_test/concepts:	0.7268352521226761

Epoch 17
losses_train/task:	3.359928846359253
losses_train/concepts:	25.28260612487793
losses_train/total:	5.888189792633057
losses_test/task:	3.581679582595825
losses_test/concepts:	31.449357986450195
losses_test/total:	6.726614475250244
calibration_test/ece:	0.08004724979400635
calibration_test/brier:	0.9316934943199158
accuracy_test/task:	17.70797376596479
accuracy_test/concepts:	83.36979675292969
map_test/concepts:	0.7109640373828563

Epoch 18
losses_train/task:	3.2520108222961426
losses_train/concepts:	24.041194915771484
losses_train/total:	5.656129837036133
losses_test/task:	3.395716428756714
losses_test/concepts:	28.709882736206055
losses_test/total:	6.26670503616333
calibration_test/ece:	0.11029358953237534
calibration_test/brier:	0.9202431440353394
accuracy_test/task:	21.6430790472903
accuracy_test/concepts:	84.27462768554688
map_test/concepts:	0.725923554694399

Epoch 19
losses_train/task:	3.1028661727905273
losses_train/concepts:	23.1373233795166
losses_train/total:	5.416598796844482
losses_test/task:	3.006218671798706
losses_test/concepts:	24.892629623413086
losses_test/total:	5.495481491088867
calibration_test/ece:	0.12516038119792938
calibration_test/brier:	0.8861225843429565
accuracy_test/task:	26.182257507766654
accuracy_test/concepts:	85.32193756103516
map_test/concepts:	0.7550595554899662

Epoch 20
losses_train/task:	3.0177793502807617
losses_train/concepts:	22.77670669555664
losses_train/total:	5.295449733734131
losses_test/task:	3.301912546157837
losses_test/concepts:	28.73464584350586
losses_test/total:	6.175376892089844
calibration_test/ece:	0.08697374910116196
calibration_test/brier:	0.897599458694458
accuracy_test/task:	23.645150155333102
accuracy_test/concepts:	83.6272201538086
map_test/concepts:	0.7248550241297864

Epoch 21
losses_train/task:	2.905297040939331
losses_train/concepts:	21.93334197998047
losses_train/total:	5.098630905151367
losses_test/task:	3.004537582397461
losses_test/concepts:	27.29363441467285
losses_test/total:	5.7338995933532715
calibration_test/ece:	0.10654589533805847
calibration_test/brier:	0.8738808631896973
accuracy_test/task:	26.70003451846738
accuracy_test/concepts:	85.2944107055664
map_test/concepts:	0.761198565046838

Epoch 22
losses_train/task:	2.848172664642334
losses_train/concepts:	21.722633361816406
losses_train/total:	5.020436763763428
losses_test/task:	2.681410551071167
losses_test/concepts:	23.15492820739746
losses_test/total:	4.996903896331787
calibration_test/ece:	0.13772481679916382
calibration_test/brier:	0.8405006527900696
accuracy_test/task:	31.877804625474628
accuracy_test/concepts:	86.60205841064453
map_test/concepts:	0.7964746926693206

Epoch 23
losses_train/task:	2.7024407386779785
losses_train/concepts:	20.750335693359375
losses_train/total:	4.777474403381348
losses_test/task:	2.78869891166687
losses_test/concepts:	25.372392654418945
losses_test/total:	5.325939178466797
calibration_test/ece:	0.11752310395240784
calibration_test/brier:	0.8412668704986572
accuracy_test/task:	31.273731446323783
accuracy_test/concepts:	86.21060943603516
map_test/concepts:	0.7861954176679571

Epoch 24
losses_train/task:	2.5922040939331055
losses_train/concepts:	20.162506103515625
losses_train/total:	4.608455181121826
losses_test/task:	2.6695196628570557
losses_test/concepts:	24.218950271606445
losses_test/total:	5.0914154052734375
calibration_test/ece:	0.10550567507743835
calibration_test/brier:	0.8240728974342346
accuracy_test/task:	32.430100103555404
accuracy_test/concepts:	86.56462097167969
map_test/concepts:	0.7964432664374088

Epoch 25
losses_train/task:	2.55403995513916
losses_train/concepts:	19.748212814331055
losses_train/total:	4.528861999511719
losses_test/task:	2.4616920948028564
losses_test/concepts:	21.83249282836914
losses_test/total:	4.6449408531188965
calibration_test/ece:	0.1342468410730362
calibration_test/brier:	0.7838690280914307
accuracy_test/task:	37.141870900932
accuracy_test/concepts:	88.2886962890625
map_test/concepts:	0.8210775065929332

Epoch 26
losses_train/task:	2.4339816570281982
losses_train/concepts:	19.246654510498047
losses_train/total:	4.358647346496582
losses_test/task:	2.3608522415161133
losses_test/concepts:	21.985342025756836
losses_test/total:	4.559386730194092
calibration_test/ece:	0.12964072823524475
calibration_test/brier:	0.7721666693687439
accuracy_test/task:	38.90231273731446
accuracy_test/concepts:	88.5145263671875
map_test/concepts:	0.8282175343087379

Epoch 27
losses_train/task:	2.372194290161133
losses_train/concepts:	18.613428115844727
losses_train/total:	4.233537673950195
losses_test/task:	2.4818036556243896
losses_test/concepts:	23.581676483154297
losses_test/total:	4.83997106552124
calibration_test/ece:	0.09801363199949265
calibration_test/brier:	0.7783941626548767
accuracy_test/task:	37.26268553676217
accuracy_test/concepts:	88.24683380126953
map_test/concepts:	0.8204901915915469

Epoch 28
losses_train/task:	2.3238275051116943
losses_train/concepts:	18.24434471130371
losses_train/total:	4.1482625007629395
losses_test/task:	2.386880874633789
losses_test/concepts:	22.12638282775879
losses_test/total:	4.599518299102783
calibration_test/ece:	0.1008215993642807
calibration_test/brier:	0.7574376463890076
accuracy_test/task:	39.920607525025886
accuracy_test/concepts:	88.41096496582031
map_test/concepts:	0.8269838842939823

Epoch 29
losses_train/task:	2.248014450073242
losses_train/concepts:	18.036930084228516
losses_train/total:	4.051708221435547
losses_test/task:	2.3773410320281982
losses_test/concepts:	24.488821029663086
losses_test/total:	4.826222896575928
calibration_test/ece:	0.09606460481882095
calibration_test/brier:	0.7445636987686157
accuracy_test/task:	41.30134622022782
accuracy_test/concepts:	89.11714935302734
map_test/concepts:	0.8321315012079604

Epoch 30
losses_train/task:	2.218510389328003
losses_train/concepts:	17.862918853759766
losses_train/total:	4.0048017501831055
losses_test/task:	2.680204153060913
losses_test/concepts:	28.01825523376465
losses_test/total:	5.482029438018799
calibration_test/ece:	0.048384904861450195
calibration_test/brier:	0.7806589007377625
accuracy_test/task:	35.0707628581291
accuracy_test/concepts:	87.90493774414062
map_test/concepts:	0.8032099807516058

Epoch 31
losses_train/task:	2.1502771377563477
losses_train/concepts:	17.68791389465332
losses_train/total:	3.9190683364868164
losses_test/task:	2.4280881881713867
losses_test/concepts:	24.301687240600586
losses_test/total:	4.858258247375488
calibration_test/ece:	0.0508001372218132
calibration_test/brier:	0.7483273148536682
accuracy_test/task:	39.05764584052468
accuracy_test/concepts:	88.01731872558594
map_test/concepts:	0.821510652278332

Epoch 32
losses_train/task:	2.127833843231201
losses_train/concepts:	17.366344451904297
losses_train/total:	3.864468574523926
losses_test/task:	3.04604434967041
losses_test/concepts:	31.21073341369629
losses_test/total:	6.167117595672607
calibration_test/ece:	0.054026294499635696
calibration_test/brier:	0.7981557250022888
accuracy_test/task:	32.80980324473593
accuracy_test/concepts:	86.75739288330078
map_test/concepts:	0.7558887765762654

Epoch 33
losses_train/task:	2.053288459777832
losses_train/concepts:	16.926530838012695
losses_train/total:	3.7459421157836914
losses_test/task:	2.0938751697540283
losses_test/concepts:	19.79037094116211
losses_test/total:	4.072913646697998
calibration_test/ece:	0.09026036411523819
calibration_test/brier:	0.6819953322410583
accuracy_test/task:	46.34104245771488
accuracy_test/concepts:	89.91069793701172
map_test/concepts:	0.859543835863154

Epoch 34
losses_train/task:	1.9617120027542114
losses_train/concepts:	15.881110191345215
losses_train/total:	3.5498228073120117
losses_test/task:	2.188724994659424
losses_test/concepts:	21.3931884765625
losses_test/total:	4.3280439376831055
calibration_test/ece:	0.06878035515546799
calibration_test/brier:	0.6923998594284058
accuracy_test/task:	45.288229202623405
accuracy_test/concepts:	90.56175994873047
map_test/concepts:	0.8546349672560997

Epoch 35
losses_train/task:	1.9379019737243652
losses_train/concepts:	15.738568305969238
losses_train/total:	3.511758804321289
losses_test/task:	2.174936294555664
losses_test/concepts:	21.592510223388672
losses_test/total:	4.334187030792236
calibration_test/ece:	0.0444331057369709
calibration_test/brier:	0.6906323432922363
accuracy_test/task:	44.63237832240249
accuracy_test/concepts:	90.34033966064453
map_test/concepts:	0.853956143906776

Epoch 36
losses_train/task:	1.8974357843399048
losses_train/concepts:	15.635990142822266
losses_train/total:	3.4610345363616943
losses_test/task:	1.9437652826309204
losses_test/concepts:	17.98636245727539
losses_test/total:	3.742400884628296
calibration_test/ece:	0.07193825393915176
calibration_test/brier:	0.6515403985977173
accuracy_test/task:	48.25681739730756
accuracy_test/concepts:	90.48355102539062
map_test/concepts:	0.87690062852616

Epoch 37
losses_train/task:	1.867423415184021
losses_train/concepts:	15.28291130065918
losses_train/total:	3.3957149982452393
losses_test/task:	2.395871877670288
losses_test/concepts:	28.064661026000977
losses_test/total:	5.202337741851807
calibration_test/ece:	0.03589710220694542
calibration_test/brier:	0.710699200630188
accuracy_test/task:	43.97652744218157
accuracy_test/concepts:	89.16670989990234
map_test/concepts:	0.8352443499768034

Epoch 38
losses_train/task:	1.8569419384002686
losses_train/concepts:	15.340333938598633
losses_train/total:	3.3909757137298584
losses_test/task:	3.1141092777252197
losses_test/concepts:	35.64263916015625
losses_test/total:	6.678372859954834
calibration_test/ece:	0.03219157084822655
calibration_test/brier:	0.7913967370986938
accuracy_test/task:	35.69209527096997
accuracy_test/concepts:	86.4977798461914
map_test/concepts:	0.761422650611147

Epoch 39
losses_train/task:	1.8044780492782593
losses_train/concepts:	15.205710411071777
losses_train/total:	3.3250491619110107
losses_test/task:	2.7581350803375244
losses_test/concepts:	30.46512794494629
losses_test/total:	5.804646968841553
calibration_test/ece:	0.052047766745090485
calibration_test/brier:	0.7390356659889221
accuracy_test/task:	39.02312737314463
accuracy_test/concepts:	88.1197738647461
map_test/concepts:	0.798447478324809

Epoch 40
losses_train/task:	1.8339738845825195
losses_train/concepts:	15.313155174255371
losses_train/total:	3.3652892112731934
losses_test/task:	2.783632516860962
losses_test/concepts:	27.79657554626465
losses_test/total:	5.563290119171143
calibration_test/ece:	0.05644362047314644
calibration_test/brier:	0.7556044459342957
accuracy_test/task:	39.16120124266482
accuracy_test/concepts:	87.98722076416016
map_test/concepts:	0.803504597633443

Epoch 41
losses_train/task:	1.8063695430755615
losses_train/concepts:	14.964361190795898
losses_train/total:	3.3028059005737305
losses_test/task:	2.19069766998291
losses_test/concepts:	22.38847541809082
losses_test/total:	4.4295454025268555
calibration_test/ece:	0.0247952900826931
calibration_test/brier:	0.657863974571228
accuracy_test/task:	48.619261304798066
accuracy_test/concepts:	90.17581939697266
map_test/concepts:	0.8529701981138675

Epoch 42
losses_train/task:	1.7932320833206177
losses_train/concepts:	15.150659561157227
losses_train/total:	3.308297872543335
losses_test/task:	2.267887592315674
losses_test/concepts:	25.2160701751709
losses_test/total:	4.789495944976807
calibration_test/ece:	0.03339136764407158
calibration_test/brier:	0.6705095171928406
accuracy_test/task:	47.290300310666204
accuracy_test/concepts:	89.84202575683594
map_test/concepts:	0.8429634659848315

Epoch 43
losses_train/task:	1.7597382068634033
losses_train/concepts:	14.796847343444824
losses_train/total:	3.239422559738159
losses_test/task:	2.0770809650421143
losses_test/concepts:	21.367334365844727
losses_test/total:	4.2138142585754395
calibration_test/ece:	0.047240838408470154
calibration_test/brier:	0.6461725831031799
accuracy_test/task:	48.56748360372799
accuracy_test/concepts:	90.74170684814453
map_test/concepts:	0.8629877262927116

Epoch 44
losses_train/task:	1.7086572647094727
losses_train/concepts:	14.368692398071289
losses_train/total:	3.145526170730591
losses_test/task:	2.0661911964416504
losses_test/concepts:	22.15472412109375
losses_test/total:	4.281663417816162
calibration_test/ece:	0.03289974108338356
calibration_test/brier:	0.6335055828094482
accuracy_test/task:	50.517777010700726
accuracy_test/concepts:	91.3105239868164
map_test/concepts:	0.867222750440557

Epoch 45
losses_train/task:	1.6582823991775513
losses_train/concepts:	13.85091495513916
losses_train/total:	3.0433740615844727
losses_test/task:	1.9033515453338623
losses_test/concepts:	20.3496150970459
losses_test/total:	3.9383134841918945
calibration_test/ece:	0.041158001869916916
calibration_test/brier:	0.5992103815078735
accuracy_test/task:	53.434587504314806
accuracy_test/concepts:	91.7985610961914
map_test/concepts:	0.8802202102985788

Epoch 46
losses_train/task:	1.6410443782806396
losses_train/concepts:	13.935860633850098
losses_train/total:	3.034630537033081
losses_test/task:	2.2164785861968994
losses_test/concepts:	22.173240661621094
losses_test/total:	4.433803081512451
calibration_test/ece:	0.052656084299087524
calibration_test/brier:	0.6539930701255798
accuracy_test/task:	47.290300310666204
accuracy_test/concepts:	89.4527816772461
map_test/concepts:	0.8437573630759057

Epoch 47
losses_train/task:	1.5889830589294434
losses_train/concepts:	13.20598316192627
losses_train/total:	2.909581422805786
losses_test/task:	2.0102434158325195
losses_test/concepts:	21.483074188232422
losses_test/total:	4.15855073928833
calibration_test/ece:	0.044024508446455
calibration_test/brier:	0.6160275936126709
accuracy_test/task:	51.725923369002416
accuracy_test/concepts:	91.6369857788086
map_test/concepts:	0.8715014280156886

Epoch 48
losses_train/task:	1.6105742454528809
losses_train/concepts:	13.540637016296387
losses_train/total:	2.9646382331848145
losses_test/task:	1.9303669929504395
losses_test/concepts:	19.63144302368164
losses_test/total:	3.893510341644287
calibration_test/ece:	0.03850894048810005
calibration_test/brier:	0.6033194661140442
accuracy_test/task:	53.710735243355195
accuracy_test/concepts:	91.59473419189453
map_test/concepts:	0.8806272111040481

Epoch 49
losses_train/task:	1.5842363834381104
losses_train/concepts:	13.142159461975098
losses_train/total:	2.8984525203704834
losses_test/task:	1.9317131042480469
losses_test/concepts:	18.546058654785156
losses_test/total:	3.78631854057312
calibration_test/ece:	0.043246734887361526
calibration_test/brier:	0.6072486042976379
accuracy_test/task:	52.34725578184329
accuracy_test/concepts:	91.54627227783203
map_test/concepts:	0.8823627461778357

Epoch 50
losses_train/task:	1.589781403541565
losses_train/concepts:	13.201789855957031
losses_train/total:	2.9099607467651367
losses_test/task:	2.1001133918762207
losses_test/concepts:	21.293773651123047
losses_test/total:	4.229490756988525
calibration_test/ece:	0.031011227518320084
calibration_test/brier:	0.627382218837738
accuracy_test/task:	51.69140490162237
accuracy_test/concepts:	91.00902557373047
map_test/concepts:	0.8729082561553793

Epoch 51
losses_train/task:	1.5070297718048096
losses_train/concepts:	12.487199783325195
losses_train/total:	2.7557506561279297
losses_test/task:	2.032285213470459
losses_test/concepts:	20.57819366455078
losses_test/total:	4.090104579925537
calibration_test/ece:	0.04218514636158943
calibration_test/brier:	0.6106653213500977
accuracy_test/task:	52.157404211253024
accuracy_test/concepts:	91.3208236694336
map_test/concepts:	0.8772866129875183

Epoch 52
losses_train/task:	1.4652621746063232
losses_train/concepts:	12.529011726379395
losses_train/total:	2.7181637287139893
losses_test/task:	2.0725462436676025
losses_test/concepts:	21.330392837524414
losses_test/total:	4.205585956573486
calibration_test/ece:	0.04450559988617897
calibration_test/brier:	0.6137596964836121
accuracy_test/task:	52.140144977563
accuracy_test/concepts:	91.46107482910156
map_test/concepts:	0.8747362037922474

Epoch 53
losses_train/task:	1.4943357706069946
losses_train/concepts:	12.25526237487793
losses_train/total:	2.719862222671509
losses_test/task:	1.8466880321502686
losses_test/concepts:	20.602712631225586
losses_test/total:	3.9069595336914062
calibration_test/ece:	0.0401129312813282
calibration_test/brier:	0.572304904460907
accuracy_test/task:	56.48947186744908
accuracy_test/concepts:	92.31742095947266
map_test/concepts:	0.8913616449274915

Epoch 54
losses_train/task:	1.4768871068954468
losses_train/concepts:	12.321616172790527
losses_train/total:	2.7090492248535156
losses_test/task:	2.37638258934021
losses_test/concepts:	25.681943893432617
losses_test/total:	4.944577217102051
calibration_test/ece:	0.06175169348716736
calibration_test/brier:	0.6585455536842346
accuracy_test/task:	47.82533655505696
accuracy_test/concepts:	90.53532409667969
map_test/concepts:	0.8545212098892699

Epoch 55
losses_train/task:	1.4988770484924316
losses_train/concepts:	12.817560195922852
losses_train/total:	2.780632972717285
losses_test/task:	2.3226027488708496
losses_test/concepts:	26.706954956054688
losses_test/total:	4.9932990074157715
calibration_test/ece:	0.0739079937338829
calibration_test/brier:	0.6619828939437866
accuracy_test/task:	49.36140835346911
accuracy_test/concepts:	90.35722351074219
map_test/concepts:	0.8475646211745891

Epoch 56
losses_train/task:	1.5510995388031006
losses_train/concepts:	13.430327415466309
losses_train/total:	2.894131898880005
losses_test/task:	1.9198322296142578
losses_test/concepts:	20.183454513549805
losses_test/total:	3.9381778240203857
calibration_test/ece:	0.04103946313261986
calibration_test/brier:	0.5904819369316101
accuracy_test/task:	54.88436313427684
accuracy_test/concepts:	92.16283416748047
map_test/concepts:	0.8830267989889105

Epoch 57
losses_train/task:	1.4502310752868652
losses_train/concepts:	12.127198219299316
losses_train/total:	2.6629507541656494
losses_test/task:	1.9212031364440918
losses_test/concepts:	19.729633331298828
losses_test/total:	3.8941657543182373
calibration_test/ece:	0.049785103648900986
calibration_test/brier:	0.5973709225654602
accuracy_test/task:	53.986882982395585
accuracy_test/concepts:	91.72437286376953
map_test/concepts:	0.8827842727620551

Epoch 58
losses_train/task:	1.3529760837554932
losses_train/concepts:	11.405325889587402
losses_train/total:	2.4935083389282227
losses_test/task:	1.7996859550476074
losses_test/concepts:	19.505884170532227
losses_test/total:	3.750275135040283
calibration_test/ece:	0.03320068120956421
calibration_test/brier:	0.540806770324707
accuracy_test/task:	59.40628236106317
accuracy_test/concepts:	92.78563690185547
map_test/concepts:	0.9039563435189267

Epoch 59
losses_train/task:	1.3738540410995483
losses_train/concepts:	11.427151679992676
losses_train/total:	2.5165693759918213
losses_test/task:	1.913150668144226
losses_test/concepts:	20.463640213012695
losses_test/total:	3.9595141410827637
calibration_test/ece:	0.04417702928185463
calibration_test/brier:	0.5675736665725708
accuracy_test/task:	56.196064894718674
accuracy_test/concepts:	92.19737243652344
map_test/concepts:	0.8887916435586646

Epoch 60
losses_train/task:	1.307403802871704
losses_train/concepts:	10.79849624633789
losses_train/total:	2.3872532844543457
losses_test/task:	1.9112129211425781
losses_test/concepts:	19.973735809326172
losses_test/total:	3.908585548400879
calibration_test/ece:	0.038234319537878036
calibration_test/brier:	0.5655359029769897
accuracy_test/task:	57.2143596824301
accuracy_test/concepts:	92.2175521850586
map_test/concepts:	0.8901372564599869

Epoch 61
losses_train/task:	1.290804386138916
losses_train/concepts:	10.739631652832031
losses_train/total:	2.3647677898406982
losses_test/task:	2.195993185043335
losses_test/concepts:	22.97637176513672
losses_test/total:	4.493630409240723
calibration_test/ece:	0.06993594765663147
calibration_test/brier:	0.623528778553009
accuracy_test/task:	52.519848118743525
accuracy_test/concepts:	90.96754455566406
map_test/concepts:	0.8694727002306187

Epoch 62
losses_train/task:	1.356690764427185
losses_train/concepts:	11.57181453704834
losses_train/total:	2.5138723850250244
losses_test/task:	1.9142441749572754
losses_test/concepts:	20.23062515258789
losses_test/total:	3.937307119369507
calibration_test/ece:	0.053308796137571335
calibration_test/brier:	0.5717179775238037
accuracy_test/task:	56.541249568519156
accuracy_test/concepts:	92.1330795288086
map_test/concepts:	0.8942385670986581

Epoch 63
losses_train/task:	1.3181976079940796
losses_train/concepts:	11.127863883972168
losses_train/total:	2.4309840202331543
losses_test/task:	1.658125400543213
losses_test/concepts:	17.72520637512207
losses_test/total:	3.43064546585083
calibration_test/ece:	0.040327370166778564
calibration_test/brier:	0.5096415877342224
accuracy_test/task:	61.64998274076631
accuracy_test/concepts:	93.314453125
map_test/concepts:	0.9113722063125448

Epoch 64
losses_train/task:	1.2579059600830078
losses_train/concepts:	10.65804672241211
losses_train/total:	2.3237102031707764
losses_test/task:	1.7486721277236938
losses_test/concepts:	20.560949325561523
losses_test/total:	3.80476713180542
calibration_test/ece:	0.059472858905792236
calibration_test/brier:	0.5461992025375366
accuracy_test/task:	58.802209181912325
accuracy_test/concepts:	92.66740417480469
map_test/concepts:	0.9020057333276627

Epoch 65
losses_train/task:	1.2899099588394165
losses_train/concepts:	10.803372383117676
losses_train/total:	2.3702473640441895
losses_test/task:	1.8242101669311523
losses_test/concepts:	20.050092697143555
losses_test/total:	3.829220771789551
calibration_test/ece:	0.05624787509441376
calibration_test/brier:	0.5490252375602722
accuracy_test/task:	58.7159130134622
accuracy_test/concepts:	92.7797622680664
map_test/concepts:	0.9013583558671018

Epoch 66
losses_train/task:	1.3015379905700684
losses_train/concepts:	11.034892082214355
losses_train/total:	2.405027389526367
losses_test/task:	1.6185046434402466
losses_test/concepts:	17.714567184448242
losses_test/total:	3.389960289001465
calibration_test/ece:	0.03358135744929314
calibration_test/brier:	0.5010923743247986
accuracy_test/task:	62.49568519157749
accuracy_test/concepts:	93.75801086425781
map_test/concepts:	0.9186161731151824

Epoch 67
losses_train/task:	1.2985597848892212
losses_train/concepts:	10.747960090637207
losses_train/total:	2.3733556270599365
losses_test/task:	1.9508607387542725
losses_test/concepts:	20.25689125061035
losses_test/total:	3.9765498638153076
calibration_test/ece:	0.0648508071899414
calibration_test/brier:	0.5749167799949646
accuracy_test/task:	55.88539868829824
accuracy_test/concepts:	92.25390625
map_test/concepts:	0.8905613346302763

Epoch 68
losses_train/task:	1.229257583618164
losses_train/concepts:	10.551698684692383
losses_train/total:	2.2844274044036865
losses_test/task:	2.1409554481506348
losses_test/concepts:	23.16560935974121
losses_test/total:	4.457516193389893
calibration_test/ece:	0.08914262056350708
calibration_test/brier:	0.6040392518043518
accuracy_test/task:	54.31480842250604
accuracy_test/concepts:	91.2234878540039
map_test/concepts:	0.8734454030686236

Epoch 69
losses_train/task:	1.2036527395248413
losses_train/concepts:	10.16830825805664
losses_train/total:	2.2204833030700684
losses_test/task:	1.6048426628112793
losses_test/concepts:	18.092670440673828
losses_test/total:	3.414109706878662
calibration_test/ece:	0.04074528068304062
calibration_test/brier:	0.5115421414375305
accuracy_test/task:	62.340352088367275
accuracy_test/concepts:	93.6397933959961
map_test/concepts:	0.9131681627415597

Epoch 70
losses_train/task:	1.1538175344467163
losses_train/concepts:	9.760021209716797
losses_train/total:	2.129819631576538
losses_test/task:	1.8355507850646973
losses_test/concepts:	19.968717575073242
losses_test/total:	3.832422971725464
calibration_test/ece:	0.05297921597957611
calibration_test/brier:	0.5408942699432373
accuracy_test/task:	59.803244735933724
accuracy_test/concepts:	92.70301055908203
map_test/concepts:	0.9040629457920155

Epoch 71
losses_train/task:	1.2011409997940063
losses_train/concepts:	10.112812042236328
losses_train/total:	2.2124218940734863
losses_test/task:	1.7230697870254517
losses_test/concepts:	19.005558013916016
losses_test/total:	3.6236255168914795
calibration_test/ece:	0.05135620757937431
calibration_test/brier:	0.5242285132408142
accuracy_test/task:	60.66620642043493
accuracy_test/concepts:	92.87008666992188
map_test/concepts:	0.9095940526495588

Epoch 72
losses_train/task:	1.1524968147277832
losses_train/concepts:	9.607684135437012
losses_train/total:	2.1132655143737793
losses_test/task:	1.8920936584472656
losses_test/concepts:	21.810911178588867
losses_test/total:	4.073184013366699
calibration_test/ece:	0.05780411139130592
calibration_test/brier:	0.5507859587669373
accuracy_test/task:	59.54435623058336
accuracy_test/concepts:	92.80693817138672
map_test/concepts:	0.8988688004777786

Epoch 73
losses_train/task:	1.1785398721694946
losses_train/concepts:	10.089385986328125
losses_train/total:	2.1874783039093018
losses_test/task:	1.90096914768219
losses_test/concepts:	20.94511604309082
losses_test/total:	3.99548077583313
calibration_test/ece:	0.06262336671352386
calibration_test/brier:	0.5452508330345154
accuracy_test/task:	59.734207801173625
accuracy_test/concepts:	92.98503875732422
map_test/concepts:	0.8980128131014236

Epoch 74
losses_train/task:	1.2315235137939453
losses_train/concepts:	10.324012756347656
losses_train/total:	2.2639248371124268
losses_test/task:	1.7798222303390503
losses_test/concepts:	20.111175537109375
losses_test/total:	3.790940046310425
calibration_test/ece:	0.06742614507675171
calibration_test/brier:	0.5317240357398987
accuracy_test/task:	60.94235415947532
accuracy_test/concepts:	93.13855743408203
map_test/concepts:	0.9026047600076553

Epoch 75
losses_train/task:	1.1946479082107544
losses_train/concepts:	10.088461875915527
losses_train/total:	2.203494071960449
losses_test/task:	1.8797476291656494
losses_test/concepts:	19.620983123779297
losses_test/total:	3.8418467044830322
calibration_test/ece:	0.08131609857082367
calibration_test/brier:	0.5574818849563599
accuracy_test/task:	58.595098377632034
accuracy_test/concepts:	92.53739929199219
map_test/concepts:	0.8993798164611168

Epoch 76
losses_train/task:	1.169223427772522
losses_train/concepts:	9.872566223144531
losses_train/total:	2.156479835510254
losses_test/task:	1.829460859298706
losses_test/concepts:	20.133052825927734
losses_test/total:	3.8427653312683105
calibration_test/ece:	0.07007849216461182
calibration_test/brier:	0.5343765616416931
accuracy_test/task:	60.73524335519503
accuracy_test/concepts:	92.91492462158203
map_test/concepts:	0.9052516183954604

Epoch 77
losses_train/task:	1.1477880477905273
losses_train/concepts:	9.876303672790527
losses_train/total:	2.13541841506958
losses_test/task:	2.0587592124938965
losses_test/concepts:	22.38115882873535
losses_test/total:	4.296875476837158
calibration_test/ece:	0.09105683863162994
calibration_test/brier:	0.5815122127532959
accuracy_test/task:	56.36865723161892
accuracy_test/concepts:	92.5708236694336
map_test/concepts:	0.8811859006577349

Epoch 78
losses_train/task:	1.0922030210494995
losses_train/concepts:	9.219050407409668
losses_train/total:	2.0141079425811768
losses_test/task:	1.8724045753479004
losses_test/concepts:	21.615421295166016
losses_test/total:	4.033946990966797
calibration_test/ece:	0.05520892143249512
calibration_test/brier:	0.5277392268180847
accuracy_test/task:	60.76976182257508
accuracy_test/concepts:	93.1025619506836
map_test/concepts:	0.9043003777240185

Epoch 79
losses_train/task:	1.0754038095474243
losses_train/concepts:	9.283039093017578
losses_train/total:	2.0037074089050293
losses_test/task:	2.2875618934631348
losses_test/concepts:	25.367904663085938
losses_test/total:	4.824351787567139
calibration_test/ece:	0.11817698180675507
calibration_test/brier:	0.6254314184188843
accuracy_test/task:	53.46910597169486
accuracy_test/concepts:	91.92412567138672
map_test/concepts:	0.8711274874971268

Epoch 80
losses_train/task:	1.10403311252594
losses_train/concepts:	9.552641868591309
losses_train/total:	2.0592973232269287
losses_test/task:	1.825873851776123
losses_test/concepts:	18.606718063354492
losses_test/total:	3.6865458488464355
calibration_test/ece:	0.08229517936706543
calibration_test/brier:	0.5432536602020264
accuracy_test/task:	59.59613393165343
accuracy_test/concepts:	93.00631713867188
map_test/concepts:	0.9040756999178136

Epoch 81
losses_train/task:	1.1457010507583618
losses_train/concepts:	9.903524398803711
losses_train/total:	2.1360535621643066
losses_test/task:	1.7406593561172485
losses_test/concepts:	20.19169807434082
losses_test/total:	3.7598297595977783
calibration_test/ece:	0.06722480058670044
calibration_test/brier:	0.5159415602684021
accuracy_test/task:	62.202278218847084
accuracy_test/concepts:	93.47563934326172
map_test/concepts:	0.9068086844809512

Epoch 82
losses_train/task:	1.0790146589279175
losses_train/concepts:	9.070937156677246
losses_train/total:	1.986108422279358
losses_test/task:	2.0750975608825684
losses_test/concepts:	23.939241409301758
losses_test/total:	4.469022274017334
calibration_test/ece:	0.12084023654460907
calibration_test/brier:	0.5984248518943787
accuracy_test/task:	55.902657921988265
accuracy_test/concepts:	92.44634246826172
map_test/concepts:	0.8797793603957967

Epoch 83
losses_train/task:	1.079468846321106
losses_train/concepts:	8.97397232055664
losses_train/total:	1.9768656492233276
losses_test/task:	1.8230116367340088
losses_test/concepts:	21.036062240600586
losses_test/total:	3.9266178607940674
calibration_test/ece:	0.0731063038110733
calibration_test/brier:	0.517238438129425
accuracy_test/task:	62.202278218847084
accuracy_test/concepts:	93.20537567138672
map_test/concepts:	0.9078470278293529

Epoch 84
losses_train/task:	1.0687601566314697
losses_train/concepts:	9.008441925048828
losses_train/total:	1.9696043729782104
losses_test/task:	1.763244867324829
losses_test/concepts:	19.450855255126953
losses_test/total:	3.708329916000366
calibration_test/ece:	0.07420660555362701
calibration_test/brier:	0.5126382112503052
accuracy_test/task:	62.72005522954781
accuracy_test/concepts:	93.16094207763672
map_test/concepts:	0.9073822320775783

Epoch 85
losses_train/task:	1.0374104976654053
losses_train/concepts:	8.715361595153809
losses_train/total:	1.9089469909667969
losses_test/task:	1.7757335901260376
losses_test/concepts:	21.81739044189453
losses_test/total:	3.957472085952759
calibration_test/ece:	0.06909219920635223
calibration_test/brier:	0.5175440311431885
accuracy_test/task:	62.27131515360718
accuracy_test/concepts:	93.45508575439453
map_test/concepts:	0.9029291969664553

Epoch 86
losses_train/task:	1.0888867378234863
losses_train/concepts:	9.417948722839355
losses_train/total:	2.030681610107422
losses_test/task:	1.9756325483322144
losses_test/concepts:	21.710330963134766
losses_test/total:	4.146666049957275
calibration_test/ece:	0.09013601392507553
calibration_test/brier:	0.5592812299728394
accuracy_test/task:	58.387987573351744
accuracy_test/concepts:	92.45586395263672
map_test/concepts:	0.8861145491295672

Epoch 87
losses_train/task:	1.0444176197052002
losses_train/concepts:	8.913230895996094
losses_train/total:	1.9357409477233887
losses_test/task:	2.158174514770508
losses_test/concepts:	25.985979080200195
losses_test/total:	4.756772518157959
calibration_test/ece:	0.11385345458984375
calibration_test/brier:	0.5868033170700073
accuracy_test/task:	56.95547117707974
accuracy_test/concepts:	92.56126403808594
map_test/concepts:	0.8814946235494411

Epoch 88
losses_train/task:	1.0051590204238892
losses_train/concepts:	8.58643627166748
losses_train/total:	1.8638025522232056
losses_test/task:	1.7122851610183716
losses_test/concepts:	19.459178924560547
losses_test/total:	3.6582038402557373
calibration_test/ece:	0.08376119285821915
calibration_test/brier:	0.5099080204963684
accuracy_test/task:	63.047980669658266
accuracy_test/concepts:	93.56560516357422
map_test/concepts:	0.9108718747788287

Epoch 89
losses_train/task:	1.0263406038284302
losses_train/concepts:	8.773213386535645
losses_train/total:	1.903661847114563
losses_test/task:	1.8433701992034912
losses_test/concepts:	20.052358627319336
losses_test/total:	3.8486061096191406
calibration_test/ece:	0.08559814095497131
calibration_test/brier:	0.5262187123298645
accuracy_test/task:	61.218501898515704
accuracy_test/concepts:	93.12714385986328
map_test/concepts:	0.9060068789948809

Epoch 90
losses_train/task:	1.0377769470214844
losses_train/concepts:	8.98557186126709
losses_train/total:	1.936334252357483
losses_test/task:	1.9275033473968506
losses_test/concepts:	24.051485061645508
losses_test/total:	4.332652568817139
calibration_test/ece:	0.10883833467960358
calibration_test/brier:	0.5456326603889465
accuracy_test/task:	60.217466344494305
accuracy_test/concepts:	92.90093231201172
map_test/concepts:	0.8982826154282753

Epoch 91
losses_train/task:	0.9830380082130432
losses_train/concepts:	8.561521530151367
losses_train/total:	1.839190125465393
losses_test/task:	1.8326865434646606
losses_test/concepts:	20.576040267944336
losses_test/total:	3.8902909755706787
calibration_test/ece:	0.0898403450846672
calibration_test/brier:	0.529571533203125
accuracy_test/task:	61.2875388332758
accuracy_test/concepts:	92.96814727783203
map_test/concepts:	0.9019933038569511

Epoch 92
losses_train/task:	1.03179132938385
losses_train/concepts:	9.072725296020508
losses_train/total:	1.9390639066696167
losses_test/task:	2.032508611679077
losses_test/concepts:	24.90066146850586
losses_test/total:	4.522575855255127
calibration_test/ece:	0.12001051008701324
calibration_test/brier:	0.5748780369758606
accuracy_test/task:	58.025543665861235
accuracy_test/concepts:	92.80876159667969
map_test/concepts:	0.8859625281171596

Epoch 93
losses_train/task:	0.9980392456054688
losses_train/concepts:	8.528881072998047
losses_train/total:	1.8509278297424316
losses_test/task:	1.6144133806228638
losses_test/concepts:	18.28318214416504
losses_test/total:	3.4427316188812256
calibration_test/ece:	0.07783503830432892
calibration_test/brier:	0.4826769232749939
accuracy_test/task:	64.91197790818087
accuracy_test/concepts:	93.91520690917969
map_test/concepts:	0.9198257504625523

Epoch 94
losses_train/task:	1.009021282196045
losses_train/concepts:	8.599437713623047
losses_train/total:	1.8689647912979126
losses_test/task:	1.6369080543518066
losses_test/concepts:	20.293174743652344
losses_test/total:	3.666224956512451
calibration_test/ece:	0.07871387898921967
calibration_test/brier:	0.48250314593315125
accuracy_test/task:	65.55056955471177
accuracy_test/concepts:	94.19209289550781
map_test/concepts:	0.9176883038054121

Epoch 95
losses_train/task:	1.0083050727844238
losses_train/concepts:	8.557286262512207
losses_train/total:	1.8640334606170654
losses_test/task:	1.7387720346450806
losses_test/concepts:	19.84271240234375
losses_test/total:	3.7230427265167236
calibration_test/ece:	0.07888517528772354
calibration_test/brier:	0.487764835357666
accuracy_test/task:	64.44597859855023
accuracy_test/concepts:	93.91337585449219
map_test/concepts:	0.913237508307112

Epoch 96
losses_train/task:	0.974030613899231
losses_train/concepts:	8.345726013183594
losses_train/total:	1.808603048324585
losses_test/task:	1.8588544130325317
losses_test/concepts:	20.580425262451172
losses_test/total:	3.916896104812622
calibration_test/ece:	0.10387028753757477
calibration_test/brier:	0.5443490147590637
accuracy_test/task:	60.59716948567483
accuracy_test/concepts:	93.25384521484375
map_test/concepts:	0.9060229671762344

Epoch 97
losses_train/task:	0.9824294447898865
losses_train/concepts:	8.927800178527832
losses_train/total:	1.8752093315124512
losses_test/task:	1.9654735326766968
losses_test/concepts:	22.583560943603516
losses_test/total:	4.223829746246338
calibration_test/ece:	0.1011543869972229
calibration_test/brier:	0.5506343841552734
accuracy_test/task:	59.440800828443216
accuracy_test/concepts:	92.6090087890625
map_test/concepts:	0.8919027802792001

Epoch 98
losses_train/task:	0.9833412170410156
losses_train/concepts:	8.679764747619629
losses_train/total:	1.8513175249099731
losses_test/task:	1.9506051540374756
losses_test/concepts:	21.411495208740234
losses_test/total:	4.091753959655762
calibration_test/ece:	0.1097547858953476
calibration_test/brier:	0.5535312294960022
accuracy_test/task:	59.99309630652399
accuracy_test/concepts:	92.6912612915039
map_test/concepts:	0.9012267893933236

Epoch 99
losses_train/task:	0.9540745615959167
losses_train/concepts:	8.246129035949707
losses_train/total:	1.778687596321106
losses_test/task:	1.7260164022445679
losses_test/concepts:	19.82154655456543
losses_test/total:	3.7081711292266846
calibration_test/ece:	0.10161825269460678
calibration_test/brier:	0.5136362910270691
accuracy_test/task:	63.755609250949256
accuracy_test/concepts:	93.7620849609375
map_test/concepts:	0.9098779901545099

Epoch 100
losses_train/task:	0.9634438753128052
losses_train/concepts:	8.386780738830566
losses_train/total:	1.8021219968795776
losses_test/task:	2.301973581314087
losses_test/concepts:	25.1112060546875
losses_test/total:	4.813093185424805
calibration_train/ece:	0.049487050622701645
calibration_train/brier:	0.5225030183792114
accuracy_train/task:	58.889358108108105
calibration_test/ece:	0.14110930263996124
calibration_test/brier:	0.6234992146492004
accuracy_test/task:	54.40110459095616
accuracy_train/concepts:	90.08905792236328
map_train/concepts:	0.892473468121062
accuracy_test/concepts:	91.52423858642578
map_test/concepts:	0.8711507409176928
accuracy_test/nuisances_task:	0.026817871974064753
accuracy_test/nuisances_nontask:	0.0
mutual_inf_test/nuisances_task:	0.00760783729695714
mutual_inf_test/nuisances_nontask:	0.0

Epoch 101
losses_train/task:	0.8690217733383179
losses_train/concepts:	7.719776153564453
losses_train/total:	1.640999436378479
losses_test/task:	1.340763807296753
losses_test/concepts:	15.549857139587402
losses_test/total:	2.895749568939209
calibration_test/ece:	0.05157138779759407
calibration_test/brier:	0.41358014941215515
accuracy_test/task:	70.74559889540905
accuracy_test/concepts:	95.21296691894531
map_test/concepts:	0.940152274801376

Epoch 102
losses_train/task:	0.7960727214813232
losses_train/concepts:	7.148186206817627
losses_train/total:	1.5108915567398071
losses_test/task:	1.2816216945648193
losses_test/concepts:	14.80171012878418
losses_test/total:	2.7617921829223633
calibration_test/ece:	0.04333828389644623
calibration_test/brier:	0.3961337208747864
accuracy_test/task:	71.91922678633068
accuracy_test/concepts:	95.4615478515625
map_test/concepts:	0.9444869782062287

Epoch 103
losses_train/task:	0.8063889145851135
losses_train/concepts:	6.9429216384887695
losses_train/total:	1.5006811618804932
losses_test/task:	1.2440217733383179
losses_test/concepts:	14.732020378112793
losses_test/total:	2.71722412109375
calibration_test/ece:	0.040356434881687164
calibration_test/brier:	0.38670456409454346
accuracy_test/task:	72.69589230238178
accuracy_test/concepts:	95.6312026977539
map_test/concepts:	0.9468369445902236

Epoch 104
losses_train/task:	0.7926544547080994
losses_train/concepts:	6.608827114105225
losses_train/total:	1.4535373449325562
losses_test/task:	1.2188571691513062
losses_test/concepts:	14.183218955993652
losses_test/total:	2.637178659439087
calibration_test/ece:	0.03683179244399071
calibration_test/brier:	0.3776405453681946
accuracy_test/task:	73.50707628581291
accuracy_test/concepts:	95.77037048339844
map_test/concepts:	0.948188989720446

Epoch 105
losses_train/task:	0.7478363513946533
losses_train/concepts:	6.261349201202393
losses_train/total:	1.3739711046218872
losses_test/task:	1.212384581565857
losses_test/concepts:	14.043412208557129
losses_test/total:	2.6167259216308594
calibration_test/ece:	0.03971133381128311
calibration_test/brier:	0.378956139087677
accuracy_test/task:	73.12737314463237
accuracy_test/concepts:	95.80965423583984
map_test/concepts:	0.9491672021277408

Epoch 106
losses_train/task:	0.7605622410774231
losses_train/concepts:	6.467219352722168
losses_train/total:	1.407284140586853
losses_test/task:	1.22124445438385
losses_test/concepts:	14.419347763061523
losses_test/total:	2.663179636001587
calibration_test/ece:	0.04204379394650459
calibration_test/brier:	0.3759322464466095
accuracy_test/task:	73.40352088367277
accuracy_test/concepts:	95.84162902832031
map_test/concepts:	0.9491952568926709

Epoch 107
losses_train/task:	0.7495014071464539
losses_train/concepts:	6.134559154510498
losses_train/total:	1.3629571199417114
losses_test/task:	1.1939969062805176
losses_test/concepts:	14.318066596984863
losses_test/total:	2.625802516937256
calibration_test/ece:	0.03970818594098091
calibration_test/brier:	0.3708602786064148
accuracy_test/task:	73.95581636175353
accuracy_test/concepts:	95.91654205322266
map_test/concepts:	0.9500236067366092

Epoch 108
losses_train/task:	0.7449718117713928
losses_train/concepts:	6.200623035430908
losses_train/total:	1.3650341033935547
losses_test/task:	1.1848722696304321
losses_test/concepts:	14.315509796142578
losses_test/total:	2.6164233684539795
calibration_test/ece:	0.03790738433599472
calibration_test/brier:	0.3700191378593445
accuracy_test/task:	74.05937176389368
accuracy_test/concepts:	95.96244049072266
map_test/concepts:	0.9503593013641682

Epoch 109
losses_train/task:	0.7140315771102905
losses_train/concepts:	5.8458147048950195
losses_train/total:	1.2986128330230713
losses_test/task:	1.1860355138778687
losses_test/concepts:	14.496185302734375
losses_test/total:	2.635653495788574
calibration_test/ece:	0.04410961642861366
calibration_test/brier:	0.37360531091690063
accuracy_test/task:	73.54159475319295
accuracy_test/concepts:	95.98226928710938
map_test/concepts:	0.950473002930905

Epoch 110
losses_train/task:	0.7297603487968445
losses_train/concepts:	6.0897674560546875
losses_train/total:	1.3387370109558105
losses_test/task:	1.2087688446044922
losses_test/concepts:	14.656519889831543
losses_test/total:	2.6744205951690674
calibration_test/ece:	0.042798370122909546
calibration_test/brier:	0.37612855434417725
accuracy_test/task:	73.54159475319295
accuracy_test/concepts:	95.92684173583984
map_test/concepts:	0.9495479794258767

Epoch 111
losses_train/task:	0.6915423274040222
losses_train/concepts:	5.679161071777344
losses_train/total:	1.2594581842422485
losses_test/task:	1.1888313293457031
losses_test/concepts:	14.600910186767578
losses_test/total:	2.6489219665527344
calibration_test/ece:	0.04075164347887039
calibration_test/brier:	0.3710672855377197
accuracy_test/task:	73.7832240248533
accuracy_test/concepts:	96.01898956298828
map_test/concepts:	0.9508149699961885

Epoch 112
losses_train/task:	0.6445040702819824
losses_train/concepts:	5.499763488769531
losses_train/total:	1.194480299949646
losses_test/task:	1.1859209537506104
losses_test/concepts:	14.57080364227295
losses_test/total:	2.6430017948150635
calibration_test/ece:	0.04136974737048149
calibration_test/brier:	0.3694799244403839
accuracy_test/task:	73.90403866068347
accuracy_test/concepts:	96.01531219482422
map_test/concepts:	0.951134019709648

Epoch 113
losses_train/task:	0.6859172582626343
losses_train/concepts:	5.74612283706665
losses_train/total:	1.260529637336731
losses_test/task:	1.1758124828338623
losses_test/concepts:	14.368573188781738
losses_test/total:	2.6126701831817627
calibration_test/ece:	0.04376789182424545
calibration_test/brier:	0.37277185916900635
accuracy_test/task:	73.85226095961339
accuracy_test/concepts:	96.05937957763672
map_test/concepts:	0.951679842269167

Epoch 114
losses_train/task:	0.6501430869102478
losses_train/concepts:	5.483927249908447
losses_train/total:	1.1985357999801636
losses_test/task:	1.1838434934616089
losses_test/concepts:	14.389053344726562
losses_test/total:	2.6227493286132812
calibration_test/ece:	0.043714430183172226
calibration_test/brier:	0.3700314462184906
accuracy_test/task:	74.0766309975837
accuracy_test/concepts:	96.04653930664062
map_test/concepts:	0.9517773301043408

Epoch 115
losses_train/task:	0.6867216229438782
losses_train/concepts:	5.668694019317627
losses_train/total:	1.2535910606384277
losses_test/task:	1.178977131843567
losses_test/concepts:	14.856118202209473
losses_test/total:	2.6645894050598145
calibration_test/ece:	0.04216757044196129
calibration_test/brier:	0.3692699074745178
accuracy_test/task:	74.18018639972385
accuracy_test/concepts:	96.0759048461914
map_test/concepts:	0.951040895695382

Epoch 116
losses_train/task:	0.6766748428344727
losses_train/concepts:	5.661673069000244
losses_train/total:	1.2428423166275024
losses_test/task:	1.1783218383789062
losses_test/concepts:	14.537210464477539
losses_test/total:	2.632042646408081
calibration_test/ece:	0.040575556457042694
calibration_test/brier:	0.36746126413345337
accuracy_test/task:	74.38729720400414
accuracy_test/concepts:	96.04283142089844
map_test/concepts:	0.9515022280368399

Epoch 117
losses_train/task:	0.66385418176651
losses_train/concepts:	5.422213554382324
losses_train/total:	1.2060755491256714
losses_test/task:	1.1800477504730225
losses_test/concepts:	14.382097244262695
losses_test/total:	2.6182570457458496
calibration_test/ece:	0.04449772834777832
calibration_test/brier:	0.3672419488430023
accuracy_test/task:	74.2147048671039
accuracy_test/concepts:	96.05167388916016
map_test/concepts:	0.9520481888284075

Epoch 118
losses_train/task:	0.6512412428855896
losses_train/concepts:	5.321193695068359
losses_train/total:	1.1833608150482178
losses_test/task:	1.175714135169983
losses_test/concepts:	14.700570106506348
losses_test/total:	2.6457719802856445
calibration_test/ece:	0.04511948302388191
calibration_test/brier:	0.3670254349708557
accuracy_test/task:	74.283741801864
accuracy_test/concepts:	96.14090728759766
map_test/concepts:	0.9514137937667522

Epoch 119
losses_train/task:	0.6750833988189697
losses_train/concepts:	5.461610794067383
losses_train/total:	1.2212446928024292
losses_test/task:	1.1681368350982666
losses_test/concepts:	14.366166114807129
losses_test/total:	2.6047537326812744
calibration_test/ece:	0.04565683379769325
calibration_test/brier:	0.36593082547187805
accuracy_test/task:	74.23196410079393
accuracy_test/concepts:	96.15596008300781
map_test/concepts:	0.9524426612448185

Epoch 120
losses_train/task:	0.6601735949516296
losses_train/concepts:	5.468624591827393
losses_train/total:	1.207036018371582
losses_test/task:	1.1772159337997437
losses_test/concepts:	14.34850788116455
losses_test/total:	2.6120669841766357
calibration_test/ece:	0.04388907179236412
calibration_test/brier:	0.36670470237731934
accuracy_test/task:	74.35277873662409
accuracy_test/concepts:	96.07701110839844
map_test/concepts:	0.9519994981745457

Epoch 121
losses_train/task:	0.6359765529632568
losses_train/concepts:	5.295927047729492
losses_train/total:	1.1655691862106323
losses_test/task:	1.1723952293395996
losses_test/concepts:	14.249124526977539
losses_test/total:	2.5973076820373535
calibration_test/ece:	0.04323452711105347
calibration_test/brier:	0.36649104952812195
accuracy_test/task:	74.4218156713842
accuracy_test/concepts:	96.0905990600586
map_test/concepts:	0.9526162971841529

Epoch 122
losses_train/task:	0.6744937300682068
losses_train/concepts:	5.4054765701293945
losses_train/total:	1.2150415182113647
losses_test/task:	1.1713041067123413
losses_test/concepts:	14.634476661682129
losses_test/total:	2.634751796722412
calibration_test/ece:	0.041855886578559875
calibration_test/brier:	0.36407750844955444
accuracy_test/task:	74.50811183983431
accuracy_test/concepts:	96.1321029663086
map_test/concepts:	0.9520275770349705

Epoch 123
losses_train/task:	0.6387238502502441
losses_train/concepts:	5.2028937339782715
losses_train/total:	1.1590131521224976
losses_test/task:	1.156078815460205
losses_test/concepts:	14.50247573852539
losses_test/total:	2.6063268184661865
calibration_test/ece:	0.04113747179508209
calibration_test/brier:	0.3601425290107727
accuracy_test/task:	74.69796341042458
accuracy_test/concepts:	96.19341278076172
map_test/concepts:	0.9524821131787402

Epoch 124
losses_train/task:	0.6350016593933105
losses_train/concepts:	5.212700843811035
losses_train/total:	1.1562716960906982
losses_test/task:	1.1529736518859863
losses_test/concepts:	14.32663345336914
losses_test/total:	2.585637331008911
calibration_test/ece:	0.04251076653599739
calibration_test/brier:	0.358521968126297
accuracy_test/task:	74.88781498101484
accuracy_test/concepts:	96.15595245361328
map_test/concepts:	0.9524542182049853

Epoch 125
losses_train/task:	0.6277145147323608
losses_train/concepts:	5.13707971572876
losses_train/total:	1.1414226293563843
losses_test/task:	1.1537853479385376
losses_test/concepts:	14.461435317993164
losses_test/total:	2.599928855895996
calibration_test/ece:	0.04136406257748604
calibration_test/brier:	0.3607179522514343
accuracy_test/task:	74.7152226441146
accuracy_test/concepts:	96.18350219726562
map_test/concepts:	0.9533061702200707

Epoch 126
losses_train/task:	0.6582843065261841
losses_train/concepts:	5.547544479370117
losses_train/total:	1.213038682937622
losses_test/task:	1.1681766510009766
losses_test/concepts:	14.516874313354492
losses_test/total:	2.6198642253875732
calibration_test/ece:	0.04353847727179527
calibration_test/brier:	0.3620438277721405
accuracy_test/task:	74.66344494304452
accuracy_test/concepts:	96.14749908447266
map_test/concepts:	0.9529104828834534

Epoch 127
losses_train/task:	0.6487359404563904
losses_train/concepts:	5.211615085601807
losses_train/total:	1.1698973178863525
losses_test/task:	1.1568129062652588
losses_test/concepts:	14.415157318115234
losses_test/total:	2.5983285903930664
calibration_test/ece:	0.04078594595193863
calibration_test/brier:	0.36012542247772217
accuracy_test/task:	74.99137038315499
accuracy_test/concepts:	96.19707489013672
map_test/concepts:	0.9527913357349153

Epoch 128
losses_train/task:	0.6484692692756653
losses_train/concepts:	5.0720977783203125
losses_train/total:	1.1556789875030518
losses_test/task:	1.1510298252105713
losses_test/concepts:	14.422511100769043
losses_test/total:	2.593280792236328
calibration_test/ece:	0.0430305153131485
calibration_test/brier:	0.35963067412376404
accuracy_test/task:	74.68070417673455
accuracy_test/concepts:	96.19637298583984
map_test/concepts:	0.9530225548338382

Epoch 129
losses_train/task:	0.6149973273277283
losses_train/concepts:	4.927114009857178
losses_train/total:	1.1077089309692383
losses_test/task:	1.1642532348632812
losses_test/concepts:	14.677082061767578
losses_test/total:	2.6319611072540283
calibration_test/ece:	0.04435406252741814
calibration_test/brier:	0.3623441755771637
accuracy_test/task:	74.69796341042458
accuracy_test/concepts:	96.17138671875
map_test/concepts:	0.9527500867843628

Epoch 130
losses_train/task:	0.6634134650230408
losses_train/concepts:	5.373979091644287
losses_train/total:	1.2008112668991089
losses_test/task:	1.1462759971618652
losses_test/concepts:	14.33884334564209
losses_test/total:	2.58016037940979
calibration_test/ece:	0.041380297392606735
calibration_test/brier:	0.3572233319282532
accuracy_test/task:	74.97411114946496
accuracy_test/concepts:	96.23308563232422
map_test/concepts:	0.9536978424863612

Epoch 131
losses_train/task:	0.6449904441833496
losses_train/concepts:	5.207708358764648
losses_train/total:	1.1657613515853882
losses_test/task:	1.1630282402038574
losses_test/concepts:	14.89812183380127
losses_test/total:	2.6528406143188477
calibration_test/ece:	0.044021718204021454
calibration_test/brier:	0.3627338111400604
accuracy_test/task:	74.87055574732481
accuracy_test/concepts:	96.21508026123047
map_test/concepts:	0.9525299820494144

Epoch 132
losses_train/task:	0.6373516917228699
losses_train/concepts:	5.161482334136963
losses_train/total:	1.1534998416900635
losses_test/task:	1.147309422492981
losses_test/concepts:	14.983394622802734
losses_test/total:	2.645648956298828
calibration_test/ece:	0.03995160758495331
calibration_test/brier:	0.35711339116096497
accuracy_test/task:	75.3538142906455
accuracy_test/concepts:	96.26356506347656
map_test/concepts:	0.9529021420377366

Epoch 133
losses_train/task:	0.6142909526824951
losses_train/concepts:	4.844759464263916
losses_train/total:	1.0987666845321655
losses_test/task:	1.1478221416473389
losses_test/concepts:	14.739386558532715
losses_test/total:	2.6217613220214844
calibration_test/ece:	0.04411691427230835
calibration_test/brier:	0.35986021161079407
accuracy_test/task:	75.11218501898516
accuracy_test/concepts:	96.25547790527344
map_test/concepts:	0.9528874184222932

Epoch 134
losses_train/task:	0.6507304906845093
losses_train/concepts:	5.2333245277404785
losses_train/total:	1.174062967300415
losses_test/task:	1.1474920511245728
losses_test/concepts:	14.865789413452148
losses_test/total:	2.634071111679077
calibration_test/ece:	0.04396174103021622
calibration_test/brier:	0.35833173990249634
accuracy_test/task:	75.16396272005522
accuracy_test/concepts:	96.24188995361328
map_test/concepts:	0.95303280049182

Epoch 135
losses_train/task:	0.5943604111671448
losses_train/concepts:	4.810373306274414
losses_train/total:	1.0753978490829468
losses_test/task:	1.1415746212005615
losses_test/concepts:	14.636362075805664
losses_test/total:	2.6052114963531494
calibration_test/ece:	0.04294341430068016
calibration_test/brier:	0.35574787855148315
accuracy_test/task:	75.44011045909562
accuracy_test/concepts:	96.23308563232422
map_test/concepts:	0.9535220278070328

Epoch 136
losses_train/task:	0.5837942957878113
losses_train/concepts:	4.674312591552734
losses_train/total:	1.0512255430221558
losses_test/task:	1.1468758583068848
losses_test/concepts:	14.629348754882812
losses_test/total:	2.6098108291625977
calibration_test/ece:	0.040391720831394196
calibration_test/brier:	0.35556140542030334
accuracy_test/task:	75.23299965481533
accuracy_test/concepts:	96.22205352783203
map_test/concepts:	0.9532922189286415

Epoch 137
losses_train/task:	0.6174176335334778
losses_train/concepts:	5.065768718719482
losses_train/total:	1.1239947080612183
losses_test/task:	1.1523497104644775
losses_test/concepts:	14.489253997802734
losses_test/total:	2.6012752056121826
calibration_test/ece:	0.04331032931804657
calibration_test/brier:	0.35602623224258423
accuracy_test/task:	75.09492578529513
accuracy_test/concepts:	96.2158203125
map_test/concepts:	0.9534764391310672

Epoch 138
losses_train/task:	0.6407807469367981
losses_train/concepts:	5.24625301361084
losses_train/total:	1.1654061079025269
losses_test/task:	1.1530646085739136
losses_test/concepts:	14.354751586914062
losses_test/total:	2.5885393619537354
calibration_test/ece:	0.0429106168448925
calibration_test/brier:	0.3586025834083557
accuracy_test/task:	75.3538142906455
accuracy_test/concepts:	96.2183837890625
map_test/concepts:	0.9536203412299461

Epoch 139
losses_train/task:	0.618735134601593
losses_train/concepts:	5.109026908874512
losses_train/total:	1.1296379566192627
losses_test/task:	1.1653530597686768
losses_test/concepts:	14.957724571228027
losses_test/total:	2.6611251831054688
calibration_test/ece:	0.04726153239607811
calibration_test/brier:	0.36239907145500183
accuracy_test/task:	74.76700034518467
accuracy_test/concepts:	96.21582794189453
map_test/concepts:	0.9520336744633127

Epoch 140
losses_train/task:	0.6270843744277954
losses_train/concepts:	5.109643936157227
losses_train/total:	1.1380488872528076
losses_test/task:	1.1725224256515503
losses_test/concepts:	15.047391891479492
losses_test/total:	2.6772615909576416
calibration_test/ece:	0.04429853707551956
calibration_test/brier:	0.3623886704444885
accuracy_test/task:	74.83603727994478
accuracy_test/concepts:	96.19010925292969
map_test/concepts:	0.9522629113907509

Epoch 141
losses_train/task:	0.583044707775116
losses_train/concepts:	4.730528831481934
losses_train/total:	1.0560975074768066
losses_test/task:	1.1645078659057617
losses_test/concepts:	14.860281944274902
losses_test/total:	2.650535821914673
calibration_test/ece:	0.04886998236179352
calibration_test/brier:	0.36235305666923523
accuracy_test/task:	74.52537107352434
accuracy_test/concepts:	96.18827819824219
map_test/concepts:	0.9524061274021229

Epoch 142
losses_train/task:	0.6121357083320618
losses_train/concepts:	4.893809795379639
losses_train/total:	1.101516604423523
losses_test/task:	1.1642704010009766
losses_test/concepts:	14.883952140808105
losses_test/total:	2.652665853500366
calibration_test/ece:	0.049413345754146576
calibration_test/brier:	0.3625141382217407
accuracy_test/task:	74.74974111149464
accuracy_test/concepts:	96.17652893066406
map_test/concepts:	0.9523525276082627

Epoch 143
losses_train/task:	0.6026558876037598
losses_train/concepts:	4.790314197540283
losses_train/total:	1.0816874504089355
losses_test/task:	1.1882976293563843
losses_test/concepts:	14.899759292602539
losses_test/total:	2.6782732009887695
calibration_test/ece:	0.05314836651086807
calibration_test/brier:	0.3665589988231659
accuracy_test/task:	74.50811183983431
accuracy_test/concepts:	96.16146850585938
map_test/concepts:	0.9518588375537953

Epoch 144
losses_train/task:	0.5855054259300232
losses_train/concepts:	4.719773769378662
losses_train/total:	1.0574827194213867
losses_test/task:	1.1806060075759888
losses_test/concepts:	14.62948226928711
losses_test/total:	2.6435539722442627
calibration_test/ece:	0.05023299902677536
calibration_test/brier:	0.3681025505065918
accuracy_test/task:	74.55988954090438
accuracy_test/concepts:	96.1240234375
map_test/concepts:	0.9517510672833057

Epoch 145
losses_train/task:	0.5931341648101807
losses_train/concepts:	4.596445083618164
losses_train/total:	1.052778720855713
losses_test/task:	1.1745392084121704
losses_test/concepts:	14.696040153503418
losses_test/total:	2.644144058227539
calibration_test/ece:	0.05103074386715889
calibration_test/brier:	0.3661181926727295
accuracy_test/task:	74.61166724197446
accuracy_test/concepts:	96.17945861816406
map_test/concepts:	0.9522944485887568

Epoch 146
losses_train/task:	0.5859062671661377
losses_train/concepts:	4.682168960571289
losses_train/total:	1.0541231632232666
losses_test/task:	1.173649787902832
losses_test/concepts:	14.81668472290039
losses_test/total:	2.65531849861145
calibration_test/ece:	0.052707403898239136
calibration_test/brier:	0.36522728204727173
accuracy_test/task:	74.45633413876423
accuracy_test/concepts:	96.22059631347656
map_test/concepts:	0.9518029524924907

Epoch 147
losses_train/task:	0.6122205853462219
losses_train/concepts:	4.997806072235107
losses_train/total:	1.1120011806488037
losses_test/task:	1.1714239120483398
losses_test/concepts:	14.917131423950195
losses_test/total:	2.663137197494507
calibration_test/ece:	0.053994327783584595
calibration_test/brier:	0.3643129765987396
accuracy_test/task:	74.52537107352434
accuracy_test/concepts:	96.17874908447266
map_test/concepts:	0.9518868377868165

Epoch 148
losses_train/task:	0.5936534404754639
losses_train/concepts:	4.687671184539795
losses_train/total:	1.0624204874038696
losses_test/task:	1.1820037364959717
losses_test/concepts:	14.867942810058594
losses_test/total:	2.668797492980957
calibration_test/ece:	0.053269218653440475
calibration_test/brier:	0.36604541540145874
accuracy_test/task:	74.7842595788747
accuracy_test/concepts:	96.1798324584961
map_test/concepts:	0.9521181202949361

Epoch 149
losses_train/task:	0.6330581307411194
losses_train/concepts:	5.323729038238525
losses_train/total:	1.165431022644043
losses_test/task:	1.1778658628463745
losses_test/concepts:	14.699728965759277
losses_test/total:	2.647839069366455
calibration_test/ece:	0.05735211446881294
calibration_test/brier:	0.3654291331768036
accuracy_test/task:	74.50811183983431
accuracy_test/concepts:	96.17581176757812
map_test/concepts:	0.952683280123041

Epoch 150
losses_train/task:	0.6036098003387451
losses_train/concepts:	4.8347649574279785
losses_train/total:	1.0870864391326904
losses_test/task:	1.1779088973999023
losses_test/concepts:	14.649504661560059
losses_test/total:	2.64285945892334
calibration_test/ece:	0.05173099786043167
calibration_test/brier:	0.36428916454315186
accuracy_test/task:	74.62892647566449
accuracy_test/concepts:	96.14753723144531
map_test/concepts:	0.952204204620199

Epoch 151
losses_train/task:	0.6457738876342773
losses_train/concepts:	5.3103814125061035
losses_train/total:	1.1768120527267456
losses_test/task:	1.1764490604400635
losses_test/concepts:	14.727750778198242
losses_test/total:	2.649223804473877
calibration_test/ece:	0.05559380352497101
calibration_test/brier:	0.3656744658946991
accuracy_test/task:	74.52537107352434
accuracy_test/concepts:	96.12511444091797
map_test/concepts:	0.9522464288041946

Epoch 152
losses_train/task:	0.5876474380493164
losses_train/concepts:	4.736827850341797
losses_train/total:	1.0613301992416382
losses_test/task:	1.1734631061553955
losses_test/concepts:	15.071319580078125
losses_test/total:	2.680595636367798
calibration_test/ece:	0.05292637273669243
calibration_test/brier:	0.36295396089553833
accuracy_test/task:	74.90507421470487
accuracy_test/concepts:	96.23124694824219
map_test/concepts:	0.9523411114165123

Epoch 153
losses_train/task:	0.584876537322998
losses_train/concepts:	4.708143711090088
losses_train/total:	1.055690884590149
losses_test/task:	1.1710518598556519
losses_test/concepts:	15.28156852722168
losses_test/total:	2.6992084980010986
calibration_test/ece:	0.055133841931819916
calibration_test/brier:	0.3635396361351013
accuracy_test/task:	74.59440800828443
accuracy_test/concepts:	96.28849792480469
map_test/concepts:	0.9521604231063355

Epoch 154
losses_train/task:	0.5685015916824341
losses_train/concepts:	4.67629337310791
losses_train/total:	1.0361307859420776
losses_test/task:	1.1609383821487427
losses_test/concepts:	14.972110748291016
losses_test/total:	2.658149003982544
calibration_test/ece:	0.05306007340550423
calibration_test/brier:	0.3628963828086853
accuracy_test/task:	74.80151881256472
accuracy_test/concepts:	96.28449249267578
map_test/concepts:	0.9525423240154347

Epoch 155
losses_train/task:	0.5472933053970337
losses_train/concepts:	4.347708702087402
losses_train/total:	0.982064425945282
losses_test/task:	1.1535162925720215
losses_test/concepts:	14.879586219787598
losses_test/total:	2.641474485397339
calibration_test/ece:	0.051255643367767334
calibration_test/brier:	0.3592282235622406
accuracy_test/task:	75.06040731791508
accuracy_test/concepts:	96.27127838134766
map_test/concepts:	0.9528099044840387

Epoch 156
losses_train/task:	0.5739367604255676
losses_train/concepts:	4.386558532714844
losses_train/total:	1.0125925540924072
losses_test/task:	1.1592227220535278
losses_test/concepts:	14.828768730163574
losses_test/total:	2.642099618911743
calibration_test/ece:	0.05415675789117813
calibration_test/brier:	0.362261027097702
accuracy_test/task:	74.90507421470487
accuracy_test/concepts:	96.25473022460938
map_test/concepts:	0.9528169162729954

Epoch 157
losses_train/task:	0.5681210160255432
losses_train/concepts:	4.593688488006592
losses_train/total:	1.0274899005889893
losses_test/task:	1.1542572975158691
losses_test/concepts:	14.91865062713623
losses_test/total:	2.646122694015503
calibration_test/ece:	0.0518140010535717
calibration_test/brier:	0.3623279333114624
accuracy_test/task:	75.23299965481533
accuracy_test/concepts:	96.28044128417969
map_test/concepts:	0.9526383686572948

Epoch 158
losses_train/task:	0.5538754463195801
losses_train/concepts:	4.4383769035339355
losses_train/total:	0.9977133870124817
losses_test/task:	1.1753863096237183
losses_test/concepts:	15.399456977844238
losses_test/total:	2.7153327465057373
calibration_test/ece:	0.05619160458445549
calibration_test/brier:	0.36468634009361267
accuracy_test/task:	74.74974111149464
accuracy_test/concepts:	96.26097869873047
map_test/concepts:	0.9520738771621217

Epoch 159
losses_train/task:	0.5918784141540527
losses_train/concepts:	4.6344451904296875
losses_train/total:	1.0553228855133057
losses_test/task:	1.1741950511932373
losses_test/concepts:	14.974903106689453
losses_test/total:	2.6716856956481934
calibration_test/ece:	0.055051181465387344
calibration_test/brier:	0.3659622073173523
accuracy_test/task:	74.80151881256472
accuracy_test/concepts:	96.2029800415039
map_test/concepts:	0.9526014378730286

Epoch 160
losses_train/task:	0.561835765838623
losses_train/concepts:	4.592912673950195
losses_train/total:	1.0211271047592163
losses_test/task:	1.170317530632019
losses_test/concepts:	14.979265213012695
losses_test/total:	2.668243885040283
calibration_test/ece:	0.055109892040491104
calibration_test/brier:	0.36494970321655273
accuracy_test/task:	74.66344494304452
accuracy_test/concepts:	96.18643188476562
map_test/concepts:	0.9520262530509461

Epoch 161
losses_train/task:	0.5717681646347046
losses_train/concepts:	4.698448657989502
losses_train/total:	1.0416131019592285
losses_test/task:	1.1565135717391968
losses_test/concepts:	14.808197021484375
losses_test/total:	2.637333631515503
calibration_test/ece:	0.05055622011423111
calibration_test/brier:	0.3594531714916229
accuracy_test/task:	75.09492578529513
accuracy_test/concepts:	96.2253646850586
map_test/concepts:	0.9531829420556414

Epoch 162
losses_train/task:	0.5864570140838623
losses_train/concepts:	4.691341876983643
losses_train/total:	1.055591344833374
losses_test/task:	1.1655443906784058
losses_test/concepts:	14.849340438842773
losses_test/total:	2.650477647781372
calibration_test/ece:	0.05378061160445213
calibration_test/brier:	0.3629855811595917
accuracy_test/task:	74.74974111149464
accuracy_test/concepts:	96.19818878173828
map_test/concepts:	0.9525459522896624

Epoch 163
losses_train/task:	0.5538493990898132
losses_train/concepts:	4.286073684692383
losses_train/total:	0.9824568629264832
losses_test/task:	1.181227684020996
losses_test/concepts:	15.165864944458008
losses_test/total:	2.6978142261505127
calibration_test/ece:	0.05299299955368042
calibration_test/brier:	0.36541908979415894
accuracy_test/task:	74.74974111149464
accuracy_test/concepts:	96.2187728881836
map_test/concepts:	0.9523272666525333

Epoch 164
losses_train/task:	0.57005375623703
losses_train/concepts:	4.579540252685547
losses_train/total:	1.028007984161377
losses_test/task:	1.1765204668045044
losses_test/concepts:	15.152328491210938
losses_test/total:	2.6917531490325928
calibration_test/ece:	0.05727985501289368
calibration_test/brier:	0.3689403533935547
accuracy_test/task:	74.40455643769417
accuracy_test/concepts:	96.21544647216797
map_test/concepts:	0.9527312783484764

Epoch 165
losses_train/task:	0.5744701623916626
losses_train/concepts:	4.6474504470825195
losses_train/total:	1.0392152070999146
losses_test/task:	1.1547597646713257
losses_test/concepts:	14.850547790527344
losses_test/total:	2.6398138999938965
calibration_test/ece:	0.05761820450425148
calibration_test/brier:	0.36165881156921387
accuracy_test/task:	74.7842595788747
accuracy_test/concepts:	96.2936782836914
map_test/concepts:	0.9533691051158499

Epoch 166
losses_train/task:	0.5844722986221313
losses_train/concepts:	4.602599620819092
losses_train/total:	1.0447322130203247
losses_test/task:	1.195512294769287
losses_test/concepts:	15.056561470031738
losses_test/total:	2.7011678218841553
calibration_test/ece:	0.061415646225214005
calibration_test/brier:	0.3732210397720337
accuracy_test/task:	74.18018639972385
accuracy_test/concepts:	96.1758041381836
map_test/concepts:	0.9515995104262169

Epoch 167
losses_train/task:	0.5614763498306274
losses_train/concepts:	4.632274627685547
losses_train/total:	1.024703860282898
losses_test/task:	1.1776893138885498
losses_test/concepts:	15.268661499023438
losses_test/total:	2.7045555114746094
calibration_test/ece:	0.05619791895151138
calibration_test/brier:	0.3664357662200928
accuracy_test/task:	74.59440800828443
accuracy_test/concepts:	96.22537994384766
map_test/concepts:	0.9519584039424328

Epoch 168
losses_train/task:	0.5630772709846497
losses_train/concepts:	4.373595714569092
losses_train/total:	1.0004370212554932
losses_test/task:	1.1674047708511353
losses_test/concepts:	14.853519439697266
losses_test/total:	2.652757167816162
calibration_test/ece:	0.05489734560251236
calibration_test/brier:	0.36558377742767334
accuracy_test/task:	74.74974111149464
accuracy_test/concepts:	96.20958709716797
map_test/concepts:	0.9522633083323215

Epoch 169
losses_train/task:	0.562195897102356
losses_train/concepts:	4.650142669677734
losses_train/total:	1.027209997177124
losses_test/task:	1.1701534986495972
losses_test/concepts:	15.198750495910645
losses_test/total:	2.6900291442871094
calibration_test/ece:	0.055333930999040604
calibration_test/brier:	0.3636399209499359
accuracy_test/task:	75.04314808422507
accuracy_test/concepts:	96.23638153076172
map_test/concepts:	0.9525406614263007

Epoch 170
losses_train/task:	0.5430295467376709
losses_train/concepts:	4.305240631103516
losses_train/total:	0.9735536575317383
losses_test/task:	1.179505467414856
losses_test/concepts:	14.935514450073242
losses_test/total:	2.6730568408966064
calibration_test/ece:	0.05718333646655083
calibration_test/brier:	0.36633482575416565
accuracy_test/task:	74.88781498101484
accuracy_test/concepts:	96.20259857177734
map_test/concepts:	0.9527660849246573

Epoch 171
losses_train/task:	0.5514220595359802
losses_train/concepts:	4.4767327308654785
losses_train/total:	0.9990951418876648
losses_test/task:	1.1657828092575073
losses_test/concepts:	14.71725845336914
losses_test/total:	2.6375088691711426
calibration_test/ece:	0.058301523327827454
calibration_test/brier:	0.3648187816143036
accuracy_test/task:	74.95685191577493
accuracy_test/concepts:	96.2198486328125
map_test/concepts:	0.9532076107694748

Epoch 172
losses_train/task:	0.5409953594207764
losses_train/concepts:	4.329072952270508
losses_train/total:	0.9739026427268982
losses_test/task:	1.1843092441558838
losses_test/concepts:	14.974271774291992
losses_test/total:	2.681736946105957
calibration_test/ece:	0.05993470549583435
calibration_test/brier:	0.3677958846092224
accuracy_test/task:	74.73248187780463
accuracy_test/concepts:	96.23896026611328
map_test/concepts:	0.9534547519176564

Epoch 173
losses_train/task:	0.569964587688446
losses_train/concepts:	4.445647239685059
losses_train/total:	1.0145294666290283
losses_test/task:	1.1648348569869995
losses_test/concepts:	15.12348461151123
losses_test/total:	2.6771836280822754
calibration_test/ece:	0.06040365621447563
calibration_test/brier:	0.36375102400779724
accuracy_test/task:	74.85329651363479
accuracy_test/concepts:	96.31312561035156
map_test/concepts:	0.9536117987429842

Epoch 174
losses_train/task:	0.5603168606758118
losses_train/concepts:	4.563766956329346
losses_train/total:	1.0166935920715332
losses_test/task:	1.170540452003479
losses_test/concepts:	14.937994003295898
losses_test/total:	2.664339780807495
calibration_test/ece:	0.05972070246934891
calibration_test/brier:	0.36456266045570374
accuracy_test/task:	74.9223334483949
accuracy_test/concepts:	96.23785400390625
map_test/concepts:	0.9535008985945519

Epoch 175
losses_train/task:	0.527816116809845
losses_train/concepts:	4.303016662597656
losses_train/total:	0.9581178426742554
losses_test/task:	1.1816030740737915
losses_test/concepts:	15.183197021484375
losses_test/total:	2.699922800064087
calibration_test/ece:	0.06154448166489601
calibration_test/brier:	0.36740851402282715
accuracy_test/task:	74.43907490507422
accuracy_test/concepts:	96.24227142333984
map_test/concepts:	0.9524833471217053

Epoch 176
losses_train/task:	0.5364263653755188
losses_train/concepts:	4.182090759277344
losses_train/total:	0.9546354413032532
losses_test/task:	1.1694351434707642
losses_test/concepts:	15.072028160095215
losses_test/total:	2.676637887954712
calibration_test/ece:	0.05979011952877045
calibration_test/brier:	0.3627449870109558
accuracy_test/task:	74.68070417673455
accuracy_test/concepts:	96.25474548339844
map_test/concepts:	0.9527933660973894

Epoch 177
losses_train/task:	0.5802525281906128
losses_train/concepts:	4.561342239379883
losses_train/total:	1.0363867282867432
losses_test/task:	1.181571125984192
losses_test/concepts:	15.059481620788574
losses_test/total:	2.687519073486328
calibration_test/ece:	0.0622459352016449
calibration_test/brier:	0.3667224645614624
accuracy_test/task:	74.45633413876423
accuracy_test/concepts:	96.19965362548828
map_test/concepts:	0.9524298640007668

Epoch 178
losses_train/task:	0.5200470089912415
losses_train/concepts:	4.281735897064209
losses_train/total:	0.9482205510139465
losses_test/task:	1.1770188808441162
losses_test/concepts:	14.90013599395752
losses_test/total:	2.667032480239868
calibration_test/ece:	0.06156923994421959
calibration_test/brier:	0.36676836013793945
accuracy_test/task:	74.59440800828443
accuracy_test/concepts:	96.22132873535156
map_test/concepts:	0.9527528450844136

Epoch 179
losses_train/task:	0.5548319816589355
losses_train/concepts:	4.40671443939209
losses_train/total:	0.9955036044120789
losses_test/task:	1.1882364749908447
losses_test/concepts:	15.21088695526123
losses_test/total:	2.709325075149536
calibration_test/ece:	0.06449616700410843
calibration_test/brier:	0.3696037828922272
accuracy_test/task:	74.45633413876423
accuracy_test/concepts:	96.25987243652344
map_test/concepts:	0.952979104315981

Epoch 180
losses_train/task:	0.575857937335968
losses_train/concepts:	4.42126989364624
losses_train/total:	1.0179849863052368
losses_test/task:	1.1714712381362915
losses_test/concepts:	15.173624038696289
losses_test/total:	2.6888339519500732
calibration_test/ece:	0.058319903910160065
calibration_test/brier:	0.363395094871521
accuracy_test/task:	75.02588885053504
accuracy_test/concepts:	96.2459487915039
map_test/concepts:	0.9527928448737936

Epoch 181
losses_train/task:	0.5498476028442383
losses_train/concepts:	4.325305938720703
losses_train/total:	0.9823780655860901
losses_test/task:	1.1779131889343262
losses_test/concepts:	14.809643745422363
losses_test/total:	2.6588780879974365
calibration_test/ece:	0.059496331959962845
calibration_test/brier:	0.3640514612197876
accuracy_test/task:	74.97411114946496
accuracy_test/concepts:	96.24850463867188
map_test/concepts:	0.9528292011707387

Epoch 182
losses_train/task:	0.5225920677185059
losses_train/concepts:	4.2276482582092285
losses_train/total:	0.9453568458557129
losses_test/task:	1.1738409996032715
losses_test/concepts:	14.92719841003418
losses_test/total:	2.6665611267089844
calibration_test/ece:	0.05629855766892433
calibration_test/brier:	0.36103877425193787
accuracy_test/task:	75.3538142906455
accuracy_test/concepts:	96.25695037841797
map_test/concepts:	0.952930971663049

Epoch 183
losses_train/task:	0.5415279269218445
losses_train/concepts:	4.285267353057861
losses_train/total:	0.9700546264648438
losses_test/task:	1.167495608329773
losses_test/concepts:	15.056435585021973
losses_test/total:	2.6731388568878174
calibration_test/ece:	0.06217692047357559
calibration_test/brier:	0.36353498697280884
accuracy_test/task:	75.0776665516051
accuracy_test/concepts:	96.30506134033203
map_test/concepts:	0.9527575475104312

Epoch 184
losses_train/task:	0.5519953966140747
losses_train/concepts:	4.337416648864746
losses_train/total:	0.9857369661331177
losses_test/task:	1.163597583770752
losses_test/concepts:	15.19158935546875
losses_test/total:	2.6827566623687744
calibration_test/ece:	0.05782594531774521
calibration_test/brier:	0.358848512172699
accuracy_test/task:	75.3538142906455
accuracy_test/concepts:	96.33995056152344
map_test/concepts:	0.9531326217854277

Epoch 185
losses_train/task:	0.5458380579948425
losses_train/concepts:	4.256649017333984
losses_train/total:	0.9715030193328857
losses_test/task:	1.1780287027359009
losses_test/concepts:	15.353914260864258
losses_test/total:	2.7134201526641846
calibration_test/ece:	0.06279292702674866
calibration_test/brier:	0.3622751533985138
accuracy_test/task:	75.0776665516051
accuracy_test/concepts:	96.34471893310547
map_test/concepts:	0.95286096917822

Epoch 186
losses_train/task:	0.5464310646057129
losses_train/concepts:	4.399442672729492
losses_train/total:	0.9863751530647278
losses_test/task:	1.170900583267212
losses_test/concepts:	15.363065719604492
losses_test/total:	2.707207202911377
calibration_test/ece:	0.05869458243250847
calibration_test/brier:	0.36003807187080383
accuracy_test/task:	75.44011045909562
accuracy_test/concepts:	96.3047103881836
map_test/concepts:	0.9529674674602265

Epoch 187
losses_train/task:	0.5439019203186035
losses_train/concepts:	4.457738876342773
losses_train/total:	0.9896758198738098
losses_test/task:	1.1634361743927002
losses_test/concepts:	15.375617027282715
losses_test/total:	2.700997829437256
calibration_test/ece:	0.056737855076789856
calibration_test/brier:	0.3591127395629883
accuracy_test/task:	75.56092509492578
accuracy_test/concepts:	96.36161041259766
map_test/concepts:	0.9530170179427938

Epoch 188
losses_train/task:	0.5195441246032715
losses_train/concepts:	4.053133964538574
losses_train/total:	0.924857497215271
losses_test/task:	1.1723101139068604
losses_test/concepts:	15.259761810302734
losses_test/total:	2.698286533355713
calibration_test/ece:	0.0628420040011406
calibration_test/brier:	0.3622397184371948
accuracy_test/task:	74.85329651363479
accuracy_test/concepts:	96.3116683959961
map_test/concepts:	0.9527547308739196

Epoch 189
losses_train/task:	0.5708240866661072
losses_train/concepts:	4.636431694030762
losses_train/total:	1.034467339515686
losses_test/task:	1.163335919380188
losses_test/concepts:	14.915096282958984
losses_test/total:	2.6548454761505127
calibration_test/ece:	0.062084902077913284
calibration_test/brier:	0.360584020614624
accuracy_test/task:	74.93959268208492
accuracy_test/concepts:	96.29771423339844
map_test/concepts:	0.9535350977106297

Epoch 190
losses_train/task:	0.5119409561157227
losses_train/concepts:	4.073558807373047
losses_train/total:	0.9192966818809509
losses_test/task:	1.1865097284317017
losses_test/concepts:	15.217707633972168
losses_test/total:	2.708280086517334
calibration_test/ece:	0.06377824395895004
calibration_test/brier:	0.3657933175563812
accuracy_test/task:	74.62892647566449
accuracy_test/concepts:	96.3031997680664
map_test/concepts:	0.9525370394929926

Epoch 191
losses_train/task:	0.527998685836792
losses_train/concepts:	4.216723442077637
losses_train/total:	0.9496709704399109
losses_test/task:	1.175893783569336
losses_test/concepts:	15.21427059173584
losses_test/total:	2.6973204612731934
calibration_test/ece:	0.0598473958671093
calibration_test/brier:	0.36242443323135376
accuracy_test/task:	75.00862961684501
accuracy_test/concepts:	96.29440307617188
map_test/concepts:	0.9525945275387866

Epoch 192
losses_train/task:	0.5417311787605286
losses_train/concepts:	4.274308204650879
losses_train/total:	0.969162106513977
losses_test/task:	1.1844245195388794
losses_test/concepts:	15.213150024414062
losses_test/total:	2.7057390213012695
calibration_test/ece:	0.06370025873184204
calibration_test/brier:	0.36547043919563293
accuracy_test/task:	74.7842595788747
accuracy_test/concepts:	96.29624938964844
map_test/concepts:	0.9526732196199134

Epoch 193
losses_train/task:	0.5238109230995178
losses_train/concepts:	4.201230525970459
losses_train/total:	0.9439339637756348
losses_test/task:	1.1704256534576416
losses_test/concepts:	14.934080123901367
losses_test/total:	2.6638340950012207
calibration_test/ece:	0.0625191479921341
calibration_test/brier:	0.36290687322616577
accuracy_test/task:	74.97411114946496
accuracy_test/concepts:	96.2727279663086
map_test/concepts:	0.9526027605888692

Epoch 194
losses_train/task:	0.5265470147132874
losses_train/concepts:	4.144956588745117
losses_train/total:	0.9410426616668701
losses_test/task:	1.1665393114089966
losses_test/concepts:	15.023050308227539
losses_test/total:	2.66884446144104
calibration_test/ece:	0.06129883602261543
calibration_test/brier:	0.3630167543888092
accuracy_test/task:	75.04314808422507
accuracy_test/concepts:	96.25364685058594
map_test/concepts:	0.9529821847347503

Epoch 195
losses_train/task:	0.508770763874054
losses_train/concepts:	4.160717010498047
losses_train/total:	0.9248424172401428
losses_test/task:	1.1786980628967285
losses_test/concepts:	15.414604187011719
losses_test/total:	2.720158100128174
calibration_test/ece:	0.06387835741043091
calibration_test/brier:	0.3635488748550415
accuracy_test/task:	75.12944425267519
accuracy_test/concepts:	96.27275085449219
map_test/concepts:	0.9525334809688811

Epoch 196
losses_train/task:	0.5177931189537048
losses_train/concepts:	4.15359354019165
losses_train/total:	0.9331524968147278
losses_test/task:	1.2060600519180298
losses_test/concepts:	15.33636474609375
losses_test/total:	2.7396974563598633
calibration_test/ece:	0.06622964888811111
calibration_test/brier:	0.3710351884365082
accuracy_test/task:	74.38729720400414
accuracy_test/concepts:	96.21544647216797
map_test/concepts:	0.9515810279136009

Epoch 197
losses_train/task:	0.5452141761779785
losses_train/concepts:	4.387091636657715
losses_train/total:	0.9839234352111816
losses_test/task:	1.2108954191207886
losses_test/concepts:	15.388578414916992
losses_test/total:	2.749753475189209
calibration_test/ece:	0.0684867650270462
calibration_test/brier:	0.37458646297454834
accuracy_test/task:	74.23196410079393
accuracy_test/concepts:	96.21179962158203
map_test/concepts:	0.9518211762955848

Epoch 198
losses_train/task:	0.556973934173584
losses_train/concepts:	4.615476131439209
losses_train/total:	1.0185216665267944
losses_test/task:	1.2085700035095215
losses_test/concepts:	15.337045669555664
losses_test/total:	2.7422749996185303
calibration_test/ece:	0.06732669472694397
calibration_test/brier:	0.3710521161556244
accuracy_test/task:	74.52537107352434
accuracy_test/concepts:	96.17762756347656
map_test/concepts:	0.9516319049165604

Epoch 199
losses_train/task:	0.5300019383430481
losses_train/concepts:	4.353731632232666
losses_train/total:	0.9653751254081726
losses_test/task:	1.2012397050857544
losses_test/concepts:	15.084200859069824
losses_test/total:	2.7096598148345947
calibration_test/ece:	0.06681308150291443
calibration_test/brier:	0.3700290024280548
accuracy_test/task:	74.24922333448394
accuracy_test/concepts:	96.18423461914062
map_test/concepts:	0.9521282099662943

Epoch 200
losses_train/task:	0.5394675731658936
losses_train/concepts:	4.422250270843506
losses_train/total:	0.9816925525665283
losses_test/task:	1.1788299083709717
losses_test/concepts:	14.980851173400879
losses_test/total:	2.676914930343628
calibration_train/ece:	0.06332290917634964
calibration_train/brier:	0.13668015599250793
accuracy_train/task:	89.69594594594595
calibration_test/ece:	0.06487340480089188
calibration_test/brier:	0.3618955910205841
accuracy_test/task:	74.61166724197446
accuracy_train/concepts:	97.38310241699219
map_train/concepts:	0.9906734633953014
accuracy_test/concepts:	96.23966979980469
map_test/concepts:	0.952671488548847
accuracy_test/nuisances_task:	0.028942089814406175
accuracy_test/nuisances_nontask:	0.0
mutual_inf_test/nuisances_task:	0.004481882797248711
mutual_inf_test/nuisances_nontask:	0.0

Epoch 201
losses_train/task:	0.5200391411781311
losses_train/concepts:	4.152839660644531
losses_train/total:	0.9353230595588684
losses_test/task:	1.170973539352417
losses_test/concepts:	15.077981948852539
losses_test/total:	2.6787712574005127
calibration_test/ece:	0.05969463288784027
calibration_test/brier:	0.3584137260913849
accuracy_test/task:	75.06040731791508
accuracy_test/concepts:	96.2642822265625
map_test/concepts:	0.9528679733580732

Epoch 202
losses_train/task:	0.5617517232894897
losses_train/concepts:	4.444143772125244
losses_train/total:	1.0061662197113037
losses_test/task:	1.1830343008041382
losses_test/concepts:	15.098909378051758
losses_test/total:	2.692925453186035
calibration_test/ece:	0.06282232701778412
calibration_test/brier:	0.3612503111362457
accuracy_test/task:	75.00862961684501
accuracy_test/concepts:	96.26467895507812
map_test/concepts:	0.9528863759751015

Epoch 203
losses_train/task:	0.5397911071777344
losses_train/concepts:	4.367442607879639
losses_train/total:	0.9765353798866272
losses_test/task:	1.1761430501937866
losses_test/concepts:	15.156502723693848
losses_test/total:	2.6917929649353027
calibration_test/ece:	0.06181355565786362
calibration_test/brier:	0.3603580594062805
accuracy_test/task:	75.00862961684501
accuracy_test/concepts:	96.28519439697266
map_test/concepts:	0.9531298393898822

Epoch 204
losses_train/task:	0.5295426845550537
losses_train/concepts:	4.303566932678223
losses_train/total:	0.9598994255065918
losses_test/task:	1.180728554725647
losses_test/concepts:	14.986222267150879
losses_test/total:	2.6793510913848877
calibration_test/ece:	0.06328444182872772
calibration_test/brier:	0.36074915528297424
accuracy_test/task:	74.69796341042458
accuracy_test/concepts:	96.26283264160156
map_test/concepts:	0.953094926286251

Epoch 205
losses_train/task:	0.50202476978302
losses_train/concepts:	4.142235279083252
losses_train/total:	0.9162481427192688
losses_test/task:	1.1767020225524902
losses_test/concepts:	15.026135444641113
losses_test/total:	2.6793153285980225
calibration_test/ece:	0.05942497402429581
calibration_test/brier:	0.35901468992233276
accuracy_test/task:	75.19848118743528
accuracy_test/concepts:	96.28337860107422
map_test/concepts:	0.953395426273346

Epoch 206
losses_train/task:	0.5086157917976379
losses_train/concepts:	3.9396040439605713
losses_train/total:	0.9025762677192688
losses_test/task:	1.17885422706604
losses_test/concepts:	14.827350616455078
losses_test/total:	2.6615889072418213
calibration_test/ece:	0.0595526322722435
calibration_test/brier:	0.36045053601264954
accuracy_test/task:	75.25025888850536
accuracy_test/concepts:	96.25619506835938
map_test/concepts:	0.9535053740156457

Epoch 207
losses_train/task:	0.5027539730072021
losses_train/concepts:	4.033841609954834
losses_train/total:	0.9061382412910461
losses_test/task:	1.1799821853637695
losses_test/concepts:	14.974676132202148
losses_test/total:	2.6774494647979736
calibration_test/ece:	0.06282893568277359
calibration_test/brier:	0.3611798882484436
accuracy_test/task:	74.99137038315499
accuracy_test/concepts:	96.28008270263672
map_test/concepts:	0.9531591572660081

Epoch 208
losses_train/task:	0.531819760799408
losses_train/concepts:	4.365691184997559
losses_train/total:	0.968389093875885
losses_test/task:	1.172784447669983
losses_test/concepts:	14.933979034423828
losses_test/total:	2.666182279586792
calibration_test/ece:	0.06019389629364014
calibration_test/brier:	0.35823628306388855
accuracy_test/task:	75.0776665516051
accuracy_test/concepts:	96.28853607177734
map_test/concepts:	0.9533674856449695

Epoch 209
losses_train/task:	0.5250769853591919
losses_train/concepts:	4.216588497161865
losses_train/total:	0.9467359185218811
losses_test/task:	1.1745623350143433
losses_test/concepts:	15.1846342086792
losses_test/total:	2.693026304244995
calibration_test/ece:	0.05878206342458725
calibration_test/brier:	0.35760390758514404
accuracy_test/task:	75.3538142906455
accuracy_test/concepts:	96.30210876464844
map_test/concepts:	0.9531600855766459

Epoch 210
losses_train/task:	0.518886387348175
losses_train/concepts:	4.166286468505859
losses_train/total:	0.9355150461196899
losses_test/task:	1.1915818452835083
losses_test/concepts:	15.117897987365723
losses_test/total:	2.703371286392212
calibration_test/ece:	0.061102017760276794
calibration_test/brier:	0.3617999255657196
accuracy_test/task:	75.00862961684501
accuracy_test/concepts:	96.25950622558594
map_test/concepts:	0.952981634342924

Epoch 211
losses_train/task:	0.4920095205307007
losses_train/concepts:	4.038938522338867
losses_train/total:	0.8959033489227295
losses_test/task:	1.1794191598892212
losses_test/concepts:	14.949516296386719
losses_test/total:	2.6743712425231934
calibration_test/ece:	0.06251440942287445
calibration_test/brier:	0.36017540097236633
accuracy_test/task:	74.90507421470487
accuracy_test/concepts:	96.267578125
map_test/concepts:	0.9530585217983165

Epoch 212
losses_train/task:	0.5407336354255676
losses_train/concepts:	4.273495674133301
losses_train/total:	0.9680830836296082
losses_test/task:	1.1840622425079346
losses_test/concepts:	15.438024520874023
losses_test/total:	2.7278645038604736
calibration_test/ece:	0.06300182640552521
calibration_test/brier:	0.36269769072532654
accuracy_test/task:	74.85329651363479
accuracy_test/concepts:	96.31239318847656
map_test/concepts:	0.953072337394065

Epoch 213
losses_train/task:	0.5014487504959106
losses_train/concepts:	3.899583339691162
losses_train/total:	0.8914070129394531
losses_test/task:	1.181731939315796
losses_test/concepts:	15.077451705932617
losses_test/total:	2.6894774436950684
calibration_test/ece:	0.06205645203590393
calibration_test/brier:	0.3608534634113312
accuracy_test/task:	74.97411114946496
accuracy_test/concepts:	96.2958755493164
map_test/concepts:	0.9531881809234619

Epoch 214
losses_train/task:	0.4986122250556946
losses_train/concepts:	3.9536397457122803
losses_train/total:	0.8939761519432068
losses_test/task:	1.1836146116256714
losses_test/concepts:	15.416717529296875
losses_test/total:	2.7252860069274902
calibration_test/ece:	0.062403760850429535
calibration_test/brier:	0.36238783597946167
accuracy_test/task:	74.88781498101484
accuracy_test/concepts:	96.30359649658203
map_test/concepts:	0.9526488096156018

Epoch 215
losses_train/task:	0.5257218480110168
losses_train/concepts:	4.235573768615723
losses_train/total:	0.9492790699005127
losses_test/task:	1.1826778650283813
losses_test/concepts:	15.30604076385498
losses_test/total:	2.713282823562622
calibration_test/ece:	0.0612533874809742
calibration_test/brier:	0.36203160881996155
accuracy_test/task:	74.99137038315499
accuracy_test/concepts:	96.2977294921875
map_test/concepts:	0.9527389660794684

Epoch 216
losses_train/task:	0.5102390646934509
losses_train/concepts:	4.008279323577881
losses_train/total:	0.9110669493675232
losses_test/task:	1.177404522895813
losses_test/concepts:	15.106518745422363
losses_test/total:	2.688056230545044
calibration_test/ece:	0.06272178143262863
calibration_test/brier:	0.3617563247680664
accuracy_test/task:	74.81877804625475
accuracy_test/concepts:	96.29440307617188
map_test/concepts:	0.9528906725822611

Epoch 217
losses_train/task:	0.5224308371543884
losses_train/concepts:	4.166531562805176
losses_train/total:	0.9390841722488403
losses_test/task:	1.1696640253067017
losses_test/concepts:	15.244895935058594
losses_test/total:	2.694153308868408
calibration_test/ece:	0.060252513736486435
calibration_test/brier:	0.35809093713760376
accuracy_test/task:	75.18122195374525
accuracy_test/concepts:	96.29475402832031
map_test/concepts:	0.9530541820729033

Epoch 218
losses_train/task:	0.5469432473182678
losses_train/concepts:	4.439699172973633
losses_train/total:	0.9909133315086365
losses_test/task:	1.1768224239349365
losses_test/concepts:	14.946895599365234
losses_test/total:	2.6715118885040283
calibration_test/ece:	0.061349835246801376
calibration_test/brier:	0.36120665073394775
accuracy_test/task:	74.99137038315499
accuracy_test/concepts:	96.27201080322266
map_test/concepts:	0.9530734521277408

Epoch 219
losses_train/task:	0.510341465473175
losses_train/concepts:	4.001467227935791
losses_train/total:	0.9104882478713989
losses_test/task:	1.1721512079238892
losses_test/concepts:	15.1865873336792
losses_test/total:	2.690809488296509
calibration_test/ece:	0.059953249990940094
calibration_test/brier:	0.3587636351585388
accuracy_test/task:	75.40559199171557
accuracy_test/concepts:	96.31681060791016
map_test/concepts:	0.9531841227348815

Epoch 220
losses_train/task:	0.49312278628349304
losses_train/concepts:	3.9612233638763428
losses_train/total:	0.8892452120780945
losses_test/task:	1.1657568216323853
losses_test/concepts:	14.904285430908203
losses_test/total:	2.6561853885650635
calibration_test/ece:	0.05837368220090866
calibration_test/brier:	0.3573649823665619
accuracy_test/task:	75.37107352433551
accuracy_test/concepts:	96.29222106933594
map_test/concepts:	0.9533043199397148

Epoch 221
losses_train/task:	0.5163362622261047
losses_train/concepts:	4.181591987609863
losses_train/total:	0.9344952702522278
losses_test/task:	1.1838128566741943
losses_test/concepts:	15.558012008666992
losses_test/total:	2.739614248275757
calibration_test/ece:	0.061327580362558365
calibration_test/brier:	0.36040234565734863
accuracy_test/task:	75.14670348636521
accuracy_test/concepts:	96.34251403808594
map_test/concepts:	0.9528254448099339

Epoch 222
losses_train/task:	0.4908072054386139
losses_train/concepts:	3.893556833267212
losses_train/total:	0.8801628351211548
losses_test/task:	1.1733187437057495
losses_test/concepts:	14.877158164978027
losses_test/total:	2.66103458404541
calibration_test/ece:	0.06061708554625511
calibration_test/brier:	0.3586460053920746
accuracy_test/task:	75.12944425267519
accuracy_test/concepts:	96.3101806640625
map_test/concepts:	0.9530493071738709

Epoch 223
losses_train/task:	0.4650596082210541
losses_train/concepts:	3.714306116104126
losses_train/total:	0.8364902138710022
losses_test/task:	1.171581506729126
losses_test/concepts:	15.073281288146973
losses_test/total:	2.6789097785949707
calibration_test/ece:	0.06037428602576256
calibration_test/brier:	0.35872650146484375
accuracy_test/task:	75.3538142906455
accuracy_test/concepts:	96.3171615600586
map_test/concepts:	0.953073633478043

Epoch 224
losses_train/task:	0.5004748106002808
losses_train/concepts:	3.9609577655792236
losses_train/total:	0.8965705633163452
losses_test/task:	1.1848502159118652
losses_test/concepts:	15.276562690734863
losses_test/total:	2.7125067710876465
calibration_test/ece:	0.06105641648173332
calibration_test/brier:	0.3613704442977905
accuracy_test/task:	75.09492578529513
accuracy_test/concepts:	96.3043212890625
map_test/concepts:	0.9528924898898348

Epoch 225
losses_train/task:	0.5265438556671143
losses_train/concepts:	4.188266754150391
losses_train/total:	0.9453705549240112
losses_test/task:	1.181079626083374
losses_test/concepts:	15.2921142578125
losses_test/total:	2.7102911472320557
calibration_test/ece:	0.06144498288631439
calibration_test/brier:	0.3608423173427582
accuracy_test/task:	75.18122195374525
accuracy_test/concepts:	96.3057861328125
map_test/concepts:	0.9529515593609912

Epoch 226
losses_train/task:	0.5094946622848511
losses_train/concepts:	4.048614501953125
losses_train/total:	0.9143561720848083
losses_test/task:	1.1810276508331299
losses_test/concepts:	15.311660766601562
losses_test/total:	2.712193489074707
calibration_test/ece:	0.06318294256925583
calibration_test/brier:	0.3605360686779022
accuracy_test/task:	74.93959268208492
accuracy_test/concepts:	96.31643676757812
map_test/concepts:	0.9528348826347514

Epoch 227
losses_train/task:	0.5480872988700867
losses_train/concepts:	4.247175216674805
losses_train/total:	0.9728049635887146
losses_test/task:	1.1824815273284912
losses_test/concepts:	15.251420021057129
losses_test/total:	2.7076234817504883
calibration_test/ece:	0.06320179998874664
calibration_test/brier:	0.36300158500671387
accuracy_test/task:	74.90507421470487
accuracy_test/concepts:	96.28301239013672
map_test/concepts:	0.9529014597547815

Epoch 228
losses_train/task:	0.5287585258483887
losses_train/concepts:	4.147690296173096
losses_train/total:	0.9435276389122009
losses_test/task:	1.1769615411758423
losses_test/concepts:	15.451459884643555
losses_test/total:	2.7221076488494873
calibration_test/ece:	0.06197013705968857
calibration_test/brier:	0.36034759879112244
accuracy_test/task:	75.09492578529513
accuracy_test/concepts:	96.3465576171875
map_test/concepts:	0.9528965277874724

Epoch 229
losses_train/task:	0.5198283791542053
losses_train/concepts:	4.175710201263428
losses_train/total:	0.9373996257781982
losses_test/task:	1.1785138845443726
losses_test/concepts:	15.27841567993164
losses_test/total:	2.706355094909668
calibration_test/ece:	0.062288835644721985
calibration_test/brier:	0.3607618510723114
accuracy_test/task:	75.0776665516051
accuracy_test/concepts:	96.31350708007812
map_test/concepts:	0.9530472032567288

Epoch 230
losses_train/task:	0.5483457446098328
losses_train/concepts:	4.3996381759643555
losses_train/total:	0.9883096218109131
losses_test/task:	1.1828484535217285
losses_test/concepts:	15.289260864257812
losses_test/total:	2.7117745876312256
calibration_test/ece:	0.06181732937693596
calibration_test/brier:	0.3613678216934204
accuracy_test/task:	75.09492578529513
accuracy_test/concepts:	96.28742218017578
map_test/concepts:	0.9527968206304185

Epoch 231
losses_train/task:	0.5642706751823425
losses_train/concepts:	4.562248229980469
losses_train/total:	1.0204955339431763
losses_test/task:	1.1705905199050903
losses_test/concepts:	15.29491138458252
losses_test/total:	2.7000815868377686
calibration_test/ece:	0.06100556626915932
calibration_test/brier:	0.3587084710597992
accuracy_test/task:	75.18122195374525
accuracy_test/concepts:	96.33186340332031
map_test/concepts:	0.9532433672154204

Epoch 232
losses_train/task:	0.4885106682777405
losses_train/concepts:	4.022701740264893
losses_train/total:	0.8907809853553772
losses_test/task:	1.1739991903305054
losses_test/concepts:	15.14931583404541
losses_test/total:	2.688931465148926
calibration_test/ece:	0.05983566492795944
calibration_test/brier:	0.3595868647098541
accuracy_test/task:	75.18122195374525
accuracy_test/concepts:	96.31828308105469
map_test/concepts:	0.9529926003293788

Epoch 233
losses_train/task:	0.5244486927986145
losses_train/concepts:	4.170078277587891
losses_train/total:	0.9414567947387695
losses_test/task:	1.1776561737060547
losses_test/concepts:	15.55459213256836
losses_test/total:	2.7331154346466064
calibration_test/ece:	0.061232056468725204
calibration_test/brier:	0.360377699136734
accuracy_test/task:	75.19848118743528
accuracy_test/concepts:	96.32671356201172
map_test/concepts:	0.9527695521395257

Epoch 234
losses_train/task:	0.5285839438438416
losses_train/concepts:	4.2762956619262695
losses_train/total:	0.9562134742736816
losses_test/task:	1.1843303442001343
losses_test/concepts:	15.445870399475098
losses_test/total:	2.7289180755615234
calibration_test/ece:	0.06076466292142868
calibration_test/brier:	0.3622157871723175
accuracy_test/task:	75.19848118743528
accuracy_test/concepts:	96.30799102783203
map_test/concepts:	0.9526467614985527

Epoch 235
losses_train/task:	0.48838797211647034
losses_train/concepts:	3.962646245956421
losses_train/total:	0.8846525549888611
losses_test/task:	1.1778180599212646
losses_test/concepts:	15.065704345703125
losses_test/total:	2.6843886375427246
calibration_test/ece:	0.06087085232138634
calibration_test/brier:	0.3610999584197998
accuracy_test/task:	75.18122195374525
accuracy_test/concepts:	96.27861022949219
map_test/concepts:	0.953143410226132

Epoch 236
losses_train/task:	0.47044554352760315
losses_train/concepts:	3.6792941093444824
losses_train/total:	0.8383749723434448
losses_test/task:	1.1752464771270752
losses_test/concepts:	15.365888595581055
losses_test/total:	2.7118358612060547
calibration_test/ece:	0.0594765841960907
calibration_test/brier:	0.358171284198761
accuracy_test/task:	75.26751812219537
accuracy_test/concepts:	96.32562255859375
map_test/concepts:	0.9529799603401347

Epoch 237
losses_train/task:	0.5070309042930603
losses_train/concepts:	3.946366310119629
losses_train/total:	0.9016675353050232
losses_test/task:	1.1829334497451782
losses_test/concepts:	15.184891700744629
losses_test/total:	2.701422929763794
calibration_test/ece:	0.060990720987319946
calibration_test/brier:	0.3615912199020386
accuracy_test/task:	75.19848118743528
accuracy_test/concepts:	96.30433654785156
map_test/concepts:	0.9528931988046524

Epoch 238
losses_train/task:	0.5045798420906067
losses_train/concepts:	4.082454681396484
losses_train/total:	0.912825345993042
losses_test/task:	1.1753188371658325
losses_test/concepts:	15.266278266906738
losses_test/total:	2.701946496963501
calibration_test/ece:	0.05908067896962166
calibration_test/brier:	0.36000916361808777
accuracy_test/task:	75.40559199171557
accuracy_test/concepts:	96.30431365966797
map_test/concepts:	0.9526324817474853

Epoch 239
losses_train/task:	0.49612659215927124
losses_train/concepts:	3.9995789527893066
losses_train/total:	0.8960844874382019
losses_test/task:	1.1775280237197876
losses_test/concepts:	15.419116973876953
losses_test/total:	2.7194395065307617
calibration_test/ece:	0.06299695372581482
calibration_test/brier:	0.3605233430862427
accuracy_test/task:	75.11218501898516
accuracy_test/concepts:	96.32926940917969
map_test/concepts:	0.9528851192048255

Epoch 240
losses_train/task:	0.5207493901252747
losses_train/concepts:	4.119204044342041
losses_train/total:	0.9326696991920471
losses_test/task:	1.1840887069702148
losses_test/concepts:	15.50894546508789
losses_test/total:	2.7349836826324463
calibration_test/ece:	0.06271153688430786
calibration_test/brier:	0.36255329847335815
accuracy_test/task:	75.14670348636521
accuracy_test/concepts:	96.30653381347656
map_test/concepts:	0.952458234543496

Epoch 241
losses_train/task:	0.5222555994987488
losses_train/concepts:	4.1667890548706055
losses_train/total:	0.9389345645904541
losses_test/task:	1.184464931488037
losses_test/concepts:	15.41643238067627
losses_test/total:	2.7261083126068115
calibration_test/ece:	0.060844775289297104
calibration_test/brier:	0.3624390959739685
accuracy_test/task:	75.12944425267519
accuracy_test/concepts:	96.30248260498047
map_test/concepts:	0.9527738867922032

Epoch 242
losses_train/task:	0.49473294615745544
losses_train/concepts:	3.9907593727111816
losses_train/total:	0.8938088417053223
losses_test/task:	1.1897096633911133
losses_test/concepts:	15.444331169128418
losses_test/total:	2.734143018722534
calibration_test/ece:	0.06098546087741852
calibration_test/brier:	0.36271795630455017
accuracy_test/task:	75.16396272005522
accuracy_test/concepts:	96.29695892333984
map_test/concepts:	0.9526727516600426

Epoch 243
losses_train/task:	0.49529340863227844
losses_train/concepts:	3.947537422180176
losses_train/total:	0.890047013759613
losses_test/task:	1.1720184087753296
losses_test/concepts:	15.24824047088623
losses_test/total:	2.6968421936035156
calibration_test/ece:	0.059190742671489716
calibration_test/brier:	0.35816600918769836
accuracy_test/task:	75.37107352433551
accuracy_test/concepts:	96.32232666015625
map_test/concepts:	0.9534055362356469

Epoch 244
losses_train/task:	0.507432758808136
losses_train/concepts:	4.085262298583984
losses_train/total:	0.9159589409828186
losses_test/task:	1.1708555221557617
losses_test/concepts:	15.282267570495605
losses_test/total:	2.699082136154175
calibration_test/ece:	0.05983607470989227
calibration_test/brier:	0.3605766296386719
accuracy_test/task:	75.26751812219537
accuracy_test/concepts:	96.3116455078125
map_test/concepts:	0.9529525536171933

Epoch 245
losses_train/task:	0.48527708649635315
losses_train/concepts:	3.884634256362915
losses_train/total:	0.8737403750419617
losses_test/task:	1.1871204376220703
losses_test/concepts:	15.178229331970215
losses_test/total:	2.7049434185028076
calibration_test/ece:	0.06077728420495987
calibration_test/brier:	0.3620826303958893
accuracy_test/task:	75.0776665516051
accuracy_test/concepts:	96.27275085449219
map_test/concepts:	0.9528342333245785

Epoch 246
losses_train/task:	0.5099193453788757
losses_train/concepts:	3.9897990226745605
losses_train/total:	0.9088993072509766
losses_test/task:	1.1818259954452515
losses_test/concepts:	15.434803009033203
losses_test/total:	2.725306272506714
calibration_test/ece:	0.0588565394282341
calibration_test/brier:	0.35990267992019653
accuracy_test/task:	75.33655505695548
accuracy_test/concepts:	96.31793212890625
map_test/concepts:	0.9526447171860553

Epoch 247
losses_train/task:	0.4987773597240448
losses_train/concepts:	4.068521976470947
losses_train/total:	0.9056294560432434
losses_test/task:	1.18359375
losses_test/concepts:	15.285919189453125
losses_test/total:	2.712186098098755
calibration_test/ece:	0.06171026453375816
calibration_test/brier:	0.36149629950523376
accuracy_test/task:	75.06040731791508
accuracy_test/concepts:	96.30982971191406
map_test/concepts:	0.9528533702201032

Epoch 248
losses_train/task:	0.5226397514343262
losses_train/concepts:	4.106588363647461
losses_train/total:	0.9332985877990723
losses_test/task:	1.1815959215164185
losses_test/concepts:	15.204459190368652
losses_test/total:	2.7020418643951416
calibration_test/ece:	0.06389431655406952
calibration_test/brier:	0.3634108901023865
accuracy_test/task:	74.95685191577493
accuracy_test/concepts:	96.29183959960938
map_test/concepts:	0.9528487743215358

Epoch 249
losses_train/task:	0.5030962824821472
losses_train/concepts:	4.034728527069092
losses_train/total:	0.906569242477417
losses_test/task:	1.1902220249176025
losses_test/concepts:	15.562862396240234
losses_test/total:	2.7465083599090576
calibration_test/ece:	0.06412507593631744
calibration_test/brier:	0.3629925847053528
accuracy_test/task:	74.97411114946496
accuracy_test/concepts:	96.30138397216797
map_test/concepts:	0.9525642547201603

Epoch 250
losses_train/task:	0.4952179789543152
losses_train/concepts:	3.928791046142578
losses_train/total:	0.8880971074104309
losses_test/task:	1.191028118133545
losses_test/concepts:	15.56313705444336
losses_test/total:	2.7473411560058594
calibration_train/ece:	0.06529779732227325
calibration_train/brier:	0.12675140798091888
accuracy_train/task:	90.37162162162163
calibration_test/ece:	0.06494998931884766
calibration_test/brier:	0.36317548155784607
accuracy_test/task:	74.68070417673455
accuracy_train/concepts:	97.5789794921875
map_train/concepts:	0.9915004651597206
accuracy_test/concepts:	96.3076171875
map_test/concepts:	0.9526180358643227
accuracy_test/nuisances_task:	0.030004061185396634
accuracy_test/nuisances_nontask:	0.0
mutual_inf_test/nuisances_task:	0.004050301559651426
mutual_inf_test/nuisances_nontask:	0.0

epoch_250.pt
groups=0 err_lowconf=25.319 err_random=25.319
groups=1 err_lowconf=24.025 err_random=24.025
groups=2 err_lowconf=23.041 err_random=23.041
groups=3 err_lowconf=22.575 err_random=22.575
groups=4 err_lowconf=20.521 err_random=20.521
groups=5 err_lowconf=20.159 err_random=20.159
groups=6 err_lowconf=19.865 err_random=19.865
groups=7 err_lowconf=19.434 err_random=19.434
groups=8 err_lowconf=17.604 err_random=17.604
groups=9 err_lowconf=15.154 err_random=15.154
groups=10 err_lowconf=14.101 err_random=14.101
groups=11 err_lowconf=14.342 err_random=14.342
groups=12 err_lowconf=13.548 err_random=13.548
[1;34mwandb[0m:
[1;34mwandb[0m: You can sync this run to the cloud by running:
[1;34mwandb[0m: [1mwandb sync /research/hal-afsharim/minimal_cbm/results/cub12-arhcbm/42/wandb/offline-run-20260726_031028-ra7w2398[0m
[1;34mwandb[0m: Find logs at: [1;35mresults/cub12-arhcbm/42/wandb/offline-run-20260726_031028-ra7w2398/logs[0m
