
===== launch 2026-07-29 00:54:07.738137 gpu4 =====
wandb: Using wandb-core as the SDK backend.  Please refer to https://wandb.me/wandb-core for more information.
wandb: Tracking run with wandb version 0.19.0
wandb: W&B syncing is set to `offline` in this directory.  
wandb: Run `wandb online` or set WANDB_MODE=online to enable cloud syncing.
/research/hal-afsharim/miniconda3/envs/mcbm/lib/python3.10/site-packages/torchvision/models/_utils.py:208: UserWarning: The parameter 'pretrained' is deprecated since 0.13 and will be removed in 0.15, please use 'weights' instead.
  warnings.warn(
/research/hal-afsharim/miniconda3/envs/mcbm/lib/python3.10/site-packages/torchvision/models/_utils.py:223: UserWarning: Arguments other than a weight enum or `None` for 'weights' are deprecated since 0.13 and will be removed in 0.15. The current behavior is equivalent to passing `weights=Inception_V3_Weights.IMAGENET1K_V1`. You can also use `weights=Inception_V3_Weights.DEFAULT` to get the most up-to-date weights.
  warnings.warn(msg)
Epoch 1
losses_train/task:	5.353208065032959
losses_train/concepts:	79.1856689453125
losses_train/representations:	54.715904235839844
losses_train/total:	29.686546325683594
losses_test/task:	5.203405857086182
losses_test/concepts:	68.24479675292969
losses_test/representations:	48.9595832824707
losses_test/total:	26.71575927734375
calibration_test/ece:	0.003874080255627632
calibration_test/brier:	0.9939793944358826
accuracy_test/task:	1.3979979288919573
accuracy_test/concepts:	55.488441467285156
map_test/concepts:	0.27305539365519177

Epoch 2
losses_train/task:	4.8656158447265625
losses_train/concepts:	64.89112854003906
losses_train/representations:	41.667137145996094
losses_train/total:	23.854869842529297
losses_test/task:	4.741369724273682
losses_test/concepts:	62.834957122802734
losses_test/representations:	46.24570083618164
losses_test/total:	24.898571014404297
calibration_test/ece:	0.0029410850256681442
calibration_test/brier:	0.9866172671318054
accuracy_test/task:	2.6061442871936484
accuracy_test/concepts:	61.14131164550781
map_test/concepts:	0.3872037959369746

Epoch 3
losses_train/task:	4.420153617858887
losses_train/concepts:	59.54172897338867
losses_train/representations:	39.690155029296875
losses_train/total:	22.2813720703125
losses_test/task:	4.741858005523682
losses_test/concepts:	61.149658203125
losses_test/representations:	51.368408203125
losses_test/total:	26.267345428466797
calibration_test/ece:	0.036935921758413315
calibration_test/brier:	0.9887797236442566
accuracy_test/task:	3.2447359337245425
accuracy_test/concepts:	63.5632438659668
map_test/concepts:	0.4264454271305691

Epoch 4
losses_train/task:	4.1536478996276855
losses_train/concepts:	56.22651672363281
losses_train/representations:	38.62153244018555
losses_train/total:	21.362760543823242
losses_test/task:	4.328988075256348
losses_test/concepts:	56.261051177978516
losses_test/representations:	41.896446228027344
losses_test/total:	22.52402687072754
calibration_test/ece:	0.014126148074865341
calibration_test/brier:	0.9751056432723999
accuracy_test/task:	6.5585088022091815
accuracy_test/concepts:	65.1467056274414
map_test/concepts:	0.5317564591765404

Epoch 5
losses_train/task:	3.9911062717437744
losses_train/concepts:	53.984893798828125
losses_train/representations:	37.75676345825195
losses_train/total:	20.71662712097168
losses_test/task:	4.077332496643066
losses_test/concepts:	53.58786392211914
losses_test/representations:	41.11946105957031
losses_test/total:	21.77195930480957
calibration_test/ece:	0.013068069703876972
calibration_test/brier:	0.9675691723823547
accuracy_test/task:	6.489471867449085
accuracy_test/concepts:	67.02732849121094
map_test/concepts:	0.5287202660333027

Epoch 6
losses_train/task:	3.763702392578125
losses_train/concepts:	52.00838088989258
losses_train/representations:	36.402557373046875
losses_train/total:	19.885311126708984
losses_test/task:	3.8080127239227295
losses_test/concepts:	52.300193786621094
losses_test/representations:	39.97672653198242
losses_test/total:	21.031049728393555
calibration_test/ece:	0.05616889148950577
calibration_test/brier:	0.9674997329711914
accuracy_test/task:	10.717984121505005
accuracy_test/concepts:	70.0963363647461
map_test/concepts:	0.5734401196241379

Epoch 7
losses_train/task:	3.537693500518799
losses_train/concepts:	50.241031646728516
losses_train/representations:	34.72621536254883
losses_train/total:	18.979660034179688
losses_test/task:	3.967186450958252
losses_test/concepts:	52.35865783691406
losses_test/representations:	41.66079330444336
losses_test/total:	21.7012882232666
calibration_test/ece:	0.02654530480504036
calibration_test/brier:	0.9586268067359924
accuracy_test/task:	9.751467034863651
accuracy_test/concepts:	69.82645416259766
map_test/concepts:	0.572276696427302

Epoch 8
losses_train/task:	3.41103196144104
losses_train/concepts:	48.845359802246094
losses_train/representations:	33.783206939697266
losses_train/total:	18.430530548095703
losses_test/task:	2.9528067111968994
losses_test/concepts:	43.95235061645508
losses_test/representations:	31.87656021118164
losses_test/total:	16.911012649536133
calibration_test/ece:	0.02451852709054947
calibration_test/brier:	0.8868479132652283
accuracy_test/task:	20.72833966171902
accuracy_test/concepts:	73.66522979736328
map_test/concepts:	0.6947107986970381

Epoch 9
losses_train/task:	3.2790281772613525
losses_train/concepts:	47.305206298828125
losses_train/representations:	32.963478088378906
losses_train/total:	17.89859390258789
losses_test/task:	3.895350694656372
losses_test/concepts:	50.244449615478516
losses_test/representations:	41.166229248046875
losses_test/total:	21.26966667175293
calibration_test/ece:	0.07948173582553864
calibration_test/brier:	0.9519185423851013
accuracy_test/task:	13.859164653089403
accuracy_test/concepts:	71.85206604003906
map_test/concepts:	0.6050531709736043

Epoch 10
losses_train/task:	3.1458723545074463
losses_train/concepts:	46.135807037353516
losses_train/representations:	31.90505599975586
losses_train/total:	17.330968856811523
losses_test/task:	3.0090129375457764
losses_test/concepts:	43.1004638671875
losses_test/representations:	32.46546936035156
losses_test/total:	17.058696746826172
calibration_test/ece:	0.03142795339226723
calibration_test/brier:	0.879156231880188
accuracy_test/task:	22.281670693821194
accuracy_test/concepts:	74.59629821777344
map_test/concepts:	0.6904238429936496

Epoch 11
losses_train/task:	2.982778310775757
losses_train/concepts:	44.687171936035156
losses_train/representations:	30.74259376525879
losses_train/total:	16.67427635192871
losses_test/task:	2.922429084777832
losses_test/concepts:	42.74943161010742
losses_test/representations:	32.92267608642578
losses_test/total:	17.07417869567871
calibration_test/ece:	0.02515660785138607
calibration_test/brier:	0.8632165193557739
accuracy_test/task:	25.371073524335518
accuracy_test/concepts:	75.77713775634766
map_test/concepts:	0.6929051678289067

Epoch 12
losses_train/task:	2.8530642986297607
losses_train/concepts:	43.5454216003418
losses_train/representations:	29.903730392456055
losses_train/total:	16.17872428894043
losses_test/task:	2.910287380218506
losses_test/concepts:	40.96161651611328
losses_test/representations:	31.894073486328125
losses_test/total:	16.57467269897461
calibration_test/ece:	0.049089714884757996
calibration_test/brier:	0.8572735786437988
accuracy_test/task:	25.025888850535036
accuracy_test/concepts:	75.74512481689453
map_test/concepts:	0.7303817411715334

Epoch 13
losses_train/task:	2.80422043800354
losses_train/concepts:	42.58794403076172
losses_train/representations:	29.183366775512695
losses_train/total:	15.818024635314941
losses_test/task:	2.5969150066375732
losses_test/concepts:	38.69007110595703
losses_test/representations:	29.552480697631836
losses_test/total:	15.331668853759766
calibration_test/ece:	0.02505301497876644
calibration_test/brier:	0.8121677041053772
accuracy_test/task:	31.54987918536417
accuracy_test/concepts:	79.41036987304688
map_test/concepts:	0.741051322221756

Epoch 14
losses_train/task:	2.6917965412139893
losses_train/concepts:	41.53605651855469
losses_train/representations:	28.56056022644043
losses_train/total:	15.413569450378418
losses_test/task:	2.6499176025390625
losses_test/concepts:	39.29958724975586
losses_test/representations:	29.26995849609375
losses_test/total:	15.360865592956543
calibration_test/ece:	0.01965000294148922
calibration_test/brier:	0.8067371845245361
accuracy_test/task:	31.54987918536417
accuracy_test/concepts:	79.40095520019531
map_test/concepts:	0.743645627322522

Epoch 15
losses_train/task:	2.5558881759643555
losses_train/concepts:	40.069793701171875
losses_train/representations:	27.300947189331055
losses_train/total:	14.753152847290039
losses_test/task:	2.378436803817749
losses_test/concepts:	35.8494758605957
losses_test/representations:	27.31150245666504
losses_test/total:	14.15683364868164
calibration_test/ece:	0.025661565363407135
calibration_test/brier:	0.7759620547294617
accuracy_test/task:	34.51846738004833
accuracy_test/concepts:	81.32394409179688
map_test/concepts:	0.7685893049294298

Epoch 16
losses_train/task:	2.5165584087371826
losses_train/concepts:	39.369384765625
losses_train/representations:	26.900352478027344
losses_train/total:	14.523601531982422
losses_test/task:	2.402160167694092
losses_test/concepts:	36.6349983215332
losses_test/representations:	27.682262420654297
losses_test/total:	14.37033748626709
calibration_test/ece:	0.016478747129440308
calibration_test/brier:	0.765099287033081
accuracy_test/task:	35.536762167759754
accuracy_test/concepts:	81.8009262084961
map_test/concepts:	0.7683811044828458

Epoch 17
losses_train/task:	2.43788480758667
losses_train/concepts:	38.33080291748047
losses_train/representations:	25.813615798950195
losses_train/total:	14.015049934387207
losses_test/task:	2.5159828662872314
losses_test/concepts:	38.58732223510742
losses_test/representations:	28.3605899810791
losses_test/total:	14.882893562316895
calibration_test/ece:	0.022735795006155968
calibration_test/brier:	0.778924286365509
accuracy_test/task:	33.62098722816707
accuracy_test/concepts:	81.69329833984375
map_test/concepts:	0.7617905011231249

Epoch 18
losses_train/task:	2.3204638957977295
losses_train/concepts:	37.12264633178711
losses_train/representations:	24.9422550201416
losses_train/total:	13.51540470123291
losses_test/task:	2.315593957901001
losses_test/concepts:	34.60409164428711
losses_test/representations:	25.881826400756836
losses_test/total:	13.540555000305176
calibration_test/ece:	0.02044122852385044
calibration_test/brier:	0.7451817989349365
accuracy_test/task:	37.48705557473248
accuracy_test/concepts:	85.23802185058594
map_test/concepts:	0.7849324126135219

Epoch 19
losses_train/task:	2.2953481674194336
losses_train/concepts:	36.6927375793457
losses_train/representations:	24.80899429321289
losses_train/total:	13.407319068908691
losses_test/task:	2.233236312866211
losses_test/concepts:	33.41409683227539
losses_test/representations:	25.706472396850586
losses_test/total:	13.286590576171875
calibration_test/ece:	0.03486010804772377
calibration_test/brier:	0.7357056140899658
accuracy_test/task:	39.38557128063514
accuracy_test/concepts:	87.37345886230469
map_test/concepts:	0.7892622648314996

Epoch 20
losses_train/task:	2.260577440261841
losses_train/concepts:	35.98521423339844
losses_train/representations:	24.207534790039062
losses_train/total:	13.121359825134277
losses_test/task:	2.2869327068328857
losses_test/concepts:	34.17316436767578
losses_test/representations:	26.58033561706543
losses_test/total:	13.678353309631348
calibration_test/ece:	0.04723765701055527
calibration_test/brier:	0.7382411956787109
accuracy_test/task:	37.866758715913015
accuracy_test/concepts:	87.58403015136719
map_test/concepts:	0.7887049616737799

Epoch 21
losses_train/task:	2.156724691390991
losses_train/concepts:	34.872161865234375
losses_train/representations:	23.386486053466797
losses_train/total:	12.659887313842773
losses_test/task:	2.095682144165039
losses_test/concepts:	31.052196502685547
losses_test/representations:	24.617170333862305
losses_test/total:	12.586054801940918
calibration_test/ece:	0.03746117278933525
calibration_test/brier:	0.7003852725028992
accuracy_test/task:	42.49223334483949
accuracy_test/concepts:	85.9930419921875
map_test/concepts:	0.8157672260295261

Epoch 22
losses_train/task:	2.1238625049591064
losses_train/concepts:	34.19559860229492
losses_train/representations:	22.961029052734375
losses_train/total:	12.431731224060059
losses_test/task:	2.1868550777435303
losses_test/concepts:	32.55936813354492
losses_test/representations:	25.420923233032227
losses_test/total:	13.069067001342773
calibration_test/ece:	0.045400384813547134
calibration_test/brier:	0.7136910557746887
accuracy_test/task:	40.81808767690715
accuracy_test/concepts:	87.02043151855469
map_test/concepts:	0.8049122910607945

Epoch 23
losses_train/task:	2.0733628273010254
losses_train/concepts:	33.2440071105957
losses_train/representations:	22.489973068237305
losses_train/total:	12.144758224487305
losses_test/task:	2.138474702835083
losses_test/concepts:	31.13605499267578
losses_test/representations:	23.805328369140625
losses_test/total:	12.393680572509766
calibration_test/ece:	0.03771517798304558
calibration_test/brier:	0.6918813586235046
accuracy_test/task:	43.23438039351053
accuracy_test/concepts:	87.2940673828125
map_test/concepts:	0.8160918898880481

Epoch 24
losses_train/task:	2.0550084114074707
losses_train/concepts:	33.33441925048828
losses_train/representations:	22.35910415649414
losses_train/total:	12.096181869506836
losses_test/task:	1.954559087753296
losses_test/concepts:	29.86539649963379
losses_test/representations:	22.161401748657227
losses_test/total:	11.589520454406738
calibration_test/ece:	0.021837612614035606
calibration_test/brier:	0.6538140773773193
accuracy_test/task:	47.01415257162582
accuracy_test/concepts:	88.0719985961914
map_test/concepts:	0.8332263937050646

Epoch 25
losses_train/task:	1.9791123867034912
losses_train/concepts:	32.770484924316406
losses_train/representations:	21.80674171447754
losses_train/total:	11.798185348510742
losses_test/task:	2.2367820739746094
losses_test/concepts:	31.22883415222168
losses_test/representations:	24.8763484954834
losses_test/total:	12.822569847106934
calibration_test/ece:	0.08640942722558975
calibration_test/brier:	0.7136908769607544
accuracy_test/task:	42.69934414911978
accuracy_test/concepts:	88.56059265136719
map_test/concepts:	0.8103899744423952

Epoch 26
losses_train/task:	2.009500503540039
losses_train/concepts:	32.71781921386719
losses_train/representations:	21.844804763793945
losses_train/total:	11.834723472595215
losses_test/task:	1.9716774225234985
losses_test/concepts:	28.504060745239258
losses_test/representations:	23.61001968383789
losses_test/total:	11.90509033203125
calibration_test/ece:	0.024014074355363846
calibration_test/brier:	0.649540364742279
accuracy_test/task:	48.01518812564722
accuracy_test/concepts:	88.45043182373047
map_test/concepts:	0.8344973902810704

Epoch 27
losses_train/task:	1.8995180130004883
losses_train/concepts:	31.407079696655273
losses_train/representations:	20.713388442993164
losses_train/total:	11.254243850708008
losses_test/task:	2.1454551219940186
losses_test/concepts:	31.530529022216797
losses_test/representations:	25.11532974243164
losses_test/total:	12.833105087280273
calibration_test/ece:	0.06291327625513077
calibration_test/brier:	0.6693719029426575
accuracy_test/task:	45.167414566793234
accuracy_test/concepts:	87.5300521850586
map_test/concepts:	0.8192847656932745

Epoch 28
losses_train/task:	1.8987146615982056
losses_train/concepts:	31.382694244384766
losses_train/representations:	20.6082763671875
losses_train/total:	11.21946907043457
losses_test/task:	2.0632669925689697
losses_test/concepts:	30.197568893432617
losses_test/representations:	23.225000381469727
losses_test/total:	12.05052375793457
calibration_test/ece:	0.050631746649742126
calibration_test/brier:	0.661342442035675
accuracy_test/task:	46.18570935450466
accuracy_test/concepts:	87.09169006347656
map_test/concepts:	0.8215461377393115

Epoch 29
losses_train/task:	1.8494688272476196
losses_train/concepts:	30.643407821655273
losses_train/representations:	20.419370651245117
losses_train/total:	11.03962230682373
losses_test/task:	1.9805254936218262
losses_test/concepts:	29.73409080505371
losses_test/representations:	23.325180053710938
losses_test/total:	11.951489448547363
calibration_test/ece:	0.045398786664009094
calibration_test/brier:	0.6375165581703186
accuracy_test/task:	47.704521919226785
accuracy_test/concepts:	87.8300552368164
map_test/concepts:	0.8247719086706639

Epoch 30
losses_train/task:	1.8591560125350952
losses_train/concepts:	30.767255783081055
losses_train/representations:	20.216075897216797
losses_train/total:	11.000703811645508
losses_test/task:	1.8016315698623657
losses_test/concepts:	26.66926383972168
losses_test/representations:	20.380239486694336
losses_test/total:	10.582630157470703
calibration_test/ece:	0.01725728064775467
calibration_test/brier:	0.5989955067634583
accuracy_test/task:	52.12288574387297
accuracy_test/concepts:	89.02814483642578
map_test/concepts:	0.8498344606973908

Epoch 31
losses_train/task:	1.7496594190597534
losses_train/concepts:	29.2686767578125
losses_train/representations:	18.935087203979492
losses_train/total:	10.357054710388184
losses_test/task:	1.8787691593170166
losses_test/concepts:	29.09153175354004
losses_test/representations:	21.748273849487305
losses_test/total:	11.312405586242676
calibration_test/ece:	0.041199617087841034
calibration_test/brier:	0.6244160532951355
accuracy_test/task:	50.13807386952019
accuracy_test/concepts:	88.9179916381836
map_test/concepts:	0.8375136861746961

Epoch 32
losses_train/task:	1.7346055507659912
losses_train/concepts:	29.49412727355957
losses_train/representations:	18.985483169555664
losses_train/total:	10.379661560058594
losses_test/task:	1.9236276149749756
losses_test/concepts:	28.71529769897461
losses_test/representations:	21.760042190551758
losses_test/total:	11.32317066192627
calibration_test/ece:	0.029170148074626923
calibration_test/brier:	0.616787850856781
accuracy_test/task:	51.05281325509147
accuracy_test/concepts:	88.6581802368164
map_test/concepts:	0.8426079900427298

Epoch 33
losses_train/task:	1.699205756187439
losses_train/concepts:	28.55677032470703
losses_train/representations:	18.57588005065918
losses_train/total:	10.127647399902344
losses_test/task:	2.103386402130127
losses_test/concepts:	28.371768951416016
losses_test/representations:	23.949954986572266
losses_test/total:	12.125551223754883
calibration_test/ece:	0.09257037937641144
calibration_test/brier:	0.6493755578994751
accuracy_test/task:	50.48325854332067
accuracy_test/concepts:	88.46769714355469
map_test/concepts:	0.8280945126305926

Epoch 34
losses_train/task:	1.650331974029541
losses_train/concepts:	27.894472122192383
losses_train/representations:	18.01335906982422
losses_train/total:	9.843789100646973
losses_test/task:	1.821684718132019
losses_test/concepts:	27.96861457824707
losses_test/representations:	20.76648712158203
losses_test/total:	10.848492622375488
calibration_test/ece:	0.029719483107328415
calibration_test/brier:	0.59452885389328
accuracy_test/task:	52.81325509147394
accuracy_test/concepts:	91.34308624267578
map_test/concepts:	0.8457028420134024

Epoch 35
losses_train/task:	1.6568478345870972
losses_train/concepts:	28.14185905456543
losses_train/representations:	18.161537170410156
losses_train/total:	9.91949462890625
losses_test/task:	1.7159000635147095
losses_test/concepts:	25.62446403503418
losses_test/representations:	20.067352294921875
losses_test/total:	10.298551559448242
calibration_test/ece:	0.049516379833221436
calibration_test/brier:	0.5730956196784973
accuracy_test/task:	54.86710390058681
accuracy_test/concepts:	91.66694641113281
map_test/concepts:	0.853572235188701

Epoch 36
losses_train/task:	1.6477750539779663
losses_train/concepts:	27.94449234008789
losses_train/representations:	18.100059509277344
losses_train/total:	9.87224292755127
losses_test/task:	1.8979965448379517
losses_test/concepts:	30.151792526245117
losses_test/representations:	21.693065643310547
losses_test/total:	11.42109489440918
calibration_test/ece:	0.05866067856550217
calibration_test/brier:	0.6111340522766113
accuracy_test/task:	51.5705902657922
accuracy_test/concepts:	91.02394104003906
map_test/concepts:	0.831025779382749

Epoch 37
losses_train/task:	1.6223822832107544
losses_train/concepts:	27.370885848999023
losses_train/representations:	17.435989379882812
losses_train/total:	9.590267181396484
losses_test/task:	1.624637246131897
losses_test/concepts:	24.4581298828125
losses_test/representations:	18.859905242919922
losses_test/total:	9.728423118591309
calibration_test/ece:	0.05318529158830643
calibration_test/brier:	0.5461999177932739
accuracy_test/task:	57.818432861580945
accuracy_test/concepts:	90.75501251220703
map_test/concepts:	0.8670225261287255

Epoch 38
losses_train/task:	1.5491983890533447
losses_train/concepts:	26.363309860229492
losses_train/representations:	16.90767478942871
losses_train/total:	9.257834434509277
losses_test/task:	1.7598230838775635
losses_test/concepts:	26.22700309753418
losses_test/representations:	19.40070915222168
losses_test/total:	10.202735900878906
calibration_test/ece:	0.05040355399250984
calibration_test/brier:	0.5771324038505554
accuracy_test/task:	54.22851225405592
accuracy_test/concepts:	90.29090881347656
map_test/concepts:	0.8536980107426644

Epoch 39
losses_train/task:	1.5681270360946655
losses_train/concepts:	27.076126098632812
losses_train/representations:	17.309926986694336
losses_train/total:	9.468720436096191
losses_test/task:	1.6973994970321655
losses_test/concepts:	26.13262939453125
losses_test/representations:	19.060489654541016
losses_test/total:	10.028809547424316
calibration_test/ece:	0.06151376664638519
calibration_test/brier:	0.5655195713043213
accuracy_test/task:	55.902657921988265
accuracy_test/concepts:	92.17717742919922
map_test/concepts:	0.8668642974712631

Epoch 40
losses_train/task:	1.516836404800415
losses_train/concepts:	25.96795654296875
losses_train/representations:	16.38047218322754
losses_train/total:	9.027772903442383
losses_test/task:	1.6646634340286255
losses_test/concepts:	24.26358985900879
losses_test/representations:	18.5194091796875
losses_test/total:	9.646845817565918
calibration_test/ece:	0.054246556013822556
calibration_test/brier:	0.543234646320343
accuracy_test/task:	57.47324818778046
accuracy_test/concepts:	92.4756088256836
map_test/concepts:	0.8690050242976709

Epoch 41
losses_train/task:	1.4649336338043213
losses_train/concepts:	25.444664001464844
losses_train/representations:	15.920169830322266
losses_train/total:	8.785451889038086
losses_test/task:	1.9481496810913086
losses_test/concepts:	28.37640380859375
losses_test/representations:	21.02495002746582
losses_test/total:	11.093276023864746
calibration_test/ece:	0.09125979244709015
calibration_test/brier:	0.6083379983901978
accuracy_test/task:	52.10562651018295
accuracy_test/concepts:	91.39297485351562
map_test/concepts:	0.8487649439410729

Epoch 42
losses_train/task:	1.470751166343689
losses_train/concepts:	25.288175582885742
losses_train/representations:	15.938164710998535
losses_train/total:	8.781017303466797
losses_test/task:	1.8643049001693726
losses_test/concepts:	26.513669967651367
losses_test/representations:	20.742712020874023
losses_test/total:	10.738485336303711
calibration_test/ece:	0.08438098430633545
calibration_test/brier:	0.5846346020698547
accuracy_test/task:	54.918881601656885
accuracy_test/concepts:	91.77833557128906
map_test/concepts:	0.8483400018377738

Epoch 43
losses_train/task:	1.481955885887146
losses_train/concepts:	25.761945724487305
losses_train/representations:	15.960064888000488
losses_train/total:	8.846171379089355
losses_test/task:	1.580302357673645
losses_test/concepts:	22.897432327270508
losses_test/representations:	17.75324821472168
losses_test/total:	9.19602108001709
calibration_test/ece:	0.055657655000686646
calibration_test/brier:	0.5211705565452576
accuracy_test/task:	60.424577148774596
accuracy_test/concepts:	92.61994934082031
map_test/concepts:	0.8718272825533694

Epoch 44
losses_train/task:	1.4209173917770386
losses_train/concepts:	24.472570419311523
losses_train/representations:	15.468066215515137
losses_train/total:	8.508594512939453
losses_test/task:	1.502963900566101
losses_test/concepts:	22.540748596191406
losses_test/representations:	17.086729049682617
losses_test/total:	8.883055686950684
calibration_test/ece:	0.07384191453456879
calibration_test/brier:	0.5145202279090881
accuracy_test/task:	60.355540214014496
accuracy_test/concepts:	91.72782135009766
map_test/concepts:	0.8850617905909365

Epoch 45
losses_train/task:	1.3710300922393799
losses_train/concepts:	24.43390464782715
losses_train/representations:	15.19343376159668
losses_train/total:	8.37244987487793
losses_test/task:	1.8747565746307373
losses_test/concepts:	26.53826332092285
losses_test/representations:	19.47661018371582
losses_test/total:	10.371566772460938
calibration_test/ece:	0.12759621441364288
calibration_test/brier:	0.5910118818283081
accuracy_test/task:	55.24680704176735
accuracy_test/concepts:	92.4094009399414
map_test/concepts:	0.8532078752463514

Epoch 46
losses_train/task:	1.3575193881988525
losses_train/concepts:	23.916852951049805
losses_train/representations:	14.718788146972656
losses_train/total:	8.16484260559082
losses_test/task:	1.6510810852050781
losses_test/concepts:	23.786619186401367
losses_test/representations:	18.065519332885742
losses_test/total:	9.449398040771484
calibration_test/ece:	0.07702606171369553
calibration_test/brier:	0.5357443690299988
accuracy_test/task:	58.64687607870211
accuracy_test/concepts:	91.12406158447266
map_test/concepts:	0.874999211999503

Epoch 47
losses_train/task:	1.3870059251785278
losses_train/concepts:	24.526548385620117
losses_train/representations:	15.203750610351562
losses_train/total:	8.400785446166992
losses_test/task:	1.516054630279541
losses_test/concepts:	22.797016143798828
losses_test/representations:	16.59793472290039
losses_test/total:	8.775136947631836
calibration_test/ece:	0.06520066410303116
calibration_test/brier:	0.5085421800613403
accuracy_test/task:	61.3565757680359
accuracy_test/concepts:	91.7814712524414
map_test/concepts:	0.8820297218181871

Epoch 48
losses_train/task:	1.345103144645691
losses_train/concepts:	23.698740005493164
losses_train/representations:	14.516582489013672
losses_train/total:	8.069952964782715
losses_test/task:	1.8198152780532837
losses_test/concepts:	27.37417221069336
losses_test/representations:	19.50811767578125
losses_test/total:	10.409668922424316
calibration_test/ece:	0.07294907420873642
calibration_test/brier:	0.5590415596961975
accuracy_test/task:	56.610286503279255
accuracy_test/concepts:	92.44204711914062
map_test/concepts:	0.8572757968171076

Epoch 49
losses_train/task:	1.35045325756073
losses_train/concepts:	23.756919860839844
losses_train/representations:	14.729629516601562
losses_train/total:	8.145034790039062
losses_test/task:	1.8851070404052734
losses_test/concepts:	29.697317123413086
losses_test/representations:	20.413000106811523
losses_test/total:	10.978739738464355
calibration_test/ece:	0.09679479897022247
calibration_test/brier:	0.5867141485214233
accuracy_test/task:	54.72903003106662
accuracy_test/concepts:	90.72834777832031
map_test/concepts:	0.8511229069395498

Epoch 50
losses_train/task:	1.3294291496276855
losses_train/concepts:	23.68600845336914
losses_train/representations:	14.48859691619873
losses_train/total:	8.044610023498535
losses_test/task:	1.5118060111999512
losses_test/concepts:	23.593278884887695
losses_test/representations:	16.63371467590332
losses_test/total:	8.861248970031738
calibration_test/ece:	0.07663831114768982
calibration_test/brier:	0.5046141147613525
accuracy_test/task:	61.218501898515704
accuracy_test/concepts:	92.02436065673828
map_test/concepts:	0.8851553579623049

Epoch 51
losses_train/task:	1.2704957723617554
losses_train/concepts:	23.002328872680664
losses_train/representations:	13.984399795532227
losses_train/total:	7.766048908233643
losses_test/task:	1.7000113725662231
losses_test/concepts:	24.98331642150879
losses_test/representations:	18.10441780090332
losses_test/total:	9.629668235778809
calibration_test/ece:	0.11113813519477844
calibration_test/brier:	0.5395294427871704
accuracy_test/task:	59.25094925785295
accuracy_test/concepts:	93.09097290039062
map_test/concepts:	0.8772092351859266

Epoch 52
losses_train/task:	1.2079355716705322
losses_train/concepts:	21.85487174987793
losses_train/representations:	13.125066757202148
losses_train/total:	7.330944538116455
losses_test/task:	1.6632171869277954
losses_test/concepts:	25.39068603515625
losses_test/representations:	17.46641731262207
losses_test/total:	9.442209243774414
calibration_test/ece:	0.0960497260093689
calibration_test/brier:	0.5357478260993958
accuracy_test/task:	59.233690024162925
accuracy_test/concepts:	91.64997100830078
map_test/concepts:	0.8692272401668809

Epoch 53
losses_train/task:	1.3299139738082886
losses_train/concepts:	23.443218231201172
losses_train/representations:	14.288858413696289
losses_train/total:	7.960892200469971
losses_test/task:	1.6208418607711792
losses_test/concepts:	24.216552734375
losses_test/representations:	17.455564498901367
losses_test/total:	9.279168128967285
calibration_test/ece:	0.07988052070140839
calibration_test/brier:	0.5252597332000732
accuracy_test/task:	60.18294787711426
accuracy_test/concepts:	91.82572174072266
map_test/concepts:	0.874822280488231

Epoch 54
losses_train/task:	1.2636021375656128
losses_train/concepts:	22.464048385620117
losses_train/representations:	13.615686416625977
losses_train/total:	7.594712734222412
losses_test/task:	1.5079227685928345
losses_test/concepts:	23.51140022277832
losses_test/representations:	16.66594696044922
losses_test/total:	8.858845710754395
calibration_test/ece:	0.07812874764204025
calibration_test/brier:	0.498254656791687
accuracy_test/task:	62.2885743872972
accuracy_test/concepts:	93.76282501220703
map_test/concepts:	0.8841768783601848

Epoch 55
losses_train/task:	1.247471570968628
losses_train/concepts:	22.32716941833496
losses_train/representations:	13.54469108581543
losses_train/total:	7.543597221374512
losses_test/task:	1.4422603845596313
losses_test/concepts:	22.57585906982422
losses_test/representations:	15.983766555786133
losses_test/total:	8.494976997375488
calibration_test/ece:	0.05338364094495773
calibration_test/brier:	0.4782786965370178
accuracy_test/task:	63.49672074559889
accuracy_test/concepts:	91.94651794433594
map_test/concepts:	0.8820853597738526

Epoch 56
losses_train/task:	1.254340410232544
losses_train/concepts:	22.41672706604004
losses_train/representations:	13.395398139953613
losses_train/total:	7.514634609222412
losses_test/task:	1.7542792558670044
losses_test/concepts:	27.21457290649414
losses_test/representations:	18.458812713623047
losses_test/total:	10.013382911682129
calibration_test/ece:	0.09956590086221695
calibration_test/brier:	0.5483564734458923
accuracy_test/task:	58.54332067656196
accuracy_test/concepts:	93.14714813232422
map_test/concepts:	0.8690242007374763

Epoch 57
losses_train/task:	1.2232189178466797
losses_train/concepts:	22.099998474121094
losses_train/representations:	13.27109432220459
losses_train/total:	7.414547443389893
losses_test/task:	1.5359221696853638
losses_test/concepts:	23.659038543701172
losses_test/representations:	16.738933563232422
losses_test/total:	8.923506736755371
calibration_test/ece:	0.07266471534967422
calibration_test/brier:	0.4943130910396576
accuracy_test/task:	62.633759061097685
accuracy_test/concepts:	93.4747543334961
map_test/concepts:	0.8804365449331023

Epoch 58
losses_train/task:	1.2804278135299683
losses_train/concepts:	23.015220642089844
losses_train/representations:	13.748891830444336
losses_train/total:	7.70661735534668
losses_test/task:	1.6931593418121338
losses_test/concepts:	24.11660385131836
losses_test/representations:	17.931230545043945
losses_test/total:	9.4841890335083
calibration_test/ece:	0.08925037086009979
calibration_test/brier:	0.5284086465835571
accuracy_test/task:	60.49361408353469
accuracy_test/concepts:	92.94035339355469
map_test/concepts:	0.8699766992167993

Epoch 59
losses_train/task:	1.2568342685699463
losses_train/concepts:	22.95911407470703
losses_train/representations:	13.827171325683594
losses_train/total:	7.700896739959717
losses_test/task:	1.5398447513580322
losses_test/concepts:	23.34743309020996
losses_test/representations:	16.47313690185547
losses_test/total:	8.816529273986816
calibration_test/ece:	0.07813514769077301
calibration_test/brier:	0.5017761588096619
accuracy_test/task:	62.59924059371764
accuracy_test/concepts:	93.33197021484375
map_test/concepts:	0.8850398961793292

Epoch 60
losses_train/task:	1.2059962749481201
losses_train/concepts:	21.853363037109375
losses_train/representations:	13.045228958129883
losses_train/total:	7.304900646209717
losses_test/task:	1.4913359880447388
losses_test/concepts:	22.076143264770508
losses_test/representations:	15.805055618286133
losses_test/total:	8.44046688079834
calibration_test/ece:	0.07768025994300842
calibration_test/brier:	0.4850233197212219
accuracy_test/task:	63.8591646530894
accuracy_test/concepts:	92.18534088134766
map_test/concepts:	0.8808997889811342

Epoch 61
losses_train/task:	1.172273874282837
losses_train/concepts:	21.418493270874023
losses_train/representations:	12.690058708190918
losses_train/total:	7.121140956878662
losses_test/task:	1.4735627174377441
losses_test/concepts:	22.55473518371582
losses_test/representations:	15.549418449401855
losses_test/total:	8.39385986328125
calibration_test/ece:	0.0835888683795929
calibration_test/brier:	0.4737204611301422
accuracy_test/task:	65.08457024508112
accuracy_test/concepts:	94.31324005126953
map_test/concepts:	0.8887454603206028

Epoch 62
losses_train/task:	1.1384764909744263
losses_train/concepts:	20.607532501220703
losses_train/representations:	12.446121215820312
losses_train/total:	6.933065891265869
losses_test/task:	1.6147245168685913
losses_test/concepts:	23.673181533813477
losses_test/representations:	16.918893814086914
losses_test/total:	9.057713508605957
calibration_test/ece:	0.0996614396572113
calibration_test/brier:	0.5092038512229919
accuracy_test/task:	62.32309285467725
accuracy_test/concepts:	93.92756652832031
map_test/concepts:	0.8798717779192058

Epoch 63
losses_train/task:	1.1726200580596924
losses_train/concepts:	21.484161376953125
losses_train/representations:	12.816570281982422
losses_train/total:	7.166006565093994
losses_test/task:	1.4220492839813232
losses_test/concepts:	22.23050308227539
losses_test/representations:	15.012796401977539
losses_test/total:	8.148938179016113
calibration_test/ece:	0.08424627035856247
calibration_test/brier:	0.46932458877563477
accuracy_test/task:	64.99827407663099
accuracy_test/concepts:	94.52597045898438
map_test/concepts:	0.8958141542293808

Epoch 64
losses_train/task:	1.111067771911621
losses_train/concepts:	20.37030029296875
losses_train/representations:	12.144384384155273
losses_train/total:	6.791413307189941
losses_test/task:	1.7102936506271362
losses_test/concepts:	25.31787872314453
losses_test/representations:	17.40817642211914
losses_test/total:	9.4645357131958
calibration_test/ece:	0.12543967366218567
calibration_test/brier:	0.5315284132957458
accuracy_test/task:	61.23576113220573
accuracy_test/concepts:	91.93429565429688
map_test/concepts:	0.8722007544203239

Epoch 65
losses_train/task:	1.1678706407546997
losses_train/concepts:	21.161848068237305
losses_train/representations:	12.484779357910156
losses_train/total:	7.029489040374756
losses_test/task:	1.4851220846176147
losses_test/concepts:	22.800506591796875
losses_test/representations:	15.42094612121582
losses_test/total:	8.391457557678223
calibration_test/ece:	0.0993785485625267
calibration_test/brier:	0.4781283736228943
accuracy_test/task:	64.72212633759061
accuracy_test/concepts:	94.17329406738281
map_test/concepts:	0.8814068424430761

Epoch 66
losses_train/task:	1.1227582693099976
losses_train/concepts:	20.753202438354492
losses_train/representations:	12.08547306060791
losses_train/total:	6.823721408843994
losses_test/task:	1.493088960647583
losses_test/concepts:	21.643104553222656
losses_test/representations:	15.543241500854492
losses_test/total:	8.3203706741333
calibration_test/ece:	0.09913679957389832
calibration_test/brier:	0.48082640767097473
accuracy_test/task:	64.99827407663099
accuracy_test/concepts:	92.36483764648438
map_test/concepts:	0.8879447903145443

Epoch 67
losses_train/task:	1.1261250972747803
losses_train/concepts:	21.37019920349121
losses_train/representations:	12.427193641662598
losses_train/total:	6.991302490234375
losses_test/task:	1.6608139276504517
losses_test/concepts:	25.775768280029297
losses_test/representations:	17.59817123413086
losses_test/total:	9.517841339111328
calibration_test/ece:	0.09364740550518036
calibration_test/brier:	0.5157885551452637
accuracy_test/task:	61.52916810493614
accuracy_test/concepts:	93.3366928100586
map_test/concepts:	0.8706905916333199

Epoch 68
losses_train/task:	1.0627604722976685
losses_train/concepts:	20.11177635192871
losses_train/representations:	11.581449508666992
losses_train/total:	6.5483717918396
losses_test/task:	1.5542525053024292
losses_test/concepts:	23.28392791748047
losses_test/representations:	15.626860618591309
losses_test/total:	8.570703506469727
calibration_test/ece:	0.12717226147651672
calibration_test/brier:	0.49673253297805786
accuracy_test/task:	64.23886779426994
accuracy_test/concepts:	94.21250915527344
map_test/concepts:	0.8875996620817618

Epoch 69
losses_train/task:	1.1519246101379395
losses_train/concepts:	21.080448150634766
losses_train/representations:	12.229568481445312
losses_train/total:	6.928839683532715
losses_test/task:	1.6731209754943848
losses_test/concepts:	25.256515502929688
losses_test/representations:	17.089750289916992
losses_test/total:	9.32569694519043
calibration_test/ece:	0.09555372595787048
calibration_test/brier:	0.518345296382904
accuracy_test/task:	61.89161201242665
accuracy_test/concepts:	92.04192352294922
map_test/concepts:	0.8715305814688856

Epoch 70
losses_train/task:	1.044402837753296
losses_train/concepts:	19.809310913085938
losses_train/representations:	11.458060264587402
losses_train/total:	6.4627532958984375
losses_test/task:	1.5198336839675903
losses_test/concepts:	22.552907943725586
losses_test/representations:	15.70726490020752
losses_test/total:	8.487302780151367
calibration_test/ece:	0.10689062625169754
calibration_test/brier:	0.47993773221969604
accuracy_test/task:	64.96375560925095
accuracy_test/concepts:	92.45769500732422
map_test/concepts:	0.8876541483131322

Epoch 71
losses_train/task:	1.0448555946350098
losses_train/concepts:	19.729263305664062
losses_train/representations:	11.420541763305664
losses_train/total:	6.443945407867432
losses_test/task:	1.5439327955245972
losses_test/concepts:	22.47551918029785
losses_test/representations:	15.84129810333252
losses_test/total:	8.54387378692627
calibration_test/ece:	0.10893776267766953
calibration_test/brier:	0.4889467656612396
accuracy_test/task:	64.39420089748015
accuracy_test/concepts:	92.43544006347656
map_test/concepts:	0.8880756658586588

Epoch 72
losses_train/task:	1.0497517585754395
losses_train/concepts:	19.433870315551758
losses_train/representations:	11.454283714294434
losses_train/total:	6.429425239562988
losses_test/task:	1.5891304016113281
losses_test/concepts:	23.8884220123291
losses_test/representations:	16.624956130981445
losses_test/total:	8.965458869934082
calibration_test/ece:	0.10582476854324341
calibration_test/brier:	0.4981469213962555
accuracy_test/task:	63.84190541939938
accuracy_test/concepts:	92.32623291015625
map_test/concepts:	0.8803249390287833

Epoch 73
losses_train/task:	1.035969853401184
losses_train/concepts:	19.701866149902344
losses_train/representations:	11.420380592346191
losses_train/total:	6.432270526885986
losses_test/task:	1.6369010210037231
losses_test/concepts:	25.384613037109375
losses_test/representations:	16.761045455932617
losses_test/total:	9.203676223754883
calibration_test/ece:	0.10181867331266403
calibration_test/brier:	0.5055692791938782
accuracy_test/task:	62.77183293061788
accuracy_test/concepts:	92.03533172607422
map_test/concepts:	0.8748756038871679

Epoch 74
losses_train/task:	1.0686626434326172
losses_train/concepts:	20.104145050048828
losses_train/representations:	11.616364479064941
losses_train/total:	6.563985824584961
losses_test/task:	1.5431081056594849
losses_test/concepts:	23.58576011657715
losses_test/representations:	16.01831817626953
losses_test/total:	8.707179069519043
calibration_test/ece:	0.1027364507317543
calibration_test/brier:	0.4866078794002533
accuracy_test/task:	64.91197790818087
accuracy_test/concepts:	94.2096939086914
map_test/concepts:	0.8856416820125146

Epoch 75
losses_train/task:	1.0358597040176392
losses_train/concepts:	19.700424194335938
losses_train/representations:	11.400481224060059
losses_train/total:	6.426047325134277
losses_test/task:	1.585509181022644
losses_test/concepts:	22.225936889648438
losses_test/representations:	15.987674713134766
losses_test/total:	8.60440444946289
calibration_test/ece:	0.11578969657421112
calibration_test/brier:	0.4898797571659088
accuracy_test/task:	64.9292371418709
accuracy_test/concepts:	93.97433471679688
map_test/concepts:	0.8864941010420972

Epoch 76
losses_train/task:	0.9930193424224854
losses_train/concepts:	19.112064361572266
losses_train/representations:	10.923569679260254
losses_train/total:	6.181295871734619
losses_test/task:	1.6447705030441284
losses_test/concepts:	25.166109085083008
losses_test/representations:	16.98764419555664
losses_test/total:	9.257672309875488
calibration_test/ece:	0.11162488162517548
calibration_test/brier:	0.5144040584564209
accuracy_test/task:	62.7890921643079
accuracy_test/concepts:	92.16617584228516
map_test/concepts:	0.8772022571076047

Epoch 77
losses_train/task:	1.0162267684936523
losses_train/concepts:	19.064956665039062
losses_train/representations:	11.094745635986328
losses_train/total:	6.2511467933654785
losses_test/task:	1.473243236541748
losses_test/concepts:	22.6698055267334
losses_test/representations:	15.132079124450684
losses_test/total:	8.279848098754883
calibration_test/ece:	0.1000669002532959
calibration_test/brier:	0.4625394642353058
accuracy_test/task:	66.77597514670349
accuracy_test/concepts:	92.87884521484375
map_test/concepts:	0.8950754760341211

Epoch 78
losses_train/task:	0.9915884137153625
losses_train/concepts:	19.06704330444336
losses_train/representations:	11.014093399047852
losses_train/total:	6.202520370483398
losses_test/task:	1.5753774642944336
losses_test/concepts:	23.401445388793945
losses_test/representations:	15.704388618469238
losses_test/total:	8.626836776733398
calibration_test/ece:	0.10616640746593475
calibration_test/brier:	0.4825281798839569
accuracy_test/task:	64.94649637556093
accuracy_test/concepts:	92.59609985351562
map_test/concepts:	0.8875650697133758

Epoch 79
losses_train/task:	1.0087831020355225
losses_train/concepts:	19.234420776367188
losses_train/representations:	10.979620933532715
losses_train/total:	6.22611141204834
losses_test/task:	1.5404462814331055
losses_test/concepts:	23.138103485107422
losses_test/representations:	15.827703475952148
losses_test/total:	8.602569580078125
calibration_test/ece:	0.10680755227804184
calibration_test/brier:	0.48840710520744324
accuracy_test/task:	64.65308940283052
accuracy_test/concepts:	92.17935943603516
map_test/concepts:	0.8849481093612585

Epoch 80
losses_train/task:	0.9993260502815247
losses_train/concepts:	19.155595779418945
losses_train/representations:	11.024768829345703
losses_train/total:	6.222315788269043
losses_test/task:	1.6576817035675049
losses_test/concepts:	26.375471115112305
losses_test/representations:	16.91291618347168
losses_test/total:	9.369102478027344
calibration_test/ece:	0.11683879047632217
calibration_test/brier:	0.5123943090438843
accuracy_test/task:	62.30583362098723
accuracy_test/concepts:	93.60938262939453
map_test/concepts:	0.8728215194561265

Epoch 81
losses_train/task:	0.9615809917449951
losses_train/concepts:	18.33431053161621
losses_train/representations:	10.387898445129395
losses_train/total:	5.911382675170898
losses_test/task:	1.5731315612792969
losses_test/concepts:	23.685958862304688
losses_test/representations:	15.936601638793945
losses_test/total:	8.722708702087402
calibration_test/ece:	0.13736024498939514
calibration_test/brier:	0.4912330210208893
accuracy_test/task:	65.01553331032102
accuracy_test/concepts:	92.64945220947266
map_test/concepts:	0.888248265737837

Epoch 82
losses_train/task:	1.0139219760894775
losses_train/concepts:	19.198299407958984
losses_train/representations:	11.041879653930664
losses_train/total:	6.246315956115723
losses_test/task:	1.4466190338134766
losses_test/concepts:	22.733684539794922
losses_test/representations:	14.74586296081543
losses_test/total:	8.143746376037598
calibration_test/ece:	0.10883977264165878
calibration_test/brier:	0.46008363366127014
accuracy_test/task:	66.29271660338281
accuracy_test/concepts:	94.4880142211914
map_test/concepts:	0.8949681421572512

Epoch 83
losses_train/task:	0.9993265867233276
losses_train/concepts:	19.244813919067383
losses_train/representations:	10.833647727966309
losses_train/total:	6.1739020347595215
losses_test/task:	1.4962260723114014
losses_test/concepts:	21.41518783569336
losses_test/representations:	14.77768325805664
losses_test/total:	8.071049690246582
calibration_test/ece:	0.12080797553062439
calibration_test/brier:	0.47774234414100647
accuracy_test/task:	65.65412495685192
accuracy_test/concepts:	92.8000717163086
map_test/concepts:	0.8937166862867095

Epoch 84
losses_train/task:	0.923353910446167
losses_train/concepts:	18.137083053588867
losses_train/representations:	10.27961540222168
losses_train/total:	5.82094669342041
losses_test/task:	1.3983118534088135
losses_test/concepts:	21.159656524658203
losses_test/representations:	14.110116958618164
losses_test/total:	7.747312545776367
calibration_test/ece:	0.09920255839824677
calibration_test/brier:	0.44526442885398865
accuracy_test/task:	67.79426993441491
accuracy_test/concepts:	93.1022720336914
map_test/concepts:	0.8998579088937152

Epoch 85
losses_train/task:	0.9608721733093262
losses_train/concepts:	18.443275451660156
losses_train/representations:	10.570886611938477
losses_train/total:	5.976467132568359
losses_test/task:	1.7901898622512817
losses_test/concepts:	26.65614891052246
losses_test/representations:	17.723594665527344
losses_test/total:	9.772883415222168
calibration_test/ece:	0.13869896531105042
calibration_test/brier:	0.545697033405304
accuracy_test/task:	60.83879875733518
accuracy_test/concepts:	93.45873260498047
map_test/concepts:	0.8694848438555544

Epoch 86
losses_train/task:	0.9702597260475159
losses_train/concepts:	19.023807525634766
losses_train/representations:	10.955365180969238
losses_train/total:	6.159250259399414
losses_test/task:	1.5273818969726562
losses_test/concepts:	22.207582473754883
losses_test/representations:	15.055771827697754
losses_test/total:	8.264871597290039
calibration_test/ece:	0.12092170119285583
calibration_test/brier:	0.4761083424091339
accuracy_test/task:	65.55056955471177
accuracy_test/concepts:	94.44974517822266
map_test/concepts:	0.8905838130549951

Epoch 87
losses_train/task:	1.0237776041030884
losses_train/concepts:	18.89273452758789
losses_train/representations:	10.914393424987793
losses_train/total:	6.187370300292969
losses_test/task:	1.5453788042068481
losses_test/concepts:	23.29800796508789
losses_test/representations:	15.253312110900879
losses_test/total:	8.451173782348633
calibration_test/ece:	0.13174206018447876
calibration_test/brier:	0.48245200514793396
accuracy_test/task:	65.61960648947186
accuracy_test/concepts:	94.45037078857422
map_test/concepts:	0.8906176912513646

Epoch 88
losses_train/task:	0.9278182983398438
losses_train/concepts:	17.681936264038086
losses_train/representations:	10.204427719116211
losses_train/total:	5.757339954376221
losses_test/task:	1.6203590631484985
losses_test/concepts:	26.33614158630371
losses_test/representations:	15.899658203125
losses_test/total:	9.023870468139648
calibration_test/ece:	0.1307229846715927
calibration_test/brier:	0.4947825074195862
accuracy_test/task:	63.9972385226096
accuracy_test/concepts:	94.07977294921875
map_test/concepts:	0.8806791932745414

Epoch 89
losses_train/task:	0.8913732171058655
losses_train/concepts:	17.59143829345703
losses_train/representations:	9.89277458190918
losses_train/total:	5.618348598480225
losses_test/task:	1.5880833864212036
losses_test/concepts:	24.005844116210938
losses_test/representations:	14.96656322479248
losses_test/total:	8.478636741638184
calibration_test/ece:	0.1325598955154419
calibration_test/brier:	0.48276159167289734
accuracy_test/task:	66.12012426648256
accuracy_test/concepts:	93.09851837158203
map_test/concepts:	0.887562648681077

Epoch 90
losses_train/task:	0.89665287733078
losses_train/concepts:	17.764286041259766
losses_train/representations:	9.848967552185059
losses_train/total:	5.62777042388916
losses_test/task:	1.6774888038635254
losses_test/concepts:	25.966686248779297
losses_test/representations:	16.610246658325195
losses_test/total:	9.257231712341309
calibration_test/ece:	0.1348067820072174
calibration_test/brier:	0.5029594898223877
accuracy_test/task:	63.80738695201933
accuracy_test/concepts:	92.3918228149414
map_test/concepts:	0.8785021217031912

Epoch 91
losses_train/task:	0.8838638067245483
losses_train/concepts:	17.561546325683594
losses_train/representations:	9.784452438354492
losses_train/total:	5.575353622436523
losses_test/task:	1.6848335266113281
losses_test/concepts:	24.233890533447266
losses_test/representations:	16.518001556396484
losses_test/total:	9.063624382019043
calibration_test/ece:	0.13563638925552368
calibration_test/brier:	0.511911153793335
accuracy_test/task:	63.84190541939938
accuracy_test/concepts:	92.28514099121094
map_test/concepts:	0.8767538231882182

Epoch 92
losses_train/task:	0.9418710470199585
losses_train/concepts:	18.054990768432617
losses_train/representations:	10.29973316192627
losses_train/total:	5.837290287017822
losses_test/task:	1.6276203393936157
losses_test/concepts:	25.706296920776367
losses_test/representations:	16.46271514892578
losses_test/total:	9.137063026428223
calibration_test/ece:	0.11776040494441986
calibration_test/brier:	0.5016802549362183
accuracy_test/task:	64.11805315843976
accuracy_test/concepts:	93.80143737792969
map_test/concepts:	0.8768598067489537

Epoch 93
losses_train/task:	0.9915359616279602
losses_train/concepts:	19.47190284729004
losses_train/representations:	10.874731063842773
losses_train/total:	6.201145648956299
losses_test/task:	1.52350914478302
losses_test/concepts:	23.443655014038086
losses_test/representations:	14.89158821105957
losses_test/total:	8.335351943969727
calibration_test/ece:	0.1166197806596756
calibration_test/brier:	0.472949355840683
accuracy_test/task:	65.96479116327235
accuracy_test/concepts:	92.82362365722656
map_test/concepts:	0.890388710796833

Epoch 94
losses_train/task:	0.8981764912605286
losses_train/concepts:	17.445653915405273
losses_train/representations:	9.737659454345703
losses_train/total:	5.564040660858154
losses_test/task:	1.5034525394439697
losses_test/concepts:	22.819143295288086
losses_test/representations:	14.858176231384277
losses_test/total:	8.242820739746094
calibration_test/ece:	0.11289133131504059
calibration_test/brier:	0.46915245056152344
accuracy_test/task:	66.77597514670349
accuracy_test/concepts:	92.83740997314453
map_test/concepts:	0.8933637325059284

Epoch 95
losses_train/task:	0.9246163368225098
losses_train/concepts:	18.09641456604004
losses_train/representations:	10.002737998962402
losses_train/total:	5.735079288482666
losses_test/task:	1.6203222274780273
losses_test/concepts:	24.75213050842285
losses_test/representations:	15.639548301696777
losses_test/total:	8.787398338317871
calibration_test/ece:	0.12157511711120605
calibration_test/brier:	0.49532002210617065
accuracy_test/task:	64.65308940283052
accuracy_test/concepts:	94.34715270996094
map_test/concepts:	0.8830465911464258

Epoch 96
losses_train/task:	0.8989315032958984
losses_train/concepts:	17.475271224975586
losses_train/representations:	9.776885032653809
losses_train/total:	5.579524040222168
losses_test/task:	1.4388315677642822
losses_test/concepts:	21.909038543701172
losses_test/representations:	13.875760078430176
losses_test/total:	7.792464256286621
calibration_test/ece:	0.1104729175567627
calibration_test/brier:	0.4522567391395569
accuracy_test/task:	68.03589920607526
accuracy_test/concepts:	94.93016815185547
map_test/concepts:	0.9023555006493221

Epoch 97
losses_train/task:	0.8396977782249451
losses_train/concepts:	16.93241310119629
losses_train/representations:	9.466564178466797
losses_train/total:	5.372908115386963
losses_test/task:	1.681797742843628
losses_test/concepts:	24.154972076416016
losses_test/representations:	15.831497192382812
losses_test/total:	8.846744537353516
calibration_test/ece:	0.1456938087940216
calibration_test/brier:	0.50904780626297
accuracy_test/task:	64.51501553331032
accuracy_test/concepts:	94.1619873046875
map_test/concepts:	0.883313302424821

Epoch 98
losses_train/task:	0.8646116256713867
losses_train/concepts:	16.93792724609375
losses_train/representations:	9.412787437438965
losses_train/total:	5.38223934173584
losses_test/task:	1.5897709131240845
losses_test/concepts:	24.44239616394043
losses_test/representations:	15.770730972290039
losses_test/total:	8.765230178833008
calibration_test/ece:	0.13014057278633118
calibration_test/brier:	0.4879571199417114
accuracy_test/task:	65.20538488091128
accuracy_test/concepts:	94.4104995727539
map_test/concepts:	0.8800281610001217

Epoch 99
losses_train/task:	0.9020993113517761
losses_train/concepts:	17.759174346923828
losses_train/representations:	9.884527206420898
losses_train/total:	5.643375873565674
losses_test/task:	1.5954123735427856
losses_test/concepts:	23.98438262939453
losses_test/representations:	15.216976165771484
losses_test/total:	8.558943748474121
calibration_test/ece:	0.13686704635620117
calibration_test/brier:	0.4958866834640503
accuracy_test/task:	65.25716258198136
accuracy_test/concepts:	92.80101013183594
map_test/concepts:	0.890539556064389

Epoch 100
losses_train/task:	0.8953744173049927
losses_train/concepts:	17.323436737060547
losses_train/representations:	9.679472923278809
losses_train/total:	5.531559944152832
losses_test/task:	1.554849624633789
losses_test/concepts:	22.619598388671875
losses_test/representations:	14.954659461975098
losses_test/total:	8.303208351135254
calibration_train/ece:	0.018417952582240105
calibration_train/brier:	0.24825727939605713
accuracy_train/task:	80.27871621621621
calibration_test/ece:	0.12989962100982666
calibration_test/brier:	0.47945982217788696
accuracy_test/task:	66.34449430445288
accuracy_train/concepts:	94.7554702758789
map_train/concepts:	0.9528838677839799
accuracy_test/concepts:	92.9011001586914
map_test/concepts:	0.8889699750325897
accuracy_test/nuisances_task:	-0.09840800051103558
accuracy_test/nuisances_nontask:	0.0
mutual_inf_test/nuisances_task:	-0.0005974084719664533
mutual_inf_test/nuisances_nontask:	0.0

Epoch 101
losses_train/task:	0.8372256755828857
losses_train/concepts:	16.855133056640625
losses_train/representations:	9.112177848815918
losses_train/total:	5.256392955780029
losses_test/task:	1.2370749711990356
losses_test/concepts:	18.892427444458008
losses_test/representations:	11.901044845581055
losses_test/total:	6.696630001068115
calibration_test/ece:	0.10303734242916107
calibration_test/brier:	0.4013199508190155
accuracy_test/task:	71.55678287884018
accuracy_test/concepts:	93.99256134033203
map_test/concepts:	0.9163665802641349

Epoch 102
losses_train/task:	0.7509006857872009
losses_train/concepts:	15.503697395324707
losses_train/representations:	8.24411392211914
losses_train/total:	4.774505138397217
losses_test/task:	1.1998562812805176
losses_test/concepts:	18.430017471313477
losses_test/representations:	11.505725860595703
losses_test/total:	6.494574546813965
calibration_test/ece:	0.09998002648353577
calibration_test/brier:	0.39034053683280945
accuracy_test/task:	72.7131515360718
accuracy_test/concepts:	94.1070785522461
map_test/concepts:	0.9183433217081156

Epoch 103
losses_train/task:	0.7254731059074402
losses_train/concepts:	15.48140811920166
losses_train/representations:	7.975543022155762
losses_train/total:	4.666276931762695
losses_test/task:	1.182554841041565
losses_test/concepts:	18.21530532836914
losses_test/representations:	11.251853942871094
losses_test/total:	6.379640579223633
calibration_test/ece:	0.10148200392723083
calibration_test/brier:	0.3829941153526306
accuracy_test/task:	72.74767000345184
accuracy_test/concepts:	94.18518829345703
map_test/concepts:	0.9187944584272124

Epoch 104
losses_train/task:	0.6580849289894104
losses_train/concepts:	14.511659622192383
losses_train/representations:	7.282458305358887
losses_train/total:	4.293989181518555
losses_test/task:	1.1823683977127075
losses_test/concepts:	18.237051010131836
losses_test/representations:	11.25074291229248
losses_test/total:	6.381296157836914
calibration_test/ece:	0.10095574706792831
calibration_test/brier:	0.385315477848053
accuracy_test/task:	72.79944770452192
accuracy_test/concepts:	94.1679458618164
map_test/concepts:	0.9196357172998515

Epoch 105
losses_train/task:	0.663872480392456
losses_train/concepts:	14.873103141784668
losses_train/representations:	7.457467079162598
losses_train/total:	4.388422966003418
losses_test/task:	1.165576457977295
losses_test/concepts:	18.10386848449707
losses_test/representations:	11.054213523864746
losses_test/total:	6.292226314544678
calibration_test/ece:	0.09631186723709106
calibration_test/brier:	0.3805599510669708
accuracy_test/task:	73.26544701415257
accuracy_test/concepts:	94.2432632446289
map_test/concepts:	0.9220304520292716

Epoch 106
losses_train/task:	0.6453174948692322
losses_train/concepts:	14.24323844909668
losses_train/representations:	7.105540752410889
losses_train/total:	4.201303005218506
losses_test/task:	1.178360104560852
losses_test/concepts:	18.126920700073242
losses_test/representations:	11.059887886047363
losses_test/total:	6.309019565582275
calibration_test/ece:	0.1050586849451065
calibration_test/brier:	0.3826901316642761
accuracy_test/task:	72.90300310666207
accuracy_test/concepts:	94.28813934326172
map_test/concepts:	0.9197434879162095

Epoch 107
losses_train/task:	0.6257011294364929
losses_train/concepts:	13.848139762878418
losses_train/representations:	6.942574501037598
losses_train/total:	4.093288421630859
losses_test/task:	1.1741523742675781
losses_test/concepts:	18.18587303161621
losses_test/representations:	11.041193962097168
losses_test/total:	6.305097579956055
calibration_test/ece:	0.1016170084476471
calibration_test/brier:	0.3822927474975586
accuracy_test/task:	73.31722471522265
accuracy_test/concepts:	94.29439544677734
map_test/concepts:	0.9213763213970444

Epoch 108
losses_train/task:	0.6223938465118408
losses_train/concepts:	13.888947486877441
losses_train/representations:	6.865880012512207
losses_train/total:	4.071052074432373
losses_test/task:	1.1607780456542969
losses_test/concepts:	18.07602882385254
losses_test/representations:	10.986162185668945
losses_test/total:	6.264230728149414
calibration_test/ece:	0.09906899929046631
calibration_test/brier:	0.3797292709350586
accuracy_test/task:	73.52433551950294
accuracy_test/concepts:	94.30633544921875
map_test/concepts:	0.9220911848274145

Epoch 109
losses_train/task:	0.6057772636413574
losses_train/concepts:	13.794772148132324
losses_train/representations:	6.810382843017578
losses_train/total:	4.028369903564453
losses_test/task:	1.1629937887191772
losses_test/concepts:	18.074121475219727
losses_test/representations:	10.934968948364258
losses_test/total:	6.250896453857422
calibration_test/ece:	0.10463542491197586
calibration_test/brier:	0.37928298115730286
accuracy_test/task:	73.16189161201243
accuracy_test/concepts:	94.2972412109375
map_test/concepts:	0.920964555171403

Epoch 110
losses_train/task:	0.6330918073654175
losses_train/concepts:	14.034554481506348
losses_train/representations:	6.950387477874756
losses_train/total:	4.121664047241211
losses_test/task:	1.1591614484786987
losses_test/concepts:	18.093358993530273
losses_test/representations:	10.95200252532959
losses_test/total:	6.2540974617004395
calibration_test/ece:	0.10282905399799347
calibration_test/brier:	0.3801075220108032
accuracy_test/task:	73.16189161201243
accuracy_test/concepts:	94.2693099975586
map_test/concepts:	0.92175452045419

Epoch 111
losses_train/task:	0.6139003038406372
losses_train/concepts:	13.431496620178223
losses_train/representations:	6.873272895812988
losses_train/total:	4.019032001495361
losses_test/task:	1.1899689435958862
losses_test/concepts:	18.166410446166992
losses_test/representations:	11.05881118774414
losses_test/total:	6.324254035949707
calibration_test/ece:	0.10385346412658691
calibration_test/brier:	0.3842962086200714
accuracy_test/task:	73.2827062478426
accuracy_test/concepts:	94.26461029052734
map_test/concepts:	0.9179938835176554

Epoch 112
losses_train/task:	0.6201184988021851
losses_train/concepts:	13.682863235473633
losses_train/representations:	6.883707523345947
losses_train/total:	4.053517818450928
losses_test/task:	1.1670790910720825
losses_test/concepts:	18.023555755615234
losses_test/representations:	10.87359619140625
losses_test/total:	6.231512546539307
calibration_test/ece:	0.10531589388847351
calibration_test/brier:	0.38014882802963257
accuracy_test/task:	73.1446323783224
accuracy_test/concepts:	94.30510711669922
map_test/concepts:	0.9219530115073378

Epoch 113
losses_train/task:	0.6379265189170837
losses_train/concepts:	13.825554847717285
losses_train/representations:	6.823854446411133
losses_train/total:	4.067637920379639
losses_test/task:	1.1632901430130005
losses_test/concepts:	18.025341033935547
losses_test/representations:	10.81104564666748
losses_test/total:	6.209136962890625
calibration_test/ece:	0.10361620783805847
calibration_test/brier:	0.3787890374660492
accuracy_test/task:	73.2827062478426
accuracy_test/concepts:	94.35747528076172
map_test/concepts:	0.9226822439919818

Epoch 114
losses_train/task:	0.5818607807159424
losses_train/concepts:	13.37558364868164
losses_train/representations:	6.4318766593933105
losses_train/total:	3.848982095718384
losses_test/task:	1.1633555889129639
losses_test/concepts:	17.8612003326416
losses_test/representations:	10.836935043334961
losses_test/total:	6.200557231903076
calibration_test/ece:	0.10314875841140747
calibration_test/brier:	0.37568792700767517
accuracy_test/task:	73.55885398688298
accuracy_test/concepts:	94.33522033691406
map_test/concepts:	0.9208758103576573

Epoch 115
losses_train/task:	0.5744528770446777
losses_train/concepts:	12.91771411895752
losses_train/representations:	6.351459503173828
losses_train/total:	3.771662712097168
losses_test/task:	1.1726404428482056
losses_test/concepts:	18.045204162597656
losses_test/representations:	10.833170890808105
losses_test/total:	6.227112770080566
calibration_test/ece:	0.10673889517784119
calibration_test/brier:	0.3773188292980194
accuracy_test/task:	73.45529858474283
accuracy_test/concepts:	94.3697280883789
map_test/concepts:	0.9215462293137203

Epoch 116
losses_train/task:	0.6055554151535034
losses_train/concepts:	13.552719116210938
losses_train/representations:	6.711280822753906
losses_train/total:	3.974210739135742
losses_test/task:	1.176343321800232
losses_test/concepts:	17.98591423034668
losses_test/representations:	10.801494598388672
losses_test/total:	6.2153825759887695
calibration_test/ece:	0.1040911078453064
calibration_test/brier:	0.3764957785606384
accuracy_test/task:	73.66240938902313
accuracy_test/concepts:	94.37004852294922
map_test/concepts:	0.9206360360438174

Epoch 117
losses_train/task:	0.6049029231071472
losses_train/concepts:	13.309855461120605
losses_train/representations:	6.4672369956970215
losses_train/total:	3.8760595321655273
losses_test/task:	1.1807777881622314
losses_test/concepts:	18.251148223876953
losses_test/representations:	10.842352867126465
losses_test/total:	6.258598327636719
calibration_test/ece:	0.10561960935592651
calibration_test/brier:	0.3780542314052582
accuracy_test/task:	73.50707628581291
accuracy_test/concepts:	94.35369873046875
map_test/concepts:	0.921798230165785

Epoch 118
losses_train/task:	0.5812113285064697
losses_train/concepts:	13.253931999206543
losses_train/representations:	6.462429046630859
losses_train/total:	3.845334053039551
losses_test/task:	1.1596497297286987
losses_test/concepts:	18.07329750061035
losses_test/representations:	10.707094192504883
losses_test/total:	6.179107189178467
calibration_test/ece:	0.10441863536834717
calibration_test/brier:	0.37341806292533875
accuracy_test/task:	73.88677942699344
accuracy_test/concepts:	94.39825439453125
map_test/concepts:	0.9224801419810815

Epoch 119
losses_train/task:	0.6027259230613708
losses_train/concepts:	13.539422035217285
losses_train/representations:	6.625823497772217
losses_train/total:	3.9444148540496826
losses_test/task:	1.1731795072555542
losses_test/concepts:	18.21479606628418
losses_test/representations:	10.775614738464355
losses_test/total:	6.227342128753662
calibration_test/ece:	0.10561668127775192
calibration_test/brier:	0.3782898187637329
accuracy_test/task:	73.38626164998274
accuracy_test/concepts:	94.39041900634766
map_test/concepts:	0.9222908495502038

Epoch 120
losses_train/task:	0.5878413319587708
losses_train/concepts:	13.452624320983887
losses_train/representations:	6.577403545379639
losses_train/total:	3.906325101852417
losses_test/task:	1.166453242301941
losses_test/concepts:	18.471519470214844
losses_test/representations:	10.711029052734375
losses_test/total:	6.22691535949707
calibration_test/ece:	0.10586263239383698
calibration_test/brier:	0.3778288662433624
accuracy_test/task:	73.67966862271315
accuracy_test/concepts:	94.37693786621094
map_test/concepts:	0.9236281632022424

Epoch 121
losses_train/task:	0.597750186920166
losses_train/concepts:	13.175976753234863
losses_train/representations:	6.471797943115234
losses_train/total:	3.8568875789642334
losses_test/task:	1.1844685077667236
losses_test/concepts:	18.498903274536133
losses_test/representations:	10.84534740447998
losses_test/total:	6.287963390350342
calibration_test/ece:	0.10764695703983307
calibration_test/brier:	0.3784135580062866
accuracy_test/task:	73.59337245426303
accuracy_test/concepts:	94.40077209472656
map_test/concepts:	0.9212899531830441

Epoch 122
losses_train/task:	0.5742560625076294
losses_train/concepts:	13.024676322937012
losses_train/representations:	6.425384044647217
losses_train/total:	3.8043391704559326
losses_test/task:	1.1889897584915161
losses_test/concepts:	18.69182014465332
losses_test/representations:	10.901237487792969
losses_test/total:	6.3285417556762695
calibration_test/ece:	0.1095103919506073
calibration_test/brier:	0.3817524313926697
accuracy_test/task:	73.12737314463237
accuracy_test/concepts:	94.39701080322266
map_test/concepts:	0.9215666942975738

Epoch 123
losses_train/task:	0.5831296443939209
losses_train/concepts:	12.990229606628418
losses_train/representations:	6.2414093017578125
losses_train/total:	3.754574775695801
losses_test/task:	1.1628868579864502
losses_test/concepts:	18.33463478088379
losses_test/representations:	10.73688793182373
losses_test/total:	6.217416763305664
calibration_test/ece:	0.10142462700605392
calibration_test/brier:	0.3736463487148285
accuracy_test/task:	73.90403866068347
accuracy_test/concepts:	94.40487670898438
map_test/concepts:	0.9234427754174579

Epoch 124
losses_train/task:	0.5264497399330139
losses_train/concepts:	12.517304420471191
losses_train/representations:	5.989895343780518
losses_train/total:	3.5751492977142334
losses_test/task:	1.185308575630188
losses_test/concepts:	18.668846130371094
losses_test/representations:	10.899151802062988
losses_test/total:	6.3219380378723145
calibration_test/ece:	0.11014693975448608
calibration_test/brier:	0.3809814751148224
accuracy_test/task:	73.38626164998274
accuracy_test/concepts:	94.36500549316406
map_test/concepts:	0.9213280773975633

Epoch 125
losses_train/task:	0.6043156385421753
losses_train/concepts:	13.143937110900879
losses_train/representations:	6.557143688201904
losses_train/total:	3.8858532905578613
losses_test/task:	1.1858097314834595
losses_test/concepts:	18.542917251586914
losses_test/representations:	10.853979110717773
losses_test/total:	6.296294689178467
calibration_test/ece:	0.10610150545835495
calibration_test/brier:	0.37769848108291626
accuracy_test/task:	73.80048325854332
accuracy_test/concepts:	94.39324188232422
map_test/concepts:	0.920353597808968

Epoch 126
losses_train/task:	0.5896124839782715
losses_train/concepts:	13.423131942749023
losses_train/representations:	6.504482746124268
losses_train/total:	3.883270025253296
losses_test/task:	1.1812812089920044
losses_test/concepts:	18.598175048828125
losses_test/representations:	10.927424430847168
losses_test/total:	6.319327354431152
calibration_test/ece:	0.10347019135951996
calibration_test/brier:	0.37681347131729126
accuracy_test/task:	73.76596479116327
accuracy_test/concepts:	94.35935974121094
map_test/concepts:	0.9212405463511294

Epoch 127
losses_train/task:	0.5545967221260071
losses_train/concepts:	12.679780960083008
losses_train/representations:	6.100791931152344
losses_train/total:	3.6528127193450928
losses_test/task:	1.174729585647583
losses_test/concepts:	18.51567268371582
losses_test/representations:	10.856646537780762
losses_test/total:	6.283290386199951
calibration_test/ece:	0.10448318719863892
calibration_test/brier:	0.37706103920936584
accuracy_test/task:	73.45529858474283
accuracy_test/concepts:	94.35906982421875
map_test/concepts:	0.9202370100400664

Epoch 128
losses_train/task:	0.5388409495353699
losses_train/concepts:	12.357336044311523
losses_train/representations:	5.893933296203613
losses_train/total:	3.5427534580230713
losses_test/task:	1.1711456775665283
losses_test/concepts:	18.379846572875977
losses_test/representations:	10.74708080291748
losses_test/total:	6.2332539558410645
calibration_test/ece:	0.10664151608943939
calibration_test/brier:	0.37335944175720215
accuracy_test/task:	74.05937176389368
accuracy_test/concepts:	94.43624114990234
map_test/concepts:	0.9223597871986302

Epoch 129
losses_train/task:	0.5387845635414124
losses_train/concepts:	12.65919017791748
losses_train/representations:	6.14108419418335
losses_train/total:	3.6470284461975098
losses_test/task:	1.191631555557251
losses_test/concepts:	18.715303421020508
losses_test/representations:	10.865214347839355
losses_test/total:	6.322725296020508
calibration_test/ece:	0.11134511232376099
calibration_test/brier:	0.3776223063468933
accuracy_test/task:	73.7141870900932
accuracy_test/concepts:	94.41586303710938
map_test/concepts:	0.920839022370902

Epoch 130
losses_train/task:	0.5860392451286316
losses_train/concepts:	13.120189666748047
losses_train/representations:	6.44171142578125
losses_train/total:	3.8305718898773193
losses_test/task:	1.1836634874343872
losses_test/concepts:	18.666406631469727
losses_test/representations:	10.829635620117188
losses_test/total:	6.299193859100342
calibration_test/ece:	0.10724925994873047
calibration_test/brier:	0.37760916352272034
accuracy_test/task:	73.76596479116327
accuracy_test/concepts:	94.36344909667969
map_test/concepts:	0.920934836295518

Epoch 131
losses_train/task:	0.5169739723205566
losses_train/concepts:	12.103106498718262
losses_train/representations:	5.845119953155518
losses_train/total:	3.4808201789855957
losses_test/task:	1.1932069063186646
losses_test/concepts:	18.95008087158203
losses_test/representations:	10.807727813720703
losses_test/total:	6.330533504486084
calibration_test/ece:	0.10806412994861603
calibration_test/brier:	0.377888023853302
accuracy_test/task:	73.9212978943735
accuracy_test/concepts:	94.43689727783203
map_test/concepts:	0.9218476380814206

Epoch 132
losses_train/task:	0.5104387998580933
losses_train/concepts:	11.745412826538086
losses_train/representations:	5.600757122039795
losses_train/total:	3.3652069568634033
losses_test/task:	1.1906007528305054
losses_test/concepts:	18.53689956665039
losses_test/representations:	10.844277381896973
losses_test/total:	6.297573089599609
calibration_test/ece:	0.1085418164730072
calibration_test/brier:	0.3774377703666687
accuracy_test/task:	74.04211253020365
accuracy_test/concepts:	94.39545440673828
map_test/concepts:	0.9200794532895088

Epoch 133
losses_train/task:	0.5530010461807251
losses_train/concepts:	12.342134475708008
losses_train/representations:	6.007850646972656
losses_train/total:	3.589569568634033
losses_test/task:	1.1860566139221191
losses_test/concepts:	18.824243545532227
losses_test/representations:	10.827629089355469
losses_test/total:	6.316770553588867
calibration_test/ece:	0.10396021604537964
calibration_test/brier:	0.37787947058677673
accuracy_test/task:	74.19744563341388
accuracy_test/concepts:	94.41584014892578
map_test/concepts:	0.9209776616909288

Epoch 134
losses_train/task:	0.5789933204650879
losses_train/concepts:	13.11864948272705
losses_train/representations:	6.250666618347168
losses_train/total:	3.7660582065582275
losses_test/task:	1.1938992738723755
losses_test/concepts:	18.757427215576172
losses_test/representations:	10.79810619354248
losses_test/total:	6.309073448181152
calibration_test/ece:	0.1130717396736145
calibration_test/brier:	0.3810660243034363
accuracy_test/task:	73.67966862271315
accuracy_test/concepts:	94.43248748779297
map_test/concepts:	0.921506001597101

Epoch 135
losses_train/task:	0.5665594339370728
losses_train/concepts:	12.536571502685547
losses_train/representations:	6.013370990753174
losses_train/total:	3.62422776222229
losses_test/task:	1.1786752939224243
losses_test/concepts:	18.46696662902832
losses_test/representations:	10.778899192810059
losses_test/total:	6.259041786193848
calibration_test/ece:	0.10764798521995544
calibration_test/brier:	0.377034455537796
accuracy_test/task:	73.88677942699344
accuracy_test/concepts:	94.43623352050781
map_test/concepts:	0.9207002941857685

Epoch 136
losses_train/task:	0.5307712554931641
losses_train/concepts:	11.955204963684082
losses_train/representations:	5.818666934967041
losses_train/total:	3.4718921184539795
losses_test/task:	1.2021931409835815
losses_test/concepts:	18.861474990844727
losses_test/representations:	10.944808959960938
losses_test/total:	6.37178373336792
calibration_test/ece:	0.110372394323349
calibration_test/brier:	0.38119789958000183
accuracy_test/task:	73.69692785640318
accuracy_test/concepts:	94.42149353027344
map_test/concepts:	0.918991102820093

Epoch 137
losses_train/task:	0.5398722290992737
losses_train/concepts:	12.56035327911377
losses_train/representations:	6.05946159362793
losses_train/total:	3.613746166229248
losses_test/task:	1.2024532556533813
losses_test/concepts:	18.688446044921875
losses_test/representations:	10.893292427062988
losses_test/total:	6.339285373687744
calibration_test/ece:	0.11045379936695099
calibration_test/brier:	0.38120198249816895
accuracy_test/task:	73.80048325854332
accuracy_test/concepts:	94.39452362060547
map_test/concepts:	0.9192450294440443

Epoch 138
losses_train/task:	0.5212537050247192
losses_train/concepts:	12.02505874633789
losses_train/representations:	5.775669574737549
losses_train/total:	3.45646071434021
losses_test/task:	1.1883876323699951
losses_test/concepts:	18.643922805786133
losses_test/representations:	10.791719436645508
losses_test/total:	6.290294647216797
calibration_test/ece:	0.11047472804784775
calibration_test/brier:	0.3777270019054413
accuracy_test/task:	73.7832240248533
accuracy_test/concepts:	94.45256805419922
map_test/concepts:	0.9207326194102113

Epoch 139
losses_train/task:	0.5557040572166443
losses_train/concepts:	13.103090286254883
losses_train/representations:	6.3073344230651855
losses_train/total:	3.7582130432128906
losses_test/task:	1.1801235675811768
losses_test/concepts:	18.514427185058594
losses_test/representations:	10.751665115356445
losses_test/total:	6.257066249847412
calibration_test/ece:	0.10843829810619354
calibration_test/brier:	0.37587860226631165
accuracy_test/task:	74.1456679323438
accuracy_test/concepts:	94.44943237304688
map_test/concepts:	0.9210549949245019

Epoch 140
losses_train/task:	0.507408857345581
losses_train/concepts:	11.709227561950684
losses_train/representations:	5.688753128051758
losses_train/total:	3.384958267211914
losses_test/task:	1.1784474849700928
losses_test/concepts:	18.569055557250977
losses_test/representations:	10.738515853881836
losses_test/total:	6.256908416748047
calibration_test/ece:	0.10369718074798584
calibration_test/brier:	0.37376949191093445
accuracy_test/task:	74.19744563341388
accuracy_test/concepts:	94.43846130371094
map_test/concepts:	0.9205314504829321

Epoch 141
losses_train/task:	0.5377756357192993
losses_train/concepts:	12.349808692932129
losses_train/representations:	5.930037498474121
losses_train/total:	3.5517678260803223
losses_test/task:	1.1788415908813477
losses_test/concepts:	18.54732322692871
losses_test/representations:	10.757614135742188
losses_test/total:	6.260858535766602
calibration_test/ece:	0.10856170952320099
calibration_test/brier:	0.375458687543869
accuracy_test/task:	73.7832240248533
accuracy_test/concepts:	94.43939208984375
map_test/concepts:	0.9208138139410452

Epoch 142
losses_train/task:	0.5550576448440552
losses_train/concepts:	12.973549842834473
losses_train/representations:	6.184559345245361
losses_train/total:	3.707780361175537
losses_test/task:	1.1765280961990356
losses_test/concepts:	18.584632873535156
losses_test/representations:	10.711904525756836
losses_test/total:	6.248561859130859
calibration_test/ece:	0.10663264244794846
calibration_test/brier:	0.37390217185020447
accuracy_test/task:	73.9212978943735
accuracy_test/concepts:	94.45572662353516
map_test/concepts:	0.9230931226502765

Epoch 143
losses_train/task:	0.5386571288108826
losses_train/concepts:	12.229331970214844
losses_train/representations:	5.990294456481934
losses_train/total:	3.558678388595581
losses_test/task:	1.170453667640686
losses_test/concepts:	18.66939353942871
losses_test/representations:	10.654170036315918
losses_test/total:	6.233643531799316
calibration_test/ece:	0.10293002426624298
calibration_test/brier:	0.3724901080131531
accuracy_test/task:	74.35277873662409
accuracy_test/concepts:	94.48614501953125
map_test/concepts:	0.9229072807864709

Epoch 144
losses_train/task:	0.5196790099143982
losses_train/concepts:	12.25791072845459
losses_train/representations:	5.790396690368652
losses_train/total:	3.48258900642395
losses_test/task:	1.1852052211761475
losses_test/concepts:	18.904714584350586
losses_test/representations:	10.780525207519531
losses_test/total:	6.3098344802856445
calibration_test/ece:	0.1077379435300827
calibration_test/brier:	0.3762735426425934
accuracy_test/task:	73.83500172592336
accuracy_test/concepts:	94.44754791259766
map_test/concepts:	0.9213015305725011

Epoch 145
losses_train/task:	0.5269407033920288
losses_train/concepts:	12.457408905029297
losses_train/representations:	5.89205265045166
losses_train/total:	3.540297269821167
losses_test/task:	1.1814043521881104
losses_test/concepts:	18.808305740356445
losses_test/representations:	10.77575397491455
losses_test/total:	6.294960975646973
calibration_test/ece:	0.10860967636108398
calibration_test/brier:	0.3755338788032532
accuracy_test/task:	73.67966862271315
accuracy_test/concepts:	96.02127075195312
map_test/concepts:	0.9226342752575875

Epoch 146
losses_train/task:	0.5222921371459961
losses_train/concepts:	12.271156311035156
losses_train/representations:	5.759256362915039
losses_train/total:	3.4771852493286133
losses_test/task:	1.183495044708252
losses_test/concepts:	18.729530334472656
losses_test/representations:	10.804540634155273
losses_test/total:	6.2978105545043945
calibration_test/ece:	0.10605525225400925
calibration_test/brier:	0.37407055497169495
accuracy_test/task:	74.00759406282361
accuracy_test/concepts:	96.03853607177734
map_test/concepts:	0.9209825145927343

Epoch 147
losses_train/task:	0.5254548788070679
losses_train/concepts:	12.22733211517334
losses_train/representations:	5.736876964569092
losses_train/total:	3.4692516326904297
losses_test/task:	1.185347318649292
losses_test/concepts:	18.816448211669922
losses_test/representations:	10.766376495361328
losses_test/total:	6.296905517578125
calibration_test/ece:	0.10340026766061783
calibration_test/brier:	0.3727818429470062
accuracy_test/task:	74.38729720400414
accuracy_test/concepts:	96.06645965576172
map_test/concepts:	0.9220258158716288

Epoch 148
losses_train/task:	0.5601422190666199
losses_train/concepts:	12.858593940734863
losses_train/representations:	6.076746940612793
losses_train/total:	3.6690258979797363
losses_test/task:	1.1787604093551636
losses_test/concepts:	18.63063621520996
losses_test/representations:	10.800188064575195
losses_test/total:	6.281879901885986
calibration_test/ece:	0.10360091924667358
calibration_test/brier:	0.37490737438201904
accuracy_test/task:	74.2147048671039
accuracy_test/concepts:	96.01876831054688
map_test/concepts:	0.9204958123239604

Epoch 149
losses_train/task:	0.5508090257644653
losses_train/concepts:	12.76276683807373
losses_train/representations:	6.094226837158203
losses_train/total:	3.6553540229797363
losses_test/task:	1.1836395263671875
losses_test/concepts:	18.923341751098633
losses_test/representations:	10.76407241821289
losses_test/total:	6.3051958084106445
calibration_test/ece:	0.10615488141775131
calibration_test/brier:	0.37524884939193726
accuracy_test/task:	74.1456679323438
accuracy_test/concepts:	94.47297668457031
map_test/concepts:	0.921006912399422

Epoch 150
losses_train/task:	0.506738543510437
losses_train/concepts:	11.800480842590332
losses_train/representations:	5.616671085357666
losses_train/total:	3.371788263320923
losses_test/task:	1.1875334978103638
losses_test/concepts:	18.697757720947266
losses_test/representations:	10.809076309204102
losses_test/total:	6.3000311851501465
calibration_test/ece:	0.10172083973884583
calibration_test/brier:	0.37489163875579834
accuracy_test/task:	74.31826026924405
accuracy_test/concepts:	94.48834228515625
map_test/concepts:	0.9218006631190127

Epoch 151
losses_train/task:	0.5258715748786926
losses_train/concepts:	11.822925567626953
losses_train/representations:	5.739357948303223
losses_train/total:	3.42997145652771
losses_test/task:	1.1838979721069336
losses_test/concepts:	18.86659812927246
losses_test/representations:	10.792214393615723
losses_test/total:	6.30822229385376
calibration_test/ece:	0.10446731001138687
calibration_test/brier:	0.3758675158023834
accuracy_test/task:	74.02485329651364
accuracy_test/concepts:	96.05767059326172
map_test/concepts:	0.9201746809211644

Epoch 152
losses_train/task:	0.5301138758659363
losses_train/concepts:	12.147812843322754
losses_train/representations:	5.811446666717529
losses_train/total:	3.4883296489715576
losses_test/task:	1.1766568422317505
losses_test/concepts:	18.70547103881836
losses_test/representations:	10.729354858398438
losses_test/total:	6.266010761260986
calibration_test/ece:	0.10643205046653748
calibration_test/brier:	0.37523648142814636
accuracy_test/task:	74.05937176389368
accuracy_test/concepts:	96.05297088623047
map_test/concepts:	0.9220323377034881

Epoch 153
losses_train/task:	0.5379243493080139
losses_train/concepts:	12.32493782043457
losses_train/representations:	5.8570733070373535
losses_train/total:	3.527540445327759
losses_test/task:	1.1743576526641846
losses_test/concepts:	18.67066192626953
losses_test/representations:	10.699625968933105
losses_test/total:	6.251312255859375
calibration_test/ece:	0.10730567574501038
calibration_test/brier:	0.37536486983299255
accuracy_test/task:	74.12840869865379
accuracy_test/concepts:	96.068359375
map_test/concepts:	0.9225904625925151

Epoch 154
losses_train/task:	0.5157467722892761
losses_train/concepts:	11.767548561096191
losses_train/representations:	5.528625011444092
losses_train/total:	3.3510892391204834
losses_test/task:	1.1708396673202515
losses_test/concepts:	18.780590057373047
losses_test/representations:	10.714521408081055
losses_test/total:	6.263256072998047
calibration_test/ece:	0.10702794790267944
calibration_test/brier:	0.376993328332901
accuracy_test/task:	73.90403866068347
accuracy_test/concepts:	96.10443878173828
map_test/concepts:	0.9232025936245918

Epoch 155
losses_train/task:	0.515250027179718
losses_train/concepts:	12.221630096435547
losses_train/representations:	5.69166898727417
losses_train/total:	3.4449143409729004
losses_test/task:	1.1653860807418823
losses_test/concepts:	18.50242805480957
losses_test/representations:	10.649690628051758
losses_test/total:	6.210535526275635
calibration_test/ece:	0.10598938167095184
calibration_test/brier:	0.37367159128189087
accuracy_test/task:	74.05937176389368
accuracy_test/concepts:	96.0853042602539
map_test/concepts:	0.9224044917659326

Epoch 156
losses_train/task:	0.5134745240211487
losses_train/concepts:	12.024975776672363
losses_train/representations:	5.624340057373047
losses_train/total:	3.4032740592956543
losses_test/task:	1.1741119623184204
losses_test/concepts:	18.61281967163086
losses_test/representations:	10.667330741882324
losses_test/total:	6.235592365264893
calibration_test/ece:	0.10493969917297363
calibration_test/brier:	0.37333133816719055
accuracy_test/task:	74.23196410079393
accuracy_test/concepts:	96.07024383544922
map_test/concepts:	0.9221723230047659

Epoch 157
losses_train/task:	0.5371862053871155
losses_train/concepts:	12.485794067382812
losses_train/representations:	5.980799674987793
losses_train/total:	3.580005645751953
losses_test/task:	1.1752228736877441
losses_test/concepts:	18.8593807220459
losses_test/representations:	10.664709091186523
losses_test/total:	6.2605743408203125
calibration_test/ece:	0.10662039369344711
calibration_test/brier:	0.37619054317474365
accuracy_test/task:	74.12840869865379
accuracy_test/concepts:	96.0893783569336
map_test/concepts:	0.9231033573096449

Epoch 158
losses_train/task:	0.5459624528884888
losses_train/concepts:	12.369815826416016
losses_train/representations:	5.880502700805664
losses_train/total:	3.5470948219299316
losses_test/task:	1.1757715940475464
losses_test/concepts:	18.80281639099121
losses_test/representations:	10.662773132324219
losses_test/total:	6.254886150360107
calibration_test/ece:	0.10777240246534348
calibration_test/brier:	0.3753637969493866
accuracy_test/task:	74.09389023127373
accuracy_test/concepts:	96.12358093261719
map_test/concepts:	0.922761256992817

Epoch 159
losses_train/task:	0.5091513991355896
losses_train/concepts:	11.883516311645508
losses_train/representations:	5.5915846824646
losses_train/total:	3.374978542327881
losses_test/task:	1.1876314878463745
losses_test/concepts:	18.977750778198242
losses_test/representations:	10.736577033996582
losses_test/total:	6.306379795074463
calibration_test/ece:	0.11246845126152039
calibration_test/brier:	0.37631651759147644
accuracy_test/task:	73.74870555747324
accuracy_test/concepts:	96.11447143554688
map_test/concepts:	0.9213458146561276

Epoch 160
losses_train/task:	0.49754634499549866
losses_train/concepts:	11.51271915435791
losses_train/representations:	5.342156410217285
losses_train/total:	3.251465082168579
losses_test/task:	1.1805044412612915
losses_test/concepts:	18.733871459960938
losses_test/representations:	10.738493919372559
losses_test/total:	6.275439262390137
calibration_test/ece:	0.11042166501283646
calibration_test/brier:	0.37510520219802856
accuracy_test/task:	73.6451501553331
accuracy_test/concepts:	96.06645965576172
map_test/concepts:	0.9204334040934389

Epoch 161
losses_train/task:	0.5091548562049866
losses_train/concepts:	11.866859436035156
losses_train/representations:	5.609570503234863
losses_train/total:	3.3787121772766113
losses_test/task:	1.1926895380020142
losses_test/concepts:	19.046855926513672
losses_test/representations:	10.701655387878418
losses_test/total:	6.307872772216797
calibration_test/ece:	0.1070040762424469
calibration_test/brier:	0.3770987093448639
accuracy_test/task:	74.24922333448394
accuracy_test/concepts:	96.07840728759766
map_test/concepts:	0.9209039394151081

Epoch 162
losses_train/task:	0.4971368610858917
losses_train/concepts:	11.776905059814453
losses_train/representations:	5.543006420135498
losses_train/total:	3.3377299308776855
losses_test/task:	1.1923590898513794
losses_test/concepts:	18.885990142822266
losses_test/representations:	10.74859619140625
losses_test/total:	6.305535316467285
calibration_test/ece:	0.10926778614521027
calibration_test/brier:	0.37652158737182617
accuracy_test/task:	73.99033482913359
accuracy_test/concepts:	96.10851287841797
map_test/concepts:	0.9220432496883653

Epoch 163
losses_train/task:	0.4916154742240906
losses_train/concepts:	11.70157241821289
losses_train/representations:	5.507822036743164
losses_train/total:	3.314119338989258
losses_test/task:	1.2024121284484863
losses_test/concepts:	18.940196990966797
losses_test/representations:	10.80267333984375
losses_test/total:	6.337234020233154
calibration_test/ece:	0.11020496487617493
calibration_test/brier:	0.3790286183357239
accuracy_test/task:	74.05937176389368
accuracy_test/concepts:	96.07807159423828
map_test/concepts:	0.92002807083455

Epoch 164
losses_train/task:	0.5075476169586182
losses_train/concepts:	11.836629867553711
losses_train/representations:	5.534712314605713
losses_train/total:	3.3516244888305664
losses_test/task:	1.2050771713256836
losses_test/concepts:	19.114959716796875
losses_test/representations:	10.841291427612305
losses_test/total:	6.368961811065674
calibration_test/ece:	0.11212228238582611
calibration_test/brier:	0.38021785020828247
accuracy_test/task:	73.67966862271315
accuracy_test/concepts:	94.54170227050781
map_test/concepts:	0.9203722638162699

Epoch 165
losses_train/task:	0.5050549507141113
losses_train/concepts:	12.017960548400879
losses_train/representations:	5.630863666534424
losses_train/total:	3.3961102962493896
losses_test/task:	1.1941583156585693
losses_test/concepts:	18.919605255126953
losses_test/representations:	10.734774589538574
losses_test/total:	6.3065505027771
calibration_test/ece:	0.11019568145275116
calibration_test/brier:	0.37706539034843445
accuracy_test/task:	74.0766309975837
accuracy_test/concepts:	96.11729431152344
map_test/concepts:	0.9210372825915163

Epoch 166
losses_train/task:	0.50725919008255
losses_train/concepts:	11.814885139465332
losses_train/representations:	5.667279243469238
losses_train/total:	3.3889310359954834
losses_test/task:	1.1952807903289795
losses_test/concepts:	19.329906463623047
losses_test/representations:	10.704986572265625
losses_test/total:	6.339766979217529
calibration_test/ece:	0.11094512790441513
calibration_test/brier:	0.37689346075057983
accuracy_test/task:	73.93855712806351
accuracy_test/concepts:	96.10601043701172
map_test/concepts:	0.9204677808013829

Epoch 167
losses_train/task:	0.5214145183563232
losses_train/concepts:	12.270448684692383
losses_train/representations:	5.794247150421143
losses_train/total:	3.4867336750030518
losses_test/task:	1.1893936395645142
losses_test/concepts:	19.31465721130371
losses_test/representations:	10.62048625946045
losses_test/total:	6.307003498077393
calibration_test/ece:	0.10699795931577682
calibration_test/brier:	0.3738709092140198
accuracy_test/task:	74.38729720400414
accuracy_test/concepts:	96.15556335449219
map_test/concepts:	0.9204846565019

Epoch 168
losses_train/task:	0.5133833289146423
losses_train/concepts:	12.036579132080078
losses_train/representations:	5.637572765350342
losses_train/total:	3.408313274383545
losses_test/task:	1.1849522590637207
losses_test/concepts:	19.028568267822266
losses_test/representations:	10.616544723510742
losses_test/total:	6.272772789001465
calibration_test/ece:	0.10827068239450455
calibration_test/brier:	0.37394002079963684
accuracy_test/task:	74.05937176389368
accuracy_test/concepts:	94.57650756835938
map_test/concepts:	0.9224966004490852

Epoch 169
losses_train/task:	0.5247002243995667
losses_train/concepts:	12.093729019165039
losses_train/representations:	5.665554046630859
losses_train/total:	3.4337384700775146
losses_test/task:	1.1933246850967407
losses_test/concepts:	19.085552215576172
losses_test/representations:	10.737004280090332
losses_test/total:	6.32297945022583
calibration_test/ece:	0.10985054820775986
calibration_test/brier:	0.37594524025917053
accuracy_test/task:	74.16292716603382
accuracy_test/concepts:	96.16844940185547
map_test/concepts:	0.9191969263282689

Epoch 170
losses_train/task:	0.4886326789855957
losses_train/concepts:	11.483794212341309
losses_train/representations:	5.406399726867676
losses_train/total:	3.25893235206604
losses_test/task:	1.1922770738601685
losses_test/concepts:	19.118038177490234
losses_test/representations:	10.70134162902832
losses_test/total:	6.314483642578125
calibration_test/ece:	0.11038190126419067
calibration_test/brier:	0.3760266602039337
accuracy_test/task:	73.86952019330342
accuracy_test/concepts:	96.12923431396484
map_test/concepts:	0.9206107864325697

Epoch 171
losses_train/task:	0.5079951286315918
losses_train/concepts:	11.911528587341309
losses_train/representations:	5.627552509307861
losses_train/total:	3.3874144554138184
losses_test/task:	1.1887686252593994
losses_test/concepts:	18.941478729248047
losses_test/representations:	10.693883895874023
losses_test/total:	6.29108190536499
calibration_test/ece:	0.1102408915758133
calibration_test/brier:	0.3741002380847931
accuracy_test/task:	74.16292716603382
accuracy_test/concepts:	96.17031860351562
map_test/concepts:	0.92119914713231

Epoch 172
losses_train/task:	0.540891170501709
losses_train/concepts:	12.568486213684082
losses_train/representations:	5.960836410522461
losses_train/total:	3.585991144180298
losses_test/task:	1.1901295185089111
losses_test/concepts:	18.846818923950195
losses_test/representations:	10.74681568145752
losses_test/total:	6.298854827880859
calibration_test/ece:	0.1089082881808281
calibration_test/brier:	0.37413886189460754
accuracy_test/task:	74.16292716603382
accuracy_test/concepts:	96.10411834716797
map_test/concepts:	0.9212911376898939

Epoch 173
losses_train/task:	0.49060818552970886
losses_train/concepts:	11.529748916625977
losses_train/representations:	5.516063690185547
losses_train/total:	3.2984025478363037
losses_test/task:	1.1818195581436157
losses_test/concepts:	18.753759384155273
losses_test/representations:	10.623627662658691
losses_test/total:	6.244284629821777
calibration_test/ece:	0.10649546980857849
calibration_test/brier:	0.3700130581855774
accuracy_test/task:	74.54263030721437
accuracy_test/concepts:	96.1854019165039
map_test/concepts:	0.920269570431926

Epoch 174
losses_train/task:	0.5108839869499207
losses_train/concepts:	11.854191780090332
losses_train/representations:	5.586562633514404
losses_train/total:	3.372271776199341
losses_test/task:	1.1834629774093628
losses_test/concepts:	18.79483985900879
losses_test/representations:	10.600269317626953
losses_test/total:	6.243028163909912
calibration_test/ece:	0.10493125021457672
calibration_test/brier:	0.37056222558021545
accuracy_test/task:	74.68070417673455
accuracy_test/concepts:	96.16845703125
map_test/concepts:	0.9224258876659653

Epoch 175
losses_train/task:	0.5047571063041687
losses_train/concepts:	11.709662437438965
losses_train/representations:	5.5092034339904785
losses_train/total:	3.328483819961548
losses_test/task:	1.1803256273269653
losses_test/concepts:	18.824134826660156
losses_test/representations:	10.60059928894043
losses_test/total:	6.242918491363525
calibration_test/ece:	0.10813723504543304
calibration_test/brier:	0.3732346296310425
accuracy_test/task:	74.26648256817397
accuracy_test/concepts:	94.57025146484375
map_test/concepts:	0.9217770965261893

Epoch 176
losses_train/task:	0.47839757800102234
losses_train/concepts:	11.325211524963379
losses_train/representations:	5.248858451843262
losses_train/total:	3.1855766773223877
losses_test/task:	1.17958664894104
losses_test/concepts:	18.805742263793945
losses_test/representations:	10.59572982788086
losses_test/total:	6.238879680633545
calibration_test/ece:	0.10730089992284775
calibration_test/brier:	0.3742884695529938
accuracy_test/task:	74.2147048671039
accuracy_test/concepts:	96.14678955078125
map_test/concepts:	0.9223877623677254

Epoch 177
losses_train/task:	0.4956375062465668
losses_train/concepts:	11.91502571105957
losses_train/representations:	5.618561744689941
losses_train/total:	3.372708559036255
losses_test/task:	1.1955441236495972
losses_test/concepts:	19.041715621948242
losses_test/representations:	10.631214141845703
losses_test/total:	6.289079666137695
calibration_test/ece:	0.11327989399433136
calibration_test/brier:	0.37761205434799194
accuracy_test/task:	73.86952019330342
accuracy_test/concepts:	94.62075805664062
map_test/concepts:	0.9203236881982196

Epoch 178
losses_train/task:	0.5098065137863159
losses_train/concepts:	11.719766616821289
losses_train/representations:	5.622488975524902
losses_train/total:	3.368530035018921
losses_test/task:	1.210108757019043
losses_test/concepts:	19.244714736938477
losses_test/representations:	10.720876693725586
losses_test/total:	6.35084342956543
calibration_test/ece:	0.10953795164823532
calibration_test/brier:	0.3816520571708679
accuracy_test/task:	74.00759406282361
accuracy_test/concepts:	96.16091918945312
map_test/concepts:	0.9218246025117961

Epoch 179
losses_train/task:	0.5193279981613159
losses_train/concepts:	11.83384895324707
losses_train/representations:	5.591885089874268
losses_train/total:	3.3802778720855713
losses_test/task:	1.1914442777633667
losses_test/concepts:	18.81511878967285
losses_test/representations:	10.639213562011719
losses_test/total:	6.264719486236572
calibration_test/ece:	0.11057209223508835
calibration_test/brier:	0.3795134127140045
accuracy_test/task:	73.76596479116327
accuracy_test/concepts:	94.54231262207031
map_test/concepts:	0.9212773159146309

Epoch 180
losses_train/task:	0.48135241866111755
losses_train/concepts:	11.67832088470459
losses_train/representations:	5.481194496154785
losses_train/total:	3.2935433387756348
losses_test/task:	1.1961702108383179
losses_test/concepts:	18.680490493774414
losses_test/representations:	10.666278839111328
losses_test/total:	6.264103412628174
calibration_test/ece:	0.10750240087509155
calibration_test/brier:	0.3778121769428253
accuracy_test/task:	74.09389023127373
accuracy_test/concepts:	94.5843734741211
map_test/concepts:	0.9205168473449621

Epoch 181
losses_train/task:	0.4832531809806824
losses_train/concepts:	11.467717170715332
losses_train/representations:	5.501718044281006
losses_train/total:	3.280540704727173
losses_test/task:	1.194544792175293
losses_test/concepts:	18.79002571105957
losses_test/representations:	10.55735969543457
losses_test/total:	6.240755081176758
calibration_test/ece:	0.11004656553268433
calibration_test/brier:	0.37783217430114746
accuracy_test/task:	73.99033482913359
accuracy_test/concepts:	96.17377471923828
map_test/concepts:	0.9208823311057958

Epoch 182
losses_train/task:	0.4788713753223419
losses_train/concepts:	11.292708396911621
losses_train/representations:	5.344492435455322
losses_train/total:	3.2114903926849365
losses_test/task:	1.1913996934890747
losses_test/concepts:	18.912906646728516
losses_test/representations:	10.609807968139648
losses_test/total:	6.265633583068848
calibration_test/ece:	0.108725905418396
calibration_test/brier:	0.3763998746871948
accuracy_test/task:	74.24922333448394
accuracy_test/concepts:	96.15619659423828
map_test/concepts:	0.9196627539667216

Epoch 183
losses_train/task:	0.5029494166374207
losses_train/concepts:	12.085909843444824
losses_train/representations:	5.745849609375
losses_train/total:	3.435295820236206
losses_test/task:	1.2087783813476562
losses_test/concepts:	19.371782302856445
losses_test/representations:	10.783280372619629
losses_test/total:	6.380940914154053
calibration_test/ece:	0.1105884537100792
calibration_test/brier:	0.3784194886684418
accuracy_test/task:	74.11114946496376
accuracy_test/concepts:	96.1762924194336
map_test/concepts:	0.9204409099437973

Epoch 184
losses_train/task:	0.5190598964691162
losses_train/concepts:	11.707769393920898
losses_train/representations:	5.486020565032959
losses_train/total:	3.3356432914733887
losses_test/task:	1.197396159172058
losses_test/concepts:	19.106714248657227
losses_test/representations:	10.716217994689941
losses_test/total:	6.322934627532959
calibration_test/ece:	0.10958541929721832
calibration_test/brier:	0.378641813993454
accuracy_test/task:	74.02485329651364
accuracy_test/concepts:	96.14617156982422
map_test/concepts:	0.9199945350939577

Epoch 185
losses_train/task:	0.4900111258029938
losses_train/concepts:	11.40378475189209
losses_train/representations:	5.272157669067383
losses_train/total:	3.2120370864868164
losses_test/task:	1.1825644969940186
losses_test/concepts:	18.836854934692383
losses_test/representations:	10.646363258361816
losses_test/total:	6.260158538818359
calibration_test/ece:	0.10883566737174988
calibration_test/brier:	0.37573641538619995
accuracy_test/task:	74.12840869865379
accuracy_test/concepts:	96.15180206298828
map_test/concepts:	0.9205384740775282

Epoch 186
losses_train/task:	0.5287030339241028
losses_train/concepts:	12.615564346313477
losses_train/representations:	5.8245110511779785
losses_train/total:	3.5376126766204834
losses_test/task:	1.1850184202194214
losses_test/concepts:	18.75197982788086
losses_test/representations:	10.608083724975586
losses_test/total:	6.242641448974609
calibration_test/ece:	0.10606040060520172
calibration_test/brier:	0.3755122125148773
accuracy_test/task:	74.24922333448394
accuracy_test/concepts:	94.59188842773438
map_test/concepts:	0.9215838831934062

Epoch 187
losses_train/task:	0.472097247838974
losses_train/concepts:	11.45661735534668
losses_train/representations:	5.378643035888672
losses_train/total:	3.231351852416992
losses_test/task:	1.2037962675094604
losses_test/concepts:	19.293258666992188
losses_test/representations:	10.641451835632324
losses_test/total:	6.325557708740234
calibration_test/ece:	0.10964785516262054
calibration_test/brier:	0.37824273109436035
accuracy_test/task:	74.12840869865379
accuracy_test/concepts:	96.2080078125
map_test/concepts:	0.9193729041652245

Epoch 188
losses_train/task:	0.4648057818412781
losses_train/concepts:	10.948653221130371
losses_train/representations:	5.177022933959961
losses_train/total:	3.1127774715423584
losses_test/task:	1.203424096107483
losses_test/concepts:	19.241222381591797
losses_test/representations:	10.733476638793945
losses_test/total:	6.347590923309326
calibration_test/ece:	0.10771472752094269
calibration_test/brier:	0.37620943784713745
accuracy_test/task:	74.47359337245426
accuracy_test/concepts:	94.60633087158203
map_test/concepts:	0.9198059091513807

Epoch 189
losses_train/task:	0.46195727586746216
losses_train/concepts:	11.100364685058594
losses_train/representations:	5.135499954223633
losses_train/total:	3.1126441955566406
losses_test/task:	1.2012214660644531
losses_test/concepts:	19.348804473876953
losses_test/representations:	10.73358154296875
losses_test/total:	6.356176853179932
calibration_test/ece:	0.10919984430074692
calibration_test/brier:	0.3761832118034363
accuracy_test/task:	74.16292716603382
accuracy_test/concepts:	94.57904052734375
map_test/concepts:	0.9195786073803902

Epoch 190
losses_train/task:	0.47034797072410583
losses_train/concepts:	11.385955810546875
losses_train/representations:	5.311141014099121
losses_train/total:	3.2022852897644043
losses_test/task:	1.1978204250335693
losses_test/concepts:	19.239517211914062
losses_test/representations:	10.714712142944336
losses_test/total:	6.336186408996582
calibration_test/ece:	0.10580287128686905
calibration_test/brier:	0.3744126856327057
accuracy_test/task:	74.55988954090438
accuracy_test/concepts:	94.58467102050781
map_test/concepts:	0.918685775317929

Epoch 191
losses_train/task:	0.4921467900276184
losses_train/concepts:	11.565648078918457
losses_train/representations:	5.365944862365723
losses_train/total:	3.258495807647705
losses_test/task:	1.1834369897842407
losses_test/concepts:	19.012622833251953
losses_test/representations:	10.577178955078125
losses_test/total:	6.257853984832764
calibration_test/ece:	0.10728242248296738
calibration_test/brier:	0.3738805651664734
accuracy_test/task:	74.26648256817397
accuracy_test/concepts:	94.60099792480469
map_test/concepts:	0.9222409604625268

Epoch 192
losses_train/task:	0.5032002329826355
losses_train/concepts:	11.806794166564941
losses_train/representations:	5.504611492156982
losses_train/total:	3.3352630138397217
losses_test/task:	1.1865791082382202
losses_test/concepts:	18.93560218811035
losses_test/representations:	10.6057767868042
losses_test/total:	6.261873245239258
calibration_test/ece:	0.10236475616693497
calibration_test/brier:	0.37421369552612305
accuracy_test/task:	74.81877804625475
accuracy_test/concepts:	94.62139892578125
map_test/concepts:	0.9211308347907934

Epoch 193
losses_train/task:	0.4920475482940674
losses_train/concepts:	11.509639739990234
losses_train/representations:	5.483710765838623
losses_train/total:	3.2881243228912354
losses_test/task:	1.207812786102295
losses_test/concepts:	19.40321159362793
losses_test/representations:	10.64532470703125
losses_test/total:	6.341732501983643
calibration_test/ece:	0.10962645709514618
calibration_test/brier:	0.37714868783950806
accuracy_test/task:	74.26648256817397
accuracy_test/concepts:	94.62327575683594
map_test/concepts:	0.920029178397222

Epoch 194
losses_train/task:	0.5186148881912231
losses_train/concepts:	12.393752098083496
losses_train/representations:	5.843456268310547
losses_train/total:	3.5110275745391846
losses_test/task:	1.2094477415084839
losses_test/concepts:	19.279619216918945
losses_test/representations:	10.722612380981445
losses_test/total:	6.354194641113281
calibration_test/ece:	0.11218826472759247
calibration_test/brier:	0.3776837885379791
accuracy_test/task:	74.0766309975837
accuracy_test/concepts:	94.61731719970703
map_test/concepts:	0.921348353813995

Epoch 195
losses_train/task:	0.4670880436897278
losses_train/concepts:	11.449552536010742
losses_train/representations:	5.229449272155762
losses_train/total:	3.180878162384033
losses_test/task:	1.201928734779358
losses_test/concepts:	19.07822036743164
losses_test/representations:	10.679839134216309
losses_test/total:	6.31370210647583
calibration_test/ece:	0.1102268323302269
calibration_test/brier:	0.37602856755256653
accuracy_test/task:	74.09389023127373
accuracy_test/concepts:	94.56834411621094
map_test/concepts:	0.9209654449061914

Epoch 196
losses_train/task:	0.4884079098701477
losses_train/concepts:	11.537405967712402
losses_train/representations:	5.345508098602295
losses_train/total:	3.2458012104034424
losses_test/task:	1.20832359790802
losses_test/concepts:	19.147972106933594
losses_test/representations:	10.691704750061035
losses_test/total:	6.330635070800781
calibration_test/ece:	0.11207315325737
calibration_test/brier:	0.379413366317749
accuracy_test/task:	73.80048325854332
accuracy_test/concepts:	96.20235443115234
map_test/concepts:	0.921788576380773

Epoch 197
losses_train/task:	0.4605112373828888
losses_train/concepts:	11.111498832702637
losses_train/representations:	5.111551284790039
losses_train/total:	3.105126142501831
losses_test/task:	1.19514799118042
losses_test/concepts:	19.023019790649414
losses_test/representations:	10.594964981079102
losses_test/total:	6.275939464569092
calibration_test/ece:	0.10984279960393906
calibration_test/brier:	0.3774617910385132
accuracy_test/task:	74.04211253020365
accuracy_test/concepts:	94.61827087402344
map_test/concepts:	0.9216634066267447

Epoch 198
losses_train/task:	0.4619075655937195
losses_train/concepts:	11.0103178024292
losses_train/representations:	5.1301422119140625
losses_train/total:	3.1019816398620605
losses_test/task:	1.2113409042358398
losses_test/concepts:	19.214632034301758
losses_test/representations:	10.71588134765625
losses_test/total:	6.347569465637207
calibration_test/ece:	0.11162813007831573
calibration_test/brier:	0.37818077206611633
accuracy_test/task:	73.9212978943735
accuracy_test/concepts:	94.58560943603516
map_test/concepts:	0.920771160857244

Epoch 199
losses_train/task:	0.46188580989837646
losses_train/concepts:	11.224211692810059
losses_train/representations:	5.166811466217041
losses_train/total:	3.134350538253784
losses_test/task:	1.1969702243804932
losses_test/concepts:	19.026899337768555
losses_test/representations:	10.608259201049805
losses_test/total:	6.282139301300049
calibration_test/ece:	0.11196136474609375
calibration_test/brier:	0.37576213479042053
accuracy_test/task:	74.05937176389368
accuracy_test/concepts:	94.62860107421875
map_test/concepts:	0.9221081775697795

Epoch 200
losses_train/task:	0.48426634073257446
losses_train/concepts:	11.726844787597656
losses_train/representations:	5.4236369132995605
losses_train/total:	3.2840423583984375
losses_test/task:	1.2043137550354004
losses_test/concepts:	19.09410285949707
losses_test/representations:	10.662213325500488
losses_test/total:	6.312387466430664
calibration_train/ece:	0.015542158856987953
calibration_train/brier:	0.11749912053346634
accuracy_train/task:	90.89949324324324
calibration_test/ece:	0.11245939135551453
calibration_test/brier:	0.3771580755710602
accuracy_test/task:	73.97307559544356
accuracy_train/concepts:	96.7049331665039
map_train/concepts:	0.9719013998454268
accuracy_test/concepts:	94.5918960571289
map_test/concepts:	0.9213165986267003
accuracy_test/nuisances_task:	-0.2812951280359636
accuracy_test/nuisances_nontask:	0.0
mutual_inf_test/nuisances_task:	-0.0047967603021378475
mutual_inf_test/nuisances_nontask:	0.0

Epoch 201
losses_train/task:	0.49097174406051636
losses_train/concepts:	11.547597885131836
losses_train/representations:	5.427229404449463
losses_train/total:	3.273900032043457
losses_test/task:	1.2100900411605835
losses_test/concepts:	19.381744384765625
losses_test/representations:	10.718692779541016
losses_test/total:	6.363872528076172
calibration_test/ece:	0.11176533252000809
calibration_test/brier:	0.3777753412723541
accuracy_test/task:	73.93855712806351
accuracy_test/concepts:	94.58845520019531
map_test/concepts:	0.9210326193408532

Epoch 202
losses_train/task:	0.5192995071411133
losses_train/concepts:	12.120326042175293
losses_train/representations:	5.62139368057251
losses_train/total:	3.4177510738372803
losses_test/task:	1.2004674673080444
losses_test/concepts:	19.204465866088867
losses_test/representations:	10.641800880432129
losses_test/total:	6.313454627990723
calibration_test/ece:	0.10960954427719116
calibration_test/brier:	0.3757987320423126
accuracy_test/task:	74.12840869865379
accuracy_test/concepts:	94.60099792480469
map_test/concepts:	0.9209283762357452

Epoch 203
losses_train/task:	0.46862494945526123
losses_train/concepts:	11.1604585647583
losses_train/representations:	5.215360641479492
losses_train/total:	3.149278402328491
losses_test/task:	1.202911615371704
losses_test/concepts:	19.21544075012207
losses_test/representations:	10.664581298828125
losses_test/total:	6.32382869720459
calibration_test/ece:	0.11161057651042938
calibration_test/brier:	0.3765164613723755
accuracy_test/task:	74.0766309975837
accuracy_test/concepts:	94.6066665649414
map_test/concepts:	0.9208387850360437

Epoch 204
losses_train/task:	0.49431705474853516
losses_train/concepts:	11.81989574432373
losses_train/representations:	5.539100170135498
losses_train/total:	3.3380370140075684
losses_test/task:	1.2019537687301636
losses_test/concepts:	19.23957633972168
losses_test/representations:	10.651307106018066
losses_test/total:	6.321303844451904
calibration_test/ece:	0.11041297018527985
calibration_test/brier:	0.37535345554351807
accuracy_test/task:	74.1456679323438
accuracy_test/concepts:	94.61229705810547
map_test/concepts:	0.9218022475188429

Epoch 205
losses_train/task:	0.5148691534996033
losses_train/concepts:	11.643837928771973
losses_train/representations:	5.524445533752441
losses_train/total:	3.3365864753723145
losses_test/task:	1.207349419593811
losses_test/concepts:	19.221757888793945
losses_test/representations:	10.671517372131348
losses_test/total:	6.330979347229004
calibration_test/ece:	0.11189892888069153
calibration_test/brier:	0.37688422203063965
accuracy_test/task:	74.09389023127373
accuracy_test/concepts:	94.59033203125
map_test/concepts:	0.9208410175009207

Epoch 206
losses_train/task:	0.4463765621185303
losses_train/concepts:	11.043375968933105
losses_train/representations:	5.01185417175293
losses_train/total:	3.0542707443237305
losses_test/task:	1.201775074005127
losses_test/concepts:	19.187646865844727
losses_test/representations:	10.64781665802002
losses_test/total:	6.314883708953857
calibration_test/ece:	0.11054128408432007
calibration_test/brier:	0.37571337819099426
accuracy_test/task:	74.2147048671039
accuracy_test/concepts:	94.59783935546875
map_test/concepts:	0.9212928846478462

Epoch 207
losses_train/task:	0.4652222990989685
losses_train/concepts:	11.103744506835938
losses_train/representations:	5.102272033691406
losses_train/total:	3.10627818107605
losses_test/task:	1.2006078958511353
losses_test/concepts:	19.171154022216797
losses_test/representations:	10.668903350830078
losses_test/total:	6.318394660949707
calibration_test/ece:	0.11112896353006363
calibration_test/brier:	0.375627726316452
accuracy_test/task:	74.0766309975837
accuracy_test/concepts:	94.60633087158203
map_test/concepts:	0.9218334326689893

Epoch 208
losses_train/task:	0.4765733480453491
losses_train/concepts:	11.61901569366455
losses_train/representations:	5.30534553527832
losses_train/total:	3.2300784587860107
losses_test/task:	1.202698826789856
losses_test/concepts:	19.200613021850586
losses_test/representations:	10.636183738708496
losses_test/total:	6.313615798950195
calibration_test/ece:	0.11016719043254852
calibration_test/brier:	0.37517672777175903
accuracy_test/task:	74.31826026924405
accuracy_test/concepts:	94.63677978515625
map_test/concepts:	0.9223348258571191

Epoch 209
losses_train/task:	0.447128564119339
losses_train/concepts:	10.535551071166992
losses_train/representations:	4.949222087860107
losses_train/total:	2.985450506210327
losses_test/task:	1.2055121660232544
losses_test/concepts:	19.220434188842773
losses_test/representations:	10.671813011169434
losses_test/total:	6.329099178314209
calibration_test/ece:	0.10995630919933319
calibration_test/brier:	0.37538087368011475
accuracy_test/task:	74.19744563341388
accuracy_test/concepts:	94.61168670654297
map_test/concepts:	0.9208545130762187

Epoch 210
losses_train/task:	0.5253823399543762
losses_train/concepts:	11.853822708129883
losses_train/representations:	5.639092445373535
losses_train/total:	3.4024930000305176
losses_test/task:	1.2020469903945923
losses_test/concepts:	19.216768264770508
losses_test/representations:	10.64149284362793
losses_test/total:	6.316171646118164
calibration_test/ece:	0.1098121926188469
calibration_test/brier:	0.3748623728752136
accuracy_test/task:	74.30100103555402
accuracy_test/concepts:	94.62516021728516
map_test/concepts:	0.921305483986031

Epoch 211
losses_train/task:	0.47320929169654846
losses_train/concepts:	11.24223804473877
losses_train/representations:	5.212944984436035
losses_train/total:	3.1613166332244873
losses_test/task:	1.2041524648666382
losses_test/concepts:	19.306800842285156
losses_test/representations:	10.646979331970215
losses_test/total:	6.328926086425781
calibration_test/ece:	0.11138862371444702
calibration_test/brier:	0.3757588863372803
accuracy_test/task:	74.19744563341388
accuracy_test/concepts:	94.63489532470703
map_test/concepts:	0.9218844574960795

Epoch 212
losses_train/task:	0.49241629242897034
losses_train/concepts:	11.83942985534668
losses_train/representations:	5.475497722625732
losses_train/total:	3.3190085887908936
losses_test/task:	1.201174020767212
losses_test/concepts:	19.21957778930664
losses_test/representations:	10.643512725830078
losses_test/total:	6.316185474395752
calibration_test/ece:	0.10986274480819702
calibration_test/brier:	0.3751451075077057
accuracy_test/task:	74.19744563341388
accuracy_test/concepts:	94.61605072021484
map_test/concepts:	0.9222242863340812

Epoch 213
losses_train/task:	0.451143741607666
losses_train/concepts:	10.685748100280762
losses_train/representations:	5.0309224128723145
losses_train/total:	3.0289955139160156
losses_test/task:	1.2002979516983032
losses_test/concepts:	19.261581420898438
losses_test/representations:	10.625692367553711
losses_test/total:	6.314164161682129
calibration_test/ece:	0.1103651225566864
calibration_test/brier:	0.37547218799591064
accuracy_test/task:	74.23196410079393
accuracy_test/concepts:	94.64398193359375
map_test/concepts:	0.9211742865768346

Epoch 214
losses_train/task:	0.4705370366573334
losses_train/concepts:	11.058740615844727
losses_train/representations:	5.125540256500244
losses_train/total:	3.1140732765197754
losses_test/task:	1.1877403259277344
losses_test/concepts:	19.11286163330078
losses_test/representations:	10.586892127990723
losses_test/total:	6.275093078613281
calibration_test/ece:	0.10731293261051178
calibration_test/brier:	0.37231385707855225
accuracy_test/task:	74.4218156713842
accuracy_test/concepts:	94.6282958984375
map_test/concepts:	0.9211615561084314

Epoch 215
losses_train/task:	0.4395449459552765
losses_train/concepts:	10.712696075439453
losses_train/representations:	4.901003837585449
losses_train/total:	2.9811160564422607
losses_test/task:	1.1950054168701172
losses_test/concepts:	19.115562438964844
losses_test/representations:	10.609689712524414
losses_test/total:	6.289469242095947
calibration_test/ece:	0.11022281646728516
calibration_test/brier:	0.37428903579711914
accuracy_test/task:	74.283741801864
accuracy_test/concepts:	94.62390899658203
map_test/concepts:	0.9202876078811559

Epoch 216
losses_train/task:	0.4441261291503906
losses_train/concepts:	10.971855163574219
losses_train/representations:	4.952780723571777
losses_train/total:	3.027146100997925
losses_test/task:	1.2010209560394287
losses_test/concepts:	19.22866439819336
losses_test/representations:	10.641433715820312
losses_test/total:	6.316318035125732
calibration_test/ece:	0.11081074923276901
calibration_test/brier:	0.3752690553665161
accuracy_test/task:	74.26648256817397
accuracy_test/concepts:	94.64459991455078
map_test/concepts:	0.9218195838007059

Epoch 217
losses_train/task:	0.47731488943099976
losses_train/concepts:	11.435937881469727
losses_train/representations:	5.292497634887695
losses_train/total:	3.208657741546631
losses_test/task:	1.2053704261779785
losses_test/concepts:	19.37761116027832
losses_test/representations:	10.675471305847168
losses_test/total:	6.345773696899414
calibration_test/ece:	0.11039269715547562
calibration_test/brier:	0.3754320740699768
accuracy_test/task:	74.31826026924405
accuracy_test/concepts:	94.6267318725586
map_test/concepts:	0.9213428192517974

Epoch 218
losses_train/task:	0.4750611186027527
losses_train/concepts:	10.968714714050293
losses_train/representations:	5.13253116607666
losses_train/total:	3.111691951751709
losses_test/task:	1.195548415184021
losses_test/concepts:	19.1502742767334
losses_test/representations:	10.626352310180664
losses_test/total:	6.298483371734619
calibration_test/ece:	0.10835303366184235
calibration_test/brier:	0.37431031465530396
accuracy_test/task:	74.23196410079393
accuracy_test/concepts:	94.60694885253906
map_test/concepts:	0.9201622398062186

Epoch 219
losses_train/task:	0.45339730381965637
losses_train/concepts:	11.169515609741211
losses_train/representations:	5.002613544464111
losses_train/total:	3.0711331367492676
losses_test/task:	1.1974924802780151
losses_test/concepts:	19.250059127807617
losses_test/representations:	10.63062858581543
losses_test/total:	6.3116888999938965
calibration_test/ece:	0.10944802314043045
calibration_test/brier:	0.3745333254337311
accuracy_test/task:	74.26648256817397
accuracy_test/concepts:	94.61639404296875
map_test/concepts:	0.921100499277765

Epoch 220
losses_train/task:	0.45643725991249084
losses_train/concepts:	11.198936462402344
losses_train/representations:	5.083959579467773
losses_train/total:	3.1015188694000244
losses_test/task:	1.1974066495895386
losses_test/concepts:	19.145633697509766
losses_test/representations:	10.613422393798828
losses_test/total:	6.2959980964660645
calibration_test/ece:	0.10880686342716217
calibration_test/brier:	0.3746577501296997
accuracy_test/task:	74.4218156713842
accuracy_test/concepts:	94.6370849609375
map_test/concepts:	0.9209263106638735

Epoch 221
losses_train/task:	0.46048834919929504
losses_train/concepts:	11.23244571685791
losses_train/representations:	5.1458587646484375
losses_train/total:	3.127490758895874
losses_test/task:	1.1978822946548462
losses_test/concepts:	19.18379020690918
losses_test/representations:	10.619803428649902
losses_test/total:	6.302202224731445
calibration_test/ece:	0.11087475717067719
calibration_test/brier:	0.375497043132782
accuracy_test/task:	74.24922333448394
accuracy_test/concepts:	94.6270523071289
map_test/concepts:	0.9224987082860686

Epoch 222
losses_train/task:	0.44789350032806396
losses_train/concepts:	10.643696784973145
losses_train/representations:	4.874238014221191
losses_train/total:	2.974534511566162
losses_test/task:	1.1995348930358887
losses_test/concepts:	19.294336318969727
losses_test/representations:	10.609146118164062
losses_test/total:	6.311714172363281
calibration_test/ece:	0.10964754223823547
calibration_test/brier:	0.37468305230140686
accuracy_test/task:	74.52537107352434
accuracy_test/concepts:	94.65309143066406
map_test/concepts:	0.9192525515502149

Epoch 223
losses_train/task:	0.44136619567871094
losses_train/concepts:	10.599613189697266
losses_train/representations:	4.968972206115723
losses_train/total:	2.992018699645996
losses_test/task:	1.2002347707748413
losses_test/concepts:	19.290302276611328
losses_test/representations:	10.641376495361328
losses_test/total:	6.321678161621094
calibration_test/ece:	0.11096453666687012
calibration_test/brier:	0.3750811219215393
accuracy_test/task:	74.23196410079393
accuracy_test/concepts:	94.62141418457031
map_test/concepts:	0.9203232297843152

Epoch 224
losses_train/task:	0.4343344271183014
losses_train/concepts:	10.720845222473145
losses_train/representations:	4.82650089263916
losses_train/total:	2.954369306564331
losses_test/task:	1.1995017528533936
losses_test/concepts:	19.21394920349121
losses_test/representations:	10.597610473632812
losses_test/total:	6.300180435180664
calibration_test/ece:	0.11311405897140503
calibration_test/brier:	0.3749791979789734
accuracy_test/task:	74.12840869865379
accuracy_test/concepts:	94.67191314697266
map_test/concepts:	0.9222780009562319

Epoch 225
losses_train/task:	0.4581911861896515
losses_train/concepts:	10.931663513183594
losses_train/representations:	5.097029209136963
losses_train/total:	3.0804667472839355
losses_test/task:	1.1954200267791748
losses_test/concepts:	19.14836311340332
losses_test/representations:	10.57043170928955
losses_test/total:	6.281385898590088
calibration_test/ece:	0.11004717648029327
calibration_test/brier:	0.37453699111938477
accuracy_test/task:	74.31826026924405
accuracy_test/concepts:	94.66910552978516
map_test/concepts:	0.9208193896846337

Epoch 226
losses_train/task:	0.4632015824317932
losses_train/concepts:	11.125164985656738
losses_train/representations:	5.111374378204346
losses_train/total:	3.109130620956421
losses_test/task:	1.2021121978759766
losses_test/concepts:	19.22244644165039
losses_test/representations:	10.619720458984375
losses_test/total:	6.310273170471191
calibration_test/ece:	0.11143466830253601
calibration_test/brier:	0.37530311942100525
accuracy_test/task:	74.2147048671039
accuracy_test/concepts:	94.64273071289062
map_test/concepts:	0.9201097096909177

Epoch 227
losses_train/task:	0.45459139347076416
losses_train/concepts:	10.984129905700684
losses_train/representations:	5.029800891876221
losses_train/total:	3.0619444847106934
losses_test/task:	1.1936545372009277
losses_test/concepts:	19.07111167907715
losses_test/representations:	10.590210914611816
losses_test/total:	6.277829647064209
calibration_test/ece:	0.11039330810308456
calibration_test/brier:	0.37434813380241394
accuracy_test/task:	74.33551950293408
accuracy_test/concepts:	94.65496063232422
map_test/concepts:	0.9211529871279543

Epoch 228
losses_train/task:	0.45837414264678955
losses_train/concepts:	11.342483520507812
losses_train/representations:	5.145005702972412
losses_train/total:	3.1361243724823
losses_test/task:	1.196203351020813
losses_test/concepts:	19.135210037231445
losses_test/representations:	10.57940673828125
losses_test/total:	6.28354549407959
calibration_test/ece:	0.11039995402097702
calibration_test/brier:	0.3742433488368988
accuracy_test/task:	74.37003797031412
accuracy_test/concepts:	94.64900207519531
map_test/concepts:	0.920154816318642

Epoch 229
losses_train/task:	0.47199228405952454
losses_train/concepts:	11.035368919372559
losses_train/representations:	5.109562397003174
losses_train/total:	3.1083974838256836
losses_test/task:	1.1965709924697876
losses_test/concepts:	19.144290924072266
losses_test/representations:	10.590105056762695
losses_test/total:	6.28803014755249
calibration_test/ece:	0.10999438166618347
calibration_test/brier:	0.3747671842575073
accuracy_test/task:	74.37003797031412
accuracy_test/concepts:	94.65184783935547
map_test/concepts:	0.9204856025901708

Epoch 230
losses_train/task:	0.46603137254714966
losses_train/concepts:	11.23159408569336
losses_train/representations:	5.2011399269104
losses_train/total:	3.1495325565338135
losses_test/task:	1.196211576461792
losses_test/concepts:	19.15470314025879
losses_test/representations:	10.5697603225708
losses_test/total:	6.282609939575195
calibration_test/ece:	0.10995128750801086
calibration_test/brier:	0.3745206892490387
accuracy_test/task:	74.33551950293408
accuracy_test/concepts:	94.66941833496094
map_test/concepts:	0.9214871621944688

Epoch 231
losses_train/task:	0.45812705159187317
losses_train/concepts:	11.078560829162598
losses_train/representations:	5.077609062194824
losses_train/total:	3.089266538619995
losses_test/task:	1.1972416639328003
losses_test/concepts:	19.232677459716797
losses_test/representations:	10.587384223937988
losses_test/total:	6.296724319458008
calibration_test/ece:	0.10940860211849213
calibration_test/brier:	0.3742995262145996
accuracy_test/task:	74.40455643769417
accuracy_test/concepts:	94.66907501220703
map_test/concepts:	0.920252075926824

Epoch 232
losses_train/task:	0.45942890644073486
losses_train/concepts:	10.695652961730957
losses_train/representations:	4.9909987449646
losses_train/total:	3.026293992996216
losses_test/task:	1.1939737796783447
losses_test/concepts:	19.104169845581055
losses_test/representations:	10.607890129089355
losses_test/total:	6.286756992340088
calibration_test/ece:	0.11040553450584412
calibration_test/brier:	0.3752657175064087
accuracy_test/task:	74.26648256817397
accuracy_test/concepts:	94.63613891601562
map_test/concepts:	0.9221882851286368

Epoch 233
losses_train/task:	0.4383396506309509
losses_train/concepts:	10.611276626586914
losses_train/representations:	4.926643371582031
losses_train/total:	2.9774599075317383
losses_test/task:	1.194457769393921
losses_test/concepts:	19.114612579345703
losses_test/representations:	10.583341598510742
losses_test/total:	6.280921936035156
calibration_test/ece:	0.11078795790672302
calibration_test/brier:	0.3737378716468811
accuracy_test/task:	74.19744563341388
accuracy_test/concepts:	94.65120697021484
map_test/concepts:	0.9210715379227291

Epoch 234
losses_train/task:	0.462449312210083
losses_train/concepts:	11.319472312927246
losses_train/representations:	5.182345867156982
losses_train/total:	3.1491005420684814
losses_test/task:	1.1913751363754272
losses_test/concepts:	19.188371658325195
losses_test/representations:	10.537087440490723
losses_test/total:	6.271337985992432
calibration_test/ece:	0.1091608852148056
calibration_test/brier:	0.3729936182498932
accuracy_test/task:	74.35277873662409
accuracy_test/concepts:	94.67095947265625
map_test/concepts:	0.9219766702164304

Epoch 235
losses_train/task:	0.4600001871585846
losses_train/concepts:	11.095314979553223
losses_train/representations:	5.079470157623291
losses_train/total:	3.0933725833892822
losses_test/task:	1.1946885585784912
losses_test/concepts:	19.10169219970703
losses_test/representations:	10.585348129272461
losses_test/total:	6.280463218688965
calibration_test/ece:	0.10835115611553192
calibration_test/brier:	0.37443414330482483
accuracy_test/task:	74.47359337245426
accuracy_test/concepts:	94.65277099609375
map_test/concepts:	0.9215197550979528

Epoch 236
losses_train/task:	0.46858829259872437
losses_train/concepts:	11.342940330505371
losses_train/representations:	5.226012706756592
losses_train/total:	3.1706864833831787
losses_test/task:	1.1902345418930054
losses_test/concepts:	19.166275024414062
losses_test/representations:	10.528932571411133
losses_test/total:	6.265542030334473
calibration_test/ece:	0.10864581167697906
calibration_test/brier:	0.3740144670009613
accuracy_test/task:	74.45633413876423
accuracy_test/concepts:	94.6528091430664
map_test/concepts:	0.9220169022679329

Epoch 237
losses_train/task:	0.44981303811073303
losses_train/concepts:	11.231348037719727
losses_train/representations:	5.095882892608643
losses_train/total:	3.101712703704834
losses_test/task:	1.1890093088150024
losses_test/concepts:	19.078737258911133
losses_test/representations:	10.519781112670898
losses_test/total:	6.252818584442139
calibration_test/ece:	0.10949753224849701
calibration_test/brier:	0.3726538121700287
accuracy_test/task:	74.4218156713842
accuracy_test/concepts:	94.66596221923828
map_test/concepts:	0.9221532094207677

Epoch 238
losses_train/task:	0.44633927941322327
losses_train/concepts:	10.669828414916992
losses_train/representations:	4.940065860748291
losses_train/total:	2.9953415393829346
losses_test/task:	1.1989165544509888
losses_test/concepts:	19.329130172729492
losses_test/representations:	10.585492134094238
losses_test/total:	6.3074774742126465
calibration_test/ece:	0.11146193742752075
calibration_test/brier:	0.37481051683425903
accuracy_test/task:	74.24922333448394
accuracy_test/concepts:	94.67411041259766
map_test/concepts:	0.9219853486527096

Epoch 239
losses_train/task:	0.4535827338695526
losses_train/concepts:	10.915800094604492
losses_train/representations:	4.95954704284668
losses_train/total:	3.033026933670044
losses_test/task:	1.198621392250061
losses_test/concepts:	19.421438217163086
losses_test/representations:	10.572421073913574
losses_test/total:	6.312491416931152
calibration_test/ece:	0.11196662485599518
calibration_test/brier:	0.3743828237056732
accuracy_test/task:	74.19744563341388
accuracy_test/concepts:	94.6722183227539
map_test/concepts:	0.9218480314720761

Epoch 240
losses_train/task:	0.4405614137649536
losses_train/concepts:	10.719841003417969
losses_train/representations:	4.848450183868408
losses_train/total:	2.967080593109131
losses_test/task:	1.1943918466567993
losses_test/concepts:	19.173540115356445
losses_test/representations:	10.561765670776367
losses_test/total:	6.280274868011475
calibration_test/ece:	0.10886449366807938
calibration_test/brier:	0.37403780221939087
accuracy_test/task:	74.49085260614429
accuracy_test/concepts:	94.66938781738281
map_test/concepts:	0.9213621734218164

Epoch 241
losses_train/task:	0.43701988458633423
losses_train/concepts:	10.534941673278809
losses_train/representations:	4.821850776672363
losses_train/total:	2.9370691776275635
losses_test/task:	1.196816086769104
losses_test/concepts:	19.154857635498047
losses_test/representations:	10.59192943572998
losses_test/total:	6.28987979888916
calibration_test/ece:	0.11026518046855927
calibration_test/brier:	0.37439626455307007
accuracy_test/task:	74.37003797031412
accuracy_test/concepts:	94.67192840576172
map_test/concepts:	0.9225602712143551

Epoch 242
losses_train/task:	0.44983771443367004
losses_train/concepts:	10.96596908569336
losses_train/representations:	4.995809078216553
losses_train/total:	3.045177698135376
losses_test/task:	1.1955881118774414
losses_test/concepts:	19.217287063598633
losses_test/representations:	10.567275047302246
losses_test/total:	6.287498950958252
calibration_test/ece:	0.1089952141046524
calibration_test/brier:	0.37380456924438477
accuracy_test/task:	74.47359337245426
accuracy_test/concepts:	94.66471099853516
map_test/concepts:	0.922743633524938

Epoch 243
losses_train/task:	0.45068421959877014
losses_train/concepts:	11.01789665222168
losses_train/representations:	5.102978229522705
losses_train/total:	3.0833678245544434
losses_test/task:	1.1937048435211182
losses_test/concepts:	19.115478515625
losses_test/representations:	10.55104923248291
losses_test/total:	6.27056884765625
calibration_test/ece:	0.11023212969303131
calibration_test/brier:	0.3743572533130646
accuracy_test/task:	74.38729720400414
accuracy_test/concepts:	94.6606216430664
map_test/concepts:	0.923562793162736

Epoch 244
losses_train/task:	0.46661487221717834
losses_train/concepts:	11.12121295928955
losses_train/representations:	5.085637092590332
losses_train/total:	3.1044270992279053
losses_test/task:	1.1959166526794434
losses_test/concepts:	19.190446853637695
losses_test/representations:	10.567635536193848
losses_test/total:	6.285252571105957
calibration_test/ece:	0.11087411642074585
calibration_test/brier:	0.37373459339141846
accuracy_test/task:	74.37003797031412
accuracy_test/concepts:	94.68791961669922
map_test/concepts:	0.9225423443046483

Epoch 245
losses_train/task:	0.4279506504535675
losses_train/concepts:	10.479899406433105
losses_train/representations:	4.797396183013916
losses_train/total:	2.9151594638824463
losses_test/task:	1.195117473602295
losses_test/concepts:	19.137218475341797
losses_test/representations:	10.529810905456543
losses_test/total:	6.267783164978027
calibration_test/ece:	0.11110982298851013
calibration_test/brier:	0.37500298023223877
accuracy_test/task:	74.35277873662409
accuracy_test/concepts:	94.67725372314453
map_test/concepts:	0.9220687138763342

Epoch 246
losses_train/task:	0.46302011609077454
losses_train/concepts:	11.28347110748291
losses_train/representations:	5.16616153717041
losses_train/total:	3.1412160396575928
losses_test/task:	1.192649245262146
losses_test/concepts:	19.206811904907227
losses_test/representations:	10.530359268188477
losses_test/total:	6.2724385261535645
calibration_test/ece:	0.11031434684991837
calibration_test/brier:	0.3742018938064575
accuracy_test/task:	74.35277873662409
accuracy_test/concepts:	94.67035675048828
map_test/concepts:	0.9221568539738655

Epoch 247
losses_train/task:	0.44747528433799744
losses_train/concepts:	10.911999702453613
losses_train/representations:	5.011693000793457
losses_train/total:	3.0421838760375977
losses_test/task:	1.2004399299621582
losses_test/concepts:	19.26504898071289
losses_test/representations:	10.59122085571289
losses_test/total:	6.304310321807861
calibration_test/ece:	0.10975411534309387
calibration_test/brier:	0.3757815659046173
accuracy_test/task:	74.30100103555402
accuracy_test/concepts:	94.6546630859375
map_test/concepts:	0.922506418959661

Epoch 248
losses_train/task:	0.4563820958137512
losses_train/concepts:	10.838363647460938
losses_train/representations:	4.993752479553223
losses_train/total:	3.038344144821167
losses_test/task:	1.1910094022750854
losses_test/concepts:	19.174230575561523
losses_test/representations:	10.567597389221191
losses_test/total:	6.27871036529541
calibration_test/ece:	0.10842446982860565
calibration_test/brier:	0.3728680908679962
accuracy_test/task:	74.4218156713842
accuracy_test/concepts:	94.65682983398438
map_test/concepts:	0.9203339391134002

Epoch 249
losses_train/task:	0.4315587878227234
losses_train/concepts:	10.889793395996094
losses_train/representations:	4.953156471252441
losses_train/total:	3.0064857006073
losses_test/task:	1.1930097341537476
losses_test/concepts:	19.168668746948242
losses_test/representations:	10.543452262878418
losses_test/total:	6.272912979125977
calibration_test/ece:	0.10806290060281754
calibration_test/brier:	0.3738962709903717
accuracy_test/task:	74.5771487745944
accuracy_test/concepts:	94.69293975830078
map_test/concepts:	0.9207879119298675

Epoch 250
losses_train/task:	0.4527622163295746
losses_train/concepts:	10.836996078491211
losses_train/representations:	5.027755260467529
losses_train/total:	3.0447885990142822
losses_test/task:	1.1941035985946655
losses_test/concepts:	19.210128784179688
losses_test/representations:	10.585716247558594
losses_test/total:	6.29083251953125
calibration_train/ece:	0.012509308755397797
calibration_train/brier:	0.11324725300073624
accuracy_train/task:	91.21621621621621
calibration_test/ece:	0.11002197861671448
calibration_test/brier:	0.37358716130256653
accuracy_test/task:	74.38729720400414
accuracy_train/concepts:	96.74639892578125
map_train/concepts:	0.9722514911131426
accuracy_test/concepts:	94.67697143554688
map_test/concepts:	0.9213400134986097
accuracy_test/nuisances_task:	-0.25919132065354733
accuracy_test/nuisances_nontask:	0.0
mutual_inf_test/nuisances_task:	-0.004088109957061618
mutual_inf_test/nuisances_nontask:	0.0

epoch_250.pt
groups=0 err_lowconf=25.613 err_random=25.613
groups=1 err_lowconf=23.714 err_random=23.714
groups=2 err_lowconf=20.970 err_random=20.970
groups=3 err_lowconf=19.503 err_random=19.503
groups=4 err_lowconf=17.501 err_random=17.501
groups=5 err_lowconf=14.429 err_random=14.429
groups=6 err_lowconf=12.289 err_random=12.289
groups=7 err_lowconf=11.426 err_random=11.426
groups=8 err_lowconf=11.581 err_random=11.581
groups=9 err_lowconf=10.925 err_random=10.925
groups=10 err_lowconf=10.701 err_random=10.701
groups=11 err_lowconf=11.115 err_random=11.115
groups=12 err_lowconf=14.567 err_random=14.567
[1;34mwandb[0m:
[1;34mwandb[0m: You can sync this run to the cloud by running:
[1;34mwandb[0m: [1mwandb sync /research/hal-afsharim/minimal_cbm/results/cub12-mcbm-03/44/wandb/offline-run-20260729_005413-k2k2e1l4[0m
[1;34mwandb[0m: Find logs at: [1;35mresults/cub12-mcbm-03/44/wandb/offline-run-20260729_005413-k2k2e1l4/logs[0m
