
===== launch 2026-07-27 06:55:08.011439 gpu4 =====
wandb: Using wandb-core as the SDK backend.  Please refer to https://wandb.me/wandb-core for more information.
wandb: Tracking run with wandb version 0.19.0
wandb: W&B syncing is set to `offline` in this directory.  
wandb: Run `wandb online` or set WANDB_MODE=online to enable cloud syncing.
/research/hal-afsharim/miniconda3/envs/mcbm/lib/python3.10/site-packages/torchvision/models/_utils.py:208: UserWarning: The parameter 'pretrained' is deprecated since 0.13 and will be removed in 0.15, please use 'weights' instead.
  warnings.warn(
/research/hal-afsharim/miniconda3/envs/mcbm/lib/python3.10/site-packages/torchvision/models/_utils.py:223: UserWarning: Arguments other than a weight enum or `None` for 'weights' are deprecated since 0.13 and will be removed in 0.15. The current behavior is equivalent to passing `weights=Inception_V3_Weights.IMAGENET1K_V1`. You can also use `weights=Inception_V3_Weights.DEFAULT` to get the most up-to-date weights.
  warnings.warn(msg)
Epoch 1
losses_train/task:	5.3143229484558105
losses_train/concepts:	72.31423950195312
losses_train/total:	12.54574966430664
losses_test/task:	5.30298376083374
losses_test/concepts:	66.62519836425781
losses_test/total:	11.96550464630127
calibration_test/ece:	0.0015964945778250694
calibration_test/brier:	0.9950405955314636
accuracy_test/task:	0.5177770107007249
accuracy_test/concepts:	63.17914962768555
map_test/concepts:	0.2716224212820331

Epoch 2
losses_train/task:	5.291975021362305
losses_train/concepts:	64.90614318847656
losses_train/total:	11.782588958740234
losses_test/task:	5.278443336486816
losses_test/concepts:	62.430999755859375
losses_test/total:	11.521544456481934
calibration_test/ece:	0.0070154727436602116
calibration_test/brier:	0.9948001503944397
accuracy_test/task:	1.3289609941318605
accuracy_test/concepts:	62.03485870361328
map_test/concepts:	0.31994002194454274

Epoch 3
losses_train/task:	5.244643688201904
losses_train/concepts:	59.8741569519043
losses_train/total:	11.232060432434082
losses_test/task:	5.206538200378418
losses_test/concepts:	59.63602828979492
losses_test/total:	11.17014217376709
calibration_test/ece:	0.004099059384316206
calibration_test/brier:	0.9940809607505798
accuracy_test/task:	1.156368657231619
accuracy_test/concepts:	68.53756713867188
map_test/concepts:	0.3371265751620134

Epoch 4
losses_train/task:	5.136661052703857
losses_train/concepts:	57.124908447265625
losses_train/total:	10.849153518676758
losses_test/task:	5.117955207824707
losses_test/concepts:	60.05677795410156
losses_test/total:	11.123635292053223
calibration_test/ece:	0.00019976496696472168
calibration_test/brier:	0.9931970834732056
accuracy_test/task:	0.9665170866413532
accuracy_test/concepts:	70.16970825195312
map_test/concepts:	0.3743596831957499

Epoch 5
losses_train/task:	4.9953460693359375
losses_train/concepts:	54.44364547729492
losses_train/total:	10.439711570739746
losses_test/task:	5.007242202758789
losses_test/concepts:	58.2257080078125
losses_test/total:	10.829813003540039
calibration_test/ece:	0.0035661524161696434
calibration_test/brier:	0.9919568300247192
accuracy_test/task:	1.484294097342078
accuracy_test/concepts:	70.77838897705078
map_test/concepts:	0.4199392594397068

Epoch 6
losses_train/task:	4.906740665435791
losses_train/concepts:	50.53181457519531
losses_train/total:	9.959922790527344
losses_test/task:	4.922596454620361
losses_test/concepts:	51.8870735168457
losses_test/total:	10.111303329467773
calibration_test/ece:	0.012048356235027313
calibration_test/brier:	0.9910376667976379
accuracy_test/task:	2.36451501553331
accuracy_test/concepts:	72.95966339111328
map_test/concepts:	0.47762351805965103

Epoch 7
losses_train/task:	4.805842876434326
losses_train/concepts:	47.39457321166992
losses_train/total:	9.545299530029297
losses_test/task:	4.927187919616699
losses_test/concepts:	57.15546417236328
losses_test/total:	10.642732620239258
calibration_test/ece:	0.016470860689878464
calibration_test/brier:	0.9907564520835876
accuracy_test/task:	3.003106662064204
accuracy_test/concepts:	74.38613891601562
map_test/concepts:	0.471107858295242

Epoch 8
losses_train/task:	4.658849716186523
losses_train/concepts:	44.451942443847656
losses_train/total:	9.104043006896973
losses_test/task:	4.535618782043457
losses_test/concepts:	45.2906494140625
losses_test/total:	9.06468391418457
calibration_test/ece:	0.02765762247145176
calibration_test/brier:	0.984675943851471
accuracy_test/task:	4.608215395236451
accuracy_test/concepts:	79.73421478271484
map_test/concepts:	0.5706533938646317

Epoch 9
losses_train/task:	4.490079402923584
losses_train/concepts:	42.89948654174805
losses_train/total:	8.780029296875
losses_test/task:	4.323448657989502
losses_test/concepts:	42.109336853027344
losses_test/total:	8.534381866455078
calibration_test/ece:	0.026996290311217308
calibration_test/brier:	0.9804691672325134
accuracy_test/task:	5.298584742837418
accuracy_test/concepts:	79.37664031982422
map_test/concepts:	0.6085583962500095

Epoch 10
losses_train/task:	4.299484729766846
losses_train/concepts:	40.45762252807617
losses_train/total:	8.345246315002441
losses_test/task:	4.106804847717285
losses_test/concepts:	38.68891525268555
losses_test/total:	7.9756975173950195
calibration_test/ece:	0.05103939771652222
calibration_test/brier:	0.9750098586082458
accuracy_test/task:	8.163617535381428
accuracy_test/concepts:	80.33455657958984
map_test/concepts:	0.6356982126832008

Epoch 11
losses_train/task:	4.152851104736328
losses_train/concepts:	39.045806884765625
losses_train/total:	8.057432174682617
losses_test/task:	4.078051567077637
losses_test/concepts:	40.80934524536133
losses_test/total:	8.158987045288086
calibration_test/ece:	0.03578990325331688
calibration_test/brier:	0.9730235934257507
accuracy_test/task:	7.594062823610631
accuracy_test/concepts:	80.64664459228516
map_test/concepts:	0.6310087161759536

Epoch 12
losses_train/task:	4.015315055847168
losses_train/concepts:	38.28420639038086
losses_train/total:	7.843736171722412
losses_test/task:	3.9461233615875244
losses_test/concepts:	40.48221969604492
losses_test/total:	7.994346618652344
calibration_test/ece:	0.034048132598400116
calibration_test/brier:	0.9679356813430786
accuracy_test/task:	8.45702450811184
accuracy_test/concepts:	80.49649047851562
map_test/concepts:	0.6409886457026005

Epoch 13
losses_train/task:	3.891324996948242
losses_train/concepts:	37.143646240234375
losses_train/total:	7.605690956115723
losses_test/task:	4.166287422180176
losses_test/concepts:	44.58252716064453
losses_test/total:	8.624539375305176
calibration_test/ece:	0.028966248035430908
calibration_test/brier:	0.971064567565918
accuracy_test/task:	8.025543665861235
accuracy_test/concepts:	78.2110824584961
map_test/concepts:	0.6323765921096007

Epoch 14
losses_train/task:	3.800814390182495
losses_train/concepts:	35.74806213378906
losses_train/total:	7.375619411468506
losses_test/task:	3.7031655311584473
losses_test/concepts:	37.42974853515625
losses_test/total:	7.446139335632324
calibration_test/ece:	0.039361950010061264
calibration_test/brier:	0.9583942294120789
accuracy_test/task:	10.390058681394546
accuracy_test/concepts:	82.62627410888672
map_test/concepts:	0.6859295884768168

Epoch 15
losses_train/task:	3.6690824031829834
losses_train/concepts:	34.39407730102539
losses_train/total:	7.108489990234375
losses_test/task:	3.693136215209961
losses_test/concepts:	39.818111419677734
losses_test/total:	7.674946308135986
calibration_test/ece:	0.06145961210131645
calibration_test/brier:	0.9556185007095337
accuracy_test/task:	12.581981360027616
accuracy_test/concepts:	83.06438446044922
map_test/concepts:	0.6663375228643418

Epoch 16
losses_train/task:	3.533925771713257
losses_train/concepts:	32.86293411254883
losses_train/total:	6.820218563079834
losses_test/task:	3.4764630794525146
losses_test/concepts:	35.096065521240234
losses_test/total:	6.986069679260254
calibration_test/ece:	0.07271972298622131
calibration_test/brier:	0.9428311586380005
accuracy_test/task:	15.032792544011047
accuracy_test/concepts:	83.75562286376953
map_test/concepts:	0.7031097337603569

Epoch 17
losses_train/task:	3.4732308387756348
losses_train/concepts:	32.115421295166016
losses_train/total:	6.6847734451293945
losses_test/task:	3.395068407058716
losses_test/concepts:	34.12824630737305
losses_test/total:	6.8078932762146
calibration_test/ece:	0.09148474037647247
calibration_test/brier:	0.9341561198234558
accuracy_test/task:	18.20849154297549
accuracy_test/concepts:	84.40310668945312
map_test/concepts:	0.7277985846002897

Epoch 18
losses_train/task:	3.3742427825927734
losses_train/concepts:	31.444276809692383
losses_train/total:	6.51867151260376
losses_test/task:	3.3504223823547363
losses_test/concepts:	36.080116271972656
losses_test/total:	6.958433628082275
calibration_test/ece:	0.08012223243713379
calibration_test/brier:	0.9298198223114014
accuracy_test/task:	17.932343803935105
accuracy_test/concepts:	85.91387176513672
map_test/concepts:	0.7202578231692314

Epoch 19
losses_train/task:	3.258422374725342
losses_train/concepts:	30.67458724975586
losses_train/total:	6.32588005065918
losses_test/task:	3.2243473529815674
losses_test/concepts:	33.664405822753906
losses_test/total:	6.590789318084717
calibration_test/ece:	0.08532756567001343
calibration_test/brier:	0.9160422682762146
accuracy_test/task:	20.176044183638247
accuracy_test/concepts:	83.56314849853516
map_test/concepts:	0.751220652461052

Epoch 20
losses_train/task:	3.1914796829223633
losses_train/concepts:	30.17995262145996
losses_train/total:	6.209475517272949
losses_test/task:	3.6784074306488037
losses_test/concepts:	55.95815658569336
losses_test/total:	9.274224281311035
calibration_test/ece:	0.04386010020971298
calibration_test/brier:	0.9375608563423157
accuracy_test/task:	16.08560579910252
accuracy_test/concepts:	82.00179290771484
map_test/concepts:	0.6355060706535975

Epoch 21
losses_train/task:	3.0820395946502686
losses_train/concepts:	29.909358978271484
losses_train/total:	6.072974681854248
losses_test/task:	3.2531960010528564
losses_test/concepts:	36.81998062133789
losses_test/total:	6.93519401550293
calibration_test/ece:	0.07120928913354874
calibration_test/brier:	0.904183030128479
accuracy_test/task:	21.28063513979979
accuracy_test/concepts:	84.56420135498047
map_test/concepts:	0.7225285058220228

Epoch 22
losses_train/task:	2.964570999145508
losses_train/concepts:	28.26283073425293
losses_train/total:	5.790853500366211
losses_test/task:	2.9115779399871826
losses_test/concepts:	30.49688720703125
losses_test/total:	5.961267471313477
calibration_test/ece:	0.09980003535747528
calibration_test/brier:	0.874988853931427
accuracy_test/task:	25.405591991715568
accuracy_test/concepts:	85.87100982666016
map_test/concepts:	0.7814157019058864

Epoch 23
losses_train/task:	2.9026334285736084
losses_train/concepts:	27.59574317932129
losses_train/total:	5.662208080291748
losses_test/task:	2.881380319595337
losses_test/concepts:	31.51957893371582
losses_test/total:	6.033339977264404
calibration_test/ece:	0.11896076053380966
calibration_test/brier:	0.8655684590339661
accuracy_test/task:	28.615809458060063
accuracy_test/concepts:	87.35791015625
map_test/concepts:	0.7808765600124995

Epoch 24
losses_train/task:	2.783069610595703
losses_train/concepts:	26.750062942504883
losses_train/total:	5.458076000213623
losses_test/task:	3.058046817779541
losses_test/concepts:	35.22031784057617
losses_test/total:	6.580078125
calibration_test/ece:	0.057139672338962555
calibration_test/brier:	0.8793665766716003
accuracy_test/task:	24.663444943044528
accuracy_test/concepts:	85.75221252441406
map_test/concepts:	0.752955757578214

Epoch 25
losses_train/task:	2.728811502456665
losses_train/concepts:	25.941465377807617
losses_train/total:	5.322958469390869
losses_test/task:	3.15385103225708
losses_test/concepts:	36.469261169433594
losses_test/total:	6.800777435302734
calibration_test/ece:	0.05332612246274948
calibration_test/brier:	0.8819073438644409
accuracy_test/task:	25.146703486365205
accuracy_test/concepts:	85.94552612304688
map_test/concepts:	0.7434798210859299

Epoch 26
losses_train/task:	2.587960720062256
losses_train/concepts:	25.008506774902344
losses_train/total:	5.088811874389648
losses_test/task:	3.2197670936584473
losses_test/concepts:	38.08257293701172
losses_test/total:	7.028024673461914
calibration_test/ece:	0.042426157742738724
calibration_test/brier:	0.8717913031578064
accuracy_test/task:	25.975146703486367
accuracy_test/concepts:	84.35652160644531
map_test/concepts:	0.7487811788916587

Epoch 27
losses_train/task:	2.6121833324432373
losses_train/concepts:	24.864315032958984
losses_train/total:	5.098615646362305
losses_test/task:	2.619279146194458
losses_test/concepts:	28.430744171142578
losses_test/total:	5.462352752685547
calibration_test/ece:	0.09972146898508072
calibration_test/brier:	0.8069272637367249
accuracy_test/task:	33.983431135657575
accuracy_test/concepts:	88.74871063232422
map_test/concepts:	0.8174348930517833

Epoch 28
losses_train/task:	2.5213112831115723
losses_train/concepts:	24.248186111450195
losses_train/total:	4.946129322052002
losses_test/task:	2.4821438789367676
losses_test/concepts:	27.392059326171875
losses_test/total:	5.221349239349365
calibration_test/ece:	0.129652738571167
calibration_test/brier:	0.793810248374939
accuracy_test/task:	37.31446323783224
accuracy_test/concepts:	89.20145416259766
map_test/concepts:	0.8255490829547246

Epoch 29
losses_train/task:	2.4620718955993652
losses_train/concepts:	23.900203704833984
losses_train/total:	4.852092742919922
losses_test/task:	2.6446597576141357
losses_test/concepts:	30.36922264099121
losses_test/total:	5.681582927703857
calibration_test/ece:	0.08488572388887405
calibration_test/brier:	0.8117350339889526
accuracy_test/task:	33.41387642388678
accuracy_test/concepts:	88.48119354248047
map_test/concepts:	0.8084301829338074

Epoch 30
losses_train/task:	2.4036667346954346
losses_train/concepts:	23.101337432861328
losses_train/total:	4.713799476623535
losses_test/task:	2.6125972270965576
losses_test/concepts:	32.90127944946289
losses_test/total:	5.902724742889404
calibration_test/ece:	0.0868459939956665
calibration_test/brier:	0.7894110679626465
accuracy_test/task:	35.31239212978944
accuracy_test/concepts:	89.80583953857422
map_test/concepts:	0.8164410511652629

Epoch 31
losses_train/task:	2.352412223815918
losses_train/concepts:	22.946809768676758
losses_train/total:	4.647092819213867
losses_test/task:	2.6755380630493164
losses_test/concepts:	32.034996032714844
losses_test/total:	5.879037857055664
calibration_test/ece:	0.0562005415558815
calibration_test/brier:	0.7886088490486145
accuracy_test/task:	35.55402140144977
accuracy_test/concepts:	87.58543395996094
map_test/concepts:	0.8171647131443024

Epoch 32
losses_train/task:	2.321307897567749
losses_train/concepts:	22.654245376586914
losses_train/total:	4.586732387542725
losses_test/task:	2.320544958114624
losses_test/concepts:	26.10163116455078
losses_test/total:	4.930708408355713
calibration_test/ece:	0.07503322511911392
calibration_test/brier:	0.7543438076972961
accuracy_test/task:	39.26475664480497
accuracy_test/concepts:	89.55701446533203
map_test/concepts:	0.8484824736913045

Epoch 33
losses_train/task:	2.2529211044311523
losses_train/concepts:	22.419532775878906
losses_train/total:	4.494874477386475
losses_test/task:	2.79125714302063
losses_test/concepts:	38.857460021972656
losses_test/total:	6.677002906799316
calibration_test/ece:	0.04320158436894417
calibration_test/brier:	0.785033106803894
accuracy_test/task:	36.55505695547118
accuracy_test/concepts:	88.23381042480469
map_test/concepts:	0.8061188817024231

Epoch 34
losses_train/task:	2.2881510257720947
losses_train/concepts:	23.300914764404297
losses_train/total:	4.6182427406311035
losses_test/task:	2.427567481994629
losses_test/concepts:	28.48651123046875
losses_test/total:	5.276217937469482
calibration_test/ece:	0.049626752734184265
calibration_test/brier:	0.7532285451889038
accuracy_test/task:	38.367276492923715
accuracy_test/concepts:	88.74237823486328
map_test/concepts:	0.8309765925010045

Epoch 35
losses_train/task:	2.0988051891326904
losses_train/concepts:	20.72136116027832
losses_train/total:	4.170941352844238
losses_test/task:	2.3671810626983643
losses_test/concepts:	28.24822425842285
losses_test/total:	5.192004203796387
calibration_test/ece:	0.06527312844991684
calibration_test/brier:	0.7364450097084045
accuracy_test/task:	41.16327235070763
accuracy_test/concepts:	89.37637329101562
map_test/concepts:	0.8449320624272029

Epoch 36
losses_train/task:	2.109299898147583
losses_train/concepts:	20.867952346801758
losses_train/total:	4.1960954666137695
losses_test/task:	2.1177849769592285
losses_test/concepts:	25.522724151611328
losses_test/total:	4.6700568199157715
calibration_test/ece:	0.09680866450071335
calibration_test/brier:	0.6956837773323059
accuracy_test/task:	45.59889540904384
accuracy_test/concepts:	90.70015716552734
map_test/concepts:	0.8687764386336009

Epoch 37
losses_train/task:	2.047873020172119
losses_train/concepts:	20.816410064697266
losses_train/total:	4.129514217376709
losses_test/task:	2.202234983444214
losses_test/concepts:	26.41773223876953
losses_test/total:	4.844008445739746
calibration_test/ece:	0.07954741269350052
calibration_test/brier:	0.6957903504371643
accuracy_test/task:	44.45978598550224
accuracy_test/concepts:	90.90034484863281
map_test/concepts:	0.8616683055957158

Epoch 38
losses_train/task:	1.9591642618179321
losses_train/concepts:	19.566884994506836
losses_train/total:	3.915853261947632
losses_test/task:	2.0891597270965576
losses_test/concepts:	24.476844787597656
losses_test/total:	4.536843776702881
calibration_test/ece:	0.08797185122966766
calibration_test/brier:	0.671758770942688
accuracy_test/task:	48.25681739730756
accuracy_test/concepts:	90.832763671875
map_test/concepts:	0.8741378535827001

Epoch 39
losses_train/task:	1.9686530828475952
losses_train/concepts:	19.51654815673828
losses_train/total:	3.9203076362609863
losses_test/task:	2.5384135246276855
losses_test/concepts:	33.45387268066406
losses_test/total:	5.8837995529174805
calibration_test/ece:	0.03201644495129585
calibration_test/brier:	0.7437329888343811
accuracy_test/task:	39.868829823955814
accuracy_test/concepts:	88.70728302001953
map_test/concepts:	0.8159753362337748

Epoch 40
losses_train/task:	1.9088646173477173
losses_train/concepts:	19.012462615966797
losses_train/total:	3.8101110458374023
losses_test/task:	2.1492583751678467
losses_test/concepts:	25.85321807861328
losses_test/total:	4.734580039978027
calibration_test/ece:	0.05256608873605728
calibration_test/brier:	0.6799519658088684
accuracy_test/task:	46.51363479461512
accuracy_test/concepts:	90.54051208496094
map_test/concepts:	0.8641387869914373

Epoch 41
losses_train/task:	1.8985838890075684
losses_train/concepts:	19.344234466552734
losses_train/total:	3.8330066204071045
losses_test/task:	2.316768169403076
losses_test/concepts:	29.52120590209961
losses_test/total:	5.268889904022217
calibration_test/ece:	0.041413579136133194
calibration_test/brier:	0.7069099545478821
accuracy_test/task:	43.803935105281326
accuracy_test/concepts:	90.22494506835938
map_test/concepts:	0.8371439119180043

Epoch 42
losses_train/task:	1.9041868448257446
losses_train/concepts:	19.51755142211914
losses_train/total:	3.8559417724609375
losses_test/task:	2.0091140270233154
losses_test/concepts:	24.155046463012695
losses_test/total:	4.424618244171143
calibration_test/ece:	0.05919661000370979
calibration_test/brier:	0.6398065090179443
accuracy_test/task:	49.15429754918882
accuracy_test/concepts:	90.6486587524414
map_test/concepts:	0.8787764767805736

Epoch 43
losses_train/task:	1.8047335147857666
losses_train/concepts:	18.067941665649414
losses_train/total:	3.611527919769287
losses_test/task:	2.2487893104553223
losses_test/concepts:	30.61248779296875
losses_test/total:	5.310037612915039
calibration_test/ece:	0.055825017392635345
calibration_test/brier:	0.674752950668335
accuracy_test/task:	46.63444943044529
accuracy_test/concepts:	90.96019744873047
map_test/concepts:	0.8606735080480575

Epoch 44
losses_train/task:	1.7893644571304321
losses_train/concepts:	17.959861755371094
losses_train/total:	3.585350751876831
losses_test/task:	1.9856613874435425
losses_test/concepts:	25.843381881713867
losses_test/total:	4.569999694824219
calibration_test/ece:	0.03385399281978607
calibration_test/brier:	0.6424698233604431
accuracy_test/task:	50.01725923369003
accuracy_test/concepts:	91.0729751586914
map_test/concepts:	0.8761399348576864

Epoch 45
losses_train/task:	1.7392128705978394
losses_train/concepts:	17.315427780151367
losses_train/total:	3.4707555770874023
losses_test/task:	2.0955922603607178
losses_test/concepts:	27.70090103149414
losses_test/total:	4.865683078765869
calibration_test/ece:	0.05105089023709297
calibration_test/brier:	0.6578389406204224
accuracy_test/task:	48.79185364169831
accuracy_test/concepts:	91.12757110595703
map_test/concepts:	0.8648639510075251

Epoch 46
losses_train/task:	1.6430141925811768
losses_train/concepts:	16.48439598083496
losses_train/total:	3.2914535999298096
losses_test/task:	2.049473285675049
losses_test/concepts:	30.275630950927734
losses_test/total:	5.077035903930664
calibration_test/ece:	0.03640653192996979
calibration_test/brier:	0.6408286690711975
accuracy_test/task:	49.464963755609254
accuracy_test/concepts:	91.61688995361328
map_test/concepts:	0.8765745172897975

Epoch 47
losses_train/task:	1.7365238666534424
losses_train/concepts:	17.722721099853516
losses_train/total:	3.508796215057373
losses_test/task:	2.2373149394989014
losses_test/concepts:	29.559249877929688
losses_test/total:	5.193239688873291
calibration_test/ece:	0.031333740800619125
calibration_test/brier:	0.6644480228424072
accuracy_test/task:	48.03244735933725
accuracy_test/concepts:	90.36647033691406
map_test/concepts:	0.8638508011897404

Epoch 48
losses_train/task:	1.6856833696365356
losses_train/concepts:	17.044658660888672
losses_train/total:	3.3901495933532715
losses_test/task:	2.109168291091919
losses_test/concepts:	26.533906936645508
losses_test/total:	4.762558460235596
calibration_test/ece:	0.025273315608501434
calibration_test/brier:	0.654739499092102
accuracy_test/task:	48.74007594062824
accuracy_test/concepts:	90.9955825805664
map_test/concepts:	0.8701378395160039

Epoch 49
losses_train/task:	1.6615599393844604
losses_train/concepts:	17.09579086303711
losses_train/total:	3.3711392879486084
losses_test/task:	2.072432279586792
losses_test/concepts:	26.965003967285156
losses_test/total:	4.7689337730407715
calibration_test/ece:	0.027528811246156693
calibration_test/brier:	0.6483473777770996
accuracy_test/task:	49.22333448394891
accuracy_test/concepts:	91.13509368896484
map_test/concepts:	0.8686245401700338

Epoch 50
losses_train/task:	1.6794434785842896
losses_train/concepts:	17.313623428344727
losses_train/total:	3.4108059406280518
losses_test/task:	1.9389766454696655
losses_test/concepts:	23.70229148864746
losses_test/total:	4.309206962585449
calibration_test/ece:	0.029833253473043442
calibration_test/brier:	0.624352753162384
accuracy_test/task:	50.79392474974111
accuracy_test/concepts:	91.20903015136719
map_test/concepts:	0.8807222465674083

Epoch 51
losses_train/task:	1.6835261583328247
losses_train/concepts:	17.142093658447266
losses_train/total:	3.397735834121704
losses_test/task:	2.225829839706421
losses_test/concepts:	26.974485397338867
losses_test/total:	4.923280239105225
calibration_test/ece:	0.053585950285196304
calibration_test/brier:	0.6550660133361816
accuracy_test/task:	48.34311356575768
accuracy_test/concepts:	90.0175552368164
map_test/concepts:	0.8642501334349314

Epoch 52
losses_train/task:	1.631261944770813
losses_train/concepts:	17.00235939025879
losses_train/total:	3.331498146057129
losses_test/task:	1.8506481647491455
losses_test/concepts:	23.066570281982422
losses_test/total:	4.157305717468262
calibration_test/ece:	0.0415690615773201
calibration_test/brier:	0.5899854302406311
accuracy_test/task:	54.33206765619607
accuracy_test/concepts:	92.54716491699219
map_test/concepts:	0.8963382611672084

Epoch 53
losses_train/task:	1.5949676036834717
losses_train/concepts:	16.696542739868164
losses_train/total:	3.264622211456299
losses_test/task:	1.9858139753341675
losses_test/concepts:	27.835182189941406
losses_test/total:	4.769331932067871
calibration_test/ece:	0.032365813851356506
calibration_test/brier:	0.6228952407836914
accuracy_test/task:	52.24370037970314
accuracy_test/concepts:	91.67961120605469
map_test/concepts:	0.8798560708761215

Epoch 54
losses_train/task:	1.5749579668045044
losses_train/concepts:	16.218603134155273
losses_train/total:	3.1968190670013428
losses_test/task:	2.298663854598999
losses_test/concepts:	30.19126319885254
losses_test/total:	5.3177900314331055
calibration_test/ece:	0.03703014552593231
calibration_test/brier:	0.669782817363739
accuracy_test/task:	47.44563341387642
accuracy_test/concepts:	90.6328353881836
map_test/concepts:	0.8487433642148972

Epoch 55
losses_train/task:	1.5440905094146729
losses_train/concepts:	15.939380645751953
losses_train/total:	3.1380293369293213
losses_test/task:	1.9223347902297974
losses_test/concepts:	26.104389190673828
losses_test/total:	4.532775402069092
calibration_test/ece:	0.05005819350481033
calibration_test/brier:	0.6060391068458557
accuracy_test/task:	52.588885053503624
accuracy_test/concepts:	92.3941650390625
map_test/concepts:	0.8859183251857757

Epoch 56
losses_train/task:	1.5227789878845215
losses_train/concepts:	15.71973705291748
losses_train/total:	3.094752788543701
losses_test/task:	2.1041345596313477
losses_test/concepts:	27.677284240722656
losses_test/total:	4.87186336517334
calibration_test/ece:	0.04082884266972542
calibration_test/brier:	0.6244124174118042
accuracy_test/task:	52.002071108042806
accuracy_test/concepts:	91.26655578613281
map_test/concepts:	0.8782178640365601

Epoch 57
losses_train/task:	1.4807051420211792
losses_train/concepts:	15.337844848632812
losses_train/total:	3.0144894123077393
losses_test/task:	1.7540545463562012
losses_test/concepts:	23.534597396850586
losses_test/total:	4.107513904571533
calibration_test/ece:	0.03168032690882683
calibration_test/brier:	0.5616907477378845
accuracy_test/task:	56.97273041076976
accuracy_test/concepts:	92.82968139648438
map_test/concepts:	0.9034676074981689

Epoch 58
losses_train/task:	1.4996743202209473
losses_train/concepts:	15.576510429382324
losses_train/total:	3.057325601577759
losses_test/task:	2.2131686210632324
losses_test/concepts:	31.271665573120117
losses_test/total:	5.340333938598633
calibration_test/ece:	0.04107607528567314
calibration_test/brier:	0.6472911238670349
accuracy_test/task:	49.91370383154988
accuracy_test/concepts:	91.1644287109375
map_test/concepts:	0.8678996076186498

Epoch 59
losses_train/task:	1.4778220653533936
losses_train/concepts:	15.346091270446777
losses_train/total:	3.0124311447143555
losses_test/task:	1.7605857849121094
losses_test/concepts:	21.701242446899414
losses_test/total:	3.9307098388671875
calibration_test/ece:	0.026162561029195786
calibration_test/brier:	0.5642353892326355
accuracy_test/task:	57.54228512254056
accuracy_test/concepts:	92.5897445678711
map_test/concepts:	0.9055331438779831

Epoch 60
losses_train/task:	1.371927261352539
losses_train/concepts:	14.182964324951172
losses_train/total:	2.7902238368988037
losses_test/task:	2.0030391216278076
losses_test/concepts:	25.61933135986328
losses_test/total:	4.564971446990967
calibration_test/ece:	0.03983164578676224
calibration_test/brier:	0.6012029647827148
accuracy_test/task:	54.24577148774594
accuracy_test/concepts:	91.43598175048828
map_test/concepts:	0.8821712553501129

Epoch 61
losses_train/task:	1.3747694492340088
losses_train/concepts:	13.881318092346191
losses_train/total:	2.7629010677337646
losses_test/task:	1.9566140174865723
losses_test/concepts:	25.008588790893555
losses_test/total:	4.457473278045654
calibration_test/ece:	0.044769179075956345
calibration_test/brier:	0.605167031288147
accuracy_test/task:	53.27925440110459
accuracy_test/concepts:	91.89620208740234
map_test/concepts:	0.8865106085936229

Epoch 62
losses_train/task:	1.3801155090332031
losses_train/concepts:	14.247045516967773
losses_train/total:	2.804819345474243
losses_test/task:	1.7816084623336792
losses_test/concepts:	24.008075714111328
losses_test/total:	4.1824164390563965
calibration_test/ece:	0.04181275889277458
calibration_test/brier:	0.549342930316925
accuracy_test/task:	57.83569209527097
accuracy_test/concepts:	93.3529052734375
map_test/concepts:	0.9077939053376516

Epoch 63
losses_train/task:	1.345723032951355
losses_train/concepts:	13.292764663696289
losses_train/total:	2.6749989986419678
losses_test/task:	2.0848844051361084
losses_test/concepts:	29.35881233215332
losses_test/total:	5.020765781402588
calibration_test/ece:	0.051730189472436905
calibration_test/brier:	0.6091330051422119
accuracy_test/task:	53.24473593372454
accuracy_test/concepts:	92.29174041748047
map_test/concepts:	0.8785578409830729

Epoch 64
losses_train/task:	1.3197120428085327
losses_train/concepts:	13.338346481323242
losses_train/total:	2.6535465717315674
losses_test/task:	1.9911912679672241
losses_test/concepts:	26.439592361450195
losses_test/total:	4.635149955749512
calibration_test/ece:	0.046435270458459854
calibration_test/brier:	0.5859999060630798
accuracy_test/task:	55.26406627545737
accuracy_test/concepts:	91.92469024658203
map_test/concepts:	0.8884474456310272

Epoch 65
losses_train/task:	1.3491400480270386
losses_train/concepts:	13.546374320983887
losses_train/total:	2.703777551651001
losses_test/task:	2.030392646789551
losses_test/concepts:	29.396589279174805
losses_test/total:	4.970051288604736
calibration_test/ece:	0.048343855887651443
calibration_test/brier:	0.5967676639556885
accuracy_test/task:	54.95340006903694
accuracy_test/concepts:	92.32971954345703
map_test/concepts:	0.8791332801183065

Epoch 66
losses_train/task:	1.3606420755386353
losses_train/concepts:	13.894693374633789
losses_train/total:	2.7501118183135986
losses_test/task:	2.1329267024993896
losses_test/concepts:	30.445024490356445
losses_test/total:	5.17742919921875
calibration_test/ece:	0.07187271118164062
calibration_test/brier:	0.6248862147331238
accuracy_test/task:	52.83051432516396
accuracy_test/concepts:	91.92064666748047
map_test/concepts:	0.8709176739056905

Epoch 67
losses_train/task:	1.3360570669174194
losses_train/concepts:	13.67040729522705
losses_train/total:	2.7030982971191406
losses_test/task:	1.8251218795776367
losses_test/concepts:	24.99624252319336
losses_test/total:	4.324746131896973
calibration_test/ece:	0.046013008803129196
calibration_test/brier:	0.5603373050689697
accuracy_test/task:	57.90472903003106
accuracy_test/concepts:	92.95418548583984
map_test/concepts:	0.901412374774615

Epoch 68
losses_train/task:	1.332177996635437
losses_train/concepts:	13.935050964355469
losses_train/total:	2.7256832122802734
losses_test/task:	1.8302216529846191
losses_test/concepts:	24.288070678710938
losses_test/total:	4.259029388427734
calibration_test/ece:	0.035075630992650986
calibration_test/brier:	0.5506847500801086
accuracy_test/task:	59.11287538833276
accuracy_test/concepts:	92.97893524169922
map_test/concepts:	0.9032554755608241

Epoch 69
losses_train/task:	1.3521106243133545
losses_train/concepts:	14.166037559509277
losses_train/total:	2.768714427947998
losses_test/task:	2.1956288814544678
losses_test/concepts:	30.740827560424805
losses_test/total:	5.269711017608643
calibration_test/ece:	0.08813368529081345
calibration_test/brier:	0.6443759799003601
accuracy_test/task:	50.43148084225061
accuracy_test/concepts:	91.15751647949219
map_test/concepts:	0.8629170884688695

Epoch 70
losses_train/task:	1.3391687870025635
losses_train/concepts:	14.282906532287598
losses_train/total:	2.7674591541290283
losses_test/task:	2.00484561920166
losses_test/concepts:	28.86150360107422
losses_test/total:	4.890996932983398
calibration_test/ece:	0.0673205628991127
calibration_test/brier:	0.6033914089202881
accuracy_test/task:	54.26303072143597
accuracy_test/concepts:	92.4355697631836
map_test/concepts:	0.8867367615302404

Epoch 71
losses_train/task:	1.2629497051239014
losses_train/concepts:	12.894918441772461
losses_train/total:	2.5524418354034424
losses_test/task:	2.0393223762512207
losses_test/concepts:	29.79549789428711
losses_test/total:	5.018871784210205
calibration_test/ece:	0.06331042945384979
calibration_test/brier:	0.5970941185951233
accuracy_test/task:	55.73006558508802
accuracy_test/concepts:	92.59580993652344
map_test/concepts:	0.8855185290177663

Epoch 72
losses_train/task:	1.2424345016479492
losses_train/concepts:	12.855786323547363
losses_train/total:	2.528013229370117
losses_test/task:	1.8989747762680054
losses_test/concepts:	27.41172218322754
losses_test/total:	4.6401472091674805
calibration_test/ece:	0.05660318210721016
calibration_test/brier:	0.5667107701301575
accuracy_test/task:	57.30065585088022
accuracy_test/concepts:	93.21194458007812
map_test/concepts:	0.8995642850796381

Epoch 73
losses_train/task:	1.2883068323135376
losses_train/concepts:	13.131689071655273
losses_train/total:	2.601475715637207
losses_test/task:	1.9804418087005615
losses_test/concepts:	26.10029411315918
losses_test/total:	4.590470790863037
calibration_test/ece:	0.05882148817181587
calibration_test/brier:	0.579757809638977
accuracy_test/task:	56.2133241284087
accuracy_test/concepts:	91.83695983886719
map_test/concepts:	0.8888491451740265

Epoch 74
losses_train/task:	1.2217793464660645
losses_train/concepts:	12.713138580322266
losses_train/total:	2.4930927753448486
losses_test/task:	1.7228949069976807
losses_test/concepts:	24.205280303955078
losses_test/total:	4.143423080444336
calibration_test/ece:	0.03592992201447487
calibration_test/brier:	0.5184767246246338
accuracy_test/task:	61.59820503969624
accuracy_test/concepts:	93.36641693115234
map_test/concepts:	0.9085036526123683

Epoch 75
losses_train/task:	1.2544842958450317
losses_train/concepts:	13.097798347473145
losses_train/total:	2.5642638206481934
losses_test/task:	1.8209086656570435
losses_test/concepts:	25.82830238342285
losses_test/total:	4.403738975524902
calibration_test/ece:	0.06177136301994324
calibration_test/brier:	0.5467277765274048
accuracy_test/task:	58.61235761132206
accuracy_test/concepts:	93.26687622070312
map_test/concepts:	0.902955511212349

Epoch 76
losses_train/task:	1.1932038068771362
losses_train/concepts:	12.205926895141602
losses_train/total:	2.4137964248657227
losses_test/task:	1.7515026330947876
losses_test/concepts:	25.413774490356445
losses_test/total:	4.292880058288574
calibration_test/ece:	0.053911492228507996
calibration_test/brier:	0.5238573551177979
accuracy_test/task:	61.02865032792544
accuracy_test/concepts:	93.55338287353516
map_test/concepts:	0.910722017288208

Epoch 77
losses_train/task:	1.195870041847229
losses_train/concepts:	12.678997039794922
losses_train/total:	2.4637691974639893
losses_test/task:	1.646953821182251
losses_test/concepts:	22.92734146118164
losses_test/total:	3.9396886825561523
calibration_test/ece:	0.04486939311027527
calibration_test/brier:	0.5194646716117859
accuracy_test/task:	61.701760441836385
accuracy_test/concepts:	93.59626007080078
map_test/concepts:	0.913358156879743

Epoch 78
losses_train/task:	1.2044321298599243
losses_train/concepts:	12.535311698913574
losses_train/total:	2.457963228225708
losses_test/task:	1.6977884769439697
losses_test/concepts:	23.54553985595703
losses_test/total:	4.052341938018799
calibration_test/ece:	0.04192878305912018
calibration_test/brier:	0.5210168361663818
accuracy_test/task:	61.995167414566794
accuracy_test/concepts:	93.58272552490234
map_test/concepts:	0.9094532976547877

Epoch 79
losses_train/task:	1.1485756635665894
losses_train/concepts:	11.832911491394043
losses_train/total:	2.331867218017578
losses_test/task:	1.6990596055984497
losses_test/concepts:	23.075054168701172
losses_test/total:	4.006564140319824
calibration_test/ece:	0.051564186811447144
calibration_test/brier:	0.5190896391868591
accuracy_test/task:	61.37383500172592
accuracy_test/concepts:	93.48490905761719
map_test/concepts:	0.9151500781377157

Epoch 80
losses_train/task:	1.151397943496704
losses_train/concepts:	12.036111831665039
losses_train/total:	2.3550093173980713
losses_test/task:	2.0835893154144287
losses_test/concepts:	30.58991813659668
losses_test/total:	5.142582416534424
calibration_test/ece:	0.11642195284366608
calibration_test/brier:	0.6098434925079346
accuracy_test/task:	54.60821539523645
accuracy_test/concepts:	92.06161499023438
map_test/concepts:	0.882184432943662

Epoch 81
losses_train/task:	1.287041187286377
losses_train/concepts:	14.199105262756348
losses_train/total:	2.7069520950317383
losses_test/task:	1.94330632686615
losses_test/concepts:	25.53029441833496
losses_test/total:	4.496335506439209
calibration_test/ece:	0.07099686563014984
calibration_test/brier:	0.5782924294471741
accuracy_test/task:	57.09354504659993
accuracy_test/concepts:	92.12893676757812
map_test/concepts:	0.8860273758570353

Epoch 82
losses_train/task:	1.1873219013214111
losses_train/concepts:	12.564550399780273
losses_train/total:	2.4437766075134277
losses_test/task:	2.1091432571411133
losses_test/concepts:	28.803403854370117
losses_test/total:	4.98948335647583
calibration_test/ece:	0.08681364357471466
calibration_test/brier:	0.6006160378456116
accuracy_test/task:	55.26406627545737
accuracy_test/concepts:	91.9494400024414
map_test/concepts:	0.872276172041893

Epoch 83
losses_train/task:	1.1843615770339966
losses_train/concepts:	12.492289543151855
losses_train/total:	2.4335901737213135
losses_test/task:	1.782920479774475
losses_test/concepts:	24.225799560546875
losses_test/total:	4.205500602722168
calibration_test/ece:	0.0711941197514534
calibration_test/brier:	0.535515546798706
accuracy_test/task:	60.09665170866413
accuracy_test/concepts:	93.5864486694336
map_test/concepts:	0.9104678610960643

Epoch 84
losses_train/task:	1.1609100103378296
losses_train/concepts:	12.31546688079834
losses_train/total:	2.3924572467803955
losses_test/task:	1.8511183261871338
losses_test/concepts:	26.411008834838867
losses_test/total:	4.4922194480896
calibration_test/ece:	0.07622716575860977
calibration_test/brier:	0.5484618544578552
accuracy_test/task:	60.09665170866413
accuracy_test/concepts:	93.27293395996094
map_test/concepts:	0.9039761751890183

Epoch 85
losses_train/task:	1.1807713508605957
losses_train/concepts:	12.424674034118652
losses_train/total:	2.423238515853882
losses_test/task:	1.7766053676605225
losses_test/concepts:	25.998058319091797
losses_test/total:	4.376410961151123
calibration_test/ece:	0.062187716364860535
calibration_test/brier:	0.5283647775650024
accuracy_test/task:	61.32205730065585
accuracy_test/concepts:	93.72136688232422
map_test/concepts:	0.9090795447429021

Epoch 86
losses_train/task:	1.0900781154632568
losses_train/concepts:	11.77978515625
losses_train/total:	2.268056869506836
losses_test/task:	1.7368700504302979
losses_test/concepts:	25.41990089416504
losses_test/total:	4.278860569000244
calibration_test/ece:	0.06877076625823975
calibration_test/brier:	0.5236319899559021
accuracy_test/task:	60.95961339316534
accuracy_test/concepts:	93.81687927246094
map_test/concepts:	0.9095620224873225

Epoch 87
losses_train/task:	1.1249092817306519
losses_train/concepts:	11.753874778747559
losses_train/total:	2.3002970218658447
losses_test/task:	1.873420238494873
losses_test/concepts:	28.533126831054688
losses_test/total:	4.72673225402832
calibration_test/ece:	0.08370669931173325
calibration_test/brier:	0.5546717047691345
accuracy_test/task:	58.92302381774249
accuracy_test/concepts:	93.22343444824219
map_test/concepts:	0.9006101975838343

Epoch 88
losses_train/task:	1.025173544883728
losses_train/concepts:	10.711899757385254
losses_train/total:	2.0963633060455322
losses_test/task:	1.593523621559143
losses_test/concepts:	22.54132652282715
losses_test/total:	3.8476569652557373
calibration_test/ece:	0.05995815619826317
calibration_test/brier:	0.48873379826545715
accuracy_test/task:	63.65205384880911
accuracy_test/concepts:	93.96184539794922
map_test/concepts:	0.9212122033039729

Epoch 89
losses_train/task:	1.0709165334701538
losses_train/concepts:	11.199851989746094
losses_train/total:	2.190901279449463
losses_test/task:	1.945731282234192
losses_test/concepts:	26.766674041748047
losses_test/total:	4.62239933013916
calibration_test/ece:	0.09981945902109146
calibration_test/brier:	0.5703414678573608
accuracy_test/task:	58.439765274421816
accuracy_test/concepts:	92.95592498779297
map_test/concepts:	0.8966600547234217

Epoch 90
losses_train/task:	1.0687296390533447
losses_train/concepts:	11.069755554199219
losses_train/total:	2.1757049560546875
losses_test/task:	2.0186562538146973
losses_test/concepts:	30.53163719177246
losses_test/total:	5.071820259094238
calibration_test/ece:	0.09111852943897247
calibration_test/brier:	0.5641477704048157
accuracy_test/task:	58.00828443217121
accuracy_test/concepts:	92.99189758300781
map_test/concepts:	0.8910619725783666

Epoch 91
losses_train/task:	1.0787039995193481
losses_train/concepts:	11.330978393554688
losses_train/total:	2.2118020057678223
losses_test/task:	1.6996700763702393
losses_test/concepts:	25.129976272583008
losses_test/total:	4.212667465209961
calibration_test/ece:	0.08316076546907425
calibration_test/brier:	0.5150888562202454
accuracy_test/task:	62.18501898515706
accuracy_test/concepts:	93.9630126953125
map_test/concepts:	0.9155088623364767

Epoch 92
losses_train/task:	1.0604372024536133
losses_train/concepts:	10.943183898925781
losses_train/total:	2.1547555923461914
losses_test/task:	1.6979365348815918
losses_test/concepts:	25.54203224182129
losses_test/total:	4.252140522003174
calibration_test/ece:	0.07976257055997849
calibration_test/brier:	0.5157020092010498
accuracy_test/task:	62.616499827407665
accuracy_test/concepts:	94.39591979980469
map_test/concepts:	0.9225631535053254

Epoch 93
losses_train/task:	1.0595518350601196
losses_train/concepts:	11.067057609558105
losses_train/total:	2.166257619857788
losses_test/task:	1.7221457958221436
losses_test/concepts:	26.00568389892578
losses_test/total:	4.322714805603027
calibration_test/ece:	0.0695965513586998
calibration_test/brier:	0.5082885026931763
accuracy_test/task:	63.22057300655851
accuracy_test/concepts:	94.1954345703125
map_test/concepts:	0.915860441327095

Epoch 94
losses_train/task:	1.0515798330307007
losses_train/concepts:	11.066413879394531
losses_train/total:	2.158221483230591
losses_test/task:	2.0250046253204346
losses_test/concepts:	28.20970344543457
losses_test/total:	4.845974445343018
calibration_test/ece:	0.10640023648738861
calibration_test/brier:	0.5817254781723022
accuracy_test/task:	57.90472903003106
accuracy_test/concepts:	91.97071075439453
map_test/concepts:	0.8907370766003927

Epoch 95
losses_train/task:	1.0377331972122192
losses_train/concepts:	10.780863761901855
losses_train/total:	2.1158201694488525
losses_test/task:	1.6426113843917847
losses_test/concepts:	25.165029525756836
losses_test/total:	4.159114360809326
calibration_test/ece:	0.0769747719168663
calibration_test/brier:	0.5012069940567017
accuracy_test/task:	63.893683120469454
accuracy_test/concepts:	94.20954132080078
map_test/concepts:	0.9170823961496353

Epoch 96
losses_train/task:	0.9905754327774048
losses_train/concepts:	10.598274230957031
losses_train/total:	2.050402879714966
losses_test/task:	1.5756728649139404
losses_test/concepts:	24.073368072509766
losses_test/total:	3.9830102920532227
calibration_test/ece:	0.07276827841997147
calibration_test/brier:	0.4856528341770172
accuracy_test/task:	65.39523645150156
accuracy_test/concepts:	94.52478790283203
map_test/concepts:	0.9161959091822306

Epoch 97
losses_train/task:	1.004629373550415
losses_train/concepts:	10.684041023254395
losses_train/total:	2.073033571243286
losses_test/task:	1.8272610902786255
losses_test/concepts:	26.33926773071289
losses_test/total:	4.461188316345215
calibration_test/ece:	0.08789918571710587
calibration_test/brier:	0.5433149337768555
accuracy_test/task:	60.33828098032448
accuracy_test/concepts:	93.14665222167969
map_test/concepts:	0.8998170574506124

Epoch 98
losses_train/task:	1.0170791149139404
losses_train/concepts:	10.820014953613281
losses_train/total:	2.0990805625915527
losses_test/task:	1.7184600830078125
losses_test/concepts:	26.62727165222168
losses_test/total:	4.381187915802002
calibration_test/ece:	0.08556908369064331
calibration_test/brier:	0.5115399956703186
accuracy_test/task:	63.047980669658266
accuracy_test/concepts:	94.14566802978516
map_test/concepts:	0.9120736022790273

Epoch 99
losses_train/task:	0.9475669860839844
losses_train/concepts:	9.96333122253418
losses_train/total:	1.9439001083374023
losses_test/task:	1.9431982040405273
losses_test/concepts:	31.32960319519043
losses_test/total:	5.07615852355957
calibration_test/ece:	0.11165722459554672
calibration_test/brier:	0.5607693791389465
accuracy_test/task:	59.14739385571281
accuracy_test/concepts:	93.2361068725586
map_test/concepts:	0.8905588110287984

Epoch 100
losses_train/task:	0.9880937337875366
losses_train/concepts:	10.611124992370605
losses_train/total:	2.049206018447876
losses_test/task:	1.854689598083496
losses_test/concepts:	27.443885803222656
losses_test/total:	4.5990777015686035
calibration_train/ece:	0.035307206213474274
calibration_train/brier:	0.3994183838367462
accuracy_train/task:	69.32010135135135
calibration_test/ece:	0.10444705933332443
calibration_test/brier:	0.5478664040565491
accuracy_test/task:	59.97583707283397
accuracy_train/concepts:	92.40180969238281
map_train/concepts:	0.9369874517122905
accuracy_test/concepts:	93.09773254394531
map_test/concepts:	0.8983861565589905
accuracy_test/nuisances_task:	0.0009952829434321476
accuracy_test/nuisances_nontask:	0.0
mutual_inf_test/nuisances_task:	0.0018410119844698895
mutual_inf_test/nuisances_nontask:	0.0

Epoch 101
losses_train/task:	0.9215313792228699
losses_train/concepts:	9.468754768371582
losses_train/total:	1.8684066534042358
losses_test/task:	1.2750673294067383
losses_test/concepts:	19.805522918701172
losses_test/total:	3.255619525909424
calibration_test/ece:	0.04005526006221771
calibration_test/brier:	0.40486884117126465
accuracy_test/task:	71.0044874007594
accuracy_test/concepts:	95.59027862548828
map_test/concepts:	0.9442790349324545

Epoch 102
losses_train/task:	0.8432772159576416
losses_train/concepts:	8.814817428588867
losses_train/total:	1.7247589826583862
losses_test/task:	1.2463053464889526
losses_test/concepts:	19.641136169433594
losses_test/total:	3.210418462753296
calibration_test/ece:	0.035894975066185
calibration_test/brier:	0.3954048156738281
accuracy_test/task:	71.7811529168105
accuracy_test/concepts:	95.77523040771484
map_test/concepts:	0.9464662402868271

Epoch 103
losses_train/task:	0.7867117524147034
losses_train/concepts:	8.169563293457031
losses_train/total:	1.6036677360534668
losses_test/task:	1.2212817668914795
losses_test/concepts:	18.925914764404297
losses_test/total:	3.1138741970062256
calibration_test/ece:	0.03392210975289345
calibration_test/brier:	0.3913739025592804
accuracy_test/task:	71.95374525371074
accuracy_test/concepts:	95.811767578125
map_test/concepts:	0.9479277422030766

Epoch 104
losses_train/task:	0.7436604499816895
losses_train/concepts:	7.387616157531738
losses_train/total:	1.4824219942092896
losses_test/task:	1.209536075592041
losses_test/concepts:	18.632478713989258
losses_test/total:	3.0727837085723877
calibration_test/ece:	0.03608708828687668
calibration_test/brier:	0.38667041063308716
accuracy_test/task:	72.143596824301
accuracy_test/concepts:	95.88424682617188
map_test/concepts:	0.9493864049514135

Epoch 105
losses_train/task:	0.7613208293914795
losses_train/concepts:	7.812876224517822
losses_train/total:	1.542608380317688
losses_test/task:	1.206068515777588
losses_test/concepts:	19.51093864440918
losses_test/total:	3.157162666320801
calibration_test/ece:	0.03412775322794914
calibration_test/brier:	0.3855029344558716
accuracy_test/task:	72.5750776665516
accuracy_test/concepts:	95.99759674072266
map_test/concepts:	0.9495989382266998

Epoch 106
losses_train/task:	0.7925483584403992
losses_train/concepts:	8.09255599975586
losses_train/total:	1.601804256439209
losses_test/task:	1.1888747215270996
losses_test/concepts:	19.291486740112305
losses_test/total:	3.1180238723754883
calibration_test/ece:	0.03295154497027397
calibration_test/brier:	0.37901240587234497
accuracy_test/task:	72.95478080773213
accuracy_test/concepts:	96.03439331054688
map_test/concepts:	0.9502978940804799

Epoch 107
losses_train/task:	0.7419431209564209
losses_train/concepts:	7.618128776550293
losses_train/total:	1.5037561655044556
losses_test/task:	1.2015258073806763
losses_test/concepts:	19.05255126953125
losses_test/total:	3.106780767440796
calibration_test/ece:	0.03801454231142998
calibration_test/brier:	0.38039839267730713
accuracy_test/task:	72.81670693821194
accuracy_test/concepts:	96.01742553710938
map_test/concepts:	0.9504601607720057

Epoch 108
losses_train/task:	0.7421456575393677
losses_train/concepts:	7.553302764892578
losses_train/total:	1.4974759817123413
losses_test/task:	1.1906282901763916
losses_test/concepts:	19.195350646972656
losses_test/total:	3.1101632118225098
calibration_test/ece:	0.03526187688112259
calibration_test/brier:	0.3784404993057251
accuracy_test/task:	73.11011391094236
accuracy_test/concepts:	96.04994201660156
map_test/concepts:	0.9505809376637141

Epoch 109
losses_train/task:	0.7478892207145691
losses_train/concepts:	7.685042381286621
losses_train/total:	1.5163935422897339
losses_test/task:	1.1896672248840332
losses_test/concepts:	18.89246368408203
losses_test/total:	3.078914165496826
calibration_test/ece:	0.03562185540795326
calibration_test/brier:	0.37911808490753174
accuracy_test/task:	73.04107697618225
accuracy_test/concepts:	96.06720733642578
map_test/concepts:	0.9514098862806956

Epoch 110
losses_train/task:	0.770243763923645
losses_train/concepts:	7.793848037719727
losses_train/total:	1.5496286153793335
losses_test/task:	1.1982061862945557
losses_test/concepts:	19.26333236694336
losses_test/total:	3.124540090560913
calibration_test/ece:	0.037981513887643814
calibration_test/brier:	0.3786102831363678
accuracy_test/task:	72.92026234035208
accuracy_test/concepts:	96.074951171875
map_test/concepts:	0.9513309458891551

Epoch 111
losses_train/task:	0.733451247215271
losses_train/concepts:	7.376191139221191
losses_train/total:	1.4710705280303955
losses_test/task:	1.198262333869934
losses_test/concepts:	19.53459930419922
losses_test/total:	3.1517221927642822
calibration_test/ece:	0.03593294695019722
calibration_test/brier:	0.37939220666885376
accuracy_test/task:	72.92026234035208
accuracy_test/concepts:	96.10374450683594
map_test/concepts:	0.9510109146436055

Epoch 112
losses_train/task:	0.7090755105018616
losses_train/concepts:	7.008236408233643
losses_train/total:	1.409899115562439
losses_test/task:	1.19808030128479
losses_test/concepts:	19.21592903137207
losses_test/total:	3.1196727752685547
calibration_test/ece:	0.03362388163805008
calibration_test/brier:	0.37716689705848694
accuracy_test/task:	73.2136693130825
accuracy_test/concepts:	96.07669067382812
map_test/concepts:	0.9512411107619604

Epoch 113
losses_train/task:	0.6913626790046692
losses_train/concepts:	6.691136837005615
losses_train/total:	1.3604764938354492
losses_test/task:	1.1893805265426636
losses_test/concepts:	19.277795791625977
losses_test/total:	3.117159605026245
calibration_test/ece:	0.03543557599186897
calibration_test/brier:	0.37741145491600037
accuracy_test/task:	73.24818778046254
accuracy_test/concepts:	96.14168548583984
map_test/concepts:	0.9517327209313711

Epoch 114
losses_train/task:	0.7360127568244934
losses_train/concepts:	7.546169281005859
losses_train/total:	1.49062979221344
losses_test/task:	1.1805654764175415
losses_test/concepts:	19.21654510498047
losses_test/total:	3.102219581604004
calibration_test/ece:	0.0367807000875473
calibration_test/brier:	0.3761098384857178
accuracy_test/task:	73.1446323783224
accuracy_test/concepts:	96.14686584472656
map_test/concepts:	0.952406820654869

Epoch 115
losses_train/task:	0.7013669610023499
losses_train/concepts:	6.978825092315674
losses_train/total:	1.3992494344711304
losses_test/task:	1.1755762100219727
losses_test/concepts:	18.918678283691406
losses_test/total:	3.067444324493408
calibration_test/ece:	0.03500351682305336
calibration_test/brier:	0.37293702363967896
accuracy_test/task:	73.31722471522265
accuracy_test/concepts:	96.13652801513672
map_test/concepts:	0.9520806084076564

Epoch 116
losses_train/task:	0.6628233790397644
losses_train/concepts:	6.6496052742004395
losses_train/total:	1.3277839422225952
losses_test/task:	1.1636403799057007
losses_test/concepts:	18.271814346313477
losses_test/total:	2.9908218383789062
calibration_test/ece:	0.037448883056640625
calibration_test/brier:	0.3699849545955658
accuracy_test/task:	73.48981705212289
accuracy_test/concepts:	96.09970092773438
map_test/concepts:	0.9529064019521077

Epoch 117
losses_train/task:	0.6844177842140198
losses_train/concepts:	6.67988395690918
losses_train/total:	1.3524060249328613
losses_test/task:	1.1717365980148315
losses_test/concepts:	18.944116592407227
losses_test/total:	3.066147565841675
calibration_test/ece:	0.03891012445092201
calibration_test/brier:	0.3723551630973816
accuracy_test/task:	73.29996548153262
accuracy_test/concepts:	96.150634765625
map_test/concepts:	0.9523033817609151

Epoch 118
losses_train/task:	0.7321546673774719
losses_train/concepts:	7.265995502471924
losses_train/total:	1.458754301071167
losses_test/task:	1.1685373783111572
losses_test/concepts:	19.19877815246582
losses_test/total:	3.0884158611297607
calibration_test/ece:	0.036438487470149994
calibration_test/brier:	0.3690148591995239
accuracy_test/task:	73.83500172592336
accuracy_test/concepts:	96.20755767822266
map_test/concepts:	0.9527432103951772

Epoch 119
losses_train/task:	0.6925450563430786
losses_train/concepts:	6.987287521362305
losses_train/total:	1.3912737369537354
losses_test/task:	1.1707109212875366
losses_test/concepts:	19.303293228149414
losses_test/total:	3.1010401248931885
calibration_test/ece:	0.04047604650259018
calibration_test/brier:	0.3697994649410248
accuracy_test/task:	73.73144632378322
accuracy_test/concepts:	96.25934600830078
map_test/concepts:	0.953497976064682

Epoch 120
losses_train/task:	0.714458703994751
losses_train/concepts:	6.977999687194824
losses_train/total:	1.4122587442398071
losses_test/task:	1.173741102218628
losses_test/concepts:	19.317100524902344
losses_test/total:	3.1054515838623047
calibration_test/ece:	0.04084945470094681
calibration_test/brier:	0.37309694290161133
accuracy_test/task:	73.35174318260269
accuracy_test/concepts:	96.23316192626953
map_test/concepts:	0.953189558784167

Epoch 121
losses_train/task:	0.6849954128265381
losses_train/concepts:	6.91306734085083
losses_train/total:	1.376301884651184
losses_test/task:	1.170159101486206
losses_test/concepts:	19.145423889160156
losses_test/total:	3.0847012996673584
calibration_test/ece:	0.040068384259939194
calibration_test/brier:	0.36964988708496094
accuracy_test/task:	73.62789092164309
accuracy_test/concepts:	96.21188354492188
map_test/concepts:	0.9533678084611893

Epoch 122
losses_train/task:	0.6766396164894104
losses_train/concepts:	6.74291467666626
losses_train/total:	1.3509312868118286
losses_test/task:	1.1692395210266113
losses_test/concepts:	19.69388198852539
losses_test/total:	3.138627767562866
calibration_test/ece:	0.03860313817858696
calibration_test/brier:	0.3700495958328247
accuracy_test/task:	73.85226095961339
accuracy_test/concepts:	96.28007507324219
map_test/concepts:	0.9531502465407053

Epoch 123
losses_train/task:	0.6716426014900208
losses_train/concepts:	6.764800548553467
losses_train/total:	1.3481228351593018
losses_test/task:	1.1724878549575806
losses_test/concepts:	19.732751846313477
losses_test/total:	3.1457629203796387
calibration_test/ece:	0.040405627340078354
calibration_test/brier:	0.3705449104309082
accuracy_test/task:	73.81774249223335
accuracy_test/concepts:	96.25502014160156
map_test/concepts:	0.9533283233642578

Epoch 124
losses_train/task:	0.6621190309524536
losses_train/concepts:	6.680023193359375
losses_train/total:	1.3301215171813965
losses_test/task:	1.1589148044586182
losses_test/concepts:	19.25653839111328
losses_test/total:	3.084569215774536
calibration_test/ece:	0.040380802005529404
calibration_test/brier:	0.3683283030986786
accuracy_test/task:	73.73144632378322
accuracy_test/concepts:	96.25647735595703
map_test/concepts:	0.953342522184054

Epoch 125
losses_train/task:	0.6730222105979919
losses_train/concepts:	6.787868976593018
losses_train/total:	1.3518092632293701
losses_test/task:	1.1718069314956665
losses_test/concepts:	19.47740364074707
losses_test/total:	3.1195476055145264
calibration_test/ece:	0.043100401759147644
calibration_test/brier:	0.3699457049369812
accuracy_test/task:	73.62789092164309
accuracy_test/concepts:	96.2685546875
map_test/concepts:	0.953443228205045

Epoch 126
losses_train/task:	0.715255856513977
losses_train/concepts:	7.051745414733887
losses_train/total:	1.4204304218292236
losses_test/task:	1.162794828414917
losses_test/concepts:	19.209701538085938
losses_test/total:	3.0837652683258057
calibration_test/ece:	0.0430627167224884
calibration_test/brier:	0.36729300022125244
accuracy_test/task:	73.7141870900932
accuracy_test/concepts:	96.2582015991211
map_test/concepts:	0.9537009924650193

Epoch 127
losses_train/task:	0.6530002951622009
losses_train/concepts:	6.5489606857299805
losses_train/total:	1.3078964948654175
losses_test/task:	1.1706538200378418
losses_test/concepts:	19.12697410583496
losses_test/total:	3.0833511352539062
calibration_test/ece:	0.043444059789180756
calibration_test/brier:	0.37039342522621155
accuracy_test/task:	73.7141870900932
accuracy_test/concepts:	96.24266052246094
map_test/concepts:	0.953354823589325

Epoch 128
losses_train/task:	0.6733309626579285
losses_train/concepts:	6.684794902801514
losses_train/total:	1.3418104648590088
losses_test/task:	1.1766170263290405
losses_test/concepts:	19.504070281982422
losses_test/total:	3.127023935317993
calibration_test/ece:	0.0402144193649292
calibration_test/brier:	0.3692733645439148
accuracy_test/task:	74.02485329651364
accuracy_test/concepts:	96.26164245605469
map_test/concepts:	0.953569013873736

Epoch 129
losses_train/task:	0.6347800493240356
losses_train/concepts:	6.310920238494873
losses_train/total:	1.2658721208572388
losses_test/task:	1.1682689189910889
losses_test/concepts:	18.893239974975586
losses_test/total:	3.0575926303863525
calibration_test/ece:	0.0475451797246933
calibration_test/brier:	0.37191298604011536
accuracy_test/task:	73.29996548153262
accuracy_test/concepts:	96.25704193115234
map_test/concepts:	0.9542569438616435

Epoch 130
losses_train/task:	0.6554098129272461
losses_train/concepts:	6.592656135559082
losses_train/total:	1.3146753311157227
losses_test/task:	1.1554372310638428
losses_test/concepts:	19.061622619628906
losses_test/total:	3.0615994930267334
calibration_test/ece:	0.043720364570617676
calibration_test/brier:	0.3687119781970978
accuracy_test/task:	73.86952019330342
accuracy_test/concepts:	96.32005310058594
map_test/concepts:	0.9546849300463994

Epoch 131
losses_train/task:	0.6517798900604248
losses_train/concepts:	6.372377872467041
losses_train/total:	1.2890174388885498
losses_test/task:	1.1685665845870972
losses_test/concepts:	19.00196647644043
losses_test/total:	3.068763017654419
calibration_test/ece:	0.046433575451374054
calibration_test/brier:	0.3720408082008362
accuracy_test/task:	73.45529858474283
accuracy_test/concepts:	96.2918701171875
map_test/concepts:	0.9545984466870626

Epoch 132
losses_train/task:	0.6685749292373657
losses_train/concepts:	6.918546676635742
losses_train/total:	1.3604297637939453
losses_test/task:	1.170670747756958
losses_test/concepts:	19.255952835083008
losses_test/total:	3.0962657928466797
calibration_test/ece:	0.047457367181777954
calibration_test/brier:	0.37287989258766174
accuracy_test/task:	73.54159475319295
accuracy_test/concepts:	96.2659912109375
map_test/concepts:	0.954141761859258

Epoch 133
losses_train/task:	0.6482207775115967
losses_train/concepts:	6.460278034210205
losses_train/total:	1.294248342514038
losses_test/task:	1.1686145067214966
losses_test/concepts:	19.428226470947266
losses_test/total:	3.1114370822906494
calibration_test/ece:	0.04476282745599747
calibration_test/brier:	0.37141910195350647
accuracy_test/task:	73.61063168795306
accuracy_test/concepts:	96.27516174316406
map_test/concepts:	0.9536497632662455

Epoch 134
losses_train/task:	0.6435415744781494
losses_train/concepts:	6.451117515563965
losses_train/total:	1.2886532545089722
losses_test/task:	1.1657490730285645
losses_test/concepts:	19.271093368530273
losses_test/total:	3.09285831451416
calibration_test/ece:	0.0438569150865078
calibration_test/brier:	0.3694740831851959
accuracy_test/task:	73.80048325854332
accuracy_test/concepts:	96.28437805175781
map_test/concepts:	0.9541296650966008

Epoch 135
losses_train/task:	0.6543623805046082
losses_train/concepts:	6.303982734680176
losses_train/total:	1.2847607135772705
losses_test/task:	1.1730345487594604
losses_test/concepts:	19.994016647338867
losses_test/total:	3.172436237335205
calibration_test/ece:	0.04417099803686142
calibration_test/brier:	0.36887073516845703
accuracy_test/task:	74.04211253020365
accuracy_test/concepts:	96.30683135986328
map_test/concepts:	0.9538181285063426

Epoch 136
losses_train/task:	0.6052458882331848
losses_train/concepts:	5.88468599319458
losses_train/total:	1.1937144994735718
losses_test/task:	1.1657073497772217
losses_test/concepts:	19.526729583740234
losses_test/total:	3.118380308151245
calibration_test/ece:	0.04512058198451996
calibration_test/brier:	0.36925655603408813
accuracy_test/task:	73.9212978943735
accuracy_test/concepts:	96.3016357421875
map_test/concepts:	0.9539591550827027

Epoch 137
losses_train/task:	0.6517394781112671
losses_train/concepts:	6.35320520401001
losses_train/total:	1.2870601415634155
losses_test/task:	1.1636831760406494
losses_test/concepts:	19.514413833618164
losses_test/total:	3.1151247024536133
calibration_test/ece:	0.04618392139673233
calibration_test/brier:	0.368373304605484
accuracy_test/task:	73.81774249223335
accuracy_test/concepts:	96.303955078125
map_test/concepts:	0.9537677297989527

Epoch 138
losses_train/task:	0.6697264909744263
losses_train/concepts:	6.577964782714844
losses_train/total:	1.3275229930877686
losses_test/task:	1.170329213142395
losses_test/concepts:	19.617631912231445
losses_test/total:	3.132091999053955
calibration_test/ece:	0.044661443680524826
calibration_test/brier:	0.36940479278564453
accuracy_test/task:	74.0766309975837
accuracy_test/concepts:	96.28584289550781
map_test/concepts:	0.9538956155379613

Epoch 139
losses_train/task:	0.646807074546814
losses_train/concepts:	6.3884053230285645
losses_train/total:	1.2856476306915283
losses_test/task:	1.1715070009231567
losses_test/concepts:	19.55740737915039
losses_test/total:	3.1272478103637695
calibration_test/ece:	0.04492046311497688
calibration_test/brier:	0.3673954904079437
accuracy_test/task:	73.99033482913359
accuracy_test/concepts:	96.2990493774414
map_test/concepts:	0.9534126957257588

Epoch 140
losses_train/task:	0.5905261039733887
losses_train/concepts:	5.736120223999023
losses_train/total:	1.1641383171081543
losses_test/task:	1.171520709991455
losses_test/concepts:	19.887449264526367
losses_test/total:	3.1602654457092285
calibration_test/ece:	0.044831544160842896
calibration_test/brier:	0.3668168783187866
accuracy_test/task:	74.26648256817397
accuracy_test/concepts:	96.35167694091797
map_test/concepts:	0.9534944305817287

Epoch 141
losses_train/task:	0.6892443895339966
losses_train/concepts:	6.852077007293701
losses_train/total:	1.3744522333145142
losses_test/task:	1.178633213043213
losses_test/concepts:	20.31416893005371
losses_test/total:	3.210049867630005
calibration_test/ece:	0.04539204761385918
calibration_test/brier:	0.3702084422111511
accuracy_test/task:	74.09389023127373
accuracy_test/concepts:	96.31370544433594
map_test/concepts:	0.9533020337422689

Epoch 142
losses_train/task:	0.6568928956985474
losses_train/concepts:	6.365454196929932
losses_train/total:	1.2934380769729614
losses_test/task:	1.1713827848434448
losses_test/concepts:	19.534025192260742
losses_test/total:	3.1247856616973877
calibration_test/ece:	0.04699037969112396
calibration_test/brier:	0.368533194065094
accuracy_test/task:	74.05937176389368
accuracy_test/concepts:	96.31025695800781
map_test/concepts:	0.953813424706459

Epoch 143
losses_train/task:	0.5983896255493164
losses_train/concepts:	5.757723331451416
losses_train/total:	1.1741621494293213
losses_test/task:	1.1704224348068237
losses_test/concepts:	19.517677307128906
losses_test/total:	3.12218976020813
calibration_test/ece:	0.045852649956941605
calibration_test/brier:	0.36784490942955017
accuracy_test/task:	74.1456679323438
accuracy_test/concepts:	96.30680847167969
map_test/concepts:	0.9535391499598821

Epoch 144
losses_train/task:	0.6327987909317017
losses_train/concepts:	6.262640476226807
losses_train/total:	1.2590628862380981
losses_test/task:	1.1672416925430298
losses_test/concepts:	20.170162200927734
losses_test/total:	3.1842575073242188
calibration_test/ece:	0.04794482886791229
calibration_test/brier:	0.3682134747505188
accuracy_test/task:	74.09389023127373
accuracy_test/concepts:	96.33529663085938
map_test/concepts:	0.9537176549434662

Epoch 145
losses_train/task:	0.6091662645339966
losses_train/concepts:	6.167595386505127
losses_train/total:	1.2259258031845093
losses_test/task:	1.1771122217178345
losses_test/concepts:	20.125844955444336
losses_test/total:	3.189697027206421
calibration_test/ece:	0.05115716904401779
calibration_test/brier:	0.3731585741043091
accuracy_test/task:	73.74870555747324
accuracy_test/concepts:	96.31312561035156
map_test/concepts:	0.9534007519483566

Epoch 146
losses_train/task:	0.6408370733261108
losses_train/concepts:	6.306943416595459
losses_train/total:	1.2715312242507935
losses_test/task:	1.1837769746780396
losses_test/concepts:	19.887035369873047
losses_test/total:	3.1724801063537598
calibration_test/ece:	0.04885286092758179
calibration_test/brier:	0.3698776066303253
accuracy_test/task:	73.95581636175353
accuracy_test/concepts:	96.29588317871094
map_test/concepts:	0.9531779776016871

Epoch 147
losses_train/task:	0.6334929466247559
losses_train/concepts:	6.138237953186035
losses_train/total:	1.247316598892212
losses_test/task:	1.1825916767120361
losses_test/concepts:	19.650203704833984
losses_test/total:	3.1476118564605713
calibration_test/ece:	0.05172394961118698
calibration_test/brier:	0.3721733093261719
accuracy_test/task:	73.73144632378322
accuracy_test/concepts:	96.28955078125
map_test/concepts:	0.9537003248929977

Epoch 148
losses_train/task:	0.5716869235038757
losses_train/concepts:	5.60871696472168
losses_train/total:	1.1325587034225464
losses_test/task:	1.1827541589736938
losses_test/concepts:	20.169374465942383
losses_test/total:	3.1996915340423584
calibration_test/ece:	0.0506744310259819
calibration_test/brier:	0.3703819811344147
accuracy_test/task:	73.83500172592336
accuracy_test/concepts:	96.29012298583984
map_test/concepts:	0.9531922558943431

Epoch 149
losses_train/task:	0.5839707255363464
losses_train/concepts:	5.558023929595947
losses_train/total:	1.1397730112075806
losses_test/task:	1.1914039850234985
losses_test/concepts:	20.038673400878906
losses_test/total:	3.1952707767486572
calibration_test/ece:	0.05126473680138588
calibration_test/brier:	0.3737209439277649
accuracy_test/task:	73.6451501553331
accuracy_test/concepts:	96.26425170898438
map_test/concepts:	0.952251269419988

Epoch 150
losses_train/task:	0.6241323947906494
losses_train/concepts:	6.142841815948486
losses_train/total:	1.2384166717529297
losses_test/task:	1.1846396923065186
losses_test/concepts:	20.1368350982666
losses_test/total:	3.198323965072632
calibration_test/ece:	0.0538397878408432
calibration_test/brier:	0.3757357895374298
accuracy_test/task:	73.4207801173628
accuracy_test/concepts:	96.25215148925781
map_test/concepts:	0.952270433306694

Epoch 151
losses_train/task:	0.6088846325874329
losses_train/concepts:	5.946646213531494
losses_train/total:	1.2035492658615112
losses_test/task:	1.1833049058914185
losses_test/concepts:	20.63580322265625
losses_test/total:	3.2468855381011963
calibration_test/ece:	0.05144684761762619
calibration_test/brier:	0.3735845685005188
accuracy_test/task:	73.576113220573
accuracy_test/concepts:	96.27345275878906
map_test/concepts:	0.952206951379776

Epoch 152
losses_train/task:	0.5977734923362732
losses_train/concepts:	5.939028263092041
losses_train/total:	1.191676378250122
losses_test/task:	1.1866220235824585
losses_test/concepts:	20.055755615234375
losses_test/total:	3.192197561264038
calibration_test/ece:	0.05260921269655228
calibration_test/brier:	0.3747083246707916
accuracy_test/task:	73.48981705212289
accuracy_test/concepts:	96.25104522705078
map_test/concepts:	0.952296092112859

Epoch 153
losses_train/task:	0.6341384053230286
losses_train/concepts:	6.2408857345581055
losses_train/total:	1.2582272291183472
losses_test/task:	1.1739006042480469
losses_test/concepts:	19.443950653076172
losses_test/total:	3.1182961463928223
calibration_test/ece:	0.05105721205472946
calibration_test/brier:	0.3714318573474884
accuracy_test/task:	73.81774249223335
accuracy_test/concepts:	96.27601623535156
map_test/concepts:	0.9531659126281739

Epoch 154
losses_train/task:	0.6489489674568176
losses_train/concepts:	6.659058094024658
losses_train/total:	1.3148547410964966
losses_test/task:	1.178958773612976
losses_test/concepts:	19.89983558654785
losses_test/total:	3.1689419746398926
calibration_test/ece:	0.05169966444373131
calibration_test/brier:	0.37415811419487
accuracy_test/task:	73.59337245426303
accuracy_test/concepts:	96.25763702392578
map_test/concepts:	0.9528298377990723

Epoch 155
losses_train/task:	0.6136442422866821
losses_train/concepts:	5.99903678894043
losses_train/total:	1.2135480642318726
losses_test/task:	1.164920449256897
losses_test/concepts:	19.344383239746094
losses_test/total:	3.0993590354919434
calibration_test/ece:	0.04904554784297943
calibration_test/brier:	0.36907029151916504
accuracy_test/task:	74.1456679323438
accuracy_test/concepts:	96.2881088256836
map_test/concepts:	0.9532073915004731

Epoch 156
losses_train/task:	0.6160378456115723
losses_train/concepts:	5.976973533630371
losses_train/total:	1.2137349843978882
losses_test/task:	1.1643134355545044
losses_test/concepts:	19.357995986938477
losses_test/total:	3.100112199783325
calibration_test/ece:	0.05100127309560776
calibration_test/brier:	0.36802980303764343
accuracy_test/task:	74.09389023127373
accuracy_test/concepts:	96.29271697998047
map_test/concepts:	0.9535209437211355

Epoch 157
losses_train/task:	0.6105484366416931
losses_train/concepts:	5.989141464233398
losses_train/total:	1.2094625234603882
losses_test/task:	1.1717278957366943
losses_test/concepts:	19.52199363708496
losses_test/total:	3.1239266395568848
calibration_test/ece:	0.05391130596399307
calibration_test/brier:	0.37110888957977295
accuracy_test/task:	73.81774249223335
accuracy_test/concepts:	96.32868194580078
map_test/concepts:	0.9533962329228719

Epoch 158
losses_train/task:	0.5986720323562622
losses_train/concepts:	5.727120399475098
losses_train/total:	1.1713839769363403
losses_test/task:	1.1703153848648071
losses_test/concepts:	19.771305084228516
losses_test/total:	3.147446393966675
calibration_test/ece:	0.050132691860198975
calibration_test/brier:	0.3687802851200104
accuracy_test/task:	74.12840869865379
accuracy_test/concepts:	96.31372833251953
map_test/concepts:	0.9532663802305857

Epoch 159
losses_train/task:	0.6106653213500977
losses_train/concepts:	5.8878912925720215
losses_train/total:	1.199454426765442
losses_test/task:	1.1771496534347534
losses_test/concepts:	19.998197555541992
losses_test/total:	3.176969289779663
calibration_test/ece:	0.05293736979365349
calibration_test/brier:	0.3715733587741852
accuracy_test/task:	73.88677942699344
accuracy_test/concepts:	96.33067321777344
map_test/concepts:	0.9529236078262329

Epoch 160
losses_train/task:	0.6157354116439819
losses_train/concepts:	6.184230804443359
losses_train/total:	1.2341587543487549
losses_test/task:	1.1800302267074585
losses_test/concepts:	19.756202697753906
losses_test/total:	3.1556503772735596
calibration_test/ece:	0.056228529661893845
calibration_test/brier:	0.37314584851264954
accuracy_test/task:	73.86952019330342
accuracy_test/concepts:	96.30940246582031
map_test/concepts:	0.9532167861859003

Epoch 161
losses_train/task:	0.6203520894050598
losses_train/concepts:	6.036263942718506
losses_train/total:	1.2239782810211182
losses_test/task:	1.1762511730194092
losses_test/concepts:	19.901334762573242
losses_test/total:	3.16638445854187
calibration_test/ece:	0.05271005257964134
calibration_test/brier:	0.36899837851524353
accuracy_test/task:	74.0766309975837
accuracy_test/concepts:	96.31830596923828
map_test/concepts:	0.9532097538312276

Epoch 162
losses_train/task:	0.5930560827255249
losses_train/concepts:	5.644317150115967
losses_train/total:	1.1574878692626953
losses_test/task:	1.1683300733566284
losses_test/concepts:	19.62822723388672
losses_test/total:	3.131152629852295
calibration_test/ece:	0.053851790726184845
calibration_test/brier:	0.36836883425712585
accuracy_test/task:	74.00759406282361
accuracy_test/concepts:	96.33184051513672
map_test/concepts:	0.9531611283620198

Epoch 163
losses_train/task:	0.5863806009292603
losses_train/concepts:	5.740316867828369
losses_train/total:	1.160412311553955
losses_test/task:	1.171010971069336
losses_test/concepts:	19.563190460205078
losses_test/total:	3.1273295879364014
calibration_test/ece:	0.0536096915602684
calibration_test/brier:	0.36848488450050354
accuracy_test/task:	74.04211253020365
accuracy_test/concepts:	96.32434844970703
map_test/concepts:	0.9536631206671397

Epoch 164
losses_train/task:	0.6047544479370117
losses_train/concepts:	5.812294006347656
losses_train/total:	1.1859838962554932
losses_test/task:	1.1653316020965576
losses_test/concepts:	19.52263641357422
losses_test/total:	3.117595672607422
calibration_test/ece:	0.054990146309137344
calibration_test/brier:	0.36810338497161865
accuracy_test/task:	74.12840869865379
accuracy_test/concepts:	96.3324203491211
map_test/concepts:	0.95365189909935

Epoch 165
losses_train/task:	0.5639538764953613
losses_train/concepts:	5.355096817016602
losses_train/total:	1.0994635820388794
losses_test/task:	1.1644788980484009
losses_test/concepts:	19.64220428466797
losses_test/total:	3.128699541091919
calibration_test/ece:	0.05163371562957764
calibration_test/brier:	0.3655928671360016
accuracy_test/task:	74.33551950293408
accuracy_test/concepts:	96.35688781738281
map_test/concepts:	0.9536028683185578

Epoch 166
losses_train/task:	0.5725880861282349
losses_train/concepts:	5.701534271240234
losses_train/total:	1.1427415609359741
losses_test/task:	1.1793124675750732
losses_test/concepts:	20.1148681640625
losses_test/total:	3.1907997131347656
calibration_test/ece:	0.05259142071008682
calibration_test/brier:	0.3675243556499481
accuracy_test/task:	74.4218156713842
accuracy_test/concepts:	96.33615112304688
map_test/concepts:	0.9532726069291433

Epoch 167
losses_train/task:	0.5807593464851379
losses_train/concepts:	5.679625511169434
losses_train/total:	1.1487220525741577
losses_test/task:	1.1707391738891602
losses_test/concepts:	19.664770126342773
losses_test/total:	3.137216091156006
calibration_test/ece:	0.0523657463490963
calibration_test/brier:	0.36694803833961487
accuracy_test/task:	74.33551950293408
accuracy_test/concepts:	96.33815002441406
map_test/concepts:	0.9537613838911057

Epoch 168
losses_train/task:	0.6196755766868591
losses_train/concepts:	5.965446472167969
losses_train/total:	1.2162201404571533
losses_test/task:	1.168094515800476
losses_test/concepts:	19.756431579589844
losses_test/total:	3.14373779296875
calibration_test/ece:	0.05297546461224556
calibration_test/brier:	0.36440521478652954
accuracy_test/task:	74.33551950293408
accuracy_test/concepts:	96.37384796142578
map_test/concepts:	0.9543782929579417

Epoch 169
losses_train/task:	0.5781833529472351
losses_train/concepts:	5.843501567840576
losses_train/total:	1.1625334024429321
losses_test/task:	1.1685229539871216
losses_test/concepts:	19.652313232421875
losses_test/total:	3.1337552070617676
calibration_test/ece:	0.05248742178082466
calibration_test/brier:	0.36488431692123413
accuracy_test/task:	74.54263030721437
accuracy_test/concepts:	96.36723327636719
map_test/concepts:	0.9536513934532801

Epoch 170
losses_train/task:	0.5909130573272705
losses_train/concepts:	5.840150833129883
losses_train/total:	1.1749283075332642
losses_test/task:	1.1512806415557861
losses_test/concepts:	19.45049476623535
losses_test/total:	3.096330404281616
calibration_test/ece:	0.052626632153987885
calibration_test/brier:	0.36053115129470825
accuracy_test/task:	74.9223334483949
accuracy_test/concepts:	96.41553497314453
map_test/concepts:	0.9550175001223882

Epoch 171
losses_train/task:	0.5546910762786865
losses_train/concepts:	5.472757339477539
losses_train/total:	1.1019666194915771
losses_test/task:	1.1638106107711792
losses_test/concepts:	19.336267471313477
losses_test/total:	3.097437620162964
calibration_test/ece:	0.05563568323850632
calibration_test/brier:	0.366152286529541
accuracy_test/task:	74.31826026924405
accuracy_test/concepts:	96.36348724365234
map_test/concepts:	0.9546158363421758

Epoch 172
losses_train/task:	0.5749437212944031
losses_train/concepts:	5.536679267883301
losses_train/total:	1.1286118030548096
losses_test/task:	1.1794090270996094
losses_test/concepts:	20.183008193969727
losses_test/total:	3.1977105140686035
calibration_test/ece:	0.058718666434288025
calibration_test/brier:	0.3687569200992584
accuracy_test/task:	74.09389023127373
accuracy_test/concepts:	96.37641143798828
map_test/concepts:	0.9539584716161092

Epoch 173
losses_train/task:	0.5838217735290527
losses_train/concepts:	5.758053302764893
losses_train/total:	1.159627079963684
losses_test/task:	1.1709133386611938
losses_test/concepts:	19.743391036987305
losses_test/total:	3.1452534198760986
calibration_test/ece:	0.054877132177352905
calibration_test/brier:	0.36283615231513977
accuracy_test/task:	74.61166724197446
accuracy_test/concepts:	96.37873077392578
map_test/concepts:	0.9540329833825429

Epoch 174
losses_train/task:	0.5547223687171936
losses_train/concepts:	5.5273637771606445
losses_train/total:	1.1074589490890503
losses_test/task:	1.186577558517456
losses_test/concepts:	20.0408878326416
losses_test/total:	3.190666675567627
calibration_test/ece:	0.05523929372429848
calibration_test/brier:	0.3670518696308136
accuracy_test/task:	74.33551950293408
accuracy_test/concepts:	96.34534454345703
map_test/concepts:	0.95306043724219

Epoch 175
losses_train/task:	0.5661655068397522
losses_train/concepts:	5.359500885009766
losses_train/total:	1.1021156311035156
losses_test/task:	1.180759310722351
losses_test/concepts:	20.344696044921875
losses_test/total:	3.215228319168091
calibration_test/ece:	0.05725234001874924
calibration_test/brier:	0.36679625511169434
accuracy_test/task:	74.33551950293408
accuracy_test/concepts:	96.39885711669922
map_test/concepts:	0.9533116042613983

Epoch 176
losses_train/task:	0.5511138439178467
losses_train/concepts:	5.269254207611084
losses_train/total:	1.078039288520813
losses_test/task:	1.1975650787353516
losses_test/concepts:	20.369108200073242
losses_test/total:	3.234475612640381
calibration_test/ece:	0.0639103353023529
calibration_test/brier:	0.37403008341789246
accuracy_test/task:	73.73144632378322
accuracy_test/concepts:	96.35050964355469
map_test/concepts:	0.9524450927972794

Epoch 177
losses_train/task:	0.56720370054245
losses_train/concepts:	5.461918354034424
losses_train/total:	1.1133954524993896
losses_test/task:	1.2065818309783936
losses_test/concepts:	20.52239418029785
losses_test/total:	3.2588210105895996
calibration_test/ece:	0.06133376806974411
calibration_test/brier:	0.37282687425613403
accuracy_test/task:	74.04211253020365
accuracy_test/concepts:	96.35456848144531
map_test/concepts:	0.9526241342226665

Epoch 178
losses_train/task:	0.553494393825531
losses_train/concepts:	5.404821872711182
losses_train/total:	1.093976616859436
losses_test/task:	1.2047889232635498
losses_test/concepts:	20.618066787719727
losses_test/total:	3.2665963172912598
calibration_test/ece:	0.06442075222730637
calibration_test/brier:	0.3745347559452057
accuracy_test/task:	73.85226095961339
accuracy_test/concepts:	96.35253143310547
map_test/concepts:	0.9525306969881058

Epoch 179
losses_train/task:	0.5718035101890564
losses_train/concepts:	5.7618560791015625
losses_train/total:	1.1479886770248413
losses_test/task:	1.2042315006256104
losses_test/concepts:	20.048734664916992
losses_test/total:	3.2091047763824463
calibration_test/ece:	0.05937398225069046
calibration_test/brier:	0.3729328513145447
accuracy_test/task:	74.09389023127373
accuracy_test/concepts:	96.29096984863281
map_test/concepts:	0.9525538682937622

Epoch 180
losses_train/task:	0.5593554377555847
losses_train/concepts:	5.662082195281982
losses_train/total:	1.125563621520996
losses_test/task:	1.1905581951141357
losses_test/concepts:	20.150171279907227
losses_test/total:	3.205575466156006
calibration_test/ece:	0.060179539024829865
calibration_test/brier:	0.37045225501060486
accuracy_test/task:	74.283741801864
accuracy_test/concepts:	96.32290649414062
map_test/concepts:	0.952575738231341

Epoch 181
losses_train/task:	0.5836065411567688
losses_train/concepts:	5.70168924331665
losses_train/total:	1.1537753343582153
losses_test/task:	1.2079546451568604
losses_test/concepts:	20.35125732421875
losses_test/total:	3.2430801391601562
calibration_test/ece:	0.0644579529762268
calibration_test/brier:	0.37607747316360474
accuracy_test/task:	73.67966862271315
accuracy_test/concepts:	96.34363555908203
map_test/concepts:	0.9528039495150248

Epoch 182
losses_train/task:	0.5609820485115051
losses_train/concepts:	5.399221897125244
losses_train/total:	1.1009044647216797
losses_test/task:	1.2061774730682373
losses_test/concepts:	20.49673843383789
losses_test/total:	3.2558510303497314
calibration_test/ece:	0.06063999980688095
calibration_test/brier:	0.3732776939868927
accuracy_test/task:	74.16292716603382
accuracy_test/concepts:	96.33472442626953
map_test/concepts:	0.9527468144893646

Epoch 183
losses_train/task:	0.5914986729621887
losses_train/concepts:	5.698923587799072
losses_train/total:	1.1613911390304565
losses_test/task:	1.1961687803268433
losses_test/concepts:	20.67256736755371
losses_test/total:	3.263425827026367
calibration_test/ece:	0.05941174179315567
calibration_test/brier:	0.3705735206604004
accuracy_test/task:	74.43907490507422
accuracy_test/concepts:	96.36663055419922
map_test/concepts:	0.9529081811507543

Epoch 184
losses_train/task:	0.5561292171478271
losses_train/concepts:	5.520437717437744
losses_train/total:	1.108173131942749
losses_test/task:	1.1979353427886963
losses_test/concepts:	20.08191680908203
losses_test/total:	3.206127405166626
calibration_test/ece:	0.06179624795913696
calibration_test/brier:	0.3724987506866455
accuracy_test/task:	74.26648256817397
accuracy_test/concepts:	96.32261657714844
map_test/concepts:	0.9529796888430914

Epoch 185
losses_train/task:	0.5367796421051025
losses_train/concepts:	5.347079753875732
losses_train/total:	1.071487545967102
losses_test/task:	1.221142292022705
losses_test/concepts:	20.822084426879883
losses_test/total:	3.3033506870269775
calibration_test/ece:	0.07071787863969803
calibration_test/brier:	0.3794381022453308
accuracy_test/task:	73.4207801173628
accuracy_test/concepts:	96.29042053222656
map_test/concepts:	0.951533192396164

Epoch 186
losses_train/task:	0.533557653427124
losses_train/concepts:	5.1534929275512695
losses_train/total:	1.048906922340393
losses_test/task:	1.2062846422195435
losses_test/concepts:	20.625255584716797
losses_test/total:	3.2688095569610596
calibration_test/ece:	0.062297094613313675
calibration_test/brier:	0.3747842311859131
accuracy_test/task:	74.18018639972385
accuracy_test/concepts:	96.31975555419922
map_test/concepts:	0.9517821480830511

Epoch 187
losses_train/task:	0.5724467635154724
losses_train/concepts:	5.6837286949157715
losses_train/total:	1.1408196687698364
losses_test/task:	1.1943730115890503
losses_test/concepts:	19.84324836730957
losses_test/total:	3.1786980628967285
calibration_test/ece:	0.06062066927552223
calibration_test/brier:	0.37100180983543396
accuracy_test/task:	74.31826026924405
accuracy_test/concepts:	96.31169891357422
map_test/concepts:	0.9532621224721273

Epoch 188
losses_train/task:	0.5824788212776184
losses_train/concepts:	5.7755351066589355
losses_train/total:	1.1600322723388672
losses_test/task:	1.1969082355499268
losses_test/concepts:	20.043495178222656
losses_test/total:	3.2012581825256348
calibration_test/ece:	0.06490486115217209
calibration_test/brier:	0.36983585357666016
accuracy_test/task:	73.9212978943735
accuracy_test/concepts:	96.31285095214844
map_test/concepts:	0.952733701467514

Epoch 189
losses_train/task:	0.5497191548347473
losses_train/concepts:	5.346834659576416
losses_train/total:	1.0844027996063232
losses_test/task:	1.202787160873413
losses_test/concepts:	20.065593719482422
losses_test/total:	3.209346294403076
calibration_test/ece:	0.06153331696987152
calibration_test/brier:	0.3707718253135681
accuracy_test/task:	74.33551950293408
accuracy_test/concepts:	96.32810974121094
map_test/concepts:	0.9528115650018056

Epoch 190
losses_train/task:	0.5664496421813965
losses_train/concepts:	5.604426383972168
losses_train/total:	1.126892328262329
losses_test/task:	1.1966818571090698
losses_test/concepts:	20.43061637878418
losses_test/total:	3.23974347114563
calibration_test/ece:	0.06201557815074921
calibration_test/brier:	0.3688865303993225
accuracy_test/task:	74.09389023127373
accuracy_test/concepts:	96.32463836669922
map_test/concepts:	0.9525406002998352

Epoch 191
losses_train/task:	0.5520287156105042
losses_train/concepts:	5.3583245277404785
losses_train/total:	1.08786141872406
losses_test/task:	1.1988276243209839
losses_test/concepts:	19.844453811645508
losses_test/total:	3.1832733154296875
calibration_test/ece:	0.06297598034143448
calibration_test/brier:	0.37136000394821167
accuracy_test/task:	74.18018639972385
accuracy_test/concepts:	96.31488800048828
map_test/concepts:	0.9529093444347382

Epoch 192
losses_train/task:	0.5368531346321106
losses_train/concepts:	5.153115272521973
losses_train/total:	1.0521647930145264
losses_test/task:	1.1951807737350464
losses_test/concepts:	20.16689109802246
losses_test/total:	3.211869716644287
calibration_test/ece:	0.0634579211473465
calibration_test/brier:	0.3708097040653229
accuracy_test/task:	74.16292716603382
accuracy_test/concepts:	96.35371398925781
map_test/concepts:	0.9530185421307882

Epoch 193
losses_train/task:	0.538729727268219
losses_train/concepts:	5.1005425453186035
losses_train/total:	1.0487840175628662
losses_test/task:	1.2056952714920044
losses_test/concepts:	20.0908203125
losses_test/total:	3.2147767543792725
calibration_test/ece:	0.0672198086977005
calibration_test/brier:	0.3740881085395813
accuracy_test/task:	73.81774249223335
accuracy_test/concepts:	96.31172180175781
map_test/concepts:	0.953537200887998

Epoch 194
losses_train/task:	0.58837890625
losses_train/concepts:	5.981383323669434
losses_train/total:	1.186517357826233
losses_test/task:	1.2077196836471558
losses_test/concepts:	20.24131965637207
losses_test/total:	3.231851816177368
calibration_test/ece:	0.06644222885370255
calibration_test/brier:	0.3758425712585449
accuracy_test/task:	73.80048325854332
accuracy_test/concepts:	96.31974792480469
map_test/concepts:	0.9530643274386724

Epoch 195
losses_train/task:	0.5746006965637207
losses_train/concepts:	5.816090106964111
losses_train/total:	1.1562098264694214
losses_test/task:	1.2248073816299438
losses_test/concepts:	20.587984085083008
losses_test/total:	3.2836062908172607
calibration_test/ece:	0.06610562652349472
calibration_test/brier:	0.3758732080459595
accuracy_test/task:	73.88677942699344
accuracy_test/concepts:	96.28294372558594
map_test/concepts:	0.9524217337369919

Epoch 196
losses_train/task:	0.5536669492721558
losses_train/concepts:	5.522258281707764
losses_train/total:	1.1058927774429321
losses_test/task:	1.208965539932251
losses_test/concepts:	20.209531784057617
losses_test/total:	3.2299182415008545
calibration_test/ece:	0.06115599349141121
calibration_test/brier:	0.3730306625366211
accuracy_test/task:	74.23196410079393
accuracy_test/concepts:	96.27375030517578
map_test/concepts:	0.952714674671491

Epoch 197
losses_train/task:	0.5342229604721069
losses_train/concepts:	5.171034336090088
losses_train/total:	1.0513262748718262
losses_test/task:	1.2126131057739258
losses_test/concepts:	20.35884666442871
losses_test/total:	3.248497724533081
calibration_test/ece:	0.0659622997045517
calibration_test/brier:	0.37380146980285645
accuracy_test/task:	74.11114946496376
accuracy_test/concepts:	96.291259765625
map_test/concepts:	0.952651368578275

Epoch 198
losses_train/task:	0.5687352418899536
losses_train/concepts:	5.737131595611572
losses_train/total:	1.1424484252929688
losses_test/task:	1.1874051094055176
losses_test/concepts:	19.664508819580078
losses_test/total:	3.153856039047241
calibration_test/ece:	0.06156029924750328
calibration_test/brier:	0.36763322353363037
accuracy_test/task:	74.5771487745944
accuracy_test/concepts:	96.3427734375
map_test/concepts:	0.9532575617233913

Epoch 199
losses_train/task:	0.5669318437576294
losses_train/concepts:	5.601513862609863
losses_train/total:	1.1270833015441895
losses_test/task:	1.211051344871521
losses_test/concepts:	20.663198471069336
losses_test/total:	3.277371406555176
calibration_test/ece:	0.06462900340557098
calibration_test/brier:	0.37247899174690247
accuracy_test/task:	74.11114946496376
accuracy_test/concepts:	96.33529663085938
map_test/concepts:	0.9523153165976207

Epoch 200
losses_train/task:	0.5433815717697144
losses_train/concepts:	5.253661155700684
losses_train/total:	1.068748116493225
losses_test/task:	1.2157599925994873
losses_test/concepts:	20.586254119873047
losses_test/total:	3.274385929107666
calibration_train/ece:	0.07114627957344055
calibration_train/brier:	0.1391400694847107
accuracy_train/task:	89.73817567567568
calibration_test/ece:	0.06661844253540039
calibration_test/brier:	0.3733726739883423
accuracy_test/task:	73.97307559544356
accuracy_train/concepts:	97.44405364990234
map_train/concepts:	0.9908201068639755
accuracy_test/concepts:	96.34046936035156
map_test/concepts:	0.9519590208927791
accuracy_test/nuisances_task:	-0.03385463586220375
accuracy_test/nuisances_nontask:	0.0
mutual_inf_test/nuisances_task:	-0.0016455967307690705
mutual_inf_test/nuisances_nontask:	0.0

Epoch 201
losses_train/task:	0.5399070978164673
losses_train/concepts:	5.234118938446045
losses_train/total:	1.0633189678192139
losses_test/task:	1.2134455442428589
losses_test/concepts:	20.779949188232422
losses_test/total:	3.291440963745117
calibration_test/ece:	0.06611797958612442
calibration_test/brier:	0.37290483713150024
accuracy_test/task:	74.11114946496376
accuracy_test/concepts:	96.36923217773438
map_test/concepts:	0.9523238509893417

Epoch 202
losses_train/task:	0.5212363600730896
losses_train/concepts:	5.145861625671387
losses_train/total:	1.035822868347168
losses_test/task:	1.2134804725646973
losses_test/concepts:	20.346853256225586
losses_test/total:	3.2481656074523926
calibration_test/ece:	0.06786595284938812
calibration_test/brier:	0.37387004494667053
accuracy_test/task:	74.04211253020365
accuracy_test/concepts:	96.35081481933594
map_test/concepts:	0.9525498747825623

Epoch 203
losses_train/task:	0.5561317801475525
losses_train/concepts:	5.385960102081299
losses_train/total:	1.094727635383606
losses_test/task:	1.208016276359558
losses_test/concepts:	20.54831314086914
losses_test/total:	3.262847661972046
calibration_test/ece:	0.06614790856838226
calibration_test/brier:	0.37202635407447815
accuracy_test/task:	74.24922333448394
accuracy_test/concepts:	96.36779022216797
map_test/concepts:	0.9525862634181976

Epoch 204
losses_train/task:	0.532258927822113
losses_train/concepts:	5.145194053649902
losses_train/total:	1.0467784404754639
losses_test/task:	1.2121796607971191
losses_test/concepts:	20.44529914855957
losses_test/total:	3.256708860397339
calibration_test/ece:	0.06944752484560013
calibration_test/brier:	0.3738365173339844
accuracy_test/task:	73.86952019330342
accuracy_test/concepts:	96.3539810180664
map_test/concepts:	0.9523993382851282

Epoch 205
losses_train/task:	0.5298091173171997
losses_train/concepts:	5.2506422996521
losses_train/total:	1.0548735857009888
losses_test/task:	1.2143850326538086
losses_test/concepts:	20.181442260742188
losses_test/total:	3.2325284481048584
calibration_test/ece:	0.06632205098867416
calibration_test/brier:	0.3724800944328308
accuracy_test/task:	74.1456679323438
accuracy_test/concepts:	96.33729553222656
map_test/concepts:	0.952819878856341

Epoch 206
losses_train/task:	0.5273741483688354
losses_train/concepts:	5.265244007110596
losses_train/total:	1.053898572921753
losses_test/task:	1.2065682411193848
losses_test/concepts:	20.215553283691406
losses_test/total:	3.228123188018799
calibration_test/ece:	0.0659736767411232
calibration_test/brier:	0.3716985881328583
accuracy_test/task:	74.11114946496376
accuracy_test/concepts:	96.35802459716797
map_test/concepts:	0.9528094987074535

Epoch 207
losses_train/task:	0.539741575717926
losses_train/concepts:	5.229373455047607
losses_train/total:	1.0626790523529053
losses_test/task:	1.212199330329895
losses_test/concepts:	20.350833892822266
losses_test/total:	3.2472829818725586
calibration_test/ece:	0.06648648530244827
calibration_test/brier:	0.37199535965919495
accuracy_test/task:	74.02485329651364
accuracy_test/concepts:	96.35342407226562
map_test/concepts:	0.9530950526396433

Epoch 208
losses_train/task:	0.538723349571228
losses_train/concepts:	5.367915630340576
losses_train/total:	1.0755149126052856
losses_test/task:	1.209026575088501
losses_test/concepts:	20.265329360961914
losses_test/total:	3.2355597019195557
calibration_test/ece:	0.06488177180290222
calibration_test/brier:	0.3716595768928528
accuracy_test/task:	74.24922333448394
accuracy_test/concepts:	96.3741226196289
map_test/concepts:	0.9529818971951802

Epoch 209
losses_train/task:	0.5216374397277832
losses_train/concepts:	5.183152198791504
losses_train/total:	1.0399526357650757
losses_test/task:	1.2083944082260132
losses_test/concepts:	20.25877571105957
losses_test/total:	3.234272003173828
calibration_test/ece:	0.06654991954565048
calibration_test/brier:	0.3714629113674164
accuracy_test/task:	74.12840869865379
accuracy_test/concepts:	96.37873840332031
map_test/concepts:	0.952934933702151

Epoch 210
losses_train/task:	0.5352851152420044
losses_train/concepts:	4.97835636138916
losses_train/total:	1.0331206321716309
losses_test/task:	1.205237627029419
losses_test/concepts:	20.21537971496582
losses_test/total:	3.2267751693725586
calibration_test/ece:	0.06584269553422928
calibration_test/brier:	0.3718533515930176
accuracy_test/task:	74.16292716603382
accuracy_test/concepts:	96.36003875732422
map_test/concepts:	0.9528563757737477

Epoch 211
losses_train/task:	0.5384553074836731
losses_train/concepts:	5.228156089782715
losses_train/total:	1.0612709522247314
losses_test/task:	1.2118788957595825
losses_test/concepts:	20.267555236816406
losses_test/total:	3.2386345863342285
calibration_test/ece:	0.06590896099805832
calibration_test/brier:	0.3725658059120178
accuracy_test/task:	74.12840869865379
accuracy_test/concepts:	96.36750793457031
map_test/concepts:	0.9532147814830144

Epoch 212
losses_train/task:	0.5530982613563538
losses_train/concepts:	5.412245273590088
losses_train/total:	1.0943228006362915
losses_test/task:	1.2124103307724
losses_test/concepts:	20.84076690673828
losses_test/total:	3.2964866161346436
calibration_test/ece:	0.06993468850851059
calibration_test/brier:	0.3746824562549591
accuracy_test/task:	73.97307559544356
accuracy_test/concepts:	96.3824691772461
map_test/concepts:	0.9526490887006124

Epoch 213
losses_train/task:	0.513883113861084
losses_train/concepts:	5.012087821960449
losses_train/total:	1.0150920152664185
losses_test/task:	1.2056398391723633
losses_test/concepts:	19.992433547973633
losses_test/total:	3.204883098602295
calibration_test/ece:	0.06613357365131378
calibration_test/brier:	0.37064850330352783
accuracy_test/task:	74.23196410079393
accuracy_test/concepts:	96.35398864746094
map_test/concepts:	0.953142965833346

Epoch 214
losses_train/task:	0.5418490171432495
losses_train/concepts:	5.390385150909424
losses_train/total:	1.0808875560760498
losses_test/task:	1.2065023183822632
losses_test/concepts:	20.301652908325195
losses_test/total:	3.2366678714752197
calibration_test/ece:	0.06863774359226227
calibration_test/brier:	0.3726617991924286
accuracy_test/task:	74.00759406282361
accuracy_test/concepts:	96.3694839477539
map_test/concepts:	0.9531927277644475

Epoch 215
losses_train/task:	0.5326753258705139
losses_train/concepts:	5.171309947967529
losses_train/total:	1.0498063564300537
losses_test/task:	1.21101975440979
losses_test/concepts:	20.20535659790039
losses_test/total:	3.2315561771392822
calibration_test/ece:	0.06770787388086319
calibration_test/brier:	0.3737018406391144
accuracy_test/task:	74.02485329651364
accuracy_test/concepts:	96.3718032836914
map_test/concepts:	0.9531355947256088

Epoch 216
losses_train/task:	0.5494478344917297
losses_train/concepts:	5.521738529205322
losses_train/total:	1.1016215085983276
losses_test/task:	1.2021852731704712
losses_test/concepts:	20.581314086914062
losses_test/total:	3.260317087173462
calibration_test/ece:	0.06548137962818146
calibration_test/brier:	0.3697931170463562
accuracy_test/task:	74.26648256817397
accuracy_test/concepts:	96.37873077392578
map_test/concepts:	0.9529299736022949

Epoch 217
losses_train/task:	0.5599194169044495
losses_train/concepts:	5.358565807342529
losses_train/total:	1.0957762002944946
losses_test/task:	1.20491623878479
losses_test/concepts:	20.399845123291016
losses_test/total:	3.2449002265930176
calibration_test/ece:	0.0651073306798935
calibration_test/brier:	0.37208279967308044
accuracy_test/task:	74.24922333448394
accuracy_test/concepts:	96.40060424804688
map_test/concepts:	0.9530326455831528

Epoch 218
losses_train/task:	0.5352850556373596
losses_train/concepts:	5.205357074737549
losses_train/total:	1.0558207035064697
losses_test/task:	1.204261064529419
losses_test/concepts:	20.46280288696289
losses_test/total:	3.2505414485931396
calibration_test/ece:	0.06768001616001129
calibration_test/brier:	0.3706829249858856
accuracy_test/task:	74.2147048671039
accuracy_test/concepts:	96.40287017822266
map_test/concepts:	0.9534311960140864

Epoch 219
losses_train/task:	0.5027400255203247
losses_train/concepts:	4.713807106018066
losses_train/total:	0.9741204977035522
losses_test/task:	1.1983728408813477
losses_test/concepts:	20.14472770690918
losses_test/total:	3.21284556388855
calibration_test/ece:	0.06497939676046371
calibration_test/brier:	0.37022316455841064
accuracy_test/task:	74.31826026924405
accuracy_test/concepts:	96.39396667480469
map_test/concepts:	0.9533685108025869

Epoch 220
losses_train/task:	0.5525252223014832
losses_train/concepts:	5.596789836883545
losses_train/total:	1.1122043132781982
losses_test/task:	1.2037367820739746
losses_test/concepts:	20.341102600097656
losses_test/total:	3.237847089767456
calibration_test/ece:	0.06558100879192352
calibration_test/brier:	0.3695625960826874
accuracy_test/task:	74.37003797031412
accuracy_test/concepts:	96.38905334472656
map_test/concepts:	0.9534459471702575

Epoch 221
losses_train/task:	0.5123937129974365
losses_train/concepts:	5.007946014404297
losses_train/total:	1.013188362121582
losses_test/task:	1.1958519220352173
losses_test/concepts:	19.930513381958008
losses_test/total:	3.1889028549194336
calibration_test/ece:	0.06526930630207062
calibration_test/brier:	0.36864450573921204
accuracy_test/task:	74.30100103555402
accuracy_test/concepts:	96.36721801757812
map_test/concepts:	0.9537289808193843

Epoch 222
losses_train/task:	0.5370645523071289
losses_train/concepts:	5.1880645751953125
losses_train/total:	1.0558710098266602
losses_test/task:	1.1960850954055786
losses_test/concepts:	20.245092391967773
losses_test/total:	3.2205944061279297
calibration_test/ece:	0.06677297502756119
calibration_test/brier:	0.36972784996032715
accuracy_test/task:	74.16292716603382
accuracy_test/concepts:	96.36753845214844
map_test/concepts:	0.9533873031536738

Epoch 223
losses_train/task:	0.541610062122345
losses_train/concepts:	5.392963886260986
losses_train/total:	1.0809065103530884
losses_test/task:	1.200002908706665
losses_test/concepts:	20.13905906677246
losses_test/total:	3.21390962600708
calibration_test/ece:	0.06712418794631958
calibration_test/brier:	0.37141406536102295
accuracy_test/task:	74.16292716603382
accuracy_test/concepts:	96.37439727783203
map_test/concepts:	0.953621898094813

Epoch 224
losses_train/task:	0.5608505606651306
losses_train/concepts:	5.552770614624023
losses_train/total:	1.1161277294158936
losses_test/task:	1.1985011100769043
losses_test/concepts:	20.48797035217285
losses_test/total:	3.247298240661621
calibration_test/ece:	0.06591253727674484
calibration_test/brier:	0.37012797594070435
accuracy_test/task:	74.283741801864
accuracy_test/concepts:	96.4169692993164
map_test/concepts:	0.9534389515717824

Epoch 225
losses_train/task:	0.5418072938919067
losses_train/concepts:	5.225662708282471
losses_train/total:	1.0643736124038696
losses_test/task:	1.200129508972168
losses_test/concepts:	20.3253116607666
losses_test/total:	3.2326607704162598
calibration_test/ece:	0.06636058539152145
calibration_test/brier:	0.3712686598300934
accuracy_test/task:	74.19744563341388
accuracy_test/concepts:	96.39744567871094
map_test/concepts:	0.9535096724828084

Epoch 226
losses_train/task:	0.5413610339164734
losses_train/concepts:	5.2243971824646
losses_train/total:	1.063800573348999
losses_test/task:	1.201756238937378
losses_test/concepts:	20.241289138793945
losses_test/total:	3.2258856296539307
calibration_test/ece:	0.06569473445415497
calibration_test/brier:	0.371602326631546
accuracy_test/task:	74.2147048671039
accuracy_test/concepts:	96.38536834716797
map_test/concepts:	0.9533409277598063

Epoch 227
losses_train/task:	0.5684849619865417
losses_train/concepts:	5.704813480377197
losses_train/total:	1.1389662027359009
losses_test/task:	1.201310634613037
losses_test/concepts:	19.76381492614746
losses_test/total:	3.17769193649292
calibration_test/ece:	0.06685072183609009
calibration_test/brier:	0.3709578216075897
accuracy_test/task:	74.0766309975837
accuracy_test/concepts:	96.35918426513672
map_test/concepts:	0.9534327775239945

Epoch 228
losses_train/task:	0.5068454742431641
losses_train/concepts:	4.796506404876709
losses_train/total:	0.9864962100982666
losses_test/task:	1.204136848449707
losses_test/concepts:	20.302648544311523
losses_test/total:	3.234401226043701
calibration_test/ece:	0.06630095839500427
calibration_test/brier:	0.3727131485939026
accuracy_test/task:	74.16292716603382
accuracy_test/concepts:	96.38964080810547
map_test/concepts:	0.9534162402153015

Epoch 229
losses_train/task:	0.5603188276290894
losses_train/concepts:	5.357809066772461
losses_train/total:	1.096099615097046
losses_test/task:	1.1994558572769165
losses_test/concepts:	20.443706512451172
losses_test/total:	3.2438268661499023
calibration_test/ece:	0.06570397317409515
calibration_test/brier:	0.37003087997436523
accuracy_test/task:	74.283741801864
accuracy_test/concepts:	96.39714050292969
map_test/concepts:	0.9533073832591374

Epoch 230
losses_train/task:	0.5276385545730591
losses_train/concepts:	5.079339027404785
losses_train/total:	1.0355722904205322
losses_test/task:	1.1984367370605469
losses_test/concepts:	20.240245819091797
losses_test/total:	3.2224605083465576
calibration_test/ece:	0.06665986776351929
calibration_test/brier:	0.369231253862381
accuracy_test/task:	74.23196410079393
accuracy_test/concepts:	96.3922348022461
map_test/concepts:	0.9535409609476725

Epoch 231
losses_train/task:	0.5253958106040955
losses_train/concepts:	5.30887508392334
losses_train/total:	1.0562833547592163
losses_test/task:	1.1986682415008545
losses_test/concepts:	19.876623153686523
losses_test/total:	3.186330556869507
calibration_test/ece:	0.06570611894130707
calibration_test/brier:	0.369259774684906
accuracy_test/task:	74.37003797031412
accuracy_test/concepts:	96.37958526611328
map_test/concepts:	0.9535649756590525

Epoch 232
losses_train/task:	0.5246062278747559
losses_train/concepts:	5.113918781280518
losses_train/total:	1.035997986793518
losses_test/task:	1.2034320831298828
losses_test/concepts:	20.399166107177734
losses_test/total:	3.2433481216430664
calibration_test/ece:	0.06570505350828171
calibration_test/brier:	0.369602769613266
accuracy_test/task:	74.4218156713842
accuracy_test/concepts:	96.40201568603516
map_test/concepts:	0.9534745315710703

Epoch 233
losses_train/task:	0.5177899599075317
losses_train/concepts:	5.044543743133545
losses_train/total:	1.0222443342208862
losses_test/task:	1.1960399150848389
losses_test/concepts:	19.880584716796875
losses_test/total:	3.184098720550537
calibration_test/ece:	0.06417623907327652
calibration_test/brier:	0.3700912594795227
accuracy_test/task:	74.35277873662409
accuracy_test/concepts:	96.39196014404297
map_test/concepts:	0.953904299934705

Epoch 234
losses_train/task:	0.5245929956436157
losses_train/concepts:	5.018688201904297
losses_train/total:	1.0264617204666138
losses_test/task:	1.2097522020339966
losses_test/concepts:	20.33036994934082
losses_test/total:	3.2427892684936523
calibration_test/ece:	0.06765671819448471
calibration_test/brier:	0.37295106053352356
accuracy_test/task:	74.0766309975837
accuracy_test/concepts:	96.37699890136719
map_test/concepts:	0.9532214313745498

Epoch 235
losses_train/task:	0.5563085079193115
losses_train/concepts:	5.380977153778076
losses_train/total:	1.0944063663482666
losses_test/task:	1.2050307989120483
losses_test/concepts:	20.36151123046875
losses_test/total:	3.2411820888519287
calibration_test/ece:	0.06689272075891495
calibration_test/brier:	0.371477872133255
accuracy_test/task:	74.19744563341388
accuracy_test/concepts:	96.40460968017578
map_test/concepts:	0.953438600897789

Epoch 236
losses_train/task:	0.5565557479858398
losses_train/concepts:	5.516575336456299
losses_train/total:	1.1082133054733276
losses_test/task:	1.2030924558639526
losses_test/concepts:	19.950702667236328
losses_test/total:	3.1981632709503174
calibration_test/ece:	0.06630434095859528
calibration_test/brier:	0.3706129193305969
accuracy_test/task:	74.2147048671039
accuracy_test/concepts:	96.36174774169922
map_test/concepts:	0.9535700490077337

Epoch 237
losses_train/task:	0.5298682451248169
losses_train/concepts:	5.301003456115723
losses_train/total:	1.0599688291549683
losses_test/task:	1.2043734788894653
losses_test/concepts:	19.874380111694336
losses_test/total:	3.1918113231658936
calibration_test/ece:	0.0653616413474083
calibration_test/brier:	0.37062737345695496
accuracy_test/task:	74.26648256817397
accuracy_test/concepts:	96.36434936523438
map_test/concepts:	0.9537544131278992

Epoch 238
losses_train/task:	0.49699583649635315
losses_train/concepts:	4.664527893066406
losses_train/total:	0.9634486436843872
losses_test/task:	1.1921879053115845
losses_test/concepts:	20.10671043395996
losses_test/total:	3.20285964012146
calibration_test/ece:	0.06332660466432571
calibration_test/brier:	0.36753374338150024
accuracy_test/task:	74.47359337245426
accuracy_test/concepts:	96.38935089111328
map_test/concepts:	0.9536068667968114

Epoch 239
losses_train/task:	0.5161328315734863
losses_train/concepts:	5.073793888092041
losses_train/total:	1.0235122442245483
losses_test/task:	1.1967977285385132
losses_test/concepts:	20.491138458251953
losses_test/total:	3.2459120750427246
calibration_test/ece:	0.06495451182126999
calibration_test/brier:	0.3684598207473755
accuracy_test/task:	74.4218156713842
accuracy_test/concepts:	96.42473602294922
map_test/concepts:	0.9536850819985072

Epoch 240
losses_train/task:	0.5339438915252686
losses_train/concepts:	5.240140438079834
losses_train/total:	1.0579580068588257
losses_test/task:	1.206060767173767
losses_test/concepts:	20.436201095581055
losses_test/total:	3.249681234359741
calibration_test/ece:	0.06660276651382446
calibration_test/brier:	0.37154310941696167
accuracy_test/task:	74.11114946496376
accuracy_test/concepts:	96.3936767578125
map_test/concepts:	0.9533221006393433

Epoch 241
losses_train/task:	0.4867805540561676
losses_train/concepts:	4.760725498199463
losses_train/total:	0.9628530144691467
losses_test/task:	1.1977144479751587
losses_test/concepts:	20.275075912475586
losses_test/total:	3.2252213954925537
calibration_test/ece:	0.06585758924484253
calibration_test/brier:	0.3700098693370819
accuracy_test/task:	74.16292716603382
accuracy_test/concepts:	96.39078521728516
map_test/concepts:	0.9535332183043163

Epoch 242
losses_train/task:	0.5590860843658447
losses_train/concepts:	5.3707780838012695
losses_train/total:	1.0961638689041138
losses_test/task:	1.1992844343185425
losses_test/concepts:	19.918434143066406
losses_test/total:	3.191128730773926
calibration_test/ece:	0.06560022383928299
calibration_test/brier:	0.3704761564731598
accuracy_test/task:	74.23196410079393
accuracy_test/concepts:	96.36116027832031
map_test/concepts:	0.9536435852448145

Epoch 243
losses_train/task:	0.539953351020813
losses_train/concepts:	5.143520832061768
losses_train/total:	1.0543051958084106
losses_test/task:	1.197959303855896
losses_test/concepts:	20.1881160736084
losses_test/total:	3.216771125793457
calibration_test/ece:	0.06537862122058868
calibration_test/brier:	0.3702910542488098
accuracy_test/task:	74.12840869865379
accuracy_test/concepts:	96.38619995117188
map_test/concepts:	0.953493258357048

Epoch 244
losses_train/task:	0.5217959880828857
losses_train/concepts:	5.017304420471191
losses_train/total:	1.0235265493392944
losses_test/task:	1.1955560445785522
losses_test/concepts:	20.160987854003906
losses_test/total:	3.2116546630859375
calibration_test/ece:	0.06430254876613617
calibration_test/brier:	0.3693871796131134
accuracy_test/task:	74.37003797031412
accuracy_test/concepts:	96.38678741455078
map_test/concepts:	0.9535341968139013

Epoch 245
losses_train/task:	0.5330014824867249
losses_train/concepts:	5.150562763214111
losses_train/total:	1.0480575561523438
losses_test/task:	1.1967835426330566
losses_test/concepts:	19.92620086669922
losses_test/total:	3.1894030570983887
calibration_test/ece:	0.06804238259792328
calibration_test/brier:	0.369983434677124
accuracy_test/task:	74.18018639972385
accuracy_test/concepts:	96.39714050292969
map_test/concepts:	0.9536684572696685

Epoch 246
losses_train/task:	0.5158442258834839
losses_train/concepts:	5.22144889831543
losses_train/total:	1.0379894971847534
losses_test/task:	1.2025729417800903
losses_test/concepts:	20.216623306274414
losses_test/total:	3.2242355346679688
calibration_test/ece:	0.06668069958686829
calibration_test/brier:	0.37244272232055664
accuracy_test/task:	74.2147048671039
accuracy_test/concepts:	96.38015747070312
map_test/concepts:	0.9536028563976288

Epoch 247
losses_train/task:	0.4952246844768524
losses_train/concepts:	4.80256986618042
losses_train/total:	0.9754818081855774
losses_test/task:	1.1920232772827148
losses_test/concepts:	20.146512985229492
losses_test/total:	3.2066750526428223
calibration_test/ece:	0.06377267837524414
calibration_test/brier:	0.3686956465244293
accuracy_test/task:	74.4218156713842
accuracy_test/concepts:	96.41468048095703
map_test/concepts:	0.9538382838169733

Epoch 248
losses_train/task:	0.49214890599250793
losses_train/concepts:	4.906735897064209
losses_train/total:	0.9828225374221802
losses_test/task:	1.1999213695526123
losses_test/concepts:	20.405263900756836
losses_test/total:	3.2404472827911377
calibration_test/ece:	0.06662784516811371
calibration_test/brier:	0.37074172496795654
accuracy_test/task:	74.31826026924405
accuracy_test/concepts:	96.4204330444336
map_test/concepts:	0.9535809526840846

Epoch 249
losses_train/task:	0.543925940990448
losses_train/concepts:	5.525935173034668
losses_train/total:	1.0965193510055542
losses_test/task:	1.1980500221252441
losses_test/concepts:	20.277938842773438
losses_test/total:	3.225844383239746
calibration_test/ece:	0.06500167399644852
calibration_test/brier:	0.37007758021354675
accuracy_test/task:	74.40455643769417
accuracy_test/concepts:	96.39624786376953
map_test/concepts:	0.9534780641396841

Epoch 250
losses_train/task:	0.5239995718002319
losses_train/concepts:	5.009207248687744
losses_train/total:	1.024920105934143
losses_test/task:	1.1989141702651978
losses_test/concepts:	20.577716827392578
losses_test/total:	3.256685495376587
calibration_train/ece:	0.06678517162799835
calibration_train/brier:	0.1338367462158203
accuracy_train/task:	90.41385135135135
calibration_test/ece:	0.06856180727481842
calibration_test/brier:	0.3716990351676941
accuracy_test/task:	74.09389023127373
accuracy_train/concepts:	97.68263244628906
map_train/concepts:	0.9917753914992015
accuracy_test/concepts:	96.42445373535156
map_test/concepts:	0.9534106860558192
accuracy_test/nuisances_task:	-0.03319107569181002
accuracy_test/nuisances_nontask:	0.0
mutual_inf_test/nuisances_task:	-0.0016069974729787085
mutual_inf_test/nuisances_nontask:	0.0

epoch_250.pt
groups=0 err_lowconf=25.906 err_random=25.906
groups=1 err_lowconf=23.283 err_random=23.283
groups=2 err_lowconf=22.454 err_random=22.454
groups=3 err_lowconf=21.574 err_random=21.574
groups=4 err_lowconf=19.037 err_random=19.037
groups=5 err_lowconf=18.985 err_random=18.985
groups=6 err_lowconf=17.846 err_random=17.846
groups=7 err_lowconf=16.241 err_random=16.241
groups=8 err_lowconf=15.844 err_random=15.844
groups=9 err_lowconf=13.410 err_random=13.410
groups=10 err_lowconf=11.685 err_random=11.685
groups=11 err_lowconf=11.443 err_random=11.443
groups=12 err_lowconf=11.115 err_random=11.115
[1;34mwandb[0m:
[1;34mwandb[0m: You can sync this run to the cloud by running:
[1;34mwandb[0m: [1mwandb sync /research/hal-afsharim/minimal_cbm/results/cub12-arhcbm/43/wandb/offline-run-20260727_065511-pjg498jf[0m
[1;34mwandb[0m: Find logs at: [1;35mresults/cub12-arhcbm/43/wandb/offline-run-20260727_065511-pjg498jf/logs[0m
