
===== launch 2026-07-27 13:55:20.752280 gpu4 =====
wandb: Using wandb-core as the SDK backend.  Please refer to https://wandb.me/wandb-core for more information.
wandb: Tracking run with wandb version 0.19.0
wandb: W&B syncing is set to `offline` in this directory.  
wandb: Run `wandb online` or set WANDB_MODE=online to enable cloud syncing.
/research/hal-afsharim/miniconda3/envs/mcbm/lib/python3.10/site-packages/torchvision/models/_utils.py:208: UserWarning: The parameter 'pretrained' is deprecated since 0.13 and will be removed in 0.15, please use 'weights' instead.
  warnings.warn(
/research/hal-afsharim/miniconda3/envs/mcbm/lib/python3.10/site-packages/torchvision/models/_utils.py:223: UserWarning: Arguments other than a weight enum or `None` for 'weights' are deprecated since 0.13 and will be removed in 0.15. The current behavior is equivalent to passing `weights=Inception_V3_Weights.IMAGENET1K_V1`. You can also use `weights=Inception_V3_Weights.DEFAULT` to get the most up-to-date weights.
  warnings.warn(msg)
Epoch 1
losses_train/task:	5.375199794769287
losses_train/concepts:	83.19844055175781
losses_train/representations:	67.58587646484375
losses_train/total:	17.074337005615234
losses_test/task:	5.306563377380371
losses_test/concepts:	71.49880981445312
losses_test/representations:	55.54705810546875
losses_test/total:	15.233795166015625
calibration_test/ece:	0.001865939237177372
calibration_test/brier:	0.9950487613677979
accuracy_test/task:	0.535036244390749
accuracy_test/concepts:	53.58473587036133
map_test/concepts:	0.25196005863447984

Epoch 2
losses_train/task:	5.250957012176514
losses_train/concepts:	69.29505920410156
losses_train/representations:	50.978363037109375
losses_train/total:	14.72938060760498
losses_test/task:	5.043965816497803
losses_test/concepts:	65.71927642822266
losses_test/representations:	46.649497985839844
losses_test/total:	13.948369979858398
calibration_test/ece:	0.002955503761768341
calibration_test/brier:	0.9918827414512634
accuracy_test/task:	1.6223679668622712
accuracy_test/concepts:	60.61355972290039
map_test/concepts:	0.35362373186896245

Epoch 3
losses_train/task:	4.731137752532959
losses_train/concepts:	64.54998016357422
losses_train/representations:	46.781700134277344
losses_train/total:	13.525223731994629
losses_test/task:	4.644582271575928
losses_test/concepts:	62.55729293823242
losses_test/representations:	51.07537841796875
losses_test/total:	13.454083442687988
calibration_test/ece:	0.015602323226630688
calibration_test/brier:	0.985070526599884
accuracy_test/task:	2.830514325163963
accuracy_test/concepts:	68.03302001953125
map_test/concepts:	0.4286664937933286

Epoch 4
losses_train/task:	4.202157497406006
losses_train/concepts:	60.34235763549805
losses_train/representations:	45.61984634399414
losses_train/total:	12.51738452911377
losses_test/task:	4.168910026550293
losses_test/concepts:	59.09392166137695
losses_test/representations:	46.63740539550781
losses_test/total:	12.410173416137695
calibration_test/ece:	0.00990661047399044
calibration_test/brier:	0.9757696390151978
accuracy_test/task:	5.453917846047635
accuracy_test/concepts:	72.45597839355469
map_test/concepts:	0.4743325961753726

Epoch 5
losses_train/task:	3.8641281127929688
losses_train/concepts:	56.8317756652832
losses_train/representations:	44.7782096862793
losses_train/total:	11.78621768951416
losses_test/task:	4.465095043182373
losses_test/concepts:	60.22152328491211
losses_test/representations:	53.2131233215332
losses_test/total:	13.147903442382812
calibration_test/ece:	0.02163596823811531
calibration_test/brier:	0.979118287563324
accuracy_test/task:	5.039696237487056
accuracy_test/concepts:	70.78556060791016
map_test/concepts:	0.4473996451124549

Epoch 6
losses_train/task:	3.596308946609497
losses_train/concepts:	54.42960739135742
losses_train/representations:	44.52516174316406
losses_train/total:	11.265527725219727
losses_test/task:	3.9907922744750977
losses_test/concepts:	53.62968063354492
losses_test/representations:	52.156288146972656
losses_test/total:	11.961577415466309
calibration_test/ece:	0.06734874099493027
calibration_test/brier:	0.969940721988678
accuracy_test/task:	10.752502588885054
accuracy_test/concepts:	73.50679016113281
map_test/concepts:	0.542128800911208

Epoch 7
losses_train/task:	3.3167877197265625
losses_train/concepts:	51.8026237487793
losses_train/representations:	43.667720794677734
losses_train/total:	10.680437088012695
losses_test/task:	3.0363709926605225
losses_test/concepts:	48.22455596923828
losses_test/representations:	43.92201614379883
losses_test/total:	10.05492877960205
calibration_test/ece:	0.018623191863298416
calibration_test/brier:	0.8945558667182922
accuracy_test/task:	19.934414911977907
accuracy_test/concepts:	77.48043823242188
map_test/concepts:	0.6187156451245149

Epoch 8
losses_train/task:	3.0284852981567383
losses_train/concepts:	49.33820724487305
losses_train/representations:	42.43904113769531
losses_train/total:	10.084258079528809
losses_test/task:	3.0189785957336426
losses_test/concepts:	46.35982131958008
losses_test/representations:	41.510040283203125
losses_test/total:	9.730463981628418
calibration_test/ece:	0.018779467791318893
calibration_test/brier:	0.8898815512657166
accuracy_test/task:	20.797376596479115
accuracy_test/concepts:	76.74433898925781
map_test/concepts:	0.6458365148554246

Epoch 9
losses_train/task:	2.865412712097168
losses_train/concepts:	47.034996032714844
losses_train/representations:	42.23524475097656
losses_train/total:	9.680676460266113
losses_test/task:	4.812496662139893
losses_test/concepts:	63.87934875488281
losses_test/representations:	54.91929244995117
losses_test/total:	13.946396827697754
calibration_test/ece:	0.05466035380959511
calibration_test/brier:	0.9886540770530701
accuracy_test/task:	5.8336209872281675
accuracy_test/concepts:	74.34932708740234
map_test/concepts:	0.4336283868799607

Epoch 10
losses_train/task:	2.7504489421844482
losses_train/concepts:	45.17697525024414
losses_train/representations:	41.40810012817383
losses_train/total:	9.33855152130127
losses_test/task:	2.8260061740875244
losses_test/concepts:	43.38982009887695
losses_test/representations:	44.47560119628906
losses_test/total:	9.388769149780273
calibration_test/ece:	0.05707578361034393
calibration_test/brier:	0.8520849943161011
accuracy_test/task:	24.905074214704868
accuracy_test/concepts:	81.2417984008789
map_test/concepts:	0.6711432938153545

Epoch 11
losses_train/task:	2.579345703125
losses_train/concepts:	43.41204071044922
losses_train/representations:	40.71800231933594
losses_train/total:	8.956449508666992
losses_test/task:	5.777684688568115
losses_test/concepts:	75.23242950439453
losses_test/representations:	58.8628044128418
losses_test/total:	16.244064331054688
calibration_test/ece:	0.1449277400970459
calibration_test/brier:	1.0371490716934204
accuracy_test/task:	2.5888850535036245
accuracy_test/concepts:	78.96444702148438
map_test/concepts:	0.3832521591335535

Epoch 12
losses_train/task:	2.571873903274536
losses_train/concepts:	42.627845764160156
losses_train/representations:	40.611087799072266
losses_train/total:	8.865212440490723
losses_test/task:	4.15309476852417
losses_test/concepts:	56.112152099609375
losses_test/representations:	53.98808670043945
losses_test/total:	12.463714599609375
calibration_test/ece:	0.1116446852684021
calibration_test/brier:	0.9534145593643188
accuracy_test/task:	13.703831549879185
accuracy_test/concepts:	79.28286743164062
map_test/concepts:	0.5227007869631052

Epoch 13
losses_train/task:	2.453803062438965
losses_train/concepts:	41.29008102416992
losses_train/representations:	39.818050384521484
losses_train/total:	8.573712348937988
losses_test/task:	2.580862522125244
losses_test/concepts:	38.16679763793945
losses_test/representations:	42.188785552978516
losses_test/total:	8.506979942321777
calibration_test/ece:	0.03421257808804512
calibration_test/brier:	0.8025330305099487
accuracy_test/task:	31.446323783224024
accuracy_test/concepts:	83.25193786621094
map_test/concepts:	0.7243263968576987

Epoch 14
losses_train/task:	2.2834787368774414
losses_train/concepts:	39.336097717285156
losses_train/representations:	38.688472747802734
losses_train/total:	8.151510238647461
losses_test/task:	2.3141322135925293
losses_test/concepts:	35.994415283203125
losses_test/representations:	42.108699798583984
losses_test/total:	8.019007682800293
calibration_test/ece:	0.033240243792533875
calibration_test/brier:	0.7546201944351196
accuracy_test/task:	35.968243010010355
accuracy_test/concepts:	84.9824447631836
map_test/concepts:	0.7410221815109252

Epoch 15
losses_train/task:	2.1960525512695312
losses_train/concepts:	38.09126281738281
losses_train/representations:	37.667232513427734
losses_train/total:	7.888540267944336
losses_test/task:	2.1983797550201416
losses_test/concepts:	34.762786865234375
losses_test/representations:	38.50957107543945
losses_test/total:	7.600136756896973
calibration_test/ece:	0.01929732784628868
calibration_test/brier:	0.7390400767326355
accuracy_test/task:	38.574387297204005
accuracy_test/concepts:	84.20117950439453
map_test/concepts:	0.7651372207949559

Epoch 16
losses_train/task:	2.129293203353882
losses_train/concepts:	37.33244323730469
losses_train/representations:	37.10137939453125
losses_train/total:	7.717606067657471
losses_test/task:	2.0922048091888428
losses_test/concepts:	33.2338752746582
losses_test/representations:	39.50409698486328
losses_test/total:	7.390796184539795
calibration_test/ece:	0.04333624988794327
calibration_test/brier:	0.7152681350708008
accuracy_test/task:	41.16327235070763
accuracy_test/concepts:	85.1492919921875
map_test/concepts:	0.766354738548398

Epoch 17
losses_train/task:	2.067673683166504
losses_train/concepts:	36.226776123046875
losses_train/representations:	36.39861297607422
losses_train/total:	7.51028299331665
losses_test/task:	2.3207521438598633
losses_test/concepts:	35.389583587646484
losses_test/representations:	38.6192741394043
losses_test/total:	7.790675640106201
calibration_test/ece:	0.05824427306652069
calibration_test/brier:	0.7301651835441589
accuracy_test/task:	40.766309975837075
accuracy_test/concepts:	85.58363342285156
map_test/concepts:	0.7632758791248003

Epoch 18
losses_train/task:	2.035212516784668
losses_train/concepts:	35.706809997558594
losses_train/representations:	36.264732360839844
losses_train/total:	7.419129371643066
losses_test/task:	3.2250821590423584
losses_test/concepts:	42.70082473754883
losses_test/representations:	49.708396911621094
losses_test/total:	9.980584144592285
calibration_test/ece:	0.10643009096384048
calibration_test/brier:	0.8504709601402283
accuracy_test/task:	30.031066620642044
accuracy_test/concepts:	81.87177276611328
map_test/concepts:	0.6988610214243333

Epoch 19
losses_train/task:	1.921179175376892
losses_train/concepts:	34.439998626708984
losses_train/representations:	34.98581314086914
losses_train/total:	7.1144700050354
losses_test/task:	2.2006261348724365
losses_test/concepts:	33.88731384277344
losses_test/representations:	38.75957107543945
losses_test/total:	7.527335166931152
calibration_test/ece:	0.07010297477245331
calibration_test/brier:	0.7045654654502869
accuracy_test/task:	42.56127027959958
accuracy_test/concepts:	86.63619995117188
map_test/concepts:	0.7754376913110416

Epoch 20
losses_train/task:	1.8740676641464233
losses_train/concepts:	33.482460021972656
losses_train/representations:	34.44960403442383
losses_train/total:	6.944793701171875
losses_test/task:	1.9478020668029785
losses_test/concepts:	31.17770004272461
losses_test/representations:	35.675537109375
losses_test/total:	6.849349498748779
calibration_test/ece:	0.03833417221903801
calibration_test/brier:	0.6589551568031311
accuracy_test/task:	46.66896789782534
accuracy_test/concepts:	87.1168212890625
map_test/concepts:	0.7991243655482928

Epoch 21
losses_train/task:	1.8631460666656494
losses_train/concepts:	33.09049606323242
losses_train/representations:	34.073097229003906
losses_train/total:	6.87584924697876
losses_test/task:	1.7690199613571167
losses_test/concepts:	29.36138916015625
losses_test/representations:	35.03120422363281
losses_test/total:	6.456720352172852
calibration_test/ece:	0.021206434816122055
calibration_test/brier:	0.6302235126495361
accuracy_test/task:	49.464963755609254
accuracy_test/concepts:	88.69951629638672
map_test/concepts:	0.8242237217724323

Epoch 22
losses_train/task:	1.8164132833480835
losses_train/concepts:	32.57512664794922
losses_train/representations:	33.57785415649414
losses_train/total:	6.7528181076049805
losses_test/task:	1.9621080160140991
losses_test/concepts:	28.60455322265625
losses_test/representations:	37.193138122558594
losses_test/total:	6.682220458984375
calibration_test/ece:	0.07975700497627258
calibration_test/brier:	0.6597577929496765
accuracy_test/task:	47.04867103900587
accuracy_test/concepts:	88.41531372070312
map_test/concepts:	0.8215857405215502

Epoch 23
losses_train/task:	1.8048018217086792
losses_train/concepts:	32.001220703125
losses_train/representations:	33.465755462646484
losses_train/total:	6.678213119506836
losses_test/task:	1.7879399061203003
losses_test/concepts:	28.02101707458496
losses_test/representations:	33.9096565246582
losses_test/total:	6.285525321960449
calibration_test/ece:	0.04471646994352341
calibration_test/brier:	0.6282625198364258
accuracy_test/task:	50.27614773904039
accuracy_test/concepts:	89.19429779052734
map_test/concepts:	0.836693295960625

Epoch 24
losses_train/task:	1.731192946434021
losses_train/concepts:	30.881595611572266
losses_train/representations:	32.4937744140625
losses_train/total:	6.444040298461914
losses_test/task:	1.7676700353622437
losses_test/concepts:	27.56697654724121
losses_test/representations:	34.153011322021484
losses_test/total:	6.232017993927002
calibration_test/ece:	0.051659319549798965
calibration_test/brier:	0.6093311905860901
accuracy_test/task:	50.82844321712116
accuracy_test/concepts:	88.6017074584961
map_test/concepts:	0.8326789497087399

Epoch 25
losses_train/task:	1.6746211051940918
losses_train/concepts:	30.53337287902832
losses_train/representations:	32.353431701660156
losses_train/total:	6.3456292152404785
losses_test/task:	2.016693592071533
losses_test/concepts:	30.315265655517578
losses_test/representations:	36.508914947509766
losses_test/total:	6.873666763305664
calibration_test/ece:	0.0777609720826149
calibration_test/brier:	0.6715030074119568
accuracy_test/task:	46.37556092509492
accuracy_test/concepts:	88.4645004272461
map_test/concepts:	0.8063891044507424

Epoch 26
losses_train/task:	1.647881031036377
losses_train/concepts:	30.068443298339844
losses_train/representations:	31.8568115234375
losses_train/total:	6.247565746307373
losses_test/task:	1.9666000604629517
losses_test/concepts:	31.553653717041016
losses_test/representations:	33.50843811035156
losses_test/total:	6.797388076782227
calibration_test/ece:	0.06562816351652145
calibration_test/brier:	0.6379399299621582
accuracy_test/task:	49.309630652399036
accuracy_test/concepts:	89.4304428100586
map_test/concepts:	0.8161040832599004

Epoch 27
losses_train/task:	1.6400249004364014
losses_train/concepts:	29.503490447998047
losses_train/representations:	31.798479080200195
losses_train/total:	6.180298805236816
losses_test/task:	1.780392050743103
losses_test/concepts:	28.22010040283203
losses_test/representations:	32.567955017089844
losses_test/total:	6.230800628662109
calibration_test/ece:	0.020002242177724838
calibration_test/brier:	0.5922268033027649
accuracy_test/task:	53.19295823265447
accuracy_test/concepts:	88.84420776367188
map_test/concepts:	0.8350356216231982

Epoch 28
losses_train/task:	1.6201767921447754
losses_train/concepts:	29.107858657836914
losses_train/representations:	31.227270126342773
losses_train/total:	6.092325687408447
losses_test/task:	2.172621488571167
losses_test/concepts:	30.9364013671875
losses_test/representations:	37.68461990356445
losses_test/total:	7.150493144989014
calibration_test/ece:	0.10194598138332367
calibration_test/brier:	0.6747411489486694
accuracy_test/task:	47.23852260959613
accuracy_test/concepts:	89.02745056152344
map_test/concepts:	0.7998077883074681

Epoch 29
losses_train/task:	1.5253379344940186
losses_train/concepts:	27.93864631652832
losses_train/representations:	30.425336837768555
losses_train/total:	5.840470314025879
losses_test/task:	1.853250503540039
losses_test/concepts:	28.193201065063477
losses_test/representations:	34.31721878051758
losses_test/total:	6.388432025909424
calibration_test/ece:	0.09170913696289062
calibration_test/brier:	0.6261026263237
accuracy_test/task:	51.587849499482225
accuracy_test/concepts:	89.81072235107422
map_test/concepts:	0.8225991732130448

Epoch 30
losses_train/task:	1.5257835388183594
losses_train/concepts:	27.97624969482422
losses_train/representations:	30.509471893310547
losses_train/total:	5.848882675170898
losses_test/task:	1.905173420906067
losses_test/concepts:	29.49642562866211
losses_test/representations:	35.309627532958984
losses_test/total:	6.620298385620117
calibration_test/ece:	0.061430543661117554
calibration_test/brier:	0.6150062680244446
accuracy_test/task:	52.140144977563
accuracy_test/concepts:	89.32919311523438
map_test/concepts:	0.8290863782167435

Epoch 31
losses_train/task:	1.5864951610565186
losses_train/concepts:	28.828174591064453
losses_train/representations:	30.980575561523438
losses_train/total:	6.018340587615967
losses_test/task:	2.1263809204101562
losses_test/concepts:	32.85971450805664
losses_test/representations:	36.999786376953125
losses_test/total:	7.26234245300293
calibration_test/ece:	0.09484140574932098
calibration_test/brier:	0.6484783291816711
accuracy_test/task:	49.44770452191923
accuracy_test/concepts:	88.66989135742188
map_test/concepts:	0.7967781369884809

Epoch 32
losses_train/task:	1.50004243850708
losses_train/concepts:	27.31597900390625
losses_train/representations:	30.325407028198242
losses_train/total:	5.747910499572754
losses_test/task:	1.9495701789855957
losses_test/concepts:	27.809675216674805
losses_test/representations:	34.62382888793945
losses_test/total:	6.461729049682617
calibration_test/ece:	0.0976252630352974
calibration_test/brier:	0.6225103735923767
accuracy_test/task:	51.76044183638246
accuracy_test/concepts:	89.91917419433594
map_test/concepts:	0.827190300822258

Epoch 33
losses_train/task:	1.4726557731628418
losses_train/concepts:	27.06290626525879
losses_train/representations:	30.0480899810791
losses_train/total:	5.6813507080078125
losses_test/task:	1.6961652040481567
losses_test/concepts:	26.33255958557129
losses_test/representations:	30.177547454833984
losses_test/total:	5.8382978439331055
calibration_test/ece:	0.06234255060553551
calibration_test/brier:	0.5746575593948364
accuracy_test/task:	54.625474628926476
accuracy_test/concepts:	91.58871459960938
map_test/concepts:	0.8570267792791129

Epoch 34
losses_train/task:	1.4356492757797241
losses_train/concepts:	26.60565757751465
losses_train/representations:	29.20389747619629
losses_train/total:	5.556410789489746
losses_test/task:	1.7284761667251587
losses_test/concepts:	26.891761779785156
losses_test/representations:	31.265644073486328
losses_test/total:	5.980935096740723
calibration_test/ece:	0.05540976673364639
calibration_test/brier:	0.5627250075340271
accuracy_test/task:	56.127027959958575
accuracy_test/concepts:	90.98291778564453
map_test/concepts:	0.8528973235438267

Epoch 35
losses_train/task:	1.3489830493927002
losses_train/concepts:	25.1060733795166
losses_train/representations:	28.544677734375
losses_train/total:	5.286823749542236
losses_test/task:	1.7225590944290161
losses_test/concepts:	24.72599983215332
losses_test/representations:	31.55153465270996
losses_test/total:	5.772735118865967
calibration_test/ece:	0.10704884678125381
calibration_test/brier:	0.5753167271614075
accuracy_test/task:	55.626510182947875
accuracy_test/concepts:	91.19434356689453
map_test/concepts:	0.8597539529204369

Epoch 36
losses_train/task:	1.4126940965652466
losses_train/concepts:	25.78217124938965
losses_train/representations:	28.551366806030273
losses_train/total:	5.418480396270752
losses_test/task:	1.7954784631729126
losses_test/concepts:	27.543312072753906
losses_test/representations:	31.34840965270996
losses_test/total:	6.117229461669922
calibration_test/ece:	0.09281821548938751
calibration_test/brier:	0.5881957411766052
accuracy_test/task:	53.797031411805314
accuracy_test/concepts:	91.70176696777344
map_test/concepts:	0.8436490369339784

Epoch 37
losses_train/task:	1.3275033235549927
losses_train/concepts:	25.155851364135742
losses_train/representations:	28.148956298828125
losses_train/total:	5.25053596496582
losses_test/task:	1.5041048526763916
losses_test/concepts:	23.89179039001465
losses_test/representations:	29.007009506225586
losses_test/total:	5.343634128570557
calibration_test/ece:	0.056356944143772125
calibration_test/brier:	0.5106335282325745
accuracy_test/task:	60.925094925785295
accuracy_test/concepts:	92.26785278320312
map_test/concepts:	0.8732136425872644

Epoch 38
losses_train/task:	1.3077194690704346
losses_train/concepts:	24.030393600463867
losses_train/representations:	27.695180892944336
losses_train/total:	5.095517635345459
losses_test/task:	1.5401910543441772
losses_test/concepts:	23.91434097290039
losses_test/representations:	30.347002029418945
losses_test/total:	5.448974609375
calibration_test/ece:	0.08929284662008286
calibration_test/brier:	0.5236048698425293
accuracy_test/task:	60.010355540214015
accuracy_test/concepts:	92.18960571289062
map_test/concepts:	0.8657540669043858

Epoch 39
losses_train/task:	1.2964143753051758
losses_train/concepts:	24.07230567932129
losses_train/representations:	27.390905380249023
losses_train/total:	5.073189735412598
losses_test/task:	1.8513829708099365
losses_test/concepts:	27.575742721557617
losses_test/representations:	31.444416046142578
losses_test/total:	6.181177616119385
calibration_test/ece:	0.10239812731742859
calibration_test/brier:	0.5928013324737549
accuracy_test/task:	54.901622367966866
accuracy_test/concepts:	91.28955841064453
map_test/concepts:	0.8442114169398943

Epoch 40
losses_train/task:	1.2416292428970337
losses_train/concepts:	23.71527862548828
losses_train/representations:	27.098705291748047
losses_train/total:	4.968093395233154
losses_test/task:	1.5032166242599487
losses_test/concepts:	23.871501922607422
losses_test/representations:	28.2265682220459
losses_test/total:	5.301694393157959
calibration_test/ece:	0.07656358182430267
calibration_test/brier:	0.5095459818840027
accuracy_test/task:	61.30479806696583
accuracy_test/concepts:	92.69589233398438
map_test/concepts:	0.8732176044334968

Epoch 41
losses_train/task:	1.34139883518219
losses_train/concepts:	24.79195785522461
losses_train/representations:	27.543516159057617
losses_train/total:	5.197770595550537
losses_test/task:	1.574202060699463
losses_test/concepts:	24.54233741760254
losses_test/representations:	29.404125213623047
losses_test/total:	5.498642444610596
calibration_test/ece:	0.060194969177246094
calibration_test/brier:	0.5213291645050049
accuracy_test/task:	60.61442871936486
accuracy_test/concepts:	91.7181625366211
map_test/concepts:	0.8624785389751196

Epoch 42
losses_train/task:	1.1894853115081787
losses_train/concepts:	23.228796005249023
losses_train/representations:	27.03318977355957
losses_train/total:	4.864025115966797
losses_test/task:	1.8531891107559204
losses_test/concepts:	28.246437072753906
losses_test/representations:	30.18833351135254
losses_test/total:	6.187250137329102
calibration_test/ece:	0.0822695642709732
calibration_test/brier:	0.5853873491287231
accuracy_test/task:	54.97065930272696
accuracy_test/concepts:	90.7528076171875
map_test/concepts:	0.8352472304056088

Epoch 43
losses_train/task:	1.2031848430633545
losses_train/concepts:	22.701223373413086
losses_train/representations:	26.429641723632812
losses_train/total:	4.7947893142700195
losses_test/task:	1.5979279279708862
losses_test/concepts:	24.568798065185547
losses_test/representations:	28.605581283569336
losses_test/total:	5.485085487365723
calibration_test/ece:	0.07861445844173431
calibration_test/brier:	0.52286297082901
accuracy_test/task:	60.09665170866413
accuracy_test/concepts:	92.11483764648438
map_test/concepts:	0.8649028087655704

Epoch 44
losses_train/task:	1.2127149105072021
losses_train/concepts:	23.041912078857422
losses_train/representations:	26.196142196655273
losses_train/total:	4.826713562011719
losses_test/task:	1.6193846464157104
losses_test/concepts:	24.51017189025879
losses_test/representations:	28.36139678955078
losses_test/total:	5.488471984863281
calibration_test/ece:	0.09881378710269928
calibration_test/brier:	0.5365935564041138
accuracy_test/task:	59.83776320331377
accuracy_test/concepts:	92.79110717773438
map_test/concepts:	0.8710045150170723

Epoch 45
losses_train/task:	1.2343134880065918
losses_train/concepts:	23.145177841186523
losses_train/representations:	26.430402755737305
losses_train/total:	4.8703508377075195
losses_test/task:	1.8904112577438354
losses_test/concepts:	30.113508224487305
losses_test/representations:	31.6787166595459
losses_test/total:	6.485697269439697
calibration_test/ece:	0.1081341952085495
calibration_test/brier:	0.5857447385787964
accuracy_test/task:	55.93717638936831
accuracy_test/concepts:	91.44258880615234
map_test/concepts:	0.8344853611042102

Epoch 46
losses_train/task:	1.1772339344024658
losses_train/concepts:	22.75341796875
losses_train/representations:	26.28843116760254
losses_train/total:	4.766997337341309
losses_test/task:	1.789872407913208
losses_test/concepts:	27.47201156616211
losses_test/representations:	30.290950775146484
losses_test/total:	6.051621913909912
calibration_test/ece:	0.10706694424152374
calibration_test/brier:	0.5624879598617554
accuracy_test/task:	57.732136693130826
accuracy_test/concepts:	91.97388458251953
map_test/concepts:	0.8510344275583823

Epoch 47
losses_train/task:	1.191152811050415
losses_train/concepts:	22.574966430664062
losses_train/representations:	26.034217834472656
losses_train/total:	4.750359535217285
losses_test/task:	1.6212007999420166
losses_test/concepts:	24.351665496826172
losses_test/representations:	29.03833770751953
losses_test/total:	5.508285045623779
calibration_test/ece:	0.11209908872842789
calibration_test/brier:	0.532557487487793
accuracy_test/task:	60.303762512944424
accuracy_test/concepts:	92.5992202758789
map_test/concepts:	0.8655670093993346

Epoch 48
losses_train/task:	1.1630778312683105
losses_train/concepts:	21.924638748168945
losses_train/representations:	25.57060432434082
losses_train/total:	4.6340718269348145
losses_test/task:	1.62001633644104
losses_test/concepts:	24.694244384765625
losses_test/representations:	27.725488662719727
losses_test/total:	5.475715637207031
calibration_test/ece:	0.0813642218708992
calibration_test/brier:	0.5207759141921997
accuracy_test/task:	60.648947186744905
accuracy_test/concepts:	92.3993148803711
map_test/concepts:	0.8689897765715917

Epoch 49
losses_train/task:	1.1230089664459229
losses_train/concepts:	21.742660522460938
losses_train/representations:	25.430171966552734
losses_train/total:	4.568783760070801
losses_test/task:	1.6073179244995117
losses_test/concepts:	24.596317291259766
losses_test/representations:	28.20457649230957
losses_test/total:	5.47717809677124
calibration_test/ece:	0.09985779970884323
calibration_test/brier:	0.5233704447746277
accuracy_test/task:	61.30479806696583
accuracy_test/concepts:	92.68150329589844
map_test/concepts:	0.8668758367498716

Epoch 50
losses_train/task:	1.116440773010254
losses_train/concepts:	21.631263732910156
losses_train/representations:	25.548492431640625
losses_train/total:	4.556992053985596
losses_test/task:	1.7321293354034424
losses_test/concepts:	24.58538246154785
losses_test/representations:	29.48869514465332
losses_test/total:	5.665102005004883
calibration_test/ece:	0.13770692050457
calibration_test/brier:	0.5555792450904846
accuracy_test/task:	58.819468415602344
accuracy_test/concepts:	92.4772720336914
map_test/concepts:	0.8717559148867925

Epoch 51
losses_train/task:	1.1201852560043335
losses_train/concepts:	21.346176147460938
losses_train/representations:	25.083690643310547
losses_train/total:	4.5089874267578125
losses_test/task:	1.9446449279785156
losses_test/concepts:	30.759492874145508
losses_test/representations:	31.80208969116211
losses_test/total:	6.61069917678833
calibration_test/ece:	0.12961935997009277
calibration_test/brier:	0.5966888070106506
accuracy_test/task:	55.95443562305834
accuracy_test/concepts:	91.94625854492188
map_test/concepts:	0.8413343280553818

Epoch 52
losses_train/task:	1.121001124382019
losses_train/concepts:	21.43125343322754
losses_train/representations:	25.060527801513672
losses_train/total:	4.517151355743408
losses_test/task:	1.7100040912628174
losses_test/concepts:	25.742225646972656
losses_test/representations:	29.924299240112305
losses_test/total:	5.7804412841796875
calibration_test/ece:	0.11568035185337067
calibration_test/brier:	0.5374445915222168
accuracy_test/task:	60.717984121505005
accuracy_test/concepts:	92.23821258544922
map_test/concepts:	0.865761594971021

Epoch 53
losses_train/task:	1.0986706018447876
losses_train/concepts:	21.15985107421875
losses_train/representations:	25.040283203125
losses_train/total:	4.466670989990234
losses_test/task:	1.4534834623336792
losses_test/concepts:	21.018733978271484
losses_test/representations:	26.212297439575195
losses_test/total:	4.865971088409424
calibration_test/ece:	0.09913510084152222
calibration_test/brier:	0.4793711006641388
accuracy_test/task:	64.89471867449085
accuracy_test/concepts:	93.38626861572266
map_test/concepts:	0.9004394779602687

Epoch 54
losses_train/task:	1.0208508968353271
losses_train/concepts:	20.04520034790039
losses_train/representations:	23.882232666015625
losses_train/total:	4.219482421875
losses_test/task:	1.3053854703903198
losses_test/concepts:	19.708749771118164
losses_test/representations:	25.196157455444336
losses_test/total:	4.536068439483643
calibration_test/ece:	0.07461017370223999
calibration_test/brier:	0.4421170949935913
accuracy_test/task:	67.48360372799448
accuracy_test/concepts:	94.02772521972656
map_test/concepts:	0.9096938341856002

Epoch 55
losses_train/task:	1.0171042680740356
losses_train/concepts:	20.233016967773438
losses_train/representations:	24.29159927368164
losses_train/total:	4.254985809326172
losses_test/task:	1.470091462135315
losses_test/concepts:	22.598209381103516
losses_test/representations:	26.653066635131836
losses_test/total:	5.062565326690674
calibration_test/ece:	0.08902309834957123
calibration_test/brier:	0.47358259558677673
accuracy_test/task:	65.15360717984122
accuracy_test/concepts:	93.53726959228516
map_test/concepts:	0.8893176863590876

Epoch 56
losses_train/task:	1.028702735900879
losses_train/concepts:	20.610504150390625
losses_train/representations:	24.209285736083984
losses_train/total:	4.3002166748046875
losses_test/task:	1.8577858209609985
losses_test/concepts:	27.19169044494629
losses_test/representations:	30.505661010742188
losses_test/total:	6.102238655090332
calibration_test/ece:	0.12618055939674377
calibration_test/brier:	0.5598493218421936
accuracy_test/task:	59.233690024162925
accuracy_test/concepts:	92.10619354248047
map_test/concepts:	0.8630338460206985

Epoch 57
losses_train/task:	1.0878156423568726
losses_train/concepts:	20.576723098754883
losses_train/representations:	24.713863372802734
losses_train/total:	4.381181240081787
losses_test/task:	1.6859346628189087
losses_test/concepts:	27.97120475769043
losses_test/representations:	30.203115463256836
losses_test/total:	5.993210792541504
calibration_test/ece:	0.11728792637586594
calibration_test/brier:	0.5137507915496826
accuracy_test/task:	61.995167414566794
accuracy_test/concepts:	93.35865020751953
map_test/concepts:	0.878780511021614

Epoch 58
losses_train/task:	1.0112594366073608
losses_train/concepts:	19.793201446533203
losses_train/representations:	23.829652786254883
losses_train/total:	4.18206262588501
losses_test/task:	1.4600037336349487
losses_test/concepts:	21.469186782836914
losses_test/representations:	26.219074249267578
losses_test/total:	4.917875289916992
calibration_test/ece:	0.1138380691409111
calibration_test/brier:	0.4858190417289734
accuracy_test/task:	64.37694166379013
accuracy_test/concepts:	93.8332748413086
map_test/concepts:	0.9032016466061275

Epoch 59
losses_train/task:	1.0111348628997803
losses_train/concepts:	20.00351333618164
losses_train/representations:	23.991552352905273
losses_train/total:	4.211063385009766
losses_test/task:	1.4514515399932861
losses_test/concepts:	21.477495193481445
losses_test/representations:	26.19769859313965
losses_test/total:	4.909086227416992
calibration_test/ece:	0.10379084944725037
calibration_test/brier:	0.4687238335609436
accuracy_test/task:	65.68864342423197
accuracy_test/concepts:	93.57122039794922
map_test/concepts:	0.9024277806282044

Epoch 60
losses_train/task:	1.0084136724472046
losses_train/concepts:	19.598268508911133
losses_train/representations:	23.558256149291992
losses_train/total:	4.146153926849365
losses_test/task:	1.4116113185882568
losses_test/concepts:	21.24064826965332
losses_test/representations:	25.17949867248535
losses_test/total:	4.794650077819824
calibration_test/ece:	0.09579917788505554
calibration_test/brier:	0.45618438720703125
accuracy_test/task:	66.75871591301346
accuracy_test/concepts:	94.33810424804688
map_test/concepts:	0.9028701037168503

Epoch 61
losses_train/task:	0.9821271300315857
losses_train/concepts:	19.672468185424805
losses_train/representations:	23.21979522705078
losses_train/total:	4.110363960266113
losses_test/task:	1.8531798124313354
losses_test/concepts:	26.220876693725586
losses_test/representations:	29.646570205688477
losses_test/total:	5.957595348358154
calibration_test/ece:	0.14023403823375702
calibration_test/brier:	0.5627367496490479
accuracy_test/task:	58.61235761132206
accuracy_test/concepts:	92.34783172607422
map_test/concepts:	0.8772154192129771

Epoch 62
losses_train/task:	0.9682763814926147
losses_train/concepts:	19.370731353759766
losses_train/representations:	23.497356414794922
losses_train/total:	4.0802178382873535
losses_test/task:	1.7387269735336304
losses_test/concepts:	27.62038230895996
losses_test/representations:	28.158973693847656
losses_test/total:	5.908714771270752
calibration_test/ece:	0.1457761973142624
calibration_test/brier:	0.538650631904602
accuracy_test/task:	61.06316879530549
accuracy_test/concepts:	93.54792785644531
map_test/concepts:	0.8817603309949239

Epoch 63
losses_train/task:	0.9858535528182983
losses_train/concepts:	19.03170394897461
losses_train/representations:	22.95185661315918
losses_train/total:	4.036617279052734
losses_test/task:	1.4521454572677612
losses_test/concepts:	22.081689834594727
losses_test/representations:	25.900279998779297
losses_test/total:	4.955329418182373
calibration_test/ece:	0.09283392131328583
calibration_test/brier:	0.474303662776947
accuracy_test/task:	65.27442181567139
accuracy_test/concepts:	93.43286895751953
map_test/concepts:	0.8937556286652882

Epoch 64
losses_train/task:	0.9471611976623535
losses_train/concepts:	18.871261596679688
losses_train/representations:	23.18209457397461
losses_train/total:	3.993391752243042
losses_test/task:	1.8013046979904175
losses_test/concepts:	29.945411682128906
losses_test/representations:	27.845260620117188
losses_test/total:	6.188108921051025
calibration_test/ece:	0.13396330177783966
calibration_test/brier:	0.5496556758880615
accuracy_test/task:	59.7859855022437
accuracy_test/concepts:	92.97434997558594
map_test/concepts:	0.8726009130477905

Epoch 65
losses_train/task:	0.9793503284454346
losses_train/concepts:	19.168746948242188
losses_train/representations:	23.015419006347656
losses_train/total:	4.046996116638184
losses_test/task:	1.9090303182601929
losses_test/concepts:	29.134363174438477
losses_test/representations:	29.943819046020508
losses_test/total:	6.319657325744629
calibration_test/ece:	0.1518709808588028
calibration_test/brier:	0.5712376832962036
accuracy_test/task:	58.92302381774249
accuracy_test/concepts:	92.94673156738281
map_test/concepts:	0.8689061939716339

Epoch 66
losses_train/task:	0.9282882213592529
losses_train/concepts:	18.522335052490234
losses_train/representations:	22.731056213378906
losses_train/total:	3.917074680328369
losses_test/task:	1.5630518198013306
losses_test/concepts:	22.52539825439453
losses_test/representations:	27.070947647094727
losses_test/total:	5.169138431549072
calibration_test/ece:	0.11002840101718903
calibration_test/brier:	0.49168211221694946
accuracy_test/task:	64.35968243010011
accuracy_test/concepts:	93.33104705810547
map_test/concepts:	0.8936737984418869

Epoch 67
losses_train/task:	0.9502715468406677
losses_train/concepts:	18.277448654174805
losses_train/representations:	22.75994873046875
losses_train/total:	3.9160139560699463
losses_test/task:	1.631105899810791
losses_test/concepts:	24.32718849182129
losses_test/representations:	27.652727127075195
losses_test/total:	5.446461200714111
calibration_test/ece:	0.13222472369670868
calibration_test/brier:	0.5272248983383179
accuracy_test/task:	62.115982050396966
accuracy_test/concepts:	93.05402374267578
map_test/concepts:	0.8755689690510432

Epoch 68
losses_train/task:	0.8965575695037842
losses_train/concepts:	17.776668548583984
losses_train/representations:	22.030988693237305
losses_train/total:	3.775773763656616
losses_test/task:	1.7482523918151855
losses_test/concepts:	26.929311752319336
losses_test/representations:	27.08149528503418
losses_test/total:	5.795257568359375
calibration_test/ece:	0.12590259313583374
calibration_test/brier:	0.5249282717704773
accuracy_test/task:	62.15050051777701
accuracy_test/concepts:	93.33248138427734
map_test/concepts:	0.8805256058772405

Epoch 69
losses_train/task:	0.9245859384536743
losses_train/concepts:	18.424646377563477
losses_train/representations:	22.337175369262695
losses_train/total:	3.8839104175567627
losses_test/task:	1.432821273803711
losses_test/concepts:	21.990976333618164
losses_test/representations:	23.9794864654541
losses_test/total:	4.830892086029053
calibration_test/ece:	0.11262491345405579
calibration_test/brier:	0.47067511081695557
accuracy_test/task:	66.62064204349326
accuracy_test/concepts:	94.36428833007812
map_test/concepts:	0.9074152181545894

Epoch 70
losses_train/task:	0.9297448396682739
losses_train/concepts:	18.185518264770508
losses_train/representations:	22.223514556884766
losses_train/total:	3.8594725131988525
losses_test/task:	1.5307989120483398
losses_test/concepts:	23.14228630065918
losses_test/representations:	26.9912166595459
losses_test/total:	5.194588661193848
calibration_test/ece:	0.12315228581428528
calibration_test/brier:	0.48770835995674133
accuracy_test/task:	64.58405246807041
accuracy_test/concepts:	93.81917572021484
map_test/concepts:	0.898349737127622

Epoch 71
losses_train/task:	0.9059795141220093
losses_train/concepts:	18.47842788696289
losses_train/representations:	22.423044204711914
losses_train/total:	3.874974012374878
losses_test/task:	1.864669680595398
losses_test/concepts:	26.833026885986328
losses_test/representations:	29.365617752075195
losses_test/total:	6.016253471374512
calibration_test/ece:	0.1311889886856079
calibration_test/brier:	0.5527398586273193
accuracy_test/task:	59.69968933379358
accuracy_test/concepts:	92.58255767822266
map_test/concepts:	0.8669813652833303

Epoch 72
losses_train/task:	0.876038670539856
losses_train/concepts:	18.003978729248047
losses_train/representations:	22.15216064453125
losses_train/total:	3.784045696258545
losses_test/task:	1.6991424560546875
losses_test/concepts:	25.554656982421875
losses_test/representations:	27.63449478149414
losses_test/total:	5.636333465576172
calibration_test/ece:	0.11564607918262482
calibration_test/brier:	0.5176010727882385
accuracy_test/task:	63.08249913703832
accuracy_test/concepts:	93.11270904541016
map_test/concepts:	0.8798970858256022

Epoch 73
losses_train/task:	0.8951770663261414
losses_train/concepts:	18.102251052856445
losses_train/representations:	22.332883834838867
losses_train/total:	3.8220462799072266
losses_test/task:	1.6100000143051147
losses_test/concepts:	25.47622299194336
losses_test/representations:	26.714616775512695
losses_test/total:	5.493353366851807
calibration_test/ece:	0.12444792687892914
calibration_test/brier:	0.49928098917007446
accuracy_test/task:	64.41146013117017
accuracy_test/concepts:	93.50595092773438
map_test/concepts:	0.8868804146846135

Epoch 74
losses_train/task:	0.8693214058876038
losses_train/concepts:	17.819881439208984
losses_train/representations:	22.183799743652344
losses_train/total:	3.7604997158050537
losses_test/task:	1.50534987449646
losses_test/concepts:	23.17208480834961
losses_test/representations:	25.550439834594727
losses_test/total:	5.100080490112305
calibration_test/ece:	0.12177420407533646
calibration_test/brier:	0.47571882605552673
accuracy_test/task:	66.12012426648256
accuracy_test/concepts:	94.10021209716797
map_test/concepts:	0.8991671492656071

Epoch 75
losses_train/task:	0.8898274302482605
losses_train/concepts:	17.553232192993164
losses_train/representations:	21.748706817626953
losses_train/total:	3.732586145401001
losses_test/task:	1.4748175144195557
losses_test/concepts:	22.773624420166016
losses_test/representations:	24.67417335510254
losses_test/total:	4.985888957977295
calibration_test/ece:	0.11375768482685089
calibration_test/brier:	0.4742468297481537
accuracy_test/task:	66.0683465654125
accuracy_test/concepts:	94.15575408935547
map_test/concepts:	0.9072370449701945

Epoch 76
losses_train/task:	0.8452548980712891
losses_train/concepts:	16.88225555419922
losses_train/representations:	21.515151977539062
losses_train/total:	3.6092376708984375
losses_test/task:	1.3835930824279785
losses_test/concepts:	20.274728775024414
losses_test/representations:	23.432769775390625
losses_test/total:	4.582705497741699
calibration_test/ece:	0.12198217213153839
calibration_test/brier:	0.4581184983253479
accuracy_test/task:	67.27649292371419
accuracy_test/concepts:	94.64131164550781
map_test/concepts:	0.9160787691672643

Epoch 77
losses_train/task:	0.8789324760437012
losses_train/concepts:	17.902246475219727
losses_train/representations:	21.67209243774414
losses_train/total:	3.7527618408203125
losses_test/task:	1.6674902439117432
losses_test/concepts:	23.895681381225586
losses_test/representations:	27.0521183013916
losses_test/total:	5.409664630889893
calibration_test/ece:	0.13609619438648224
calibration_test/brier:	0.5088227391242981
accuracy_test/task:	63.962720055229546
accuracy_test/concepts:	93.92302703857422
map_test/concepts:	0.89909421702226

Epoch 78
losses_train/task:	0.8536548018455505
losses_train/concepts:	17.293081283569336
losses_train/representations:	21.833356857299805
losses_train/total:	3.674631118774414
losses_test/task:	1.9947246313095093
losses_test/concepts:	31.95631217956543
losses_test/representations:	29.412763595581055
losses_test/total:	6.660995006561279
calibration_test/ece:	0.1609320044517517
calibration_test/brier:	0.5580139756202698
accuracy_test/task:	60.217466344494305
accuracy_test/concepts:	93.22977447509766
map_test/concepts:	0.8701987614234289

Epoch 79
losses_train/task:	0.8602430820465088
losses_train/concepts:	17.22837257385254
losses_train/representations:	21.45511817932129
losses_train/total:	3.655837297439575
losses_test/task:	1.4130041599273682
losses_test/concepts:	20.77725601196289
losses_test/representations:	24.58580207824707
losses_test/total:	4.720019340515137
calibration_test/ece:	0.11310876905918121
calibration_test/brier:	0.45290806889533997
accuracy_test/task:	68.1394546082154
accuracy_test/concepts:	94.37118530273438
map_test/concepts:	0.9095249305168788

Epoch 80
losses_train/task:	0.8613498210906982
losses_train/concepts:	17.335796356201172
losses_train/representations:	21.321073532104492
losses_train/total:	3.660983085632324
losses_test/task:	1.5006256103515625
losses_test/concepts:	21.54847526550293
losses_test/representations:	24.981422424316406
losses_test/total:	4.904543876647949
calibration_test/ece:	0.13691967725753784
calibration_test/brier:	0.46474018692970276
accuracy_test/task:	67.84604763548498
accuracy_test/concepts:	94.78540802001953
map_test/concepts:	0.9131903062264125

Epoch 81
losses_train/task:	0.8475174903869629
losses_train/concepts:	17.399826049804688
losses_train/representations:	21.241714477539062
losses_train/total:	3.6495862007141113
losses_test/task:	1.3775361776351929
losses_test/concepts:	19.062610626220703
losses_test/representations:	25.02138900756836
losses_test/total:	4.534866809844971
calibration_test/ece:	0.1321890950202942
calibration_test/brier:	0.439791202545166
accuracy_test/task:	69.98619261304798
accuracy_test/concepts:	94.83432006835938
map_test/concepts:	0.9179957062005997

Epoch 82
losses_train/task:	0.8408869504928589
losses_train/concepts:	17.160680770874023
losses_train/representations:	21.473020553588867
losses_train/total:	3.630605936050415
losses_test/task:	1.5891612768173218
losses_test/concepts:	22.989194869995117
losses_test/representations:	26.26032829284668
losses_test/total:	5.20109748840332
calibration_test/ece:	0.15054252743721008
calibration_test/brier:	0.5026906728744507
accuracy_test/task:	64.91197790818087
accuracy_test/concepts:	93.98545837402344
map_test/concepts:	0.8966014713048935

Epoch 83
losses_train/task:	0.8517416715621948
losses_train/concepts:	17.384296417236328
losses_train/representations:	21.634628295898438
losses_train/total:	3.671902656555176
losses_test/task:	1.4686133861541748
losses_test/concepts:	22.139362335205078
losses_test/representations:	25.020248413085938
losses_test/total:	4.933562755584717
calibration_test/ece:	0.12856236100196838
calibration_test/brier:	0.46267950534820557
accuracy_test/task:	67.84604763548498
accuracy_test/concepts:	94.6959457397461
map_test/concepts:	0.9111295640468597

Epoch 84
losses_train/task:	0.8203135132789612
losses_train/concepts:	16.918283462524414
losses_train/representations:	21.12406349182129
losses_train/total:	3.5683445930480957
losses_test/task:	1.5256619453430176
losses_test/concepts:	21.463945388793945
losses_test/representations:	25.626178741455078
losses_test/total:	4.953365802764893
calibration_test/ece:	0.13623839616775513
calibration_test/brier:	0.4799768328666687
accuracy_test/task:	66.67241974456334
accuracy_test/concepts:	93.97364044189453
map_test/concepts:	0.9004581868648529

Epoch 85
losses_train/task:	0.8283591866493225
losses_train/concepts:	17.222198486328125
losses_train/representations:	21.509336471557617
losses_train/total:	3.6260459423065186
losses_test/task:	1.6073555946350098
losses_test/concepts:	23.969758987426758
losses_test/representations:	25.46997833251953
losses_test/total:	5.277830600738525
calibration_test/ece:	0.14072556793689728
calibration_test/brier:	0.4898799955844879
accuracy_test/task:	65.84397652744218
accuracy_test/concepts:	94.39910125732422
map_test/concepts:	0.8990970979134242

Epoch 86
losses_train/task:	0.7912977337837219
losses_train/concepts:	16.183582305908203
losses_train/representations:	20.651132583618164
losses_train/total:	3.4422125816345215
losses_test/task:	1.593111276626587
losses_test/concepts:	23.881793975830078
losses_test/representations:	25.39044952392578
losses_test/total:	5.250813961029053
calibration_test/ece:	0.13092957437038422
calibration_test/brier:	0.4860284924507141
accuracy_test/task:	66.15464273386262
accuracy_test/concepts:	94.06656646728516
map_test/concepts:	0.8953851977984111

Epoch 87
losses_train/task:	0.7726659178733826
losses_train/concepts:	16.275312423706055
losses_train/representations:	20.645111083984375
losses_train/total:	3.43245267868042
losses_test/task:	1.7257014513015747
losses_test/concepts:	24.960269927978516
losses_test/representations:	27.392520904541016
losses_test/total:	5.591355323791504
calibration_test/ece:	0.14115189015865326
calibration_test/brier:	0.5161340832710266
accuracy_test/task:	63.4276838108388
accuracy_test/concepts:	93.57783508300781
map_test/concepts:	0.886690636475881

Epoch 88
losses_train/task:	0.7801169753074646
losses_train/concepts:	16.417343139648438
losses_train/representations:	20.652246475219727
losses_train/total:	3.454463243484497
losses_test/task:	1.6391901969909668
losses_test/concepts:	23.600139617919922
losses_test/representations:	26.55759620666504
losses_test/total:	5.327084064483643
calibration_test/ece:	0.14501841366291046
calibration_test/brier:	0.5071257948875427
accuracy_test/task:	64.27338626164999
accuracy_test/concepts:	93.57524871826172
map_test/concepts:	0.8869842449824016

Epoch 89
losses_train/task:	0.827197790145874
losses_train/concepts:	16.745197296142578
losses_train/representations:	21.113567352294922
losses_train/total:	3.557396173477173
losses_test/task:	1.5158377885818481
losses_test/concepts:	23.663402557373047
losses_test/representations:	25.031742095947266
losses_test/total:	5.133765697479248
calibration_test/ece:	0.12236519902944565
calibration_test/brier:	0.47318318486213684
accuracy_test/task:	66.5688643424232
accuracy_test/concepts:	93.91725158691406
map_test/concepts:	0.895017272233963

Epoch 90
losses_train/task:	0.7872695326805115
losses_train/concepts:	16.204469680786133
losses_train/representations:	20.65790367126465
losses_train/total:	3.4406120777130127
losses_test/task:	1.774200677871704
losses_test/concepts:	27.553632736206055
losses_test/representations:	28.044818878173828
losses_test/total:	5.9318037033081055
calibration_test/ece:	0.1555730402469635
calibration_test/brier:	0.5258302092552185
accuracy_test/task:	63.44494304452882
accuracy_test/concepts:	93.32009887695312
map_test/concepts:	0.8807118346293767

Epoch 91
losses_train/task:	0.8210047483444214
losses_train/concepts:	16.779911041259766
losses_train/representations:	20.860595703125
losses_train/total:	3.542025566101074
losses_test/task:	1.6496793031692505
losses_test/concepts:	23.73555564880371
losses_test/representations:	25.9325008392334
losses_test/total:	5.319860935211182
calibration_test/ece:	0.15102806687355042
calibration_test/brier:	0.5033885836601257
accuracy_test/task:	65.36071798412151
accuracy_test/concepts:	94.18335723876953
map_test/concepts:	0.8989677329858144

Epoch 92
losses_train/task:	0.7746133208274841
losses_train/concepts:	15.871183395385742
losses_train/representations:	20.40945053100586
losses_train/total:	3.3822035789489746
losses_test/task:	1.7859110832214355
losses_test/concepts:	28.0073184967041
losses_test/representations:	26.98716163635254
losses_test/total:	5.936001300811768
calibration_test/ece:	0.14638707041740417
calibration_test/brier:	0.5235520005226135
accuracy_test/task:	63.255091473938556
accuracy_test/concepts:	93.61438751220703
map_test/concepts:	0.8818755308787029

Epoch 93
losses_train/task:	0.7696012854576111
losses_train/concepts:	16.196321487426758
losses_train/representations:	20.509305953979492
losses_train/total:	3.414698600769043
losses_test/task:	1.6108062267303467
losses_test/concepts:	23.05978012084961
losses_test/representations:	27.868555068969727
losses_test/total:	5.310211658477783
calibration_test/ece:	0.14268893003463745
calibration_test/brier:	0.49473345279693604
accuracy_test/task:	65.74042112530203
accuracy_test/concepts:	93.1659164428711
map_test/concepts:	0.8909808933734894

Epoch 94
losses_train/task:	0.7836474180221558
losses_train/concepts:	16.246042251586914
losses_train/representations:	20.851076126098633
losses_train/total:	3.450805425643921
losses_test/task:	1.6110221147537231
losses_test/concepts:	22.28520965576172
losses_test/representations:	26.320344924926758
losses_test/total:	5.15556001663208
calibration_test/ece:	0.1531592607498169
calibration_test/brier:	0.48685669898986816
accuracy_test/task:	67.29375215740421
accuracy_test/concepts:	94.14192962646484
map_test/concepts:	0.9059343149264654

Epoch 95
losses_train/task:	0.7864509224891663
losses_train/concepts:	16.458730697631836
losses_train/representations:	20.605806350708008
losses_train/total:	3.462614059448242
losses_test/task:	1.4066340923309326
losses_test/concepts:	19.983642578125
losses_test/representations:	23.735246658325195
losses_test/total:	4.591760158538818
calibration_test/ece:	0.12824492156505585
calibration_test/brier:	0.4378335475921631
accuracy_test/task:	70.02071108042803
accuracy_test/concepts:	94.85071563720703
map_test/concepts:	0.9145399242639541

Epoch 96
losses_train/task:	0.7478928565979004
losses_train/concepts:	15.076322555541992
losses_train/representations:	19.727954864501953
losses_train/total:	3.2419230937957764
losses_test/task:	1.5091378688812256
losses_test/concepts:	22.448406219482422
losses_test/representations:	25.143030166625977
losses_test/total:	5.011130332946777
calibration_test/ece:	0.1452634185552597
calibration_test/brier:	0.4695255756378174
accuracy_test/task:	68.12219537452538
accuracy_test/concepts:	94.69883728027344
map_test/concepts:	0.9092295716206232

Epoch 97
losses_train/task:	0.7276105880737305
losses_train/concepts:	15.631636619567871
losses_train/representations:	20.089813232421875
losses_train/total:	3.295264720916748
losses_test/task:	1.4649823904037476
losses_test/concepts:	21.895854949951172
losses_test/representations:	24.032299041748047
losses_test/total:	4.8561835289001465
calibration_test/ece:	0.14695557951927185
calibration_test/brier:	0.45450323820114136
accuracy_test/task:	69.12323092854677
accuracy_test/concepts:	94.90824890136719
map_test/concepts:	0.9143141667048137

Epoch 98
losses_train/task:	0.7610112428665161
losses_train/concepts:	15.84363842010498
losses_train/representations:	20.584720611572266
losses_train/total:	3.3746113777160645
losses_test/task:	1.5255110263824463
losses_test/concepts:	22.2878475189209
losses_test/representations:	24.84798812866211
losses_test/total:	4.996695518493652
calibration_test/ece:	0.136212557554245
calibration_test/brier:	0.47376570105552673
accuracy_test/task:	67.05212288574387
accuracy_test/concepts:	94.4891357421875
map_test/concepts:	0.9057471007108688

Epoch 99
losses_train/task:	0.743031919002533
losses_train/concepts:	15.341927528381348
losses_train/representations:	19.88327407836914
losses_train/total:	3.2713890075683594
losses_test/task:	1.633726954460144
losses_test/concepts:	22.30402183532715
losses_test/representations:	25.193098068237305
losses_test/total:	5.12378454208374
calibration_test/ece:	0.144127756357193
calibration_test/brier:	0.48507067561149597
accuracy_test/task:	66.55160510873317
accuracy_test/concepts:	94.24232482910156
map_test/concepts:	0.9011421044667561

Epoch 100
losses_train/task:	0.7764663100242615
losses_train/concepts:	15.783698081970215
losses_train/representations:	20.07737922668457
losses_train/total:	3.3587050437927246
losses_test/task:	1.47413170337677
losses_test/concepts:	22.380029678344727
losses_test/representations:	24.084392547607422
losses_test/total:	4.916354656219482
calibration_train/ece:	0.011165281757712364
calibration_train/brier:	0.2425534576177597
accuracy_train/task:	80.5954391891892
calibration_test/ece:	0.1280614733695984
calibration_test/brier:	0.46383437514305115
accuracy_test/task:	67.75975146703486
accuracy_train/concepts:	95.50146484375
map_train/concepts:	0.964817030231158
accuracy_test/concepts:	94.65827178955078
map_test/concepts:	0.9097491413354873
accuracy_test/nuisances_task:	-0.07235591228191669
accuracy_test/nuisances_nontask:	0.0
mutual_inf_test/nuisances_task:	-0.0030966204259743144
mutual_inf_test/nuisances_nontask:	0.0

Epoch 101
losses_train/task:	0.6691534519195557
losses_train/concepts:	14.753281593322754
losses_train/representations:	19.25175666809082
losses_train/total:	3.107069492340088
losses_test/task:	1.1487020254135132
losses_test/concepts:	17.70677947998047
losses_test/representations:	20.8902587890625
losses_test/total:	3.963893175125122
calibration_test/ece:	0.10624583065509796
calibration_test/brier:	0.37347328662872314
accuracy_test/task:	74.54263030721437
accuracy_test/concepts:	95.81952667236328
map_test/concepts:	0.9350816388924916

Epoch 102
losses_train/task:	0.6081753373146057
losses_train/concepts:	13.645499229431152
losses_train/representations:	18.383264541625977
losses_train/total:	2.8918886184692383
losses_test/task:	1.097533106803894
losses_test/concepts:	17.078454971313477
losses_test/representations:	19.988487243652344
losses_test/total:	3.8048033714294434
calibration_test/ece:	0.10301811993122101
calibration_test/brier:	0.35660719871520996
accuracy_test/task:	75.49188816016569
accuracy_test/concepts:	96.04216003417969
map_test/concepts:	0.9375515778859457

Epoch 103
losses_train/task:	0.5416932702064514
losses_train/concepts:	12.619054794311523
losses_train/representations:	17.40215301513672
losses_train/total:	2.673706293106079
losses_test/task:	1.0809478759765625
losses_test/concepts:	16.534574508666992
losses_test/representations:	19.819557189941406
losses_test/total:	3.725383758544922
calibration_test/ece:	0.09940770268440247
calibration_test/brier:	0.3513874411582947
accuracy_test/task:	76.30307214359682
accuracy_test/concepts:	96.06832122802734
map_test/concepts:	0.939367072780927

Epoch 104
losses_train/task:	0.5534294247627258
losses_train/concepts:	12.677633285522461
losses_train/representations:	17.344770431518555
losses_train/total:	2.6884307861328125
losses_test/task:	1.0638606548309326
losses_test/concepts:	16.39137840270996
losses_test/representations:	19.506629943847656
losses_test/total:	3.678330421447754
calibration_test/ece:	0.09935903549194336
calibration_test/brier:	0.3468555212020874
accuracy_test/task:	76.423886779427
accuracy_test/concepts:	96.16123962402344
map_test/concepts:	0.9391362478335699

Epoch 105
losses_train/task:	0.5580856800079346
losses_train/concepts:	12.674407005310059
losses_train/representations:	17.312414169311523
losses_train/total:	2.6911468505859375
losses_test/task:	1.063491702079773
losses_test/concepts:	16.205059051513672
losses_test/representations:	19.459760665893555
losses_test/total:	3.6569855213165283
calibration_test/ece:	0.10378000140190125
calibration_test/brier:	0.3479577600955963
accuracy_test/task:	76.3548498446669
accuracy_test/concepts:	96.12214660644531
map_test/concepts:	0.9392670035362244

Epoch 106
losses_train/task:	0.5217269062995911
losses_train/concepts:	12.467899322509766
losses_train/representations:	17.12897300720215
losses_train/total:	2.624965190887451
losses_test/task:	1.063165545463562
losses_test/concepts:	16.356365203857422
losses_test/representations:	19.270084381103516
losses_test/total:	3.662306547164917
calibration_test/ece:	0.1062268391251564
calibration_test/brier:	0.34611186385154724
accuracy_test/task:	76.40662754573697
accuracy_test/concepts:	96.21131896972656
map_test/concepts:	0.9404598603645961

Epoch 107
losses_train/task:	0.5779037475585938
losses_train/concepts:	13.253609657287598
losses_train/representations:	17.53203582763672
losses_train/total:	2.7798666954040527
losses_test/task:	1.056742548942566
losses_test/concepts:	16.16384506225586
losses_test/representations:	19.134523391723633
losses_test/total:	3.6298530101776123
calibration_test/ece:	0.1039842963218689
calibration_test/brier:	0.34394824504852295
accuracy_test/task:	76.64825681739731
accuracy_test/concepts:	96.22742462158203
map_test/concepts:	0.9411426385243734

Epoch 108
losses_train/task:	0.5057726502418518
losses_train/concepts:	12.178309440612793
losses_train/representations:	16.87727928161621
losses_train/total:	2.5674679279327393
losses_test/task:	1.0499417781829834
losses_test/concepts:	16.124467849731445
losses_test/representations:	19.17220115661621
losses_test/total:	3.6209986209869385
calibration_test/ece:	0.10275592654943466
calibration_test/brier:	0.3431670665740967
accuracy_test/task:	76.68277528477735
accuracy_test/concepts:	96.24610137939453
map_test/concepts:	0.9418678283691406

Epoch 109
losses_train/task:	0.5091987252235413
losses_train/concepts:	12.170970916748047
losses_train/representations:	16.897518157958984
losses_train/total:	2.571171760559082
losses_test/task:	1.0545343160629272
losses_test/concepts:	16.15604591369629
losses_test/representations:	19.161609649658203
losses_test/total:	3.6282196044921875
calibration_test/ece:	0.10374963283538818
calibration_test/brier:	0.3415711522102356
accuracy_test/task:	76.7172937521574
accuracy_test/concepts:	96.27172088623047
map_test/concepts:	0.9399580826361974

Epoch 110
losses_train/task:	0.5212888121604919
losses_train/concepts:	12.157393455505371
losses_train/representations:	16.877016067504883
losses_train/total:	2.580878973007202
losses_test/task:	1.0511882305145264
losses_test/concepts:	16.26378059387207
losses_test/representations:	18.880435943603516
losses_test/total:	3.6215877532958984
calibration_test/ece:	0.10149984061717987
calibration_test/brier:	0.34260469675064087
accuracy_test/task:	76.73455298584743
accuracy_test/concepts:	96.25475311279297
map_test/concepts:	0.94083065589269

Epoch 111
losses_train/task:	0.4812421202659607
losses_train/concepts:	11.64892578125
losses_train/representations:	16.299104690551758
losses_train/total:	2.461089849472046
losses_test/task:	1.0514084100723267
losses_test/concepts:	16.18902015686035
losses_test/representations:	18.977048873901367
losses_test/total:	3.6191632747650146
calibration_test/ece:	0.10408050566911697
calibration_test/brier:	0.3414389193058014
accuracy_test/task:	76.76907145322748
accuracy_test/concepts:	96.27143096923828
map_test/concepts:	0.9405433257420858

Epoch 112
losses_train/task:	0.47406724095344543
losses_train/concepts:	11.56579303741455
losses_train/representations:	16.527860641479492
losses_train/total:	2.4570393562316895
losses_test/task:	1.0454246997833252
losses_test/concepts:	16.172895431518555
losses_test/representations:	18.867673873901367
losses_test/total:	3.6060984134674072
calibration_test/ece:	0.10052847862243652
calibration_test/brier:	0.3391362726688385
accuracy_test/task:	77.14877459440801
accuracy_test/concepts:	96.2806396484375
map_test/concepts:	0.9398317039012909

Epoch 113
losses_train/task:	0.5408098101615906
losses_train/concepts:	12.617011070251465
losses_train/representations:	16.866533279418945
losses_train/total:	2.6458375453948975
losses_test/task:	1.0456933975219727
losses_test/concepts:	16.089555740356445
losses_test/representations:	18.945768356323242
losses_test/total:	3.6019363403320312
calibration_test/ece:	0.10170683264732361
calibration_test/brier:	0.3382903039455414
accuracy_test/task:	77.09699689333793
accuracy_test/concepts:	96.28006744384766
map_test/concepts:	0.9406595945358276

Epoch 114
losses_train/task:	0.5041265487670898
losses_train/concepts:	12.283313751220703
losses_train/representations:	16.776611328125
losses_train/total:	2.571288824081421
losses_test/task:	1.045839548110962
losses_test/concepts:	15.98519515991211
losses_test/representations:	18.98751449584961
losses_test/total:	3.5937345027923584
calibration_test/ece:	0.10580127686262131
calibration_test/brier:	0.3393373191356659
accuracy_test/task:	76.95892302381775
accuracy_test/concepts:	96.27949523925781
map_test/concepts:	0.9411628554264705

Epoch 115
losses_train/task:	0.49191755056381226
losses_train/concepts:	11.838812828063965
losses_train/representations:	16.538156509399414
losses_train/total:	2.502706289291382
losses_test/task:	1.0407609939575195
losses_test/concepts:	15.812479019165039
losses_test/representations:	19.01987075805664
losses_test/total:	3.573002815246582
calibration_test/ece:	0.1024368405342102
calibration_test/brier:	0.33792272210121155
accuracy_test/task:	76.95892302381775
accuracy_test/concepts:	96.2619400024414
map_test/concepts:	0.9411016801993052

Epoch 116
losses_train/task:	0.4787193238735199
losses_train/concepts:	11.625691413879395
losses_train/representations:	16.353544235229492
losses_train/total:	2.45896577835083
losses_test/task:	1.0330872535705566
losses_test/concepts:	15.714167594909668
losses_test/representations:	18.845911026000977
losses_test/total:	3.546799659729004
calibration_test/ece:	0.1029873937368393
calibration_test/brier:	0.3357543647289276
accuracy_test/task:	77.30410769761822
accuracy_test/concepts:	96.31773376464844
map_test/concepts:	0.9429920464754105

Epoch 117
losses_train/task:	0.47790801525115967
losses_train/concepts:	11.38628101348877
losses_train/representations:	16.24972915649414
losses_train/total:	2.4290225505828857
losses_test/task:	1.0376803874969482
losses_test/concepts:	15.796361923217773
losses_test/representations:	18.701175689697266
losses_test/total:	3.552375078201294
calibration_test/ece:	0.10718603432178497
calibration_test/brier:	0.33735716342926025
accuracy_test/task:	76.95892302381775
accuracy_test/concepts:	96.34391021728516
map_test/concepts:	0.9430193960666656

Epoch 118
losses_train/task:	0.47279080748558044
losses_train/concepts:	11.303389549255371
losses_train/representations:	16.239479064941406
losses_train/total:	2.4151036739349365
losses_test/task:	1.0301599502563477
losses_test/concepts:	15.77098274230957
losses_test/representations:	18.615259170532227
losses_test/total:	3.538022041320801
calibration_test/ece:	0.10481376945972443
calibration_test/brier:	0.33665454387664795
accuracy_test/task:	77.11425612702796
accuracy_test/concepts:	96.31285095214844
map_test/concepts:	0.942426884174347

Epoch 119
losses_train/task:	0.5182952880859375
losses_train/concepts:	12.29533576965332
losses_train/representations:	16.807048797607422
losses_train/total:	2.588181734085083
losses_test/task:	1.0312730073928833
losses_test/concepts:	15.686509132385254
losses_test/representations:	18.539812088012695
losses_test/total:	3.5269153118133545
calibration_test/ece:	0.10369513928890228
calibration_test/brier:	0.3344939351081848
accuracy_test/task:	77.26958923023818
accuracy_test/concepts:	96.36494445800781
map_test/concepts:	0.9426555653413137

Epoch 120
losses_train/task:	0.49538519978523254
losses_train/concepts:	11.75147819519043
losses_train/representations:	16.433773040771484
losses_train/total:	2.4922215938568115
losses_test/task:	1.0290940999984741
losses_test/concepts:	15.905611038208008
losses_test/representations:	18.523662567138672
losses_test/total:	3.5458383560180664
calibration_test/ece:	0.10482749342918396
calibration_test/brier:	0.33382412791252136
accuracy_test/task:	77.32136693130825
accuracy_test/concepts:	96.36434936523438
map_test/concepts:	0.9438402742147446

Epoch 121
losses_train/task:	0.48643314838409424
losses_train/concepts:	11.778647422790527
losses_train/representations:	16.291173934936523
losses_train/total:	2.4788568019866943
losses_test/task:	1.0271016359329224
losses_test/concepts:	15.762171745300293
losses_test/representations:	18.63660430908203
losses_test/total:	3.535149335861206
calibration_test/ece:	0.10318280756473541
calibration_test/brier:	0.3341117203235626
accuracy_test/task:	77.47670003451847
accuracy_test/concepts:	96.33184051513672
map_test/concepts:	0.943330638607343

Epoch 122
losses_train/task:	0.4537351131439209
losses_train/concepts:	11.05537223815918
losses_train/representations:	15.998923301696777
losses_train/total:	2.3592185974121094
losses_test/task:	1.0392024517059326
losses_test/concepts:	15.924263954162598
losses_test/representations:	18.652629852294922
losses_test/total:	3.5642611980438232
calibration_test/ece:	0.10258464515209198
calibration_test/brier:	0.3363941013813019
accuracy_test/task:	77.51121850189851
accuracy_test/concepts:	96.3355941772461
map_test/concepts:	0.9424126972754796

Epoch 123
losses_train/task:	0.4950730800628662
losses_train/concepts:	11.718880653381348
losses_train/representations:	16.3691349029541
losses_train/total:	2.485417604446411
losses_test/task:	1.0339447259902954
losses_test/concepts:	15.799643516540527
losses_test/representations:	18.613523483276367
losses_test/total:	3.5445854663848877
calibration_test/ece:	0.1011265218257904
calibration_test/brier:	0.33466053009033203
accuracy_test/task:	77.51121850189851
accuracy_test/concepts:	96.32003021240234
map_test/concepts:	0.942082624634107

Epoch 124
losses_train/task:	0.5126324892044067
losses_train/concepts:	12.160961151123047
losses_train/representations:	16.439281463623047
losses_train/total:	2.5506930351257324
losses_test/task:	1.0262033939361572
losses_test/concepts:	15.669401168823242
losses_test/representations:	18.559926986694336
losses_test/total:	3.5211400985717773
calibration_test/ece:	0.10302529484033585
calibration_test/brier:	0.331882506608963
accuracy_test/task:	77.37314463237833
accuracy_test/concepts:	96.32292938232422
map_test/concepts:	0.9423224767049153

Epoch 125
losses_train/task:	0.4990072548389435
losses_train/concepts:	11.73482608795166
losses_train/representations:	16.36825942993164
losses_train/total:	2.490903377532959
losses_test/task:	1.0279630422592163
losses_test/concepts:	15.845662117004395
losses_test/representations:	18.4373779296875
losses_test/total:	3.534398078918457
calibration_test/ece:	0.09935352206230164
calibration_test/brier:	0.3309859335422516
accuracy_test/task:	77.94269934414912
accuracy_test/concepts:	96.38734436035156
map_test/concepts:	0.9426195591688156

Epoch 126
losses_train/task:	0.46977704763412476
losses_train/concepts:	11.118980407714844
losses_train/representations:	16.0679931640625
losses_train/total:	2.385075092315674
losses_test/task:	1.024100422859192
losses_test/concepts:	15.679466247558594
losses_test/representations:	18.614681243896484
losses_test/total:	3.522780656814575
calibration_test/ece:	0.10261479020118713
calibration_test/brier:	0.3314734101295471
accuracy_test/task:	77.30410769761822
accuracy_test/concepts:	96.33729553222656
map_test/concepts:	0.9426390518744786

Epoch 127
losses_train/task:	0.46617719531059265
losses_train/concepts:	10.994722366333008
losses_train/representations:	16.032604217529297
losses_train/total:	2.3672800064086914
losses_test/task:	1.0265593528747559
losses_test/concepts:	15.653790473937988
losses_test/representations:	18.56410789489746
losses_test/total:	3.5201447010040283
calibration_test/ece:	0.10219305753707886
calibration_test/brier:	0.3314855098724365
accuracy_test/task:	77.58025543665862
accuracy_test/concepts:	96.38276672363281
map_test/concepts:	0.9424527774254481

Epoch 128
losses_train/task:	0.4581533968448639
losses_train/concepts:	11.337053298950195
losses_train/representations:	16.019487380981445
losses_train/total:	2.3928329944610596
losses_test/task:	1.0338975191116333
losses_test/concepts:	15.790801048278809
losses_test/representations:	18.61117172241211
losses_test/total:	3.543536424636841
calibration_test/ece:	0.10401519387960434
calibration_test/brier:	0.33531785011291504
accuracy_test/task:	77.37314463237833
accuracy_test/concepts:	96.32176971435547
map_test/concepts:	0.9426309873660406

Epoch 129
losses_train/task:	0.45333966612815857
losses_train/concepts:	11.110514640808105
losses_train/representations:	15.964616775512695
losses_train/total:	2.362621307373047
losses_test/task:	1.0432307720184326
losses_test/concepts:	15.920867919921875
losses_test/representations:	18.63753890991211
losses_test/total:	3.5671942234039307
calibration_test/ece:	0.10444330424070358
calibration_test/brier:	0.3365997076034546
accuracy_test/task:	77.44218156713842
accuracy_test/concepts:	96.36721801757812
map_test/concepts:	0.9421701351801555

Epoch 130
losses_train/task:	0.46919122338294983
losses_train/concepts:	11.086812973022461
losses_train/representations:	15.8305025100708
losses_train/total:	2.3693981170654297
losses_test/task:	1.046951174736023
losses_test/concepts:	16.0728759765625
losses_test/representations:	18.59703826904297
losses_test/total:	3.584090232849121
calibration_test/ece:	0.11078619211912155
calibration_test/brier:	0.34050777554512024
accuracy_test/task:	76.76907145322748
accuracy_test/concepts:	96.33528900146484
map_test/concepts:	0.9425359626611074

Epoch 131
losses_train/task:	0.42156848311424255
losses_train/concepts:	10.595006942749023
losses_train/representations:	15.577362060546875
losses_train/total:	2.259937286376953
losses_test/task:	1.0309022665023804
losses_test/concepts:	15.823270797729492
losses_test/representations:	18.3304443359375
losses_test/total:	3.5297510623931885
calibration_test/ece:	0.10278187692165375
calibration_test/brier:	0.3327133357524872
accuracy_test/task:	77.59751467034863
accuracy_test/concepts:	96.40373992919922
map_test/concepts:	0.9429638892412185

Epoch 132
losses_train/task:	0.43391212821006775
losses_train/concepts:	10.783707618713379
losses_train/representations:	15.546171188354492
losses_train/total:	2.2895915508270264
losses_test/task:	1.0310232639312744
losses_test/concepts:	15.854864120483398
losses_test/representations:	18.368785858154297
losses_test/total:	3.5349490642547607
calibration_test/ece:	0.10438119620084763
calibration_test/brier:	0.3329852521419525
accuracy_test/task:	77.47670003451847
accuracy_test/concepts:	96.34996795654297
map_test/concepts:	0.9432546377182007

Epoch 133
losses_train/task:	0.42319753766059875
losses_train/concepts:	10.647587776184082
losses_train/representations:	15.546350479125977
losses_train/total:	2.2652742862701416
losses_test/task:	1.041022539138794
losses_test/concepts:	15.97550106048584
losses_test/representations:	18.487770080566406
losses_test/total:	3.562962055206299
calibration_test/ece:	0.10691770911216736
calibration_test/brier:	0.3342260718345642
accuracy_test/task:	77.30410769761822
accuracy_test/concepts:	96.38245391845703
map_test/concepts:	0.942995669444402

Epoch 134
losses_train/task:	0.47355347871780396
losses_train/concepts:	11.507847785949707
losses_train/representations:	16.02527618408203
losses_train/total:	2.425602436065674
losses_test/task:	1.0483641624450684
losses_test/concepts:	15.935295104980469
losses_test/representations:	18.5097713470459
losses_test/total:	3.5673820972442627
calibration_test/ece:	0.10689829289913177
calibration_test/brier:	0.3377947211265564
accuracy_test/task:	77.2178115291681
accuracy_test/concepts:	96.35226440429688
map_test/concepts:	0.9426054755846659

Epoch 135
losses_train/task:	0.43887031078338623
losses_train/concepts:	10.6471586227417
losses_train/representations:	15.579736709594727
losses_train/total:	2.2825727462768555
losses_test/task:	1.0400760173797607
losses_test/concepts:	16.007244110107422
losses_test/representations:	18.387859344482422
losses_test/total:	3.560192584991455
calibration_test/ece:	0.10562685132026672
calibration_test/brier:	0.3349546790122986
accuracy_test/task:	77.37314463237833
accuracy_test/concepts:	96.37757110595703
map_test/concepts:	0.9425348460674285

Epoch 136
losses_train/task:	0.4316682517528534
losses_train/concepts:	10.587453842163086
losses_train/representations:	15.426408767700195
losses_train/total:	2.2617335319519043
losses_test/task:	1.0423234701156616
losses_test/concepts:	15.904580116271973
losses_test/representations:	18.40537452697754
losses_test/total:	3.553050994873047
calibration_test/ece:	0.10648791491985321
calibration_test/brier:	0.3368408679962158
accuracy_test/task:	77.40766309975837
accuracy_test/concepts:	96.40718841552734
map_test/concepts:	0.9431136747201284

Epoch 137
losses_train/task:	0.4169122576713562
losses_train/concepts:	10.613729476928711
losses_train/representations:	15.373100280761719
losses_train/total:	2.2469398975372314
losses_test/task:	1.0423179864883423
losses_test/concepts:	16.122760772705078
losses_test/representations:	18.372589111328125
losses_test/total:	3.5732226371765137
calibration_test/ece:	0.10711997747421265
calibration_test/brier:	0.3366420567035675
accuracy_test/task:	77.32136693130825
accuracy_test/concepts:	96.40605163574219
map_test/concepts:	0.9421944002310435

Epoch 138
losses_train/task:	0.43196266889572144
losses_train/concepts:	10.784440994262695
losses_train/representations:	15.652250289916992
losses_train/total:	2.2930188179016113
losses_test/task:	1.0626084804534912
losses_test/concepts:	16.46329116821289
losses_test/representations:	18.61261749267578
losses_test/total:	3.6395695209503174
calibration_test/ece:	0.1085333451628685
calibration_test/brier:	0.339154452085495
accuracy_test/task:	77.3558853986883
accuracy_test/concepts:	96.3695068359375
map_test/concepts:	0.9407210836807887

Epoch 139
losses_train/task:	0.45008665323257446
losses_train/concepts:	10.756298065185547
losses_train/representations:	15.610493659973145
losses_train/total:	2.306241273880005
losses_test/task:	1.0487990379333496
losses_test/concepts:	16.13471221923828
losses_test/representations:	18.59731101989746
losses_test/total:	3.592134952545166
calibration_test/ece:	0.1077079102396965
calibration_test/brier:	0.3366757929325104
accuracy_test/task:	77.59751467034863
accuracy_test/concepts:	96.43509674072266
map_test/concepts:	0.942771969238917

Epoch 140
losses_train/task:	0.42320922017097473
losses_train/concepts:	10.724266052246094
losses_train/representations:	15.629281044006348
losses_train/total:	2.277099847793579
losses_test/task:	1.0608880519866943
losses_test/concepts:	16.293027877807617
losses_test/representations:	18.454402923583984
losses_test/total:	3.612910509109497
calibration_test/ece:	0.11064919829368591
calibration_test/brier:	0.3411492109298706
accuracy_test/task:	77.07973765964792
accuracy_test/concepts:	96.41696166992188
map_test/concepts:	0.9419535815715789

Epoch 141
losses_train/task:	0.40992188453674316
losses_train/concepts:	10.630899429321289
losses_train/representations:	15.298662185668945
losses_train/total:	2.2379448413848877
losses_test/task:	1.0561164617538452
losses_test/concepts:	16.131120681762695
losses_test/representations:	18.342525482177734
losses_test/total:	3.586355209350586
calibration_test/ece:	0.11177202314138412
calibration_test/brier:	0.3399643003940582
accuracy_test/task:	77.02795995857784
accuracy_test/concepts:	96.38504028320312
map_test/concepts:	0.9427273770173391

Epoch 142
losses_train/task:	0.44413819909095764
losses_train/concepts:	10.954182624816895
losses_train/representations:	15.685914993286133
losses_train/total:	2.3238518238067627
losses_test/task:	1.0502279996871948
losses_test/concepts:	16.129398345947266
losses_test/representations:	18.406469345092773
losses_test/total:	3.583491086959839
calibration_test/ece:	0.10671031475067139
calibration_test/brier:	0.33553141355514526
accuracy_test/task:	77.52847773558854
accuracy_test/concepts:	96.4034652709961
map_test/concepts:	0.9424868484338125

Epoch 143
losses_train/task:	0.400610089302063
losses_train/concepts:	10.381786346435547
losses_train/representations:	15.365406036376953
losses_train/total:	2.207059383392334
losses_test/task:	1.054419755935669
losses_test/concepts:	16.18083381652832
losses_test/representations:	18.488243103027344
losses_test/total:	3.596914529800415
calibration_test/ece:	0.1086706817150116
calibration_test/brier:	0.33757972717285156
accuracy_test/task:	77.52847773558854
accuracy_test/concepts:	96.41610717773438
map_test/concepts:	0.9438227852185567

Epoch 144
losses_train/task:	0.4321334958076477
losses_train/concepts:	10.64561939239502
losses_train/representations:	15.549860954284668
losses_train/total:	2.2741878032684326
losses_test/task:	1.071848750114441
losses_test/concepts:	16.586698532104492
losses_test/representations:	18.501523971557617
losses_test/total:	3.6555960178375244
calibration_test/ece:	0.11319982260465622
calibration_test/brier:	0.34329497814178467
accuracy_test/task:	76.99344149119779
accuracy_test/concepts:	96.40229797363281
map_test/concepts:	0.9413781354824702

Epoch 145
losses_train/task:	0.4256855845451355
losses_train/concepts:	10.671348571777344
losses_train/representations:	15.647985458374023
losses_train/total:	2.2752199172973633
losses_test/task:	1.0625381469726562
losses_test/concepts:	16.280569076538086
losses_test/representations:	18.526348114013672
losses_test/total:	3.616913318634033
calibration_test/ece:	0.11306746304035187
calibration_test/brier:	0.3408498167991638
accuracy_test/task:	77.09699689333793
accuracy_test/concepts:	96.39224243164062
map_test/concepts:	0.9414421478907268

Epoch 146
losses_train/task:	0.4344766139984131
losses_train/concepts:	10.473204612731934
losses_train/representations:	15.568869590759277
losses_train/total:	2.260240077972412
losses_test/task:	1.0723021030426025
losses_test/concepts:	16.631250381469727
losses_test/representations:	18.502323150634766
losses_test/total:	3.660543441772461
calibration_test/ece:	0.11163074523210526
calibration_test/brier:	0.3432891368865967
accuracy_test/task:	76.76907145322748
accuracy_test/concepts:	96.34334564208984
map_test/concepts:	0.9416136682033539

Epoch 147
losses_train/task:	0.43238821625709534
losses_train/concepts:	10.770683288574219
losses_train/representations:	15.548188209533691
losses_train/total:	2.2868661880493164
losses_test/task:	1.0678900480270386
losses_test/concepts:	16.40172004699707
losses_test/representations:	18.596172332763672
losses_test/total:	3.6378698348999023
calibration_test/ece:	0.11098208278417587
calibration_test/brier:	0.34095287322998047
accuracy_test/task:	77.06247842595789
accuracy_test/concepts:	96.3695297241211
map_test/concepts:	0.9420752644538879

Epoch 148
losses_train/task:	0.39628493785858154
losses_train/concepts:	10.175859451293945
losses_train/representations:	15.161674499511719
losses_train/total:	2.171954870223999
losses_test/task:	1.0576220750808716
losses_test/concepts:	16.30706024169922
losses_test/representations:	18.418216705322266
losses_test/total:	3.609239339828491
calibration_test/ece:	0.10532954335212708
calibration_test/brier:	0.3385292887687683
accuracy_test/task:	77.3558853986883
accuracy_test/concepts:	96.35541534423828
map_test/concepts:	0.9424386888742446

Epoch 149
losses_train/task:	0.3929221034049988
losses_train/concepts:	9.985867500305176
losses_train/representations:	15.099172592163086
losses_train/total:	2.146467447280884
losses_test/task:	1.0586580038070679
losses_test/concepts:	16.226335525512695
losses_test/representations:	18.40406036376953
losses_test/total:	3.601494789123535
calibration_test/ece:	0.10844647884368896
calibration_test/brier:	0.3376176655292511
accuracy_test/task:	77.39040386606834
accuracy_test/concepts:	96.42102813720703
map_test/concepts:	0.9426575968662898

Epoch 150
losses_train/task:	0.4191979765892029
losses_train/concepts:	10.31189250946045
losses_train/representations:	15.214280128479004
losses_train/total:	2.2111010551452637
losses_test/task:	1.0448013544082642
losses_test/concepts:	16.099876403808594
losses_test/representations:	18.244510650634766
losses_test/total:	3.5670149326324463
calibration_test/ece:	0.10876292735338211
calibration_test/brier:	0.33589601516723633
accuracy_test/task:	77.30410769761822
accuracy_test/concepts:	96.41986846923828
map_test/concepts:	0.9433711578448614

Epoch 151
losses_train/task:	0.42324236035346985
losses_train/concepts:	10.703060150146484
losses_train/representations:	15.44349193572998
losses_train/total:	2.2657229900360107
losses_test/task:	1.0326523780822754
losses_test/concepts:	15.921310424804688
losses_test/representations:	18.220335006713867
losses_test/total:	3.5358004570007324
calibration_test/ece:	0.10435202717781067
calibration_test/brier:	0.3341808617115021
accuracy_test/task:	77.59751467034863
accuracy_test/concepts:	96.42013549804688
map_test/concepts:	0.943153444925944

Epoch 152
losses_train/task:	0.42223384976387024
losses_train/concepts:	10.4246187210083
losses_train/representations:	15.467303276062012
losses_train/total:	2.238060712814331
losses_test/task:	1.0490607023239136
losses_test/concepts:	16.332672119140625
losses_test/representations:	18.342851638793945
losses_test/total:	3.5994699001312256
calibration_test/ece:	0.10761933028697968
calibration_test/brier:	0.33685046434402466
accuracy_test/task:	77.54573696927856
accuracy_test/concepts:	96.4112319946289
map_test/concepts:	0.9437368164459864

Epoch 153
losses_train/task:	0.4049610197544098
losses_train/concepts:	10.42354679107666
losses_train/representations:	15.229484558105469
losses_train/total:	2.2087900638580322
losses_test/task:	1.050072431564331
losses_test/concepts:	16.227991104125977
losses_test/representations:	18.367691040039062
losses_test/total:	3.5912556648254395
calibration_test/ece:	0.11059598624706268
calibration_test/brier:	0.3375854194164276
accuracy_test/task:	77.07973765964792
accuracy_test/concepts:	96.41122436523438
map_test/concepts:	0.9431158274412155

Epoch 154
losses_train/task:	0.40567904710769653
losses_train/concepts:	10.40984058380127
losses_train/representations:	15.247252464294434
losses_train/total:	2.2090256214141846
losses_test/task:	1.0418188571929932
losses_test/concepts:	16.196290969848633
losses_test/representations:	18.328943252563477
losses_test/total:	3.5778958797454834
calibration_test/ece:	0.107683926820755
calibration_test/brier:	0.33517125248908997
accuracy_test/task:	77.37314463237833
accuracy_test/concepts:	96.41065979003906
map_test/concepts:	0.9440033396085104

Epoch 155
losses_train/task:	0.4151799976825714
losses_train/concepts:	10.409400939941406
losses_train/representations:	15.247503280639648
losses_train/total:	2.2184956073760986
losses_test/task:	1.0497499704360962
losses_test/concepts:	16.357559204101562
losses_test/representations:	18.284374237060547
losses_test/total:	3.599724531173706
calibration_test/ece:	0.10626967251300812
calibration_test/brier:	0.3360637128353119
accuracy_test/task:	77.54573696927856
accuracy_test/concepts:	96.4382553100586
map_test/concepts:	0.9438616931438446

Epoch 156
losses_train/task:	0.40324002504348755
losses_train/concepts:	9.941398620605469
losses_train/representations:	15.013800621032715
losses_train/total:	2.1480700969696045
losses_test/task:	1.0570473670959473
losses_test/concepts:	16.37301254272461
losses_test/representations:	18.349611282348633
losses_test/total:	3.6118297576904297
calibration_test/ece:	0.10757134109735489
calibration_test/brier:	0.3352731764316559
accuracy_test/task:	77.59751467034863
accuracy_test/concepts:	96.46501922607422
map_test/concepts:	0.9428588271141052

Epoch 157
losses_train/task:	0.40926966071128845
losses_train/concepts:	9.94340991973877
losses_train/representations:	15.311615943908691
losses_train/total:	2.169191598892212
losses_test/task:	1.0527056455612183
losses_test/concepts:	16.465007781982422
losses_test/representations:	18.229488372802734
losses_test/total:	3.610680341720581
calibration_test/ece:	0.11011220514774323
calibration_test/brier:	0.3353675901889801
accuracy_test/task:	77.44218156713842
accuracy_test/concepts:	96.45380401611328
map_test/concepts:	0.9436869472265244

Epoch 158
losses_train/task:	0.4408343732357025
losses_train/concepts:	10.692267417907715
losses_train/representations:	15.571759223937988
losses_train/total:	2.288649082183838
losses_test/task:	1.0541799068450928
losses_test/concepts:	16.324169158935547
losses_test/representations:	18.376420974731445
losses_test/total:	3.6054177284240723
calibration_test/ece:	0.10584662854671478
calibration_test/brier:	0.3345600366592407
accuracy_test/task:	77.73558853986883
accuracy_test/concepts:	96.41181945800781
map_test/concepts:	0.9425837397575378

Epoch 159
losses_train/task:	0.40275469422340393
losses_train/concepts:	10.209718704223633
losses_train/representations:	15.071840286254883
losses_train/total:	2.177318572998047
losses_test/task:	1.0686489343643188
losses_test/concepts:	16.733970642089844
losses_test/representations:	18.394458770751953
losses_test/total:	3.6617684364318848
calibration_test/ece:	0.10792553424835205
calibration_test/brier:	0.3395354151725769
accuracy_test/task:	77.3558853986883
accuracy_test/concepts:	96.38851928710938
map_test/concepts:	0.9412496507167816

Epoch 160
losses_train/task:	0.4152734875679016
losses_train/concepts:	10.160640716552734
losses_train/representations:	15.240564346313477
losses_train/total:	2.1933655738830566
losses_test/task:	1.0549938678741455
losses_test/concepts:	16.298675537109375
losses_test/representations:	18.39451789855957
losses_test/total:	3.6045877933502197
calibration_test/ece:	0.11093039810657501
calibration_test/brier:	0.33645787835121155
accuracy_test/task:	77.47670003451847
accuracy_test/concepts:	96.44402313232422
map_test/concepts:	0.9429441392421722

Epoch 161
losses_train/task:	0.41075047850608826
losses_train/concepts:	10.287347793579102
losses_train/representations:	15.07033920288086
losses_train/total:	2.1930019855499268
losses_test/task:	1.0603207349777222
losses_test/concepts:	16.49050521850586
losses_test/representations:	18.299718856811523
losses_test/total:	3.6243579387664795
calibration_test/ece:	0.10648505389690399
calibration_test/brier:	0.3352973759174347
accuracy_test/task:	77.63203313772868
accuracy_test/concepts:	96.43080139160156
map_test/concepts:	0.941491237282753

Epoch 162
losses_train/task:	0.38742393255233765
losses_train/concepts:	10.216421127319336
losses_train/representations:	14.995299339294434
losses_train/total:	2.1588313579559326
losses_test/task:	1.041229248046875
losses_test/concepts:	15.929059028625488
losses_test/representations:	18.30849266052246
losses_test/total:	3.5495593547821045
calibration_test/ece:	0.10428936034440994
calibration_test/brier:	0.332641065120697
accuracy_test/task:	77.83914394200897
accuracy_test/concepts:	96.39453887939453
map_test/concepts:	0.943837042649587

Epoch 163
losses_train/task:	0.39787527918815613
losses_train/concepts:	9.9739351272583
losses_train/representations:	15.111910820007324
losses_train/total:	2.150864362716675
losses_test/task:	1.0674521923065186
losses_test/concepts:	16.775184631347656
losses_test/representations:	18.290721893310547
losses_test/total:	3.6595072746276855
calibration_test/ece:	0.10963631421327591
calibration_test/brier:	0.3398359715938568
accuracy_test/task:	77.3558853986883
accuracy_test/concepts:	96.43022155761719
map_test/concepts:	0.942212509115537

Epoch 164
losses_train/task:	0.4175935685634613
losses_train/concepts:	10.363134384155273
losses_train/representations:	15.119221687316895
losses_train/total:	2.2098679542541504
losses_test/task:	1.0578389167785645
losses_test/concepts:	16.3232364654541
losses_test/representations:	18.352231979370117
losses_test/total:	3.6077749729156494
calibration_test/ece:	0.10779203474521637
calibration_test/brier:	0.33832868933677673
accuracy_test/task:	77.40766309975837
accuracy_test/concepts:	96.41468811035156
map_test/concepts:	0.9428640882174174

Epoch 165
losses_train/task:	0.4079713523387909
losses_train/concepts:	10.199617385864258
losses_train/representations:	15.199527740478516
losses_train/total:	2.1879096031188965
losses_test/task:	1.0608370304107666
losses_test/concepts:	16.34174156188965
losses_test/representations:	18.398923873901367
losses_test/total:	3.6149561405181885
calibration_test/ece:	0.11093010008335114
calibration_test/brier:	0.33841145038604736
accuracy_test/task:	77.16603382809804
accuracy_test/concepts:	96.43826293945312
map_test/concepts:	0.9429670761028925

Epoch 166
losses_train/task:	0.4041934311389923
losses_train/concepts:	10.207182884216309
losses_train/representations:	15.251819610595703
losses_train/total:	2.18750262260437
losses_test/task:	1.0646628141403198
losses_test/concepts:	16.440542221069336
losses_test/representations:	18.362972259521484
losses_test/total:	3.6268653869628906
calibration_test/ece:	0.10629808902740479
calibration_test/brier:	0.33771812915802
accuracy_test/task:	77.68381083879876
accuracy_test/concepts:	96.40864562988281
map_test/concepts:	0.9429947346448898

Epoch 167
losses_train/task:	0.39877137541770935
losses_train/concepts:	10.332006454467773
losses_train/representations:	15.151222229003906
losses_train/total:	2.1895334720611572
losses_test/task:	1.0459620952606201
losses_test/concepts:	16.19832420349121
losses_test/representations:	18.327207565307617
losses_test/total:	3.5821542739868164
calibration_test/ece:	0.10593615472316742
calibration_test/brier:	0.3339671492576599
accuracy_test/task:	77.63203313772868
accuracy_test/concepts:	96.39254760742188
map_test/concepts:	0.9418084104855855

Epoch 168
losses_train/task:	0.37095120549201965
losses_train/concepts:	9.436978340148926
losses_train/representations:	14.69491195678711
losses_train/total:	2.0493946075439453
losses_test/task:	1.0482605695724487
losses_test/concepts:	16.372106552124023
losses_test/representations:	18.219139099121094
losses_test/total:	3.596428632736206
calibration_test/ece:	0.10690806806087494
calibration_test/brier:	0.3347441256046295
accuracy_test/task:	77.73558853986883
accuracy_test/concepts:	96.43020629882812
map_test/concepts:	0.9432910521825154

Epoch 169
losses_train/task:	0.376989483833313
losses_train/concepts:	9.739402770996094
losses_train/representations:	14.842085838317871
losses_train/total:	2.093033790588379
losses_test/task:	1.0560654401779175
losses_test/concepts:	16.2869815826416
losses_test/representations:	18.361623764038086
losses_test/total:	3.6028449535369873
calibration_test/ece:	0.11333206295967102
calibration_test/brier:	0.33704760670661926
accuracy_test/task:	77.26958923023818
accuracy_test/concepts:	96.41181182861328
map_test/concepts:	0.9426328480243683

Epoch 170
losses_train/task:	0.404659241437912
losses_train/concepts:	10.209661483764648
losses_train/representations:	15.219865798950195
losses_train/total:	2.1866188049316406
losses_test/task:	1.0507996082305908
losses_test/concepts:	16.31234359741211
losses_test/representations:	18.029727935791016
losses_test/total:	3.58351993560791
calibration_test/ece:	0.11226122826337814
calibration_test/brier:	0.3363424241542816
accuracy_test/task:	77.44218156713842
accuracy_test/concepts:	96.49491882324219
map_test/concepts:	0.9441935181617737

Epoch 171
losses_train/task:	0.3926691710948944
losses_train/concepts:	9.951896667480469
losses_train/representations:	14.987872123718262
losses_train/total:	2.1372523307800293
losses_test/task:	1.077292561531067
losses_test/concepts:	16.751895904541016
losses_test/representations:	18.299209594726562
losses_test/total:	3.667442798614502
calibration_test/ece:	0.11602272093296051
calibration_test/brier:	0.3425063192844391
accuracy_test/task:	77.26958923023818
accuracy_test/concepts:	96.4581298828125
map_test/concepts:	0.9425558865070343

Epoch 172
losses_train/task:	0.37562987208366394
losses_train/concepts:	9.871702194213867
losses_train/representations:	14.700325965881348
losses_train/total:	2.097816228866577
losses_test/task:	1.0639541149139404
losses_test/concepts:	16.494304656982422
losses_test/representations:	18.408788681030273
losses_test/total:	3.633824348449707
calibration_test/ece:	0.11040659993886948
calibration_test/brier:	0.33929088711738586
accuracy_test/task:	77.59751467034863
accuracy_test/concepts:	96.43222045898438
map_test/concepts:	0.942664310336113

Epoch 173
losses_train/task:	0.406823068857193
losses_train/concepts:	10.32430648803711
losses_train/representations:	15.100370407104492
losses_train/total:	2.194272041320801
losses_test/task:	1.0831252336502075
losses_test/concepts:	16.88382339477539
losses_test/representations:	18.328258514404297
losses_test/total:	3.687920093536377
calibration_test/ece:	0.11069414019584656
calibration_test/brier:	0.34352758526802063
accuracy_test/task:	77.32136693130825
accuracy_test/concepts:	96.4063491821289
map_test/concepts:	0.94057943324248

Epoch 174
losses_train/task:	0.38944265246391296
losses_train/concepts:	10.072733879089355
losses_train/representations:	15.112577438354492
losses_train/total:	2.1523447036743164
losses_test/task:	1.0758388042449951
losses_test/concepts:	16.87550163269043
losses_test/representations:	18.321609497070312
losses_test/total:	3.679469347000122
calibration_test/ece:	0.10528028756380081
calibration_test/brier:	0.3380725383758545
accuracy_test/task:	77.7183293061788
accuracy_test/concepts:	96.41954803466797
map_test/concepts:	0.9402975847323736

Epoch 175
losses_train/task:	0.39921972155570984
losses_train/concepts:	9.906886100769043
losses_train/representations:	14.938819885253906
losses_train/total:	2.1368496417999268
losses_test/task:	1.0616304874420166
losses_test/concepts:	16.591251373291016
losses_test/representations:	18.241140365600586
losses_test/total:	3.632812023162842
calibration_test/ece:	0.10927848517894745
calibration_test/brier:	0.33692288398742676
accuracy_test/task:	77.4249223334484
accuracy_test/concepts:	96.42446899414062
map_test/concepts:	0.9411846468846004

Epoch 176
losses_train/task:	0.41457876563072205
losses_train/concepts:	10.268586158752441
losses_train/representations:	15.061179161071777
losses_train/total:	2.1944963932037354
losses_test/task:	1.062896966934204
losses_test/concepts:	16.2868595123291
losses_test/representations:	18.332246780395508
losses_test/total:	3.608196258544922
calibration_test/ece:	0.11088251322507858
calibration_test/brier:	0.33809685707092285
accuracy_test/task:	77.39040386606834
accuracy_test/concepts:	96.37873077392578
map_test/concepts:	0.9423248887062072

Epoch 177
losses_train/task:	0.37613487243652344
losses_train/concepts:	9.653974533081055
losses_train/representations:	14.880270957946777
losses_train/total:	2.0855462551116943
losses_test/task:	1.0471471548080444
losses_test/concepts:	16.288381576538086
losses_test/representations:	18.128511428833008
losses_test/total:	3.5824105739593506
calibration_test/ece:	0.10802510380744934
calibration_test/brier:	0.334443598985672
accuracy_test/task:	77.58025543665862
accuracy_test/concepts:	96.44662475585938
map_test/concepts:	0.94249067902565

Epoch 178
losses_train/task:	0.38981661200523376
losses_train/concepts:	9.984646797180176
losses_train/representations:	15.048958778381348
losses_train/total:	2.1407289505004883
losses_test/task:	1.0682233572006226
losses_test/concepts:	16.61492347717285
losses_test/representations:	18.280643463134766
losses_test/total:	3.6437487602233887
calibration_test/ece:	0.1085093766450882
calibration_test/brier:	0.3386043906211853
accuracy_test/task:	77.40766309975837
accuracy_test/concepts:	96.44949340820312
map_test/concepts:	0.9426885267098745

Epoch 179
losses_train/task:	0.4030594229698181
losses_train/concepts:	10.049912452697754
losses_train/representations:	15.02425479888916
losses_train/total:	2.1592631340026855
losses_test/task:	1.060383915901184
losses_test/concepts:	16.5638370513916
losses_test/representations:	18.298818588256836
losses_test/total:	3.6317086219787598
calibration_test/ece:	0.10877294093370438
calibration_test/brier:	0.33597907423973083
accuracy_test/task:	77.39040386606834
accuracy_test/concepts:	96.43565368652344
map_test/concepts:	0.9413932671149572

Epoch 180
losses_train/task:	0.3974195122718811
losses_train/concepts:	10.043275833129883
losses_train/representations:	14.952534675598145
losses_train/total:	2.149374008178711
losses_test/task:	1.0741206407546997
losses_test/concepts:	16.699522018432617
losses_test/representations:	18.262662887573242
losses_test/total:	3.6572067737579346
calibration_test/ece:	0.1077977791428566
calibration_test/brier:	0.33861130475997925
accuracy_test/task:	77.54573696927856
accuracy_test/concepts:	96.48373413085938
map_test/concepts:	0.9422410627206167

Epoch 181
losses_train/task:	0.4165741801261902
losses_train/concepts:	10.376113891601562
losses_train/representations:	15.23635482788086
losses_train/total:	2.21600341796875
losses_test/task:	1.0668748617172241
losses_test/concepts:	16.69725227355957
losses_test/representations:	18.225868225097656
losses_test/total:	3.6478939056396484
calibration_test/ece:	0.1081525906920433
calibration_test/brier:	0.33757248520851135
accuracy_test/task:	77.47670003451847
accuracy_test/concepts:	96.462158203125
map_test/concepts:	0.9419266750415166

Epoch 182
losses_train/task:	0.3781213164329529
losses_train/concepts:	9.504400253295898
losses_train/representations:	14.725282669067383
losses_train/total:	2.0648252964019775
losses_test/task:	1.0835996866226196
losses_test/concepts:	17.120513916015625
losses_test/representations:	18.324886322021484
losses_test/total:	3.7118966579437256
calibration_test/ece:	0.11096356809139252
calibration_test/brier:	0.3417868912220001
accuracy_test/task:	77.23507076285813
accuracy_test/concepts:	96.4638671875
map_test/concepts:	0.9420578241348266

Epoch 183
losses_train/task:	0.4049457609653473
losses_train/concepts:	10.056475639343262
losses_train/representations:	15.083941459655762
losses_train/total:	2.164790153503418
losses_test/task:	1.0795884132385254
losses_test/concepts:	16.906490325927734
losses_test/representations:	18.279842376708984
losses_test/total:	3.6842293739318848
calibration_test/ece:	0.11020931601524353
calibration_test/brier:	0.34022411704063416
accuracy_test/task:	77.18329306178806
accuracy_test/concepts:	96.41294860839844
map_test/concepts:	0.941801538070043

Epoch 184
losses_train/task:	0.3528282046318054
losses_train/concepts:	9.53582763671875
losses_train/representations:	14.528609275817871
losses_train/total:	2.032841444015503
losses_test/task:	1.069417953491211
losses_test/concepts:	16.692955017089844
losses_test/representations:	18.369653701782227
losses_test/total:	3.657196521759033
calibration_test/ece:	0.10690870881080627
calibration_test/brier:	0.3382786512374878
accuracy_test/task:	77.49395926820849
accuracy_test/concepts:	96.37901306152344
map_test/concepts:	0.9427009294430415

Epoch 185
losses_train/task:	0.3990505039691925
losses_train/concepts:	10.07858657836914
losses_train/representations:	15.004023551940918
losses_train/total:	2.1571102142333984
losses_test/task:	1.0682772397994995
losses_test/concepts:	16.90955352783203
losses_test/representations:	18.302019119262695
losses_test/total:	3.6743340492248535
calibration_test/ece:	0.10747098922729492
calibration_test/brier:	0.33941003680229187
accuracy_test/task:	77.56299620296859
accuracy_test/concepts:	96.39656066894531
map_test/concepts:	0.9424232174952825

Epoch 186
losses_train/task:	0.41025322675704956
losses_train/concepts:	10.130693435668945
losses_train/representations:	15.093932151794434
losses_train/total:	2.1780195236206055
losses_test/task:	1.0688424110412598
losses_test/concepts:	16.82758331298828
losses_test/representations:	18.395158767700195
losses_test/total:	3.671358823776245
calibration_test/ece:	0.10793246328830719
calibration_test/brier:	0.3395412266254425
accuracy_test/task:	77.3558853986883
accuracy_test/concepts:	96.3732681274414
map_test/concepts:	0.9431374122699102

Epoch 187
losses_train/task:	0.3784129023551941
losses_train/concepts:	9.561339378356934
losses_train/representations:	14.675012588500977
losses_train/total:	2.068297863006592
losses_test/task:	1.0600380897521973
losses_test/concepts:	16.607383728027344
losses_test/representations:	18.353456497192383
losses_test/total:	3.6384501457214355
calibration_test/ece:	0.1081024706363678
calibration_test/brier:	0.33783435821533203
accuracy_test/task:	77.58025543665862
accuracy_test/concepts:	96.38389587402344
map_test/concepts:	0.9417501409848531

Epoch 188
losses_train/task:	0.39516645669937134
losses_train/concepts:	10.2927885055542
losses_train/representations:	15.037834167480469
losses_train/total:	2.1763370037078857
losses_test/task:	1.0523903369903564
losses_test/concepts:	16.585859298706055
losses_test/representations:	18.31896209716797
losses_test/total:	3.6269240379333496
calibration_test/ece:	0.10785679519176483
calibration_test/brier:	0.3353305459022522
accuracy_test/task:	77.49395926820849
accuracy_test/concepts:	96.38821411132812
map_test/concepts:	0.9420463790496191

Epoch 189
losses_train/task:	0.3738396465778351
losses_train/concepts:	9.786962509155273
losses_train/representations:	14.851417541503906
losses_train/total:	2.095106840133667
losses_test/task:	1.05869722366333
losses_test/concepts:	16.620229721069336
losses_test/representations:	18.221935272216797
losses_test/total:	3.6318161487579346
calibration_test/ece:	0.11062237620353699
calibration_test/brier:	0.33674538135528564
accuracy_test/task:	77.47670003451847
accuracy_test/concepts:	96.42703247070312
map_test/concepts:	0.9427364399035771

Epoch 190
losses_train/task:	0.3760067820549011
losses_train/concepts:	9.717905044555664
losses_train/representations:	14.695817947387695
losses_train/total:	2.0825884342193604
losses_test/task:	1.0755201578140259
losses_test/concepts:	16.937976837158203
losses_test/representations:	18.393230438232422
losses_test/total:	3.688978433609009
calibration_test/ece:	0.1107136532664299
calibration_test/brier:	0.3394281268119812
accuracy_test/task:	77.44218156713842
accuracy_test/concepts:	96.4161148071289
map_test/concepts:	0.9426170259714126

Epoch 191
losses_train/task:	0.38272157311439514
losses_train/concepts:	9.806652069091797
losses_train/representations:	14.732524871826172
losses_train/total:	2.100013256072998
losses_test/task:	1.0610536336898804
losses_test/concepts:	16.780624389648438
losses_test/representations:	18.174068450927734
losses_test/total:	3.6478190422058105
calibration_test/ece:	0.1062508374452591
calibration_test/brier:	0.3381552994251251
accuracy_test/task:	77.70107007248878
accuracy_test/concepts:	96.38850402832031
map_test/concepts:	0.9422227253516515

Epoch 192
losses_train/task:	0.38894903659820557
losses_train/concepts:	9.716679573059082
losses_train/representations:	14.754448890686035
losses_train/total:	2.098339557647705
losses_test/task:	1.0694243907928467
losses_test/concepts:	17.062780380249023
losses_test/representations:	18.250160217285156
losses_test/total:	3.688209295272827
calibration_test/ece:	0.1091214120388031
calibration_test/brier:	0.3394349217414856
accuracy_test/task:	77.32136693130825
accuracy_test/concepts:	96.41324615478516
map_test/concepts:	0.9420829107364018

Epoch 193
losses_train/task:	0.376727432012558
losses_train/concepts:	9.751127243041992
losses_train/representations:	14.73134708404541
losses_train/total:	2.088407516479492
losses_test/task:	1.07500422000885
losses_test/concepts:	17.002832412719727
losses_test/representations:	18.284807205200195
losses_test/total:	3.689527750015259
calibration_test/ece:	0.10706163942813873
calibration_test/brier:	0.338158518075943
accuracy_test/task:	77.77010700724888
accuracy_test/concepts:	96.42648315429688
map_test/concepts:	0.942158720890681

Epoch 194
losses_train/task:	0.4059737026691437
losses_train/concepts:	10.515297889709473
losses_train/representations:	15.15789794921875
losses_train/total:	2.215398073196411
losses_test/task:	1.0696998834609985
losses_test/concepts:	16.92306900024414
losses_test/representations:	18.286584854125977
losses_test/total:	3.6763362884521484
calibration_test/ece:	0.10973017662763596
calibration_test/brier:	0.3363439440727234
accuracy_test/task:	77.45944080082845
accuracy_test/concepts:	96.4135513305664
map_test/concepts:	0.942434639732043

Epoch 195
losses_train/task:	0.3881819546222687
losses_train/concepts:	10.106338500976562
losses_train/representations:	14.93751335144043
losses_train/total:	2.145691394805908
losses_test/task:	1.0593024492263794
losses_test/concepts:	16.51673126220703
losses_test/representations:	18.26759147644043
losses_test/total:	3.6243553161621094
calibration_test/ece:	0.1103055477142334
calibration_test/brier:	0.3376010060310364
accuracy_test/task:	77.56299620296859
accuracy_test/concepts:	96.42188262939453
map_test/concepts:	0.9417127907276154

Epoch 196
losses_train/task:	0.35373061895370483
losses_train/concepts:	9.292463302612305
losses_train/representations:	14.458656311035156
losses_train/total:	2.0059094429016113
losses_test/task:	1.0764847993850708
losses_test/concepts:	17.320938110351562
losses_test/representations:	18.219554901123047
losses_test/total:	3.7195565700531006
calibration_test/ece:	0.11126074194908142
calibration_test/brier:	0.34059470891952515
accuracy_test/task:	77.52847773558854
accuracy_test/concepts:	96.44546508789062
map_test/concepts:	0.9422654340664546

Epoch 197
losses_train/task:	0.39318665862083435
losses_train/concepts:	9.765849113464355
losses_train/representations:	14.7640380859375
losses_train/total:	2.10797381401062
losses_test/task:	1.0715211629867554
losses_test/concepts:	16.80257797241211
losses_test/representations:	18.311281204223633
losses_test/total:	3.6673429012298584
calibration_test/ece:	0.1106574684381485
calibration_test/brier:	0.3367781639099121
accuracy_test/task:	77.44218156713842
accuracy_test/concepts:	96.40576171875
map_test/concepts:	0.9421235193808873

Epoch 198
losses_train/task:	0.372394323348999
losses_train/concepts:	9.605900764465332
losses_train/representations:	14.786677360534668
losses_train/total:	2.0723187923431396
losses_test/task:	1.0759223699569702
losses_test/concepts:	16.498104095458984
losses_test/representations:	18.387516021728516
losses_test/total:	3.6451077461242676
calibration_test/ece:	0.10908365249633789
calibration_test/brier:	0.3369290828704834
accuracy_test/task:	77.70107007248878
accuracy_test/concepts:	96.42906951904297
map_test/concepts:	0.9421659102042516

Epoch 199
losses_train/task:	0.38304847478866577
losses_train/concepts:	9.815848350524902
losses_train/representations:	14.845043182373047
losses_train/total:	2.1068856716156006
losses_test/task:	1.0673896074295044
losses_test/concepts:	16.7570743560791
losses_test/representations:	18.28891372680664
losses_test/total:	3.6575427055358887
calibration_test/ece:	0.1095358282327652
calibration_test/brier:	0.33674201369285583
accuracy_test/task:	77.7183293061788
accuracy_test/concepts:	96.44921112060547
map_test/concepts:	0.943222067753474

Epoch 200
losses_train/task:	0.3480890989303589
losses_train/concepts:	9.26098918914795
losses_train/representations:	14.520462036132812
losses_train/total:	2.000211000442505
losses_test/task:	1.0652085542678833
losses_test/concepts:	16.750333786010742
losses_test/representations:	18.34538459777832
losses_test/total:	3.657510995864868
calibration_train/ece:	0.010401849634945393
calibration_train/brier:	0.07694528996944427
accuracy_train/task:	94.17229729729729
calibration_test/ece:	0.11083389073610306
calibration_test/brier:	0.3365744352340698
accuracy_test/task:	77.49395926820849
accuracy_train/concepts:	98.28194427490234
map_train/concepts:	0.9917812029520671
accuracy_test/concepts:	96.4308090209961
map_test/concepts:	0.9412335614363353
accuracy_test/nuisances_task:	-0.270505822621859
accuracy_test/nuisances_nontask:	0.0
mutual_inf_test/nuisances_task:	-0.008732813962087495
mutual_inf_test/nuisances_nontask:	0.0

Epoch 201
losses_train/task:	0.35713908076286316
losses_train/concepts:	9.444878578186035
losses_train/representations:	14.673730850219727
losses_train/total:	2.035313367843628
losses_test/task:	1.0658278465270996
losses_test/concepts:	16.75594139099121
losses_test/representations:	18.29353904724121
losses_test/total:	3.656099557876587
calibration_test/ece:	0.11156782507896423
calibration_test/brier:	0.33572983741760254
accuracy_test/task:	77.49395926820849
accuracy_test/concepts:	96.43797302246094
map_test/concepts:	0.9413937757412593

Epoch 202
losses_train/task:	0.38580435514450073
losses_train/concepts:	9.906258583068848
losses_train/representations:	14.827059745788574
losses_train/total:	2.1177830696105957
losses_test/task:	1.063681721687317
losses_test/concepts:	16.636009216308594
losses_test/representations:	18.33989143371582
losses_test/total:	3.644277572631836
calibration_test/ece:	0.11095301806926727
calibration_test/brier:	0.3357694447040558
accuracy_test/task:	77.49395926820849
accuracy_test/concepts:	96.43106842041016
map_test/concepts:	0.941913370291392

Epoch 203
losses_train/task:	0.38090014457702637
losses_train/concepts:	9.61471939086914
losses_train/representations:	14.777575492858887
losses_train/total:	2.0812506675720215
losses_test/task:	1.0627764463424683
losses_test/concepts:	16.820329666137695
losses_test/representations:	18.178756713867188
losses_test/total:	3.6537463665008545
calibration_test/ece:	0.1088966429233551
calibration_test/brier:	0.33620452880859375
accuracy_test/task:	77.63203313772868
accuracy_test/concepts:	96.44401550292969
map_test/concepts:	0.9421538879474004

Epoch 204
losses_train/task:	0.3596811592578888
losses_train/concepts:	9.274575233459473
losses_train/representations:	14.51623249053955
losses_train/total:	2.0129506587982178
losses_test/task:	1.0612677335739136
losses_test/concepts:	16.68889045715332
losses_test/representations:	18.223939895629883
losses_test/total:	3.6413540840148926
calibration_test/ece:	0.10963810980319977
calibration_test/brier:	0.3349849581718445
accuracy_test/task:	77.63203313772868
accuracy_test/concepts:	96.44832611083984
map_test/concepts:	0.9420915424823761

Epoch 205
losses_train/task:	0.3506695330142975
losses_train/concepts:	9.344935417175293
losses_train/representations:	14.31508731842041
losses_train/total:	2.000917673110962
losses_test/task:	1.0573129653930664
losses_test/concepts:	16.57748794555664
losses_test/representations:	18.209993362426758
losses_test/total:	3.6255619525909424
calibration_test/ece:	0.1082671731710434
calibration_test/brier:	0.33476507663726807
accuracy_test/task:	77.66655160510874
accuracy_test/concepts:	96.43022918701172
map_test/concepts:	0.9418345709641774

Epoch 206
losses_train/task:	0.34274277091026306
losses_train/concepts:	9.441350936889648
losses_train/representations:	14.446035385131836
losses_train/total:	2.0091795921325684
losses_test/task:	1.058691143989563
losses_test/concepts:	16.641469955444336
losses_test/representations:	18.226451873779297
losses_test/total:	3.6341612339019775
calibration_test/ece:	0.1094931960105896
calibration_test/brier:	0.33522582054138184
accuracy_test/task:	77.58025543665862
accuracy_test/concepts:	96.42793273925781
map_test/concepts:	0.9415191054344177

Epoch 207
losses_train/task:	0.3572704792022705
losses_train/concepts:	9.272648811340332
losses_train/representations:	14.45394229888916
losses_train/total:	2.007232427597046
losses_test/task:	1.061378836631775
losses_test/concepts:	16.70968246459961
losses_test/representations:	18.30137062072754
losses_test/total:	3.6474149227142334
calibration_test/ece:	0.11102001368999481
calibration_test/brier:	0.3352145254611969
accuracy_test/task:	77.4249223334484
accuracy_test/concepts:	96.43999481201172
map_test/concepts:	0.9412246853113174

Epoch 208
losses_train/task:	0.3733808398246765
losses_train/concepts:	9.646574974060059
losses_train/representations:	14.741506576538086
losses_train/total:	2.0751137733459473
losses_test/task:	1.0562998056411743
losses_test/concepts:	16.69243049621582
losses_test/representations:	18.183622360229492
losses_test/total:	3.63472318649292
calibration_test/ece:	0.10926714539527893
calibration_test/brier:	0.3342781662940979
accuracy_test/task:	77.63203313772868
accuracy_test/concepts:	96.44055938720703
map_test/concepts:	0.9426590194304784

Epoch 209
losses_train/task:	0.38015562295913696
losses_train/concepts:	9.88164234161377
losses_train/representations:	14.799896240234375
losses_train/total:	2.1083147525787354
losses_test/task:	1.0540329217910767
losses_test/concepts:	16.6650390625
losses_test/representations:	18.156641006469727
losses_test/total:	3.6283693313598633
calibration_test/ece:	0.10750386118888855
calibration_test/brier:	0.33275243639945984
accuracy_test/task:	77.90818087676907
accuracy_test/concepts:	96.47364807128906
map_test/concepts:	0.9427992324034373

Epoch 210
losses_train/task:	0.36408793926239014
losses_train/concepts:	9.506083488464355
losses_train/representations:	14.68671989440918
losses_train/total:	2.049032211303711
losses_test/task:	1.0541696548461914
losses_test/concepts:	16.634708404541016
losses_test/representations:	18.152799606323242
losses_test/total:	3.6252803802490234
calibration_test/ece:	0.10669518262147903
calibration_test/brier:	0.33393460512161255
accuracy_test/task:	77.87366240938903
accuracy_test/concepts:	96.44575500488281
map_test/concepts:	0.9422210385402043

Epoch 211
losses_train/task:	0.3530784249305725
losses_train/concepts:	9.11595344543457
losses_train/representations:	14.445454597473145
losses_train/total:	1.9869461059570312
losses_test/task:	1.0585473775863647
losses_test/concepts:	16.5349063873291
losses_test/representations:	18.163673400878906
losses_test/total:	3.6202213764190674
calibration_test/ece:	0.11005079001188278
calibration_test/brier:	0.33429330587387085
accuracy_test/task:	77.66655160510874
accuracy_test/concepts:	96.46127319335938
map_test/concepts:	0.9427086214224497

Epoch 212
losses_train/task:	0.370631605386734
losses_train/concepts:	9.512798309326172
losses_train/representations:	14.561820983886719
losses_train/total:	2.0500025749206543
losses_test/task:	1.0615131855010986
losses_test/concepts:	16.87262535095215
losses_test/representations:	18.18555450439453
losses_test/total:	3.658052921295166
calibration_test/ece:	0.10864056646823883
calibration_test/brier:	0.33474671840667725
accuracy_test/task:	77.70107007248878
accuracy_test/concepts:	96.44573211669922
map_test/concepts:	0.9422766298055649

Epoch 213
losses_train/task:	0.40154340863227844
losses_train/concepts:	9.981344223022461
losses_train/representations:	14.885967254638672
losses_train/total:	2.1439762115478516
losses_test/task:	1.0603148937225342
losses_test/concepts:	16.88583755493164
losses_test/representations:	18.118595123291016
losses_test/total:	3.6548283100128174
calibration_test/ece:	0.10827481001615524
calibration_test/brier:	0.3342132270336151
accuracy_test/task:	77.82188470831895
accuracy_test/concepts:	96.46558380126953
map_test/concepts:	0.9419622778892517

Epoch 214
losses_train/task:	0.3515966832637787
losses_train/concepts:	9.3355073928833
losses_train/representations:	14.413619041442871
losses_train/total:	2.005828619003296
losses_test/task:	1.0630844831466675
losses_test/concepts:	16.648265838623047
losses_test/representations:	18.314531326293945
losses_test/total:	3.6436381340026855
calibration_test/ece:	0.10999739170074463
calibration_test/brier:	0.33493390679359436
accuracy_test/task:	77.70107007248878
accuracy_test/concepts:	96.44602966308594
map_test/concepts:	0.9421247214078903

Epoch 215
losses_train/task:	0.3690294325351715
losses_train/concepts:	9.702611923217773
losses_train/representations:	14.780080795288086
losses_train/total:	2.078294277191162
losses_test/task:	1.0625795125961304
losses_test/concepts:	16.753387451171875
losses_test/representations:	18.27785301208496
losses_test/total:	3.651810646057129
calibration_test/ece:	0.1096034049987793
calibration_test/brier:	0.3348662853240967
accuracy_test/task:	77.75284777355886
accuracy_test/concepts:	96.4566650390625
map_test/concepts:	0.9412520090738933

Epoch 216
losses_train/task:	0.35402771830558777
losses_train/concepts:	9.123091697692871
losses_train/representations:	14.374805450439453
losses_train/total:	1.985076904296875
losses_test/task:	1.0574982166290283
losses_test/concepts:	16.651344299316406
losses_test/representations:	18.18599510192871
losses_test/total:	3.631932497024536
calibration_test/ece:	0.10850641131401062
calibration_test/brier:	0.3344757854938507
accuracy_test/task:	77.66655160510874
accuracy_test/concepts:	96.43740844726562
map_test/concepts:	0.9414704690376917

Epoch 217
losses_train/task:	0.3561021387577057
losses_train/concepts:	8.92363166809082
losses_train/representations:	14.369205474853516
losses_train/total:	1.9669253826141357
losses_test/task:	1.0604225397109985
losses_test/concepts:	16.689876556396484
losses_test/representations:	18.22097396850586
losses_test/total:	3.64045786857605
calibration_test/ece:	0.109476737678051
calibration_test/brier:	0.33521389961242676
accuracy_test/task:	77.70107007248878
accuracy_test/concepts:	96.43079376220703
map_test/concepts:	0.9418061633904775

Epoch 218
losses_train/task:	0.3728542923927307
losses_train/concepts:	9.704811096191406
losses_train/representations:	14.638927459716797
losses_train/total:	2.0752816200256348
losses_test/task:	1.0529015064239502
losses_test/concepts:	16.63334083557129
losses_test/representations:	18.106287002563477
losses_test/total:	3.6215505599975586
calibration_test/ece:	0.10838912427425385
calibration_test/brier:	0.3337799310684204
accuracy_test/task:	77.75284777355886
accuracy_test/concepts:	96.45551300048828
map_test/concepts:	0.9417969167232514

Epoch 219
losses_train/task:	0.37376412749290466
losses_train/concepts:	9.712480545043945
losses_train/representations:	14.554229736328125
losses_train/total:	2.0727241039276123
losses_test/task:	1.0609272718429565
losses_test/concepts:	16.693056106567383
losses_test/representations:	18.267412185668945
losses_test/total:	3.6436030864715576
calibration_test/ece:	0.1112431213259697
calibration_test/brier:	0.3349665701389313
accuracy_test/task:	77.51121850189851
accuracy_test/concepts:	96.4474868774414
map_test/concepts:	0.9415372351805369

Epoch 220
losses_train/task:	0.35355207324028015
losses_train/concepts:	9.340660095214844
losses_train/representations:	14.556281089782715
losses_train/total:	2.015432357788086
losses_test/task:	1.0606423616409302
losses_test/concepts:	16.6682186126709
losses_test/representations:	18.24727439880371
losses_test/total:	3.6398282051086426
calibration_test/ece:	0.11122000217437744
calibration_test/brier:	0.3353841304779053
accuracy_test/task:	77.4249223334484
accuracy_test/concepts:	96.45698547363281
map_test/concepts:	0.9424550384283066

Epoch 221
losses_train/task:	0.3313705027103424
losses_train/concepts:	8.828923225402832
losses_train/representations:	14.356729507446289
losses_train/total:	1.9320992231369019
losses_test/task:	1.0650722980499268
losses_test/concepts:	16.683685302734375
losses_test/representations:	18.31166648864746
losses_test/total:	3.649024724960327
calibration_test/ece:	0.11115729808807373
calibration_test/brier:	0.3354673683643341
accuracy_test/task:	77.63203313772868
accuracy_test/concepts:	96.45553588867188
map_test/concepts:	0.9423700024684271

Epoch 222
losses_train/task:	0.36216700077056885
losses_train/concepts:	9.601860046386719
losses_train/representations:	14.508596420288086
losses_train/total:	2.047783374786377
losses_test/task:	1.058690071105957
losses_test/concepts:	16.731430053710938
losses_test/representations:	18.15682029724121
losses_test/total:	3.639673948287964
calibration_test/ece:	0.10929809510707855
calibration_test/brier:	0.3345423638820648
accuracy_test/task:	77.78736624093891
accuracy_test/concepts:	96.47337341308594
map_test/concepts:	0.9409724583228429

Epoch 223
losses_train/task:	0.34729185700416565
losses_train/concepts:	9.38434886932373
losses_train/representations:	14.494050025939941
losses_train/total:	2.0104291439056396
losses_test/task:	1.0643184185028076
losses_test/concepts:	16.800718307495117
losses_test/representations:	18.2193546295166
losses_test/total:	3.6553587913513184
calibration_test/ece:	0.11036323010921478
calibration_test/brier:	0.33567216992378235
accuracy_test/task:	77.61477390403866
accuracy_test/concepts:	96.45640563964844
map_test/concepts:	0.942183115084966

Epoch 224
losses_train/task:	0.3445894420146942
losses_train/concepts:	9.0836763381958
losses_train/representations:	14.460121154785156
losses_train/total:	1.9759633541107178
losses_test/task:	1.0605882406234741
losses_test/concepts:	16.711172103881836
losses_test/representations:	18.19038963317871
losses_test/total:	3.6412250995635986
calibration_test/ece:	0.11096671223640442
calibration_test/brier:	0.334669828414917
accuracy_test/task:	77.54573696927856
accuracy_test/concepts:	96.46328735351562
map_test/concepts:	0.9419194300969441

Epoch 225
losses_train/task:	0.38298189640045166
losses_train/concepts:	9.756669998168945
losses_train/representations:	14.805849075317383
losses_train/total:	2.0989418029785156
losses_test/task:	1.0624641180038452
losses_test/concepts:	16.750526428222656
losses_test/representations:	18.156578063964844
losses_test/total:	3.645345687866211
calibration_test/ece:	0.11115960776805878
calibration_test/brier:	0.3351413309574127
accuracy_test/task:	77.58025543665862
accuracy_test/concepts:	96.48287200927734
map_test/concepts:	0.9424053718646367

Epoch 226
losses_train/task:	0.3704233169555664
losses_train/concepts:	9.555143356323242
losses_train/representations:	14.609119415283203
losses_train/total:	2.05639386177063
losses_test/task:	1.0589772462844849
losses_test/concepts:	16.80983543395996
losses_test/representations:	18.107452392578125
losses_test/total:	3.6453330516815186
calibration_test/ece:	0.10928495228290558
calibration_test/brier:	0.3343304991722107
accuracy_test/task:	77.80462547462892
accuracy_test/concepts:	96.48344421386719
map_test/concepts:	0.9427351514498393

Epoch 227
losses_train/task:	0.36644449830055237
losses_train/concepts:	9.321955680847168
losses_train/representations:	14.407033920288086
losses_train/total:	2.0189921855926514
losses_test/task:	1.0579006671905518
losses_test/concepts:	16.703834533691406
losses_test/representations:	18.104541778564453
losses_test/total:	3.633511781692505
calibration_test/ece:	0.11076962947845459
calibration_test/brier:	0.33383962512016296
accuracy_test/task:	77.63203313772868
accuracy_test/concepts:	96.48399353027344
map_test/concepts:	0.9416087508201599

Epoch 228
losses_train/task:	0.358780175447464
losses_train/concepts:	9.202699661254883
losses_train/representations:	14.433374404907227
losses_train/total:	2.000718832015991
losses_test/task:	1.0575960874557495
losses_test/concepts:	16.742645263671875
losses_test/representations:	18.135143280029297
losses_test/total:	3.638618230819702
calibration_test/ece:	0.11037196964025497
calibration_test/brier:	0.33350932598114014
accuracy_test/task:	77.7183293061788
accuracy_test/concepts:	96.4975357055664
map_test/concepts:	0.9425284922122955

Epoch 229
losses_train/task:	0.37029388546943665
losses_train/concepts:	9.713406562805176
losses_train/representations:	14.619271278381348
losses_train/total:	2.0725977420806885
losses_test/task:	1.0577605962753296
losses_test/concepts:	16.80940818786621
losses_test/representations:	18.13750457763672
losses_test/total:	3.6455764770507812
calibration_test/ece:	0.11004452407360077
calibration_test/brier:	0.3336418569087982
accuracy_test/task:	77.63203313772868
accuracy_test/concepts:	96.47595977783203
map_test/concepts:	0.942642460266749

Epoch 230
losses_train/task:	0.3594914972782135
losses_train/concepts:	9.329635620117188
losses_train/representations:	14.347085952758789
losses_train/total:	2.0098094940185547
losses_test/task:	1.0630309581756592
losses_test/concepts:	16.833608627319336
losses_test/representations:	18.173812866210938
losses_test/total:	3.6550824642181396
calibration_test/ece:	0.11045247316360474
calibration_test/brier:	0.335709810256958
accuracy_test/task:	77.59751467034863
accuracy_test/concepts:	96.45668029785156
map_test/concepts:	0.942273818453153

Epoch 231
losses_train/task:	0.3532302975654602
losses_train/concepts:	9.394560813903809
losses_train/representations:	14.56459903717041
losses_train/total:	2.02091646194458
losses_test/task:	1.0565756559371948
losses_test/concepts:	16.75505828857422
losses_test/representations:	18.117412567138672
losses_test/total:	3.6379518508911133
calibration_test/ece:	0.11038956046104431
calibration_test/brier:	0.3345530331134796
accuracy_test/task:	77.56299620296859
accuracy_test/concepts:	96.44833374023438
map_test/concepts:	0.9418442537387212

Epoch 232
losses_train/task:	0.3515138030052185
losses_train/concepts:	9.076289176940918
losses_train/representations:	14.250246047973633
losses_train/total:	1.971655011177063
losses_test/task:	1.0517208576202393
losses_test/concepts:	16.6959228515625
losses_test/representations:	18.067930221557617
losses_test/total:	3.6247096061706543
calibration_test/ece:	0.10725980997085571
calibration_test/brier:	0.33347755670547485
accuracy_test/task:	77.89092164307905
accuracy_test/concepts:	96.46358489990234
map_test/concepts:	0.9429509391387304

Epoch 233
losses_train/task:	0.36599045991897583
losses_train/concepts:	9.378015518188477
losses_train/representations:	14.619596481323242
losses_train/total:	2.0347719192504883
losses_test/task:	1.0560163259506226
losses_test/concepts:	16.706899642944336
losses_test/representations:	18.122800827026367
losses_test/total:	3.6328461170196533
calibration_test/ece:	0.10966135561466217
calibration_test/brier:	0.3343530595302582
accuracy_test/task:	77.75284777355886
accuracy_test/concepts:	96.48458099365234
map_test/concepts:	0.9428919235865275

Epoch 234
losses_train/task:	0.3512182831764221
losses_train/concepts:	8.919364929199219
losses_train/representations:	14.262136459350586
losses_train/total:	1.9562617540359497
losses_test/task:	1.0538784265518188
losses_test/concepts:	16.770023345947266
losses_test/representations:	18.064067840576172
losses_test/total:	3.634084463119507
calibration_test/ece:	0.10860501229763031
calibration_test/brier:	0.3335093557834625
accuracy_test/task:	77.78736624093891
accuracy_test/concepts:	96.48860931396484
map_test/concepts:	0.9429359118143718

Epoch 235
losses_train/task:	0.3469407558441162
losses_train/concepts:	9.279030799865723
losses_train/representations:	14.323049545288086
losses_train/total:	1.9909964799880981
losses_test/task:	1.0490717887878418
losses_test/concepts:	16.582536697387695
losses_test/representations:	18.057523727416992
losses_test/total:	3.6102020740509033
calibration_test/ece:	0.10828667134046555
calibration_test/brier:	0.3330170214176178
accuracy_test/task:	77.80462547462892
accuracy_test/concepts:	96.48027038574219
map_test/concepts:	0.9424827784299851

Epoch 236
losses_train/task:	0.370840460062027
losses_train/concepts:	9.612571716308594
losses_train/representations:	14.529892921447754
losses_train/total:	2.0585923194885254
losses_test/task:	1.0608623027801514
losses_test/concepts:	16.849472045898438
losses_test/representations:	18.114660263061523
losses_test/total:	3.6515424251556396
calibration_test/ece:	0.11009086668491364
calibration_test/brier:	0.3348156213760376
accuracy_test/task:	77.63203313772868
accuracy_test/concepts:	96.4837417602539
map_test/concepts:	0.9422707200050354

Epoch 237
losses_train/task:	0.3417377769947052
losses_train/concepts:	9.122923851013184
losses_train/representations:	14.131664276123047
losses_train/total:	1.9606133699417114
losses_test/task:	1.0563923120498657
losses_test/concepts:	16.700542449951172
losses_test/representations:	18.081729888916016
losses_test/total:	3.630533456802368
calibration_test/ece:	0.11030144989490509
calibration_test/brier:	0.33442845940589905
accuracy_test/task:	77.61477390403866
accuracy_test/concepts:	96.48255920410156
map_test/concepts:	0.9424107074737549

Epoch 238
losses_train/task:	0.375387579202652
losses_train/concepts:	9.60274600982666
losses_train/representations:	14.524282455444336
losses_train/total:	2.0618762969970703
losses_test/task:	1.0531907081604004
losses_test/concepts:	16.591495513916016
losses_test/representations:	18.13019371032715
losses_test/total:	3.618849754333496
calibration_test/ece:	0.10986566543579102
calibration_test/brier:	0.33336812257766724
accuracy_test/task:	77.75284777355886
accuracy_test/concepts:	96.4863052368164
map_test/concepts:	0.9429025749365488

Epoch 239
losses_train/task:	0.36024776101112366
losses_train/concepts:	9.393353462219238
losses_train/representations:	14.554655075073242
losses_train/total:	2.027315855026245
losses_test/task:	1.053733229637146
losses_test/concepts:	16.717296600341797
losses_test/representations:	18.140161514282227
losses_test/total:	3.6324715614318848
calibration_test/ece:	0.10786120593547821
calibration_test/brier:	0.3334141969680786
accuracy_test/task:	77.856403175699
accuracy_test/concepts:	96.46675109863281
map_test/concepts:	0.9431004017591477

Epoch 240
losses_train/task:	0.34792056679725647
losses_train/concepts:	9.345146179199219
losses_train/representations:	14.472979545593262
losses_train/total:	2.006084442138672
losses_test/task:	1.0448333024978638
losses_test/concepts:	16.469226837158203
losses_test/representations:	18.105478286743164
losses_test/total:	3.5970299243927
calibration_test/ece:	0.1077442467212677
calibration_test/brier:	0.3311103582382202
accuracy_test/task:	77.856403175699
accuracy_test/concepts:	96.47048950195312
map_test/concepts:	0.9426442513863246

Epoch 241
losses_train/task:	0.3727416694164276
losses_train/concepts:	9.571161270141602
losses_train/representations:	14.498274803161621
losses_train/total:	2.0547711849212646
losses_test/task:	1.047255277633667
losses_test/concepts:	16.511791229248047
losses_test/representations:	18.083141326904297
losses_test/total:	3.6025915145874023
calibration_test/ece:	0.10825815796852112
calibration_test/brier:	0.3332199156284332
accuracy_test/task:	77.73558853986883
accuracy_test/concepts:	96.46731567382812
map_test/concepts:	0.9427863816420238

Epoch 242
losses_train/task:	0.3515225946903229
losses_train/concepts:	9.2268648147583
losses_train/representations:	14.289559364318848
losses_train/total:	1.988687515258789
losses_test/task:	1.047964334487915
losses_test/concepts:	16.460718154907227
losses_test/representations:	18.13103485107422
losses_test/total:	3.600588083267212
calibration_test/ece:	0.10753286629915237
calibration_test/brier:	0.3328576683998108
accuracy_test/task:	77.87366240938903
accuracy_test/concepts:	96.46328735351562
map_test/concepts:	0.9417527467012405

Epoch 243
losses_train/task:	0.3468751609325409
losses_train/concepts:	9.137603759765625
losses_train/representations:	14.369132995605469
losses_train/total:	1.979092001914978
losses_test/task:	1.0474143028259277
losses_test/concepts:	16.443777084350586
losses_test/representations:	18.106731414794922
losses_test/total:	3.5971291065216064
calibration_test/ece:	0.10691988468170166
calibration_test/brier:	0.33305636048316956
accuracy_test/task:	77.856403175699
accuracy_test/concepts:	96.455810546875
map_test/concepts:	0.942687310775121

Epoch 244
losses_train/task:	0.3618406355381012
losses_train/concepts:	9.505393981933594
losses_train/representations:	14.452197074890137
losses_train/total:	2.034990072250366
losses_test/task:	1.0509525537490845
losses_test/concepts:	16.6734561920166
losses_test/representations:	18.11415672302246
losses_test/total:	3.624007225036621
calibration_test/ece:	0.10942727327346802
calibration_test/brier:	0.3337804973125458
accuracy_test/task:	77.66655160510874
accuracy_test/concepts:	96.45150756835938
map_test/concepts:	0.941940916577975

Epoch 245
losses_train/task:	0.3525618016719818
losses_train/concepts:	9.269707679748535
losses_train/representations:	14.53914737701416
losses_train/total:	2.006490468978882
losses_test/task:	1.0547566413879395
losses_test/concepts:	16.53644561767578
losses_test/representations:	18.18580436706543
losses_test/total:	3.6176915168762207
calibration_test/ece:	0.1116674467921257
calibration_test/brier:	0.33400750160217285
accuracy_test/task:	77.59751467034863
accuracy_test/concepts:	96.49636840820312
map_test/concepts:	0.943020569284757

Epoch 246
losses_train/task:	0.35475829243659973
losses_train/concepts:	9.348191261291504
losses_train/representations:	14.618674278259277
losses_train/total:	2.0205111503601074
losses_test/task:	1.0487185716629028
losses_test/concepts:	16.581398010253906
losses_test/representations:	18.093141555786133
losses_test/total:	3.6115152835845947
calibration_test/ece:	0.10839419811964035
calibration_test/brier:	0.3320188522338867
accuracy_test/task:	77.83914394200897
accuracy_test/concepts:	96.48082733154297
map_test/concepts:	0.9425379087527593

Epoch 247
losses_train/task:	0.3358435034751892
losses_train/concepts:	8.892327308654785
losses_train/representations:	14.116259574890137
losses_train/total:	1.9308894872665405
losses_test/task:	1.0504825115203857
losses_test/concepts:	16.62026023864746
losses_test/representations:	18.098758697509766
losses_test/total:	3.6174468994140625
calibration_test/ece:	0.10687275230884552
calibration_test/brier:	0.3324160575866699
accuracy_test/task:	77.89092164307905
accuracy_test/concepts:	96.47968292236328
map_test/concepts:	0.9430505633354187

Epoch 248
losses_train/task:	0.3632843494415283
losses_train/concepts:	9.302502632141113
losses_train/representations:	14.350558280944824
losses_train/total:	2.0110628604888916
losses_test/task:	1.0459853410720825
losses_test/concepts:	16.530851364135742
losses_test/representations:	18.02752113342285
losses_test/total:	3.6004464626312256
calibration_test/ece:	0.1074601411819458
calibration_test/brier:	0.33315038681030273
accuracy_test/task:	77.77010700724888
accuracy_test/concepts:	96.47394561767578
map_test/concepts:	0.9421437859535218

Epoch 249
losses_train/task:	0.33366820216178894
losses_train/concepts:	9.116606712341309
losses_train/representations:	14.251199722290039
losses_train/total:	1.9578890800476074
losses_test/task:	1.0514287948608398
losses_test/concepts:	16.562952041625977
losses_test/representations:	18.16176414489746
losses_test/total:	3.6158130168914795
calibration_test/ece:	0.1081465482711792
calibration_test/brier:	0.33303630352020264
accuracy_test/task:	77.83914394200897
accuracy_test/concepts:	96.4696273803711
map_test/concepts:	0.9427459895610809

Epoch 250
losses_train/task:	0.3468928933143616
losses_train/concepts:	9.350255012512207
losses_train/representations:	14.328234672546387
losses_train/total:	1.9983302354812622
losses_test/task:	1.045255422592163
losses_test/concepts:	16.534116744995117
losses_test/representations:	18.025415420532227
losses_test/total:	3.599937915802002
calibration_train/ece:	0.010323558934032917
calibration_train/brier:	0.08408714830875397
accuracy_train/task:	93.17989864864865
calibration_test/ece:	0.10769777745008469
calibration_test/brier:	0.3331860601902008
accuracy_test/task:	77.7183293061788
accuracy_train/concepts:	98.00957489013672
map_train/concepts:	0.9885775665442149
accuracy_test/concepts:	96.48429107666016
map_test/concepts:	0.9424790352582931
accuracy_test/nuisances_task:	-0.20511952730325553
accuracy_test/nuisances_nontask:	0.0
mutual_inf_test/nuisances_task:	-0.007788821050844708
mutual_inf_test/nuisances_nontask:	0.0

epoch_250.pt
groups=0 err_lowconf=22.282 err_random=22.282
groups=1 err_lowconf=21.470 err_random=21.470
groups=2 err_lowconf=20.107 err_random=20.107
groups=3 err_lowconf=18.157 err_random=18.157
groups=4 err_lowconf=15.723 err_random=15.723
groups=5 err_lowconf=13.756 err_random=13.756
groups=6 err_lowconf=12.427 err_random=12.427
groups=7 err_lowconf=11.581 err_random=11.581
groups=8 err_lowconf=12.116 err_random=12.116
groups=9 err_lowconf=10.252 err_random=10.252
groups=10 err_lowconf=12.375 err_random=12.375
groups=11 err_lowconf=12.599 err_random=12.599
groups=12 err_lowconf=12.944 err_random=12.944
[1;34mwandb[0m:
[1;34mwandb[0m: You can sync this run to the cloud by running:
[1;34mwandb[0m: [1mwandb sync /research/hal-afsharim/minimal_cbm/results/cub12-mcbm-005/43/wandb/offline-run-20260727_135525-oeg3x2lr[0m
[1;34mwandb[0m: Find logs at: [1;35mresults/cub12-mcbm-005/43/wandb/offline-run-20260727_135525-oeg3x2lr/logs[0m
