
===== launch 2026-07-27 21:00:18.884111 gpu4 =====
wandb: Using wandb-core as the SDK backend.  Please refer to https://wandb.me/wandb-core for more information.
wandb: Tracking run with wandb version 0.19.0
wandb: W&B syncing is set to `offline` in this directory.  
wandb: Run `wandb online` or set WANDB_MODE=online to enable cloud syncing.
/research/hal-afsharim/miniconda3/envs/mcbm/lib/python3.10/site-packages/torchvision/models/_utils.py:208: UserWarning: The parameter 'pretrained' is deprecated since 0.13 and will be removed in 0.15, please use 'weights' instead.
  warnings.warn(
/research/hal-afsharim/miniconda3/envs/mcbm/lib/python3.10/site-packages/torchvision/models/_utils.py:223: UserWarning: Arguments other than a weight enum or `None` for 'weights' are deprecated since 0.13 and will be removed in 0.15. The current behavior is equivalent to passing `weights=Inception_V3_Weights.IMAGENET1K_V1`. You can also use `weights=Inception_V3_Weights.DEFAULT` to get the most up-to-date weights.
  warnings.warn(msg)
Epoch 1
losses_train/task:	5.3599138259887695
losses_train/concepts:	84.6708755493164
losses_train/representations:	60.018089294433594
losses_train/total:	31.832427978515625
losses_test/task:	5.220893859863281
losses_test/concepts:	73.72817993164062
losses_test/representations:	53.49541473388672
losses_test/total:	28.642332077026367
calibration_test/ece:	0.007680793292820454
calibration_test/brier:	0.9940176010131836
accuracy_test/task:	1.691404901622368
accuracy_test/concepts:	54.63985061645508
map_test/concepts:	0.2549860219781597

Epoch 2
losses_train/task:	4.977438926696777
losses_train/concepts:	70.08631896972656
losses_train/representations:	44.2318000793457
losses_train/total:	25.2556095123291
losses_test/task:	4.940902233123779
losses_test/concepts:	68.04039001464844
losses_test/representations:	53.49383544921875
losses_test/total:	27.79309844970703
calibration_test/ece:	0.014874210581183434
calibration_test/brier:	0.9904468059539795
accuracy_test/task:	1.3634794615119088
accuracy_test/concepts:	66.04303741455078
map_test/concepts:	0.3488279179359476

Epoch 3
losses_train/task:	4.5398077964782715
losses_train/concepts:	64.16871643066406
losses_train/representations:	42.95338439941406
losses_train/total:	23.842693328857422
losses_test/task:	4.429707050323486
losses_test/concepts:	60.47439193725586
losses_test/representations:	45.49416732788086
losses_test/total:	24.12539291381836
calibration_test/ece:	0.02488548308610916
calibration_test/brier:	0.982185423374176
accuracy_test/task:	4.055919917155678
accuracy_test/concepts:	71.68995666503906
map_test/concepts:	0.4650510122999549

Epoch 4
losses_train/task:	4.267078876495361
losses_train/concepts:	60.44551086425781
losses_train/representations:	41.634395599365234
losses_train/total:	22.80194664001465
losses_test/task:	4.096507549285889
losses_test/concepts:	58.448631286621094
losses_test/representations:	41.43657684326172
losses_test/total:	22.372346878051758
calibration_test/ece:	0.00936716329306364
calibration_test/brier:	0.9724667072296143
accuracy_test/task:	5.747324818778046
accuracy_test/concepts:	74.62317657470703
map_test/concepts:	0.5242556221783161

Epoch 5
losses_train/task:	4.017423152923584
losses_train/concepts:	57.825191497802734
losses_train/representations:	39.757110595703125
losses_train/total:	21.727075576782227
losses_test/task:	3.9796302318573
losses_test/concepts:	56.231685638427734
losses_test/representations:	41.41889953613281
losses_test/total:	22.028467178344727
calibration_test/ece:	0.009654799476265907
calibration_test/brier:	0.9664897918701172
accuracy_test/task:	7.818432861580946
accuracy_test/concepts:	75.99240112304688
map_test/concepts:	0.5386435456573964

Epoch 6
losses_train/task:	3.837120294570923
losses_train/concepts:	55.781246185302734
losses_train/representations:	38.80046844482422
losses_train/total:	21.055383682250977
losses_test/task:	4.496703624725342
losses_test/concepts:	57.323509216308594
losses_test/representations:	46.311561584472656
losses_test/total:	24.122522354125977
calibration_test/ece:	0.04672383889555931
calibration_test/brier:	0.9821546673774719
accuracy_test/task:	5.281325509147394
accuracy_test/concepts:	73.86116790771484
map_test/concepts:	0.5080033292993903

Epoch 7
losses_train/task:	3.680342435836792
losses_train/concepts:	54.10564041137695
losses_train/representations:	37.67914581298828
losses_train/total:	20.394649505615234
losses_test/task:	3.473252058029175
losses_test/concepts:	51.63473129272461
losses_test/representations:	36.97195816040039
losses_test/total:	19.728313446044922
calibration_test/ece:	0.014812042005360126
calibration_test/brier:	0.9307732582092285
accuracy_test/task:	14.808422506040731
accuracy_test/concepts:	77.58687591552734
map_test/concepts:	0.6210518030449748

Epoch 8
losses_train/task:	3.428079128265381
losses_train/concepts:	51.68162155151367
losses_train/representations:	35.958797454833984
losses_train/total:	19.383880615234375
losses_test/task:	3.605955123901367
losses_test/concepts:	51.254268646240234
losses_test/representations:	38.38430404663086
losses_test/total:	20.246673583984375
calibration_test/ece:	0.020176159217953682
calibration_test/brier:	0.9294596314430237
accuracy_test/task:	14.376941663790127
accuracy_test/concepts:	79.62950897216797
map_test/concepts:	0.6154439598321915

Epoch 9
losses_train/task:	3.340137004852295
losses_train/concepts:	50.56888961791992
losses_train/representations:	35.569297790527344
losses_train/total:	19.067813873291016
losses_test/task:	3.064020872116089
losses_test/concepts:	45.750877380371094
losses_test/representations:	34.161407470703125
losses_test/total:	17.887529373168945
calibration_test/ece:	0.025691702961921692
calibration_test/brier:	0.9022480845451355
accuracy_test/task:	19.796341042457716
accuracy_test/concepts:	80.46253967285156
map_test/concepts:	0.6732712610935171

Epoch 10
losses_train/task:	3.202570676803589
losses_train/concepts:	48.86820602416992
losses_train/representations:	34.26837158203125
losses_train/total:	18.369903564453125
losses_test/task:	3.2401010990142822
losses_test/concepts:	47.78355407714844
losses_test/representations:	36.42631149291992
losses_test/total:	18.946346282958984
calibration_test/ece:	0.016854699701070786
calibration_test/brier:	0.8946226239204407
accuracy_test/task:	20.089748015188125
accuracy_test/concepts:	82.05702209472656
map_test/concepts:	0.646804487829407

Epoch 11
losses_train/task:	3.059325933456421
losses_train/concepts:	47.634765625
losses_train/representations:	33.397666931152344
losses_train/total:	17.84210205078125
losses_test/task:	3.1163220405578613
losses_test/concepts:	44.15316390991211
losses_test/representations:	35.4225959777832
losses_test/total:	18.158416748046875
calibration_test/ece:	0.03806615248322487
calibration_test/brier:	0.8797875642776489
accuracy_test/task:	21.418709009319986
accuracy_test/concepts:	83.8720932006836
map_test/concepts:	0.6761245653033257

Epoch 12
losses_train/task:	2.9735069274902344
losses_train/concepts:	46.24776077270508
losses_train/representations:	32.51891326904297
losses_train/total:	17.353954315185547
losses_test/task:	2.8706376552581787
losses_test/concepts:	41.663700103759766
losses_test/representations:	34.77445983886719
losses_test/total:	17.46934700012207
calibration_test/ece:	0.04850827157497406
calibration_test/brier:	0.860439121723175
accuracy_test/task:	24.646185709354505
accuracy_test/concepts:	82.80233001708984
map_test/concepts:	0.699345447247227

Epoch 13
losses_train/task:	2.8438055515289307
losses_train/concepts:	44.791812896728516
losses_train/representations:	31.671173095703125
losses_train/total:	16.824337005615234
losses_test/task:	3.222182512283325
losses_test/concepts:	43.702659606933594
losses_test/representations:	35.602787017822266
losses_test/total:	18.273283004760742
calibration_test/ece:	0.014510390348732471
calibration_test/brier:	0.8833310604095459
accuracy_test/task:	21.591301346220227
accuracy_test/concepts:	82.6418228149414
map_test/concepts:	0.6721788817395766

Epoch 14
losses_train/task:	2.7224698066711426
losses_train/concepts:	43.2932014465332
losses_train/representations:	30.451122283935547
losses_train/total:	16.187129974365234
losses_test/task:	2.755533218383789
losses_test/concepts:	39.90458679199219
losses_test/representations:	31.89888572692871
losses_test/total:	16.31566047668457
calibration_test/ece:	0.04975145310163498
calibration_test/brier:	0.8395383358001709
accuracy_test/task:	28.14981014842941
accuracy_test/concepts:	84.77591705322266
map_test/concepts:	0.7212551275889079

Epoch 15
losses_train/task:	2.6431736946105957
losses_train/concepts:	42.325862884521484
losses_train/representations:	29.317331314086914
losses_train/total:	15.6709566116333
losses_test/task:	2.5941362380981445
losses_test/concepts:	39.21183395385742
losses_test/representations:	30.731674194335938
losses_test/total:	15.734821319580078
calibration_test/ece:	0.022756008431315422
calibration_test/brier:	0.8129016757011414
accuracy_test/task:	30.410769761822575
accuracy_test/concepts:	85.27442932128906
map_test/concepts:	0.7413070517281691

Epoch 16
losses_train/task:	2.569283962249756
losses_train/concepts:	41.02503204345703
losses_train/representations:	28.729875564575195
losses_train/total:	15.290750503540039
losses_test/task:	2.542168617248535
losses_test/concepts:	37.9109992980957
losses_test/representations:	30.161579132080078
losses_test/total:	15.381742477416992
calibration_test/ece:	0.02863002009689808
calibration_test/brier:	0.7823882699012756
accuracy_test/task:	33.206765619606486
accuracy_test/concepts:	85.5704116821289
map_test/concepts:	0.7611444666981697

Epoch 17
losses_train/task:	2.505841016769409
losses_train/concepts:	40.4686393737793
losses_train/representations:	28.339818954467773
losses_train/total:	15.054651260375977
losses_test/task:	2.5732524394989014
losses_test/concepts:	39.1414794921875
losses_test/representations:	29.915239334106445
losses_test/total:	15.461974143981934
calibration_test/ece:	0.03448615223169327
calibration_test/brier:	0.7951250672340393
accuracy_test/task:	32.72350707628581
accuracy_test/concepts:	86.48802947998047
map_test/concepts:	0.7480824023485184

Epoch 18
losses_train/task:	2.462082862854004
losses_train/concepts:	40.16398620605469
losses_train/representations:	27.92076301574707
losses_train/total:	14.854711532592773
losses_test/task:	2.7264506816864014
losses_test/concepts:	38.21512222290039
losses_test/representations:	32.906219482421875
losses_test/total:	16.41982650756836
calibration_test/ece:	0.055539101362228394
calibration_test/brier:	0.8140462636947632
accuracy_test/task:	30.963065239903347
accuracy_test/concepts:	85.81262969970703
map_test/concepts:	0.7406340246399243

Epoch 19
losses_train/task:	2.3632287979125977
losses_train/concepts:	38.61063003540039
losses_train/representations:	26.821300506591797
losses_train/total:	14.270681381225586
losses_test/task:	2.115645408630371
losses_test/concepts:	31.9950008392334
losses_test/representations:	25.45159339904785
losses_test/total:	12.950621604919434
calibration_test/ece:	0.02584059350192547
calibration_test/brier:	0.7125318646430969
accuracy_test/task:	41.57749395926821
accuracy_test/concepts:	87.50603485107422
map_test/concepts:	0.8155390370637179

Epoch 20
losses_train/task:	2.3247673511505127
losses_train/concepts:	37.583343505859375
losses_train/representations:	26.111783981323242
losses_train/total:	13.91663646697998
losses_test/task:	2.743149518966675
losses_test/concepts:	36.775699615478516
losses_test/representations:	30.557466506958008
losses_test/total:	15.58796215057373
calibration_test/ece:	0.07949553430080414
calibration_test/brier:	0.8005020618438721
accuracy_test/task:	32.72350707628581
accuracy_test/concepts:	86.6744384765625
map_test/concepts:	0.7602926249305407

Epoch 21
losses_train/task:	2.249267101287842
losses_train/concepts:	36.767330169677734
losses_train/representations:	25.443187713623047
losses_train/total:	13.55895709991455
losses_test/task:	2.051677703857422
losses_test/concepts:	31.7414608001709
losses_test/representations:	25.18902015686035
losses_test/total:	12.78253173828125
calibration_test/ece:	0.028132759034633636
calibration_test/brier:	0.6916571259498596
accuracy_test/task:	43.76941663790128
accuracy_test/concepts:	89.0458755493164
map_test/concepts:	0.8113169853885969

Epoch 22
losses_train/task:	2.222658157348633
losses_train/concepts:	36.675506591796875
losses_train/representations:	25.136056900024414
losses_train/total:	13.431025505065918
losses_test/task:	2.3994603157043457
losses_test/concepts:	33.867252349853516
losses_test/representations:	28.18411636352539
losses_test/total:	14.241421699523926
calibration_test/ece:	0.05007774382829666
calibration_test/brier:	0.7610180974006653
accuracy_test/task:	36.313427683810836
accuracy_test/concepts:	88.5111083984375
map_test/concepts:	0.7832401646922033

Epoch 23
losses_train/task:	2.171407699584961
losses_train/concepts:	36.05588912963867
losses_train/representations:	24.917308807373047
losses_train/total:	13.252190589904785
losses_test/task:	1.9874114990234375
losses_test/concepts:	30.223630905151367
losses_test/representations:	24.19076919555664
losses_test/total:	12.26700210571289
calibration_test/ece:	0.03479134291410446
calibration_test/brier:	0.6794417500495911
accuracy_test/task:	44.73593372454263
accuracy_test/concepts:	90.33080291748047
map_test/concepts:	0.8316945295780898

Epoch 24
losses_train/task:	2.078787088394165
losses_train/concepts:	34.65641403198242
losses_train/representations:	23.80506706237793
losses_train/total:	12.685949325561523
losses_test/task:	2.319164514541626
losses_test/concepts:	33.60013961791992
losses_test/representations:	26.999271392822266
losses_test/total:	13.778960227966309
calibration_test/ece:	0.027661871165037155
calibration_test/brier:	0.7181990742683411
accuracy_test/task:	40.73179150845702
accuracy_test/concepts:	88.4967269897461
map_test/concepts:	0.7980334972341855

Epoch 25
losses_train/task:	2.0111312866210938
losses_train/concepts:	33.86586380004883
losses_train/representations:	23.16765594482422
losses_train/total:	12.348013877868652
losses_test/task:	2.312030553817749
losses_test/concepts:	33.73672103881836
losses_test/representations:	27.45196533203125
losses_test/total:	13.921292304992676
calibration_test/ece:	0.031313102692365646
calibration_test/brier:	0.7104188799858093
accuracy_test/task:	41.92267863306869
accuracy_test/concepts:	88.47863006591797
map_test/concepts:	0.7851659672955672

Epoch 26
losses_train/task:	2.014213800430298
losses_train/concepts:	34.15515899658203
losses_train/representations:	23.205808639526367
losses_train/total:	12.391474723815918
losses_test/task:	2.035069704055786
losses_test/concepts:	31.154905319213867
losses_test/representations:	25.063997268676758
losses_test/total:	12.669764518737793
calibration_test/ece:	0.04022790119051933
calibration_test/brier:	0.6636955738067627
accuracy_test/task:	46.51363479461512
accuracy_test/concepts:	89.7667236328125
map_test/concepts:	0.8204567508151134

Epoch 27
losses_train/task:	1.9742085933685303
losses_train/concepts:	33.317501068115234
losses_train/representations:	22.647855758666992
losses_train/total:	12.10031509399414
losses_test/task:	2.0382771492004395
losses_test/concepts:	30.571727752685547
losses_test/representations:	24.489234924316406
losses_test/total:	12.442219734191895
calibration_test/ece:	0.033268462866544724
calibration_test/brier:	0.6562461256980896
accuracy_test/task:	46.65170866413531
accuracy_test/concepts:	89.21700286865234
map_test/concepts:	0.8253238235910734

Epoch 28
losses_train/task:	1.9561735391616821
losses_train/concepts:	32.5749397277832
losses_train/representations:	22.066465377807617
losses_train/total:	11.833605766296387
losses_test/task:	2.1876420974731445
losses_test/concepts:	30.543970108032227
losses_test/representations:	26.64324378967285
losses_test/total:	13.235013008117676
calibration_test/ece:	0.09793530404567719
calibration_test/brier:	0.6973208785057068
accuracy_test/task:	43.890231273731445
accuracy_test/concepts:	90.33194732666016
map_test/concepts:	0.8181920655071735

Epoch 29
losses_train/task:	1.8125756978988647
losses_train/concepts:	30.999967575073242
losses_train/representations:	21.019855499267578
losses_train/total:	11.21852970123291
losses_test/task:	1.9256280660629272
losses_test/concepts:	28.922504425048828
losses_test/representations:	23.01712417602539
losses_test/total:	11.723014831542969
calibration_test/ece:	0.04845454916357994
calibration_test/brier:	0.6291053891181946
accuracy_test/task:	49.75837072833966
accuracy_test/concepts:	90.58795928955078
map_test/concepts:	0.834124635035793

Epoch 30
losses_train/task:	1.8488432168960571
losses_train/concepts:	31.220823287963867
losses_train/representations:	21.273508071899414
losses_train/total:	11.352978706359863
losses_test/task:	2.037907361984253
losses_test/concepts:	30.243839263916016
losses_test/representations:	24.688018798828125
losses_test/total:	12.468697547912598
calibration_test/ece:	0.0398668572306633
calibration_test/brier:	0.6481770873069763
accuracy_test/task:	48.56748360372799
accuracy_test/concepts:	90.98175811767578
map_test/concepts:	0.8255502179265022

Epoch 31
losses_train/task:	1.8795626163482666
losses_train/concepts:	32.144500732421875
losses_train/representations:	21.82261085510254
losses_train/total:	11.640795707702637
losses_test/task:	1.9054052829742432
losses_test/concepts:	29.083290100097656
losses_test/representations:	22.85992431640625
losses_test/total:	11.671711921691895
calibration_test/ece:	0.031341321766376495
calibration_test/brier:	0.6250879764556885
accuracy_test/task:	50.673110113910944
accuracy_test/concepts:	90.42659759521484
map_test/concepts:	0.8325595782448848

Epoch 32
losses_train/task:	1.8410595655441284
losses_train/concepts:	30.883852005004883
losses_train/representations:	20.961809158325195
losses_train/total:	11.217987060546875
losses_test/task:	2.862910509109497
losses_test/concepts:	40.45036697387695
losses_test/representations:	33.0388069152832
losses_test/total:	16.81958770751953
calibration_test/ece:	0.06642617285251617
calibration_test/brier:	0.7561854124069214
accuracy_test/task:	37.48705557473248
accuracy_test/concepts:	87.20198822021484
map_test/concepts:	0.7221427626907826

Epoch 33
losses_train/task:	1.7936455011367798
losses_train/concepts:	30.434062957763672
losses_train/representations:	20.659093856811523
losses_train/total:	11.034780502319336
losses_test/task:	2.2233779430389404
losses_test/concepts:	30.52655029296875
losses_test/representations:	24.961206436157227
losses_test/total:	12.764392852783203
calibration_test/ece:	0.056478917598724365
calibration_test/brier:	0.6757477521896362
accuracy_test/task:	46.46185709354505
accuracy_test/concepts:	90.82530212402344
map_test/concepts:	0.8306269640723865

Epoch 34
losses_train/task:	1.7587698698043823
losses_train/concepts:	30.26494026184082
losses_train/representations:	20.215496063232422
losses_train/total:	10.849913597106934
losses_test/task:	1.961516261100769
losses_test/concepts:	28.5157470703125
losses_test/representations:	22.721744537353516
losses_test/total:	11.62961483001709
calibration_test/ece:	0.06904533505439758
calibration_test/brier:	0.6388490796089172
accuracy_test/task:	49.08526061442872
accuracy_test/concepts:	90.5286865234375
map_test/concepts:	0.8356243456403415

Epoch 35
losses_train/task:	1.6946959495544434
losses_train/concepts:	28.89488410949707
losses_train/representations:	19.596588134765625
losses_train/total:	10.463159561157227
losses_test/task:	1.9319889545440674
losses_test/concepts:	29.848060607910156
losses_test/representations:	22.62451171875
losses_test/total:	11.704148292541504
calibration_test/ece:	0.055587828159332275
calibration_test/brier:	0.6220467686653137
accuracy_test/task:	49.87918536416983
accuracy_test/concepts:	91.28695678710938
map_test/concepts:	0.8266719353695711

Epoch 36
losses_train/task:	1.670244574546814
losses_train/concepts:	28.671815872192383
losses_train/representations:	19.081146240234375
losses_train/total:	10.26176929473877
losses_test/task:	1.6356217861175537
losses_test/concepts:	24.660778045654297
losses_test/representations:	19.8912410736084
losses_test/total:	10.069070816040039
calibration_test/ece:	0.04624325409531593
calibration_test/brier:	0.5604589581489563
accuracy_test/task:	55.609250949257856
accuracy_test/concepts:	92.24742889404297
map_test/concepts:	0.8662241929521163

Epoch 37
losses_train/task:	1.6421360969543457
losses_train/concepts:	29.0761661529541
losses_train/representations:	19.133073806762695
losses_train/total:	10.289674758911133
losses_test/task:	1.9006376266479492
losses_test/concepts:	27.10578727722168
losses_test/representations:	22.353466033935547
losses_test/total:	11.317255973815918
calibration_test/ece:	0.0674353614449501
calibration_test/brier:	0.6068431735038757
accuracy_test/task:	52.26095961339317
accuracy_test/concepts:	91.28466796875
map_test/concepts:	0.8427544293304284

Epoch 38
losses_train/task:	1.5665918588638306
losses_train/concepts:	27.21933364868164
losses_train/representations:	18.035200119018555
losses_train/total:	9.699085235595703
losses_test/task:	2.0820460319519043
losses_test/concepts:	27.876861572265625
losses_test/representations:	24.16815757751465
losses_test/total:	12.120180130004883
calibration_test/ece:	0.11024653911590576
calibration_test/brier:	0.6443935632705688
accuracy_test/task:	49.86192613047981
accuracy_test/concepts:	90.58708953857422
map_test/concepts:	0.8250325925648212

Epoch 39
losses_train/task:	1.599678874015808
losses_train/concepts:	27.344099044799805
losses_train/representations:	18.178455352783203
losses_train/total:	9.787627220153809
losses_test/task:	1.8130067586898804
losses_test/concepts:	25.74929428100586
losses_test/representations:	20.70332908630371
losses_test/total:	10.598934173583984
calibration_test/ece:	0.07664243131875992
calibration_test/brier:	0.594874382019043
accuracy_test/task:	53.76251294442527
accuracy_test/concepts:	92.45974731445312
map_test/concepts:	0.8516664810478687

Epoch 40
losses_train/task:	1.5207549333572388
losses_train/concepts:	26.589597702026367
losses_train/representations:	17.353403091430664
losses_train/total:	9.385734558105469
losses_test/task:	1.5996553897857666
losses_test/concepts:	24.221025466918945
losses_test/representations:	18.735698699951172
losses_test/total:	9.642467498779297
calibration_test/ece:	0.05608280375599861
calibration_test/brier:	0.5340536832809448
accuracy_test/task:	59.14739385571281
accuracy_test/concepts:	93.02812194824219
map_test/concepts:	0.8742338940501213

Epoch 41
losses_train/task:	1.6000852584838867
losses_train/concepts:	28.060142517089844
losses_train/representations:	18.208145141601562
losses_train/total:	9.868544578552246
losses_test/task:	1.6061832904815674
losses_test/concepts:	23.49776268005371
losses_test/representations:	18.953617095947266
losses_test/total:	9.642047882080078
calibration_test/ece:	0.07065912336111069
calibration_test/brier:	0.5434675812721252
accuracy_test/task:	57.45598895409044
accuracy_test/concepts:	92.90558624267578
map_test/concepts:	0.8778080705553293

Epoch 42
losses_train/task:	1.504133701324463
losses_train/concepts:	26.315067291259766
losses_train/representations:	17.236112594604492
losses_train/total:	9.306474685668945
losses_test/task:	1.7371906042099
losses_test/concepts:	26.52572250366211
losses_test/representations:	20.676475524902344
losses_test/total:	10.592704772949219
calibration_test/ece:	0.060279712080955505
calibration_test/brier:	0.5670141577720642
accuracy_test/task:	55.79910251984812
accuracy_test/concepts:	92.08979797363281
map_test/concepts:	0.8472082637250423

Epoch 43
losses_train/task:	1.4935050010681152
losses_train/concepts:	26.37605094909668
losses_train/representations:	17.227046966552734
losses_train/total:	9.299224853515625
losses_test/task:	1.5273123979568481
losses_test/concepts:	23.27000617980957
losses_test/representations:	18.173927307128906
losses_test/total:	9.30649185180664
calibration_test/ece:	0.05087679624557495
calibration_test/brier:	0.5135497450828552
accuracy_test/task:	59.803244735933724
accuracy_test/concepts:	93.12564849853516
map_test/concepts:	0.8787357345223427

Epoch 44
losses_train/task:	1.4672337770462036
losses_train/concepts:	25.821577072143555
losses_train/representations:	16.533344268798828
losses_train/total:	9.009394645690918
losses_test/task:	1.6107020378112793
losses_test/concepts:	24.281831741333008
losses_test/representations:	18.803226470947266
losses_test/total:	9.679851531982422
calibration_test/ece:	0.037710174918174744
calibration_test/brier:	0.5359005331993103
accuracy_test/task:	58.47428374180186
accuracy_test/concepts:	92.703369140625
map_test/concepts:	0.8709611112872759

Epoch 45
losses_train/task:	1.5147967338562012
losses_train/concepts:	26.337156295776367
losses_train/representations:	17.126184463500977
losses_train/total:	9.286369323730469
losses_test/task:	1.6514030694961548
losses_test/concepts:	24.91793441772461
losses_test/representations:	19.179035186767578
losses_test/total:	9.896906852722168
calibration_test/ece:	0.06465816497802734
calibration_test/brier:	0.5351919531822205
accuracy_test/task:	58.19813600276148
accuracy_test/concepts:	93.13485717773438
map_test/concepts:	0.8711997176210086

Epoch 46
losses_train/task:	1.4553457498550415
losses_train/concepts:	26.17595100402832
losses_train/representations:	16.927831649780273
losses_train/total:	9.151290893554688
losses_test/task:	1.8310579061508179
losses_test/concepts:	27.4309139251709
losses_test/representations:	20.882389068603516
losses_test/total:	10.838868141174316
calibration_test/ece:	0.08255885541439056
calibration_test/brier:	0.5741180181503296
accuracy_test/task:	56.09250949257853
accuracy_test/concepts:	92.54371643066406
map_test/concepts:	0.8537798181176186

Epoch 47
losses_train/task:	1.4428175687789917
losses_train/concepts:	25.572248458862305
losses_train/representations:	16.66413688659668
losses_train/total:	8.999283790588379
losses_test/task:	1.725099802017212
losses_test/concepts:	25.314884185791016
losses_test/representations:	19.97857093811035
losses_test/total:	10.250158309936523
calibration_test/ece:	0.07341044396162033
calibration_test/brier:	0.5516222715377808
accuracy_test/task:	58.094580600621335
accuracy_test/concepts:	92.6492919921875
map_test/concepts:	0.868709746003151

Epoch 48
losses_train/task:	1.4007182121276855
losses_train/concepts:	24.597301483154297
losses_train/representations:	15.753759384155273
losses_train/total:	8.586576461791992
losses_test/task:	1.552323579788208
losses_test/concepts:	23.20162582397461
losses_test/representations:	17.717769622802734
losses_test/total:	9.187817573547363
calibration_test/ece:	0.06479930877685547
calibration_test/brier:	0.5058832168579102
accuracy_test/task:	61.132205730065586
accuracy_test/concepts:	93.81025695800781
map_test/concepts:	0.89023031493028

Epoch 49
losses_train/task:	1.4014464616775513
losses_train/concepts:	24.810121536254883
losses_train/representations:	16.01674461364746
losses_train/total:	8.687481880187988
losses_test/task:	1.66350519657135
losses_test/concepts:	25.68731117248535
losses_test/representations:	19.12622833251953
losses_test/total:	9.970107078552246
calibration_test/ece:	0.08992411941289902
calibration_test/brier:	0.5440244674682617
accuracy_test/task:	58.42250604073179
accuracy_test/concepts:	93.3241195678711
map_test/concepts:	0.8754361738761266

Epoch 50
losses_train/task:	1.3952574729919434
losses_train/concepts:	25.007247924804688
losses_train/representations:	15.855873107910156
losses_train/total:	8.652745246887207
losses_test/task:	1.8430434465408325
losses_test/concepts:	27.29366683959961
losses_test/representations:	20.90036392211914
losses_test/total:	10.842519760131836
calibration_test/ece:	0.10581053048372269
calibration_test/brier:	0.5595299601554871
accuracy_test/task:	57.956506731101136
accuracy_test/concepts:	93.33362579345703
map_test/concepts:	0.8667376875877381

Epoch 51
losses_train/task:	1.3060723543167114
losses_train/concepts:	23.044525146484375
losses_train/representations:	14.662642478942871
losses_train/total:	8.009318351745605
losses_test/task:	1.5339956283569336
losses_test/concepts:	23.988872528076172
losses_test/representations:	17.210857391357422
losses_test/total:	9.096142768859863
calibration_test/ece:	0.0697152316570282
calibration_test/brier:	0.506833016872406
accuracy_test/task:	60.87331722471522
accuracy_test/concepts:	94.08439636230469
map_test/concepts:	0.8875570336977641

Epoch 52
losses_train/task:	1.326492190361023
losses_train/concepts:	23.926897048950195
losses_train/representations:	15.033421516418457
losses_train/total:	8.229207992553711
losses_test/task:	1.8103060722351074
losses_test/concepts:	27.131977081298828
losses_test/representations:	20.810203552246094
losses_test/total:	10.766566276550293
calibration_test/ece:	0.1108168438076973
calibration_test/brier:	0.5663062334060669
accuracy_test/task:	58.111839834311354
accuracy_test/concepts:	93.05430603027344
map_test/concepts:	0.8724578301111857

Epoch 53
losses_train/task:	1.3508094549179077
losses_train/concepts:	24.008995056152344
losses_train/representations:	15.438910484313965
losses_train/total:	8.383382797241211
losses_test/task:	1.6548367738723755
losses_test/concepts:	24.739091873168945
losses_test/representations:	18.76407241821289
losses_test/total:	9.75796890258789
calibration_test/ece:	0.10542493313550949
calibration_test/brier:	0.5377988219261169
accuracy_test/task:	58.97480151881256
accuracy_test/concepts:	93.4135971069336
map_test/concepts:	0.8820819765329361

Epoch 54
losses_train/task:	1.2529046535491943
losses_train/concepts:	22.589590072631836
losses_train/representations:	14.365703582763672
losses_train/total:	7.82157564163208
losses_test/task:	1.4812527894973755
losses_test/concepts:	22.658010482788086
losses_test/representations:	16.925439834594727
losses_test/total:	8.824685096740723
calibration_test/ece:	0.06232881173491478
calibration_test/brier:	0.49340981245040894
accuracy_test/task:	62.75457369692786
accuracy_test/concepts:	94.05879211425781
map_test/concepts:	0.8996313353379567

Epoch 55
losses_train/task:	1.2557165622711182
losses_train/concepts:	22.663169860839844
losses_train/representations:	14.666478157043457
losses_train/total:	7.921977519989014
losses_test/task:	1.7347193956375122
losses_test/concepts:	27.548017501831055
losses_test/representations:	19.011621475219727
losses_test/total:	10.193008422851562
calibration_test/ece:	0.09849479049444199
calibration_test/brier:	0.5411627888679504
accuracy_test/task:	58.733172247152226
accuracy_test/concepts:	93.76453399658203
map_test/concepts:	0.8748935520648956

Epoch 56
losses_train/task:	1.3174093961715698
losses_train/concepts:	23.733671188354492
losses_train/representations:	15.058735847473145
losses_train/total:	8.208396911621094
losses_test/task:	1.7665696144104004
losses_test/concepts:	26.858198165893555
losses_test/representations:	19.612211227416992
losses_test/total:	10.336052894592285
calibration_test/ece:	0.09030738472938538
calibration_test/brier:	0.5549020767211914
accuracy_test/task:	57.680358992060754
accuracy_test/concepts:	93.25711059570312
map_test/concepts:	0.8724631319443384

Epoch 57
losses_train/task:	1.293082594871521
losses_train/concepts:	23.158798217773438
losses_train/representations:	14.752979278564453
losses_train/total:	8.034855842590332
losses_test/task:	1.5965096950531006
losses_test/concepts:	24.396909713745117
losses_test/representations:	17.63947868347168
losses_test/total:	9.328044891357422
calibration_test/ece:	0.08517380803823471
calibration_test/brier:	0.5122545957565308
accuracy_test/task:	61.04590956161547
accuracy_test/concepts:	94.06857299804688
map_test/concepts:	0.8927557438611984

Epoch 58
losses_train/task:	1.2040915489196777
losses_train/concepts:	21.9271240234375
losses_train/representations:	13.942259788513184
losses_train/total:	7.57948112487793
losses_test/task:	1.6643471717834473
losses_test/concepts:	25.909496307373047
losses_test/representations:	18.32320213317871
losses_test/total:	9.752257347106934
calibration_test/ece:	0.09608380496501923
calibration_test/brier:	0.5277892351150513
accuracy_test/task:	59.3545046599931
accuracy_test/concepts:	93.85142517089844
map_test/concepts:	0.8850362777709961

Epoch 59
losses_train/task:	1.250933051109314
losses_train/concepts:	22.799135208129883
losses_train/representations:	14.406946182250977
losses_train/total:	7.852931976318359
losses_test/task:	1.7501558065414429
losses_test/concepts:	26.52545738220215
losses_test/representations:	19.0331974029541
losses_test/total:	10.11266040802002
calibration_test/ece:	0.09743848443031311
calibration_test/brier:	0.5418247580528259
accuracy_test/task:	59.61339316534346
accuracy_test/concepts:	93.48521423339844
map_test/concepts:	0.8772809028625488

Epoch 60
losses_train/task:	1.2469406127929688
losses_train/concepts:	22.35287857055664
losses_train/representations:	13.986565589904785
losses_train/total:	7.678199768066406
losses_test/task:	1.6589189767837524
losses_test/concepts:	24.979877471923828
losses_test/representations:	18.20933723449707
losses_test/total:	9.619709014892578
calibration_test/ece:	0.08462270349264145
calibration_test/brier:	0.5135390758514404
accuracy_test/task:	62.06420434932689
accuracy_test/concepts:	93.78235626220703
map_test/concepts:	0.8848412166039149

Epoch 61
losses_train/task:	1.1770896911621094
losses_train/concepts:	21.748451232910156
losses_train/representations:	13.301573753356934
losses_train/total:	7.342408180236816
losses_test/task:	1.6369200944900513
losses_test/concepts:	23.576461791992188
losses_test/representations:	17.840505599975586
losses_test/total:	9.34671688079834
calibration_test/ece:	0.10897314548492432
calibration_test/brier:	0.5262221693992615
accuracy_test/task:	61.11494649637556
accuracy_test/concepts:	93.90690612792969
map_test/concepts:	0.8871552844842275

Epoch 62
losses_train/task:	1.1868408918380737
losses_train/concepts:	21.79837417602539
losses_train/representations:	13.568370819091797
losses_train/total:	7.437191009521484
losses_test/task:	1.6096324920654297
losses_test/concepts:	24.39105224609375
losses_test/representations:	17.869291305541992
losses_test/total:	9.409525871276855
calibration_test/ece:	0.09078501164913177
calibration_test/brier:	0.5154621601104736
accuracy_test/task:	61.2875388332758
accuracy_test/concepts:	93.81285095214844
map_test/concepts:	0.8865535457928976

Epoch 63
losses_train/task:	1.1590250730514526
losses_train/concepts:	21.260805130004883
losses_train/representations:	13.170978546142578
losses_train/total:	7.236398220062256
losses_test/task:	1.5199538469314575
losses_test/concepts:	22.20093536376953
losses_test/representations:	16.660017013549805
losses_test/total:	8.738051414489746
calibration_test/ece:	0.08306810259819031
calibration_test/brier:	0.48268455266952515
accuracy_test/task:	63.79012771832931
accuracy_test/concepts:	94.1511459350586
map_test/concepts:	0.8923417131106058

Epoch 64
losses_train/task:	1.1693035364151
losses_train/concepts:	21.428272247314453
losses_train/representations:	13.135372161865234
losses_train/total:	7.252742767333984
losses_test/task:	1.743005394935608
losses_test/concepts:	26.454132080078125
losses_test/representations:	18.80571174621582
losses_test/total:	10.030134201049805
calibration_test/ece:	0.09834432601928711
calibration_test/brier:	0.5380342602729797
accuracy_test/task:	60.079392474974114
accuracy_test/concepts:	93.64398956298828
map_test/concepts:	0.8742822537819545

Epoch 65
losses_train/task:	1.1567373275756836
losses_train/concepts:	21.216428756713867
losses_train/representations:	13.098503112792969
losses_train/total:	7.2079315185546875
losses_test/task:	1.7748996019363403
losses_test/concepts:	26.093904495239258
losses_test/representations:	19.0599365234375
losses_test/total:	10.10227108001709
calibration_test/ece:	0.1216139942407608
calibration_test/brier:	0.5474925637245178
accuracy_test/task:	59.76872626855368
accuracy_test/concepts:	93.44581604003906
map_test/concepts:	0.8808525989452998

Epoch 66
losses_train/task:	1.1274210214614868
losses_train/concepts:	20.750818252563477
losses_train/representations:	12.746768951416016
losses_train/total:	7.026534080505371
losses_test/task:	1.5277408361434937
losses_test/concepts:	22.302080154418945
losses_test/representations:	16.5723934173584
losses_test/total:	8.729668617248535
calibration_test/ece:	0.10080492496490479
calibration_test/brier:	0.48860451579093933
accuracy_test/task:	63.70383154987918
accuracy_test/concepts:	94.43563079833984
map_test/concepts:	0.900122023622195

Epoch 67
losses_train/task:	1.1421058177947998
losses_train/concepts:	20.81460952758789
losses_train/representations:	12.861329078674316
losses_train/total:	7.081964015960693
losses_test/task:	1.4835442304611206
losses_test/concepts:	21.8392333984375
losses_test/representations:	16.141172409057617
losses_test/total:	8.509819984436035
calibration_test/ece:	0.09497953206300735
calibration_test/brier:	0.4800190329551697
accuracy_test/task:	64.46323783224025
accuracy_test/concepts:	94.38643646240234
map_test/concepts:	0.9024562448263168

Epoch 68
losses_train/task:	1.1419554948806763
losses_train/concepts:	21.25128746032715
losses_train/representations:	13.142980575561523
losses_train/total:	7.209979057312012
losses_test/task:	1.6192781925201416
losses_test/concepts:	24.166118621826172
losses_test/representations:	17.671567916870117
losses_test/total:	9.337358474731445
calibration_test/ece:	0.10561708360910416
calibration_test/brier:	0.5103669762611389
accuracy_test/task:	62.39212978943735
accuracy_test/concepts:	94.02198028564453
map_test/concepts:	0.8921751012404759

Epoch 69
losses_train/task:	1.1056203842163086
losses_train/concepts:	20.206798553466797
losses_train/representations:	12.475481033325195
losses_train/total:	6.8689446449279785
losses_test/task:	1.5179386138916016
losses_test/concepts:	23.49640655517578
losses_test/representations:	16.144498825073242
losses_test/total:	8.710927963256836
calibration_test/ece:	0.10900061577558517
calibration_test/brier:	0.48625022172927856
accuracy_test/task:	64.41146013117017
accuracy_test/concepts:	94.79316711425781
map_test/concepts:	0.905005328853925

Epoch 70
losses_train/task:	1.1263418197631836
losses_train/concepts:	20.41960906982422
losses_train/representations:	12.456413269042969
losses_train/total:	6.905227184295654
losses_test/task:	1.5056089162826538
losses_test/concepts:	21.95961570739746
losses_test/representations:	16.070823669433594
losses_test/total:	8.522817611694336
calibration_test/ece:	0.08382765203714371
calibration_test/brier:	0.47719910740852356
accuracy_test/task:	64.87745944080083
accuracy_test/concepts:	94.59497833251953
map_test/concepts:	0.9076089551051457

Epoch 71
losses_train/task:	1.04025399684906
losses_train/concepts:	19.847612380981445
losses_train/representations:	12.00582218170166
losses_train/total:	6.6267619132995605
losses_test/task:	1.4733043909072876
losses_test/concepts:	21.988489151000977
losses_test/representations:	15.797417640686035
losses_test/total:	8.411378860473633
calibration_test/ece:	0.0968339592218399
calibration_test/brier:	0.4715859889984131
accuracy_test/task:	65.4297549188816
accuracy_test/concepts:	94.7247085571289
map_test/concepts:	0.912308927377065

Epoch 72
losses_train/task:	1.064291000366211
losses_train/concepts:	20.19174575805664
losses_train/representations:	12.476924896240234
losses_train/total:	6.826542854309082
losses_test/task:	1.5458623170852661
losses_test/concepts:	23.177650451660156
losses_test/representations:	16.524744033813477
losses_test/total:	8.821050643920898
calibration_test/ece:	0.09914007782936096
calibration_test/brier:	0.4953836500644684
accuracy_test/task:	63.58301691404902
accuracy_test/concepts:	94.3602523803711
map_test/concepts:	0.8985874911149343

Epoch 73
losses_train/task:	1.0666894912719727
losses_train/concepts:	20.35984992980957
losses_train/representations:	12.21789836883545
losses_train/total:	6.768044471740723
losses_test/task:	1.6335597038269043
losses_test/concepts:	24.834470748901367
losses_test/representations:	17.67183494567871
losses_test/total:	9.418559074401855
calibration_test/ece:	0.10574596375226974
calibration_test/brier:	0.503267765045166
accuracy_test/task:	63.44494304452882
accuracy_test/concepts:	93.95927429199219
map_test/concepts:	0.8888437271118164

Epoch 74
losses_train/task:	1.0472508668899536
losses_train/concepts:	19.843650817871094
losses_train/representations:	11.999536514282227
losses_train/total:	6.631476879119873
losses_test/task:	1.598814845085144
losses_test/concepts:	22.162513732910156
losses_test/representations:	16.565149307250977
losses_test/total:	8.784612655639648
calibration_test/ece:	0.1178634762763977
calibration_test/brier:	0.4965595304965973
accuracy_test/task:	64.4287193648602
accuracy_test/concepts:	94.50782775878906
map_test/concepts:	0.9025908132394155

Epoch 75
losses_train/task:	1.0719549655914307
losses_train/concepts:	20.1439151763916
losses_train/representations:	12.18392562866211
losses_train/total:	6.7415242195129395
losses_test/task:	1.4402422904968262
losses_test/concepts:	21.27903938293457
losses_test/representations:	15.794974327087402
losses_test/total:	8.306638717651367
calibration_test/ece:	0.08279696851968765
calibration_test/brier:	0.4679897129535675
accuracy_test/task:	65.8612357611322
accuracy_test/concepts:	94.59125518798828
map_test/concepts:	0.9121286938587825

Epoch 76
losses_train/task:	1.042220115661621
losses_train/concepts:	19.334163665771484
losses_train/representations:	11.847797393798828
losses_train/total:	6.529976844787598
losses_test/task:	1.5341728925704956
losses_test/concepts:	23.179035186767578
losses_test/representations:	16.052471160888672
losses_test/total:	8.667818069458008
calibration_test/ece:	0.09524092078208923
calibration_test/brier:	0.48474276065826416
accuracy_test/task:	64.67034863652054
accuracy_test/concepts:	94.70259094238281
map_test/concepts:	0.898354618748029

Epoch 77
losses_train/task:	1.0893622636795044
losses_train/concepts:	20.183340072631836
losses_train/representations:	12.309733390808105
losses_train/total:	6.800616264343262
losses_test/task:	1.6457382440567017
losses_test/concepts:	25.028446197509766
losses_test/representations:	17.55782127380371
losses_test/total:	9.415928840637207
calibration_test/ece:	0.11853404343128204
calibration_test/brier:	0.5192539095878601
accuracy_test/task:	62.046945115636866
accuracy_test/concepts:	94.28173065185547
map_test/concepts:	0.8937696427106857

Epoch 78
losses_train/task:	1.0580432415008545
losses_train/concepts:	19.83600425720215
losses_train/representations:	12.172466278076172
losses_train/total:	6.693384170532227
losses_test/task:	1.727658987045288
losses_test/concepts:	25.885684967041016
losses_test/representations:	17.855615615844727
losses_test/total:	9.67291259765625
calibration_test/ece:	0.1294601857662201
calibration_test/brier:	0.5252766609191895
accuracy_test/task:	61.339316534345876
accuracy_test/concepts:	94.07432556152344
map_test/concepts:	0.8845884958902995

Epoch 79
losses_train/task:	1.0395559072494507
losses_train/concepts:	19.400888442993164
losses_train/representations:	11.798845291137695
losses_train/total:	6.519299030303955
losses_test/task:	1.4944593906402588
losses_test/concepts:	22.200119018554688
losses_test/representations:	15.59599781036377
losses_test/total:	8.393270492553711
calibration_test/ece:	0.11380979418754578
calibration_test/brier:	0.4705754518508911
accuracy_test/task:	66.08560579910252
accuracy_test/concepts:	94.72327423095703
map_test/concepts:	0.9062106122573217

Epoch 80
losses_train/task:	1.011661410331726
losses_train/concepts:	18.97674560546875
losses_train/representations:	11.433642387390137
losses_train/total:	6.339428424835205
losses_test/task:	1.4623428583145142
losses_test/concepts:	21.576805114746094
losses_test/representations:	15.428292274475098
losses_test/total:	8.248510360717773
calibration_test/ece:	0.104252889752388
calibration_test/brier:	0.4616714417934418
accuracy_test/task:	66.65516051087332
accuracy_test/concepts:	94.80352020263672
map_test/concepts:	0.9080239842335384

Epoch 81
losses_train/task:	0.9939783811569214
losses_train/concepts:	18.804244995117188
losses_train/representations:	11.31592082977295
losses_train/total:	6.269179821014404
losses_test/task:	1.407034158706665
losses_test/concepts:	19.396488189697266
losses_test/representations:	14.951496124267578
losses_test/total:	7.832133769989014
calibration_test/ece:	0.10969743132591248
calibration_test/brier:	0.45340558886528015
accuracy_test/task:	67.34552985847428
accuracy_test/concepts:	94.86051177978516
map_test/concepts:	0.9155723293622334

Epoch 82
losses_train/task:	1.0270828008651733
losses_train/concepts:	19.95345115661621
losses_train/representations:	11.98694896697998
losses_train/total:	6.618512153625488
losses_test/task:	1.5617725849151611
losses_test/concepts:	22.756080627441406
losses_test/representations:	16.345821380615234
losses_test/total:	8.741127967834473
calibration_test/ece:	0.1364825963973999
calibration_test/brier:	0.4913610816001892
accuracy_test/task:	64.94649637556093
accuracy_test/concepts:	94.71177673339844
map_test/concepts:	0.9021440873543422

Epoch 83
losses_train/task:	1.010520339012146
losses_train/concepts:	19.17784881591797
losses_train/representations:	11.678707122802734
losses_train/total:	6.431918621063232
losses_test/task:	1.5927903652191162
losses_test/concepts:	24.408235549926758
losses_test/representations:	17.26230239868164
losses_test/total:	9.21230411529541
calibration_test/ece:	0.11711179465055466
calibration_test/brier:	0.48810309171676636
accuracy_test/task:	64.4287193648602
accuracy_test/concepts:	94.26561737060547
map_test/concepts:	0.8976918518543243

Epoch 84
losses_train/task:	0.9855354428291321
losses_train/concepts:	19.083784103393555
losses_train/representations:	11.48410415649414
losses_train/total:	6.339146137237549
losses_test/task:	1.5582493543624878
losses_test/concepts:	23.445146560668945
losses_test/representations:	16.562490463256836
losses_test/total:	8.871509552001953
calibration_test/ece:	0.1259605586528778
calibration_test/brier:	0.4897763431072235
accuracy_test/task:	64.99827407663099
accuracy_test/concepts:	94.56851959228516
map_test/concepts:	0.8997619986534119

Epoch 85
losses_train/task:	0.9992892742156982
losses_train/concepts:	19.310659408569336
losses_train/representations:	11.529568672180176
losses_train/total:	6.38922643661499
losses_test/task:	1.4331159591674805
losses_test/concepts:	21.457561492919922
losses_test/representations:	15.151312828063965
losses_test/total:	8.124266624450684
calibration_test/ece:	0.0934990718960762
calibration_test/brier:	0.452616423368454
accuracy_test/task:	67.3627890921643
accuracy_test/concepts:	94.9041976928711
map_test/concepts:	0.9111160486936569

Epoch 86
losses_train/task:	0.970145046710968
losses_train/concepts:	18.585063934326172
losses_train/representations:	11.066001892089844
losses_train/total:	6.148451805114746
losses_test/task:	1.608651041984558
losses_test/concepts:	24.40576171875
losses_test/representations:	16.43828582763672
losses_test/total:	8.980714797973633
calibration_test/ece:	0.12294355034828186
calibration_test/brier:	0.49813058972358704
accuracy_test/task:	63.9972385226096
accuracy_test/concepts:	94.58981323242188
map_test/concepts:	0.8954483737548192

Epoch 87
losses_train/task:	0.9141086935997009
losses_train/concepts:	17.77243423461914
losses_train/representations:	10.729121208190918
losses_train/total:	5.910089015960693
losses_test/task:	1.7154698371887207
losses_test/concepts:	25.6894474029541
losses_test/representations:	17.207324981689453
losses_test/total:	9.446611404418945
calibration_test/ece:	0.12630850076675415
calibration_test/brier:	0.5181382298469543
accuracy_test/task:	62.73731446323783
accuracy_test/concepts:	94.32315063476562
map_test/concepts:	0.890122843782107

Epoch 88
losses_train/task:	0.9684497117996216
losses_train/concepts:	18.718482971191406
losses_train/representations:	11.1012601852417
losses_train/total:	6.170676231384277
losses_test/task:	1.5153160095214844
losses_test/concepts:	23.562442779541016
losses_test/representations:	15.808345794677734
losses_test/total:	8.614063262939453
calibration_test/ece:	0.10771775245666504
calibration_test/brier:	0.47505033016204834
accuracy_test/task:	66.32723507076285
accuracy_test/concepts:	94.78742980957031
map_test/concepts:	0.9049457321564357

Epoch 89
losses_train/task:	0.953881561756134
losses_train/concepts:	18.213359832763672
losses_train/representations:	11.057374000549316
losses_train/total:	6.0924296379089355
losses_test/task:	1.4546411037445068
losses_test/concepts:	21.204065322875977
losses_test/representations:	15.115782737731934
losses_test/total:	8.109783172607422
calibration_test/ece:	0.1113007515668869
calibration_test/brier:	0.4619563817977905
accuracy_test/task:	67.29375215740421
accuracy_test/concepts:	94.94075775146484
map_test/concepts:	0.9102582762638728

Epoch 90
losses_train/task:	0.9329518675804138
losses_train/concepts:	18.07154083251953
losses_train/representations:	11.009221076965332
losses_train/total:	6.042872905731201
losses_test/task:	1.5230381488800049
losses_test/concepts:	22.345916748046875
losses_test/representations:	15.93323040008545
losses_test/total:	8.537599563598633
calibration_test/ece:	0.11885812878608704
calibration_test/brier:	0.4735305905342102
accuracy_test/task:	65.89575422851226
accuracy_test/concepts:	94.93672943115234
map_test/concepts:	0.9077943861484528

Epoch 91
losses_train/task:	0.9948439002037048
losses_train/concepts:	18.770889282226562
losses_train/representations:	11.277889251708984
losses_train/total:	6.255300045013428
losses_test/task:	1.5690760612487793
losses_test/concepts:	24.229232788085938
losses_test/representations:	16.416717529296875
losses_test/total:	8.917015075683594
calibration_test/ece:	0.12290772050619125
calibration_test/brier:	0.49146416783332825
accuracy_test/task:	64.7911632723507
accuracy_test/concepts:	94.73362731933594
map_test/concepts:	0.9005549271901448

Epoch 92
losses_train/task:	0.9367204904556274
losses_train/concepts:	17.98189353942871
losses_train/representations:	10.687271118164062
losses_train/total:	5.941091537475586
losses_test/task:	1.5747846364974976
losses_test/concepts:	23.84156608581543
losses_test/representations:	16.101470947265625
losses_test/total:	8.789381980895996
calibration_test/ece:	0.12923172116279602
calibration_test/brier:	0.491163969039917
accuracy_test/task:	64.72212633759061
accuracy_test/concepts:	94.70746612548828
map_test/concepts:	0.9002042680978775

Epoch 93
losses_train/task:	0.93149733543396
losses_train/concepts:	18.24650001525879
losses_train/representations:	10.721052169799805
losses_train/total:	5.972463607788086
losses_test/task:	1.557035207748413
losses_test/concepts:	23.471954345703125
losses_test/representations:	16.19544219970703
losses_test/total:	8.762863159179688
calibration_test/ece:	0.12365245819091797
calibration_test/brier:	0.4838838577270508
accuracy_test/task:	65.29168104936142
accuracy_test/concepts:	94.78571319580078
map_test/concepts:	0.9080043911933899

Epoch 94
losses_train/task:	0.904927134513855
losses_train/concepts:	17.92506980895996
losses_train/representations:	10.692107200622559
losses_train/total:	5.905066967010498
losses_test/task:	1.4471311569213867
losses_test/concepts:	21.52542495727539
losses_test/representations:	14.834269523620605
losses_test/total:	8.049952507019043
calibration_test/ece:	0.1169852763414383
calibration_test/brier:	0.45352107286453247
accuracy_test/task:	67.63893683120469
accuracy_test/concepts:	95.12052917480469
map_test/concepts:	0.9147316932678222

Epoch 95
losses_train/task:	0.9025055170059204
losses_train/concepts:	17.79712677001953
losses_train/representations:	10.47094440460205
losses_train/total:	5.823503017425537
losses_test/task:	1.4671823978424072
losses_test/concepts:	21.849285125732422
losses_test/representations:	15.22867488861084
losses_test/total:	8.220712661743164
calibration_test/ece:	0.1267457902431488
calibration_test/brier:	0.46696507930755615
accuracy_test/task:	66.72419744563341
accuracy_test/concepts:	95.02070617675781
map_test/concepts:	0.9123237699270248

Epoch 96
losses_train/task:	0.9073600769042969
losses_train/concepts:	17.208559036254883
losses_train/representations:	10.373797416687012
losses_train/total:	5.740354537963867
losses_test/task:	1.636736512184143
losses_test/concepts:	24.194429397583008
losses_test/representations:	16.34956932067871
losses_test/total:	8.961050033569336
calibration_test/ece:	0.13742773234844208
calibration_test/brier:	0.5007203817367554
accuracy_test/task:	64.96375560925095
accuracy_test/concepts:	94.76470184326172
map_test/concepts:	0.9063734829425811

Epoch 97
losses_train/task:	0.9072484374046326
losses_train/concepts:	17.836816787719727
losses_train/representations:	10.714048385620117
losses_train/total:	5.905146598815918
losses_test/task:	1.44163179397583
losses_test/concepts:	21.886363983154297
losses_test/representations:	14.83297348022461
losses_test/total:	8.080160140991211
calibration_test/ece:	0.1127556562423706
calibration_test/brier:	0.45143893361091614
accuracy_test/task:	67.81152916810494
accuracy_test/concepts:	95.0894775390625
map_test/concepts:	0.9138583093881607

Epoch 98
losses_train/task:	0.9018887877464294
losses_train/concepts:	17.713096618652344
losses_train/representations:	10.470585823059082
losses_train/total:	5.814375400543213
losses_test/task:	1.5215308666229248
losses_test/concepts:	23.255281448364258
losses_test/representations:	15.342806816101074
losses_test/total:	8.44990062713623
calibration_test/ece:	0.11993080377578735
calibration_test/brier:	0.4725055992603302
accuracy_test/task:	67.0003451846738
accuracy_test/concepts:	94.94219207763672
map_test/concepts:	0.9109246293703716

Epoch 99
losses_train/task:	0.932129442691803
losses_train/concepts:	17.861862182617188
losses_train/representations:	10.515921592712402
losses_train/total:	5.873091697692871
losses_test/task:	1.4894858598709106
losses_test/concepts:	21.78389549255371
losses_test/representations:	15.282432556152344
losses_test/total:	8.252606391906738
calibration_test/ece:	0.1184827983379364
calibration_test/brier:	0.46703603863716125
accuracy_test/task:	66.30997583707284
accuracy_test/concepts:	94.95281219482422
map_test/concepts:	0.9096865276495616

Epoch 100
losses_train/task:	0.9405996203422546
losses_train/concepts:	18.07535743713379
losses_train/representations:	10.762955665588379
losses_train/total:	5.977022647857666
losses_test/task:	1.5759353637695312
losses_test/concepts:	23.05234718322754
losses_test/representations:	16.595558166503906
losses_test/total:	8.85983657836914
calibration_train/ece:	0.012809989973902702
calibration_train/brier:	0.2702455222606659
accuracy_train/task:	78.92736486486487
calibration_test/ece:	0.12167240679264069
calibration_test/brier:	0.48830467462539673
accuracy_test/task:	65.25716258198136
accuracy_train/concepts:	96.18770599365234
map_train/concepts:	0.9628097862005234
accuracy_test/concepts:	94.4327392578125
map_test/concepts:	0.9042373736699422
accuracy_test/nuisances_task:	-0.13276338577270508
accuracy_test/nuisances_nontask:	0.0
mutual_inf_test/nuisances_task:	-0.004478388319731351
mutual_inf_test/nuisances_nontask:	0.0

Epoch 101
losses_train/task:	0.8284680247306824
losses_train/concepts:	16.533119201660156
losses_train/representations:	9.693982124328613
losses_train/total:	5.389974594116211
losses_test/task:	1.2389373779296875
losses_test/concepts:	18.090957641601562
losses_test/representations:	12.652180671691895
losses_test/total:	6.843687057495117
calibration_test/ece:	0.09452427923679352
calibration_test/brier:	0.4021531939506531
accuracy_test/task:	71.45322747670004
accuracy_test/concepts:	95.66504669189453
map_test/concepts:	0.9298729876677195

Epoch 102
losses_train/task:	0.7323091626167297
losses_train/concepts:	15.381951332092285
losses_train/representations:	8.571897506713867
losses_train/total:	4.842073917388916
losses_test/task:	1.193498969078064
losses_test/concepts:	17.561809539794922
losses_test/representations:	12.048726081848145
losses_test/total:	6.564298152923584
calibration_test/ece:	0.09308429807424545
calibration_test/brier:	0.3879472613334656
accuracy_test/task:	72.52329996548153
accuracy_test/concepts:	95.88455200195312
map_test/concepts:	0.9327396104733149

Epoch 103
losses_train/task:	0.6762834787368774
losses_train/concepts:	14.324469566345215
losses_train/representations:	7.959485054016113
losses_train/total:	4.496575832366943
losses_test/task:	1.1772809028625488
losses_test/concepts:	17.19013786315918
losses_test/representations:	11.789953231811523
losses_test/total:	6.433281421661377
calibration_test/ece:	0.09055335819721222
calibration_test/brier:	0.3835335075855255
accuracy_test/task:	73.04107697618225
accuracy_test/concepts:	95.95789337158203
map_test/concepts:	0.9343676507472992

Epoch 104
losses_train/task:	0.6878951191902161
losses_train/concepts:	14.315288543701172
losses_train/representations:	7.8569536209106445
losses_train/total:	4.476510047912598
losses_test/task:	1.1567823886871338
losses_test/concepts:	17.116670608520508
losses_test/representations:	11.544342041015625
losses_test/total:	6.331752300262451
calibration_test/ece:	0.08653537929058075
calibration_test/brier:	0.3761400580406189
accuracy_test/task:	73.74870555747324
accuracy_test/concepts:	96.04647827148438
map_test/concepts:	0.93503497838974

Epoch 105
losses_train/task:	0.6936128735542297
losses_train/concepts:	14.393138885498047
losses_train/representations:	7.91986608505249
losses_train/total:	4.508886814117432
losses_test/task:	1.1565256118774414
losses_test/concepts:	17.17963409423828
losses_test/representations:	11.538399696350098
losses_test/total:	6.336009502410889
calibration_test/ece:	0.09087677299976349
calibration_test/brier:	0.3758057951927185
accuracy_test/task:	73.62789092164309
accuracy_test/concepts:	96.071533203125
map_test/concepts:	0.9352669248978297

Epoch 106
losses_train/task:	0.6578570604324341
losses_train/concepts:	14.094066619873047
losses_train/representations:	7.652108192443848
losses_train/total:	4.36289644241333
losses_test/task:	1.163248896598816
losses_test/concepts:	17.27552032470703
losses_test/representations:	11.457085609436035
losses_test/total:	6.327926158905029
calibration_test/ece:	0.09305232763290405
calibration_test/brier:	0.3772779107093811
accuracy_test/task:	73.88677942699344
accuracy_test/concepts:	96.11092376708984
map_test/concepts:	0.9354768743117651

Epoch 107
losses_train/task:	0.6957126259803772
losses_train/concepts:	14.79064655303955
losses_train/representations:	7.940819263458252
losses_train/total:	4.557023525238037
losses_test/task:	1.1646957397460938
losses_test/concepts:	17.203350067138672
losses_test/representations:	11.420564651489258
losses_test/total:	6.3112006187438965
calibration_test/ece:	0.0938163697719574
calibration_test/brier:	0.37731945514678955
accuracy_test/task:	73.85226095961339
accuracy_test/concepts:	96.11092376708984
map_test/concepts:	0.9357977946599324

Epoch 108
losses_train/task:	0.6467782855033875
losses_train/concepts:	13.837003707885742
losses_train/representations:	7.61956787109375
losses_train/total:	4.316349506378174
losses_test/task:	1.1548144817352295
losses_test/concepts:	17.206510543823242
losses_test/representations:	11.365224838256836
losses_test/total:	6.285032749176025
calibration_test/ece:	0.09602725505828857
calibration_test/brier:	0.376703679561615
accuracy_test/task:	73.67966862271315
accuracy_test/concepts:	96.13507843017578
map_test/concepts:	0.9371164252360662

Epoch 109
losses_train/task:	0.654419481754303
losses_train/concepts:	13.818982124328613
losses_train/representations:	7.555006980895996
losses_train/total:	4.302820205688477
losses_test/task:	1.153508186340332
losses_test/concepts:	16.99868392944336
losses_test/representations:	11.223538398742676
losses_test/total:	6.220439434051514
calibration_test/ece:	0.09934413433074951
calibration_test/brier:	0.3751746714115143
accuracy_test/task:	73.7832240248533
accuracy_test/concepts:	96.16815948486328
map_test/concepts:	0.9378193825483322

Epoch 110
losses_train/task:	0.6647728681564331
losses_train/concepts:	13.973347663879395
losses_train/representations:	7.590797424316406
losses_train/total:	4.3393473625183105
losses_test/task:	1.1654506921768188
losses_test/concepts:	17.201128005981445
losses_test/representations:	11.331851959228516
losses_test/total:	6.285120010375977
calibration_test/ece:	0.09935106337070465
calibration_test/brier:	0.37554416060447693
accuracy_test/task:	73.95581636175353
accuracy_test/concepts:	96.12586975097656
map_test/concepts:	0.9371200402577718

Epoch 111
losses_train/task:	0.6017061471939087
losses_train/concepts:	13.206250190734863
losses_train/representations:	6.9723405838012695
losses_train/total:	4.014034271240234
losses_test/task:	1.156537413597107
losses_test/concepts:	17.14026641845703
losses_test/representations:	11.220718383789062
losses_test/total:	6.236781597137451
calibration_test/ece:	0.09780625998973846
calibration_test/brier:	0.3727610111236572
accuracy_test/task:	74.12840869865379
accuracy_test/concepts:	96.17190551757812
map_test/concepts:	0.9375299493471781

Epoch 112
losses_train/task:	0.6272858381271362
losses_train/concepts:	13.463271141052246
losses_train/representations:	7.24664831161499
losses_train/total:	4.147607803344727
losses_test/task:	1.1499452590942383
losses_test/concepts:	17.029634475708008
losses_test/representations:	11.19273853302002
losses_test/total:	6.21073055267334
calibration_test/ece:	0.09753543883562088
calibration_test/brier:	0.37385573983192444
accuracy_test/task:	74.05937176389368
accuracy_test/concepts:	96.15493774414062
map_test/concepts:	0.937528000275294

Epoch 113
losses_train/task:	0.6624506115913391
losses_train/concepts:	14.284592628479004
losses_train/representations:	7.560378074645996
losses_train/total:	4.359023094177246
losses_test/task:	1.1364257335662842
losses_test/concepts:	16.961917877197266
losses_test/representations:	11.056422233581543
losses_test/total:	6.1495442390441895
calibration_test/ece:	0.09667463600635529
calibration_test/brier:	0.3697463870048523
accuracy_test/task:	74.30100103555402
accuracy_test/concepts:	96.21446990966797
map_test/concepts:	0.9380448013544083

Epoch 114
losses_train/task:	0.6426032781600952
losses_train/concepts:	14.123824119567871
losses_train/representations:	7.5600481033325195
losses_train/total:	4.323000907897949
losses_test/task:	1.148227334022522
losses_test/concepts:	17.12643051147461
losses_test/representations:	11.109228134155273
losses_test/total:	6.193638801574707
calibration_test/ece:	0.09661094099283218
calibration_test/brier:	0.3724040389060974
accuracy_test/task:	74.35277873662409
accuracy_test/concepts:	96.2098617553711
map_test/concepts:	0.9380099584658941

Epoch 115
losses_train/task:	0.6044638752937317
losses_train/concepts:	13.139884948730469
losses_train/representations:	7.040828704833984
losses_train/total:	4.03070068359375
losses_test/task:	1.1402080059051514
losses_test/concepts:	16.668027877807617
losses_test/representations:	11.028149604797363
losses_test/total:	6.1154561042785645
calibration_test/ece:	0.1020190417766571
calibration_test/brier:	0.37094756960868835
accuracy_test/task:	74.09389023127373
accuracy_test/concepts:	96.24324035644531
map_test/concepts:	0.9380667686462403

Epoch 116
losses_train/task:	0.6039890646934509
losses_train/concepts:	12.917468070983887
losses_train/representations:	6.916654586791992
losses_train/total:	3.9707319736480713
losses_test/task:	1.1385157108306885
losses_test/concepts:	16.743122100830078
losses_test/representations:	11.031661033630371
losses_test/total:	6.122325897216797
calibration_test/ece:	0.10222128033638
calibration_test/brier:	0.3677487075328827
accuracy_test/task:	74.31826026924405
accuracy_test/concepts:	96.2693862915039
map_test/concepts:	0.9381136308113734

Epoch 117
losses_train/task:	0.6173510551452637
losses_train/concepts:	13.112749099731445
losses_train/representations:	7.096011161804199
losses_train/total:	4.05742883682251
losses_test/task:	1.1422322988510132
losses_test/concepts:	17.072050094604492
losses_test/representations:	11.017172813415527
losses_test/total:	6.154590129852295
calibration_test/ece:	0.09985662996768951
calibration_test/brier:	0.3699807822704315
accuracy_test/task:	74.54263030721437
accuracy_test/concepts:	96.28064727783203
map_test/concepts:	0.9386872678995133

Epoch 118
losses_train/task:	0.5973480343818665
losses_train/concepts:	12.89974594116211
losses_train/representations:	6.838817119598389
losses_train/total:	3.9389679431915283
losses_test/task:	1.1429413557052612
losses_test/concepts:	17.00267791748047
losses_test/representations:	11.05236530303955
losses_test/total:	6.158919811248779
calibration_test/ece:	0.10259899497032166
calibration_test/brier:	0.3708580434322357
accuracy_test/task:	74.1456679323438
accuracy_test/concepts:	96.2654037475586
map_test/concepts:	0.9382331629594167

Epoch 119
losses_train/task:	0.6421568989753723
losses_train/concepts:	13.75836181640625
losses_train/representations:	7.348251819610596
losses_train/total:	4.222468852996826
losses_test/task:	1.1418505907058716
losses_test/concepts:	16.99803924560547
losses_test/representations:	11.016226768493652
losses_test/total:	6.146522521972656
calibration_test/ece:	0.10144060105085373
calibration_test/brier:	0.3708632290363312
accuracy_test/task:	74.1456679323438
accuracy_test/concepts:	96.25418090820312
map_test/concepts:	0.9378037025531133

Epoch 120
losses_train/task:	0.6022056937217712
losses_train/concepts:	12.847831726074219
losses_train/representations:	6.971645832061768
losses_train/total:	3.978483200073242
losses_test/task:	1.1332279443740845
losses_test/concepts:	16.880043029785156
losses_test/representations:	10.939337730407715
losses_test/total:	6.103033542633057
calibration_test/ece:	0.10184499621391296
calibration_test/brier:	0.37199199199676514
accuracy_test/task:	74.11114946496376
accuracy_test/concepts:	96.26712036132812
map_test/concepts:	0.9388457735379537

Epoch 121
losses_train/task:	0.6334582567214966
losses_train/concepts:	13.590105056762695
losses_train/representations:	7.179336071014404
losses_train/total:	4.146268844604492
losses_test/task:	1.1324546337127686
losses_test/concepts:	16.852224349975586
losses_test/representations:	10.957212448120117
losses_test/total:	6.104841709136963
calibration_test/ece:	0.1012728363275528
calibration_test/brier:	0.3704853653907776
accuracy_test/task:	74.19744563341388
accuracy_test/concepts:	96.26222229003906
map_test/concepts:	0.9393643051385879

Epoch 122
losses_train/task:	0.5924568176269531
losses_train/concepts:	12.699287414550781
losses_train/representations:	6.772670269012451
losses_train/total:	3.8941869735717773
losses_test/task:	1.1375526189804077
losses_test/concepts:	16.92202377319336
losses_test/representations:	10.931591987609863
losses_test/total:	6.109233856201172
calibration_test/ece:	0.10208246856927872
calibration_test/brier:	0.37248557806015015
accuracy_test/task:	74.0766309975837
accuracy_test/concepts:	96.2711410522461
map_test/concepts:	0.9382876406113306

Epoch 123
losses_train/task:	0.6218763589859009
losses_train/concepts:	13.222408294677734
losses_train/representations:	7.029727458953857
losses_train/total:	4.053035736083984
losses_test/task:	1.1381701231002808
losses_test/concepts:	16.891372680664062
losses_test/representations:	10.947335243225098
losses_test/total:	6.111507892608643
calibration_test/ece:	0.10471504926681519
calibration_test/brier:	0.3710939884185791
accuracy_test/task:	74.18018639972385
accuracy_test/concepts:	96.2918472290039
map_test/concepts:	0.9389393190542857

Epoch 124
losses_train/task:	0.6420289874076843
losses_train/concepts:	13.747605323791504
losses_train/representations:	7.387325286865234
losses_train/total:	4.232986927032471
losses_test/task:	1.131423830986023
losses_test/concepts:	16.780912399291992
losses_test/representations:	10.909107208251953
losses_test/total:	6.082246780395508
calibration_test/ece:	0.10173390805721283
calibration_test/brier:	0.3698273301124573
accuracy_test/task:	74.16292716603382
accuracy_test/concepts:	96.25907135009766
map_test/concepts:	0.9390936563412349

Epoch 125
losses_train/task:	0.6459925174713135
losses_train/concepts:	13.45792007446289
losses_train/representations:	7.347054481506348
losses_train/total:	4.195900917053223
losses_test/task:	1.1306419372558594
losses_test/concepts:	16.971569061279297
losses_test/representations:	10.859685897827148
losses_test/total:	6.085704803466797
calibration_test/ece:	0.10458257049322128
calibration_test/brier:	0.37093180418014526
accuracy_test/task:	74.05937176389368
accuracy_test/concepts:	96.30220031738281
map_test/concepts:	0.9402773588895798

Epoch 126
losses_train/task:	0.5871767997741699
losses_train/concepts:	12.533696174621582
losses_train/representations:	6.702432155609131
losses_train/total:	3.851276397705078
losses_test/task:	1.1391936540603638
losses_test/concepts:	17.18935203552246
losses_test/representations:	10.957606315612793
losses_test/total:	6.145411968231201
calibration_test/ece:	0.10317172855138779
calibration_test/brier:	0.371993750333786
accuracy_test/task:	74.18018639972385
accuracy_test/concepts:	96.27716827392578
map_test/concepts:	0.9389046341180801

Epoch 127
losses_train/task:	0.5804087519645691
losses_train/concepts:	12.769037246704102
losses_train/representations:	6.7609028816223145
losses_train/total:	3.8855834007263184
losses_test/task:	1.1449412107467651
losses_test/concepts:	17.05266761779785
losses_test/representations:	10.99279499053955
losses_test/total:	6.148048400878906
calibration_test/ece:	0.1005479097366333
calibration_test/brier:	0.3718862235546112
accuracy_test/task:	74.37003797031412
accuracy_test/concepts:	96.2806396484375
map_test/concepts:	0.9380646526813508

Epoch 128
losses_train/task:	0.5837032198905945
losses_train/concepts:	12.954607009887695
losses_train/representations:	6.809048175811768
losses_train/total:	3.9218780994415283
losses_test/task:	1.1373498439788818
losses_test/concepts:	16.898637771606445
losses_test/representations:	10.9735107421875
losses_test/total:	6.119267463684082
calibration_test/ece:	0.10203871130943298
calibration_test/brier:	0.3697231113910675
accuracy_test/task:	74.24922333448394
accuracy_test/concepts:	96.2541732788086
map_test/concepts:	0.9380594164133071

Epoch 129
losses_train/task:	0.575346052646637
losses_train/concepts:	12.905029296875
losses_train/representations:	6.801640033721924
losses_train/total:	3.9063408374786377
losses_test/task:	1.144532561302185
losses_test/concepts:	17.15254020690918
losses_test/representations:	10.951273918151855
losses_test/total:	6.145168781280518
calibration_test/ece:	0.1055220291018486
calibration_test/brier:	0.37303584814071655
accuracy_test/task:	73.95581636175353
accuracy_test/concepts:	96.28379821777344
map_test/concepts:	0.9382649133602778

Epoch 130
losses_train/task:	0.5904911160469055
losses_train/concepts:	12.409760475158691
losses_train/representations:	6.62540864944458
losses_train/total:	3.8190901279449463
losses_test/task:	1.146284580230713
losses_test/concepts:	17.040224075317383
losses_test/representations:	11.011185646057129
losses_test/total:	6.153661251068115
calibration_test/ece:	0.10179063677787781
calibration_test/brier:	0.3725685477256775
accuracy_test/task:	74.30100103555402
accuracy_test/concepts:	96.27632141113281
map_test/concepts:	0.9381946206092835

Epoch 131
losses_train/task:	0.5416014790534973
losses_train/concepts:	12.027914047241211
losses_train/representations:	6.3826117515563965
losses_train/total:	3.6591761112213135
losses_test/task:	1.1409317255020142
losses_test/concepts:	17.167125701904297
losses_test/representations:	10.944559097290039
losses_test/total:	6.141012668609619
calibration_test/ece:	0.10120705515146255
calibration_test/brier:	0.3703581988811493
accuracy_test/task:	74.26648256817397
accuracy_test/concepts:	96.30393981933594
map_test/concepts:	0.9384114801883697

Epoch 132
losses_train/task:	0.5725023150444031
losses_train/concepts:	12.206878662109375
losses_train/representations:	6.440886974334717
losses_train/total:	3.725456476211548
losses_test/task:	1.146212100982666
losses_test/concepts:	17.30850601196289
losses_test/representations:	10.965093612670898
losses_test/total:	6.166591167449951
calibration_test/ece:	0.10708999633789062
calibration_test/brier:	0.3733368515968323
accuracy_test/task:	73.80048325854332
accuracy_test/concepts:	96.30854034423828
map_test/concepts:	0.9390004624923071

Epoch 133
losses_train/task:	0.5560534596443176
losses_train/concepts:	12.226003646850586
losses_train/representations:	6.425573348999023
losses_train/total:	3.7063257694244385
losses_test/task:	1.1328750848770142
losses_test/concepts:	17.217994689941406
losses_test/representations:	10.803504943847656
losses_test/total:	6.095726490020752
calibration_test/ece:	0.10440215468406677
calibration_test/brier:	0.3690340220928192
accuracy_test/task:	74.18018639972385
accuracy_test/concepts:	96.35022735595703
map_test/concepts:	0.9401065627733867

Epoch 134
losses_train/task:	0.5844735503196716
losses_train/concepts:	13.07053279876709
losses_train/representations:	6.893030643463135
losses_train/total:	3.9594368934631348
losses_test/task:	1.1398940086364746
losses_test/concepts:	17.292720794677734
losses_test/representations:	10.975594520568848
losses_test/total:	6.161845684051514
calibration_test/ece:	0.10048025101423264
calibration_test/brier:	0.3676810562610626
accuracy_test/task:	74.40455643769417
accuracy_test/concepts:	96.30912017822266
map_test/concepts:	0.9386963138977686

Epoch 135
losses_train/task:	0.5566040873527527
losses_train/concepts:	12.011070251464844
losses_train/representations:	6.480295181274414
losses_train/total:	3.7018001079559326
losses_test/task:	1.1345237493515015
losses_test/concepts:	17.322629928588867
losses_test/representations:	10.926458358764648
losses_test/total:	6.144725322723389
calibration_test/ece:	0.10097280144691467
calibration_test/brier:	0.3662269115447998
accuracy_test/task:	74.283741801864
accuracy_test/concepts:	96.31690216064453
map_test/concepts:	0.9393629948298137

Epoch 136
losses_train/task:	0.544765055179596
losses_train/concepts:	11.984325408935547
losses_train/representations:	6.229934215545654
losses_train/total:	3.612178087234497
losses_test/task:	1.1450153589248657
losses_test/concepts:	17.366117477416992
losses_test/representations:	10.906977653503418
losses_test/total:	6.153719902038574
calibration_test/ece:	0.10483233630657196
calibration_test/brier:	0.3679749071598053
accuracy_test/task:	74.30100103555402
accuracy_test/concepts:	96.3620376586914
map_test/concepts:	0.9395439674456915

Epoch 137
losses_train/task:	0.5364167094230652
losses_train/concepts:	11.830310821533203
losses_train/representations:	6.172277450561523
losses_train/total:	3.571131706237793
losses_test/task:	1.1305315494537354
losses_test/concepts:	16.99390983581543
losses_test/representations:	10.858363151550293
losses_test/total:	6.087430953979492
calibration_test/ece:	0.09901933372020721
calibration_test/brier:	0.36472848057746887
accuracy_test/task:	74.73248187780463
accuracy_test/concepts:	96.34736633300781
map_test/concepts:	0.9393759737412135

Epoch 138
losses_train/task:	0.5638476610183716
losses_train/concepts:	12.387911796569824
losses_train/representations:	6.528614044189453
losses_train/total:	3.7612223625183105
losses_test/task:	1.1508355140686035
losses_test/concepts:	17.47791290283203
losses_test/representations:	10.929383277893066
losses_test/total:	6.1774420738220215
calibration_test/ece:	0.10443131625652313
calibration_test/brier:	0.37015676498413086
accuracy_test/task:	74.31826026924405
accuracy_test/concepts:	96.33357238769531
map_test/concepts:	0.938220868508021

Epoch 139
losses_train/task:	0.5659769773483276
losses_train/concepts:	12.266905784606934
losses_train/representations:	6.457286357879639
losses_train/total:	3.7298548221588135
losses_test/task:	1.1387442350387573
losses_test/concepts:	17.16703987121582
losses_test/representations:	10.83526611328125
losses_test/total:	6.106027603149414
calibration_test/ece:	0.10327132046222687
calibration_test/brier:	0.3670063018798828
accuracy_test/task:	74.59440800828443
accuracy_test/concepts:	96.36750793457031
map_test/concepts:	0.9395928005377452

Epoch 140
losses_train/task:	0.5394583940505981
losses_train/concepts:	12.054598808288574
losses_train/representations:	6.287521839141846
losses_train/total:	3.6311750411987305
losses_test/task:	1.1350291967391968
losses_test/concepts:	17.386457443237305
losses_test/representations:	10.79353141784668
losses_test/total:	6.111736297607422
calibration_test/ece:	0.10090766847133636
calibration_test/brier:	0.36580708622932434
accuracy_test/task:	74.7842595788747
accuracy_test/concepts:	96.38216400146484
map_test/concepts:	0.9409259031216304

Epoch 141
losses_train/task:	0.5227168202400208
losses_train/concepts:	11.907660484313965
losses_train/representations:	6.214663028717041
losses_train/total:	3.577881336212158
losses_test/task:	1.1353167295455933
losses_test/concepts:	16.9736270904541
losses_test/representations:	10.836507797241211
losses_test/total:	6.083632946014404
calibration_test/ece:	0.10265098512172699
calibration_test/brier:	0.36705100536346436
accuracy_test/task:	74.5771487745944
accuracy_test/concepts:	96.33702087402344
map_test/concepts:	0.9389927307764689

Epoch 142
losses_train/task:	0.5938035845756531
losses_train/concepts:	13.132094383239746
losses_train/representations:	6.805395126342773
losses_train/total:	3.948631525039673
losses_test/task:	1.1428351402282715
losses_test/concepts:	17.023962020874023
losses_test/representations:	10.848352432250977
losses_test/total:	6.099737644195557
calibration_test/ece:	0.10309246182441711
calibration_test/brier:	0.36915141344070435
accuracy_test/task:	74.23196410079393
accuracy_test/concepts:	96.31571960449219
map_test/concepts:	0.9389190932114919

Epoch 143
losses_train/task:	0.5246051549911499
losses_train/concepts:	11.91291618347168
losses_train/representations:	6.1449689865112305
losses_train/total:	3.55938720703125
losses_test/task:	1.1430469751358032
losses_test/concepts:	17.265466690063477
losses_test/representations:	10.879450798034668
losses_test/total:	6.133429527282715
calibration_test/ece:	0.10440632700920105
calibration_test/brier:	0.3687329590320587
accuracy_test/task:	74.31826026924405
accuracy_test/concepts:	96.34190368652344
map_test/concepts:	0.939262592792511

Epoch 144
losses_train/task:	0.551795482635498
losses_train/concepts:	12.094961166381836
losses_train/representations:	6.457097053527832
losses_train/total:	3.698420524597168
losses_test/task:	1.1594682931900024
losses_test/concepts:	17.217418670654297
losses_test/representations:	10.971152305603027
losses_test/total:	6.172554969787598
calibration_test/ece:	0.10945849120616913
calibration_test/brier:	0.37370723485946655
accuracy_test/task:	74.09389023127373
accuracy_test/concepts:	96.302490234375
map_test/concepts:	0.9386963427066803

Epoch 145
losses_train/task:	0.5533148646354675
losses_train/concepts:	12.321617126464844
losses_train/representations:	6.550657749176025
losses_train/total:	3.75067400932312
losses_test/task:	1.1402816772460938
losses_test/concepts:	17.239038467407227
losses_test/representations:	10.805259704589844
losses_test/total:	6.105762958526611
calibration_test/ece:	0.10485989600419998
calibration_test/brier:	0.366038978099823
accuracy_test/task:	74.6461857093545
accuracy_test/concepts:	96.36434173583984
map_test/concepts:	0.9404701391855875

Epoch 146
losses_train/task:	0.5523764491081238
losses_train/concepts:	11.967344284057617
losses_train/representations:	6.384844779968262
losses_train/total:	3.664564371109009
losses_test/task:	1.1356234550476074
losses_test/concepts:	17.116926193237305
losses_test/representations:	10.786697387695312
losses_test/total:	6.083324909210205
calibration_test/ece:	0.10345930606126785
calibration_test/brier:	0.36726754903793335
accuracy_test/task:	74.49085260614429
accuracy_test/concepts:	96.35657501220703
map_test/concepts:	0.9398128151893616

Epoch 147
losses_train/task:	0.5439366102218628
losses_train/concepts:	11.969691276550293
losses_train/representations:	6.327404022216797
losses_train/total:	3.639126777648926
losses_test/task:	1.143816590309143
losses_test/concepts:	17.207582473754883
losses_test/representations:	10.833715438842773
losses_test/total:	6.114691257476807
calibration_test/ece:	0.10801304131746292
calibration_test/brier:	0.36913707852363586
accuracy_test/task:	74.1456679323438
accuracy_test/concepts:	96.34191131591797
map_test/concepts:	0.939010759194692

Epoch 148
losses_train/task:	0.5111759901046753
losses_train/concepts:	11.634380340576172
losses_train/representations:	6.003657817840576
losses_train/total:	3.4757113456726074
losses_test/task:	1.1382426023483276
losses_test/concepts:	17.085535049438477
losses_test/representations:	10.817962646484375
losses_test/total:	6.0921831130981445
calibration_test/ece:	0.10439655929803848
calibration_test/brier:	0.3669975996017456
accuracy_test/task:	74.54263030721437
accuracy_test/concepts:	96.37065887451172
map_test/concepts:	0.9391833951075872

Epoch 149
losses_train/task:	0.5206648707389832
losses_train/concepts:	11.1485595703125
losses_train/representations:	5.9927287101745605
losses_train/total:	3.4333393573760986
losses_test/task:	1.1455156803131104
losses_test/concepts:	17.288341522216797
losses_test/representations:	10.765904426574707
losses_test/total:	6.104120254516602
calibration_test/ece:	0.10884559154510498
calibration_test/brier:	0.3686872720718384
accuracy_test/task:	74.45633413876423
accuracy_test/concepts:	96.38245391845703
map_test/concepts:	0.93866698940595

Epoch 150
losses_train/task:	0.5497488379478455
losses_train/concepts:	11.78374195098877
losses_train/representations:	6.199394702911377
losses_train/total:	3.5879414081573486
losses_test/task:	1.1435219049453735
losses_test/concepts:	17.227642059326172
losses_test/representations:	10.76879596710205
losses_test/total:	6.096923828125
calibration_test/ece:	0.10349766910076141
calibration_test/brier:	0.3669256567955017
accuracy_test/task:	74.90507421470487
accuracy_test/concepts:	96.35889434814453
map_test/concepts:	0.9391613791386286

Epoch 151
losses_train/task:	0.5583832263946533
losses_train/concepts:	12.22024154663086
losses_train/representations:	6.53237247467041
losses_train/total:	3.740119457244873
losses_test/task:	1.1223634481430054
losses_test/concepts:	17.061546325683594
losses_test/representations:	10.668192863464355
losses_test/total:	6.028974533081055
calibration_test/ece:	0.10242994129657745
calibration_test/brier:	0.36272096633911133
accuracy_test/task:	74.93959268208492
accuracy_test/concepts:	96.39771270751953
map_test/concepts:	0.9410533378521602

Epoch 152
losses_train/task:	0.5559780597686768
losses_train/concepts:	12.00473690032959
losses_train/representations:	6.479666709899902
losses_train/total:	3.700352191925049
losses_test/task:	1.1283818483352661
losses_test/concepts:	17.13347053527832
losses_test/representations:	10.750714302062988
losses_test/total:	6.06694221496582
calibration_test/ece:	0.10292422026395798
calibration_test/brier:	0.36488640308380127
accuracy_test/task:	74.85329651363479
accuracy_test/concepts:	96.3801498413086
map_test/concepts:	0.9404420038064321

Epoch 153
losses_train/task:	0.5331053733825684
losses_train/concepts:	11.70464038848877
losses_train/representations:	6.120711803436279
losses_train/total:	3.539783477783203
losses_test/task:	1.1440123319625854
losses_test/concepts:	17.315563201904297
losses_test/representations:	10.890442848205566
losses_test/total:	6.142701625823975
calibration_test/ece:	0.10245046019554138
calibration_test/brier:	0.3668016493320465
accuracy_test/task:	75.02588885053504
accuracy_test/concepts:	96.36116790771484
map_test/concepts:	0.9388397703568141

Epoch 154
losses_train/task:	0.5357848405838013
losses_train/concepts:	11.907947540283203
losses_train/representations:	6.246623516082764
losses_train/total:	3.6005666255950928
losses_test/task:	1.121656894683838
losses_test/concepts:	17.124940872192383
losses_test/representations:	10.706390380859375
losses_test/total:	6.046069145202637
calibration_test/ece:	0.10240413248538971
calibration_test/brier:	0.36485880613327026
accuracy_test/task:	74.74974111149464
accuracy_test/concepts:	96.39796447753906
map_test/concepts:	0.941496882836024

Epoch 155
losses_train/task:	0.531722903251648
losses_train/concepts:	11.77119255065918
losses_train/representations:	6.187105178833008
losses_train/total:	3.564974069595337
losses_test/task:	1.1460800170898438
losses_test/concepts:	17.443540573120117
losses_test/representations:	10.848284721374512
losses_test/total:	6.144920349121094
calibration_test/ece:	0.10633201152086258
calibration_test/brier:	0.3682796359062195
accuracy_test/task:	74.4218156713842
accuracy_test/concepts:	96.37960815429688
map_test/concepts:	0.9395256698131561

Epoch 156
losses_train/task:	0.5386970043182373
losses_train/concepts:	11.599382400512695
losses_train/representations:	6.170125961303711
losses_train/total:	3.549673557281494
losses_test/task:	1.1485486030578613
losses_test/concepts:	17.585683822631836
losses_test/representations:	10.929783821105957
losses_test/total:	6.186052322387695
calibration_test/ece:	0.10606342554092407
calibration_test/brier:	0.36928874254226685
accuracy_test/task:	74.43907490507422
accuracy_test/concepts:	96.35427856445312
map_test/concepts:	0.9386522074540457

Epoch 157
losses_train/task:	0.5330273509025574
losses_train/concepts:	11.288212776184082
losses_train/representations:	6.054466724395752
losses_train/total:	3.4781882762908936
losses_test/task:	1.1508615016937256
losses_test/concepts:	17.41264533996582
losses_test/representations:	10.885892868041992
losses_test/total:	6.157894134521484
calibration_test/ece:	0.10660041123628616
calibration_test/brier:	0.36895495653152466
accuracy_test/task:	74.7152226441146
accuracy_test/concepts:	96.33385467529297
map_test/concepts:	0.9386338790257772

Epoch 158
losses_train/task:	0.5547184348106384
losses_train/concepts:	12.06089973449707
losses_train/representations:	6.386585235595703
losses_train/total:	3.676783800125122
losses_test/task:	1.1296385526657104
losses_test/concepts:	17.34331512451172
losses_test/representations:	10.74305248260498
losses_test/total:	6.086886882781982
calibration_test/ece:	0.1055561974644661
calibration_test/brier:	0.3645441234111786
accuracy_test/task:	74.66344494304452
accuracy_test/concepts:	96.41526794433594
map_test/concepts:	0.9400281608104706

Epoch 159
losses_train/task:	0.5022290945053101
losses_train/concepts:	11.432211875915527
losses_train/representations:	5.8700270652771
losses_train/total:	3.406458854675293
losses_test/task:	1.1571608781814575
losses_test/concepts:	17.693986892700195
losses_test/representations:	10.946432113647461
losses_test/total:	6.210488319396973
calibration_test/ece:	0.10590070486068726
calibration_test/brier:	0.3697272837162018
accuracy_test/task:	74.69796341042458
accuracy_test/concepts:	96.3611831665039
map_test/concepts:	0.9382006992896398

Epoch 160
losses_train/task:	0.5558527112007141
losses_train/concepts:	11.964801788330078
losses_train/representations:	6.333901405334473
losses_train/total:	3.652503490447998
losses_test/task:	1.1499534845352173
losses_test/concepts:	17.371294021606445
losses_test/representations:	10.873129844665527
losses_test/total:	6.149022579193115
calibration_test/ece:	0.10872171819210052
calibration_test/brier:	0.3690875470638275
accuracy_test/task:	74.50811183983431
accuracy_test/concepts:	96.37787628173828
map_test/concepts:	0.9389469802379609

Epoch 161
losses_train/task:	0.5416262149810791
losses_train/concepts:	11.694153785705566
losses_train/representations:	5.989336967468262
losses_train/total:	3.507843494415283
losses_test/task:	1.147849440574646
losses_test/concepts:	17.50160789489746
losses_test/representations:	10.846712112426758
losses_test/total:	6.152024269104004
calibration_test/ece:	0.10667132586240768
calibration_test/brier:	0.3692660629749298
accuracy_test/task:	74.66344494304452
accuracy_test/concepts:	96.36979675292969
map_test/concepts:	0.940205313762029

Epoch 162
losses_train/task:	0.5106253027915955
losses_train/concepts:	11.504597663879395
losses_train/representations:	5.945600986480713
losses_train/total:	3.44476580619812
losses_test/task:	1.1341044902801514
losses_test/concepts:	17.15029525756836
losses_test/representations:	10.762578964233398
losses_test/total:	6.077909469604492
calibration_test/ece:	0.10644018650054932
calibration_test/brier:	0.36768949031829834
accuracy_test/task:	74.62892647566449
accuracy_test/concepts:	96.34996032714844
map_test/concepts:	0.9390914668639501

Epoch 163
losses_train/task:	0.5213080644607544
losses_train/concepts:	11.437044143676758
losses_train/representations:	6.086108207702637
losses_train/total:	3.4908447265625
losses_test/task:	1.1521680355072021
losses_test/concepts:	17.44208526611328
losses_test/representations:	10.804285049438477
losses_test/total:	6.137661457061768
calibration_test/ece:	0.10808585584163666
calibration_test/brier:	0.37079235911369324
accuracy_test/task:	74.74974111149464
accuracy_test/concepts:	96.39512634277344
map_test/concepts:	0.9398348490397136

Epoch 164
losses_train/task:	0.5357648730278015
losses_train/concepts:	11.888672828674316
losses_train/representations:	6.174437999725342
losses_train/total:	3.576963424682617
losses_test/task:	1.1491763591766357
losses_test/concepts:	17.34363555908203
losses_test/representations:	10.803487777709961
losses_test/total:	6.1245856285095215
calibration_test/ece:	0.10704244673252106
calibration_test/brier:	0.3691197335720062
accuracy_test/task:	74.50811183983431
accuracy_test/concepts:	96.38419342041016
map_test/concepts:	0.9394818017880122

Epoch 165
losses_train/task:	0.5252188444137573
losses_train/concepts:	11.564825057983398
losses_train/representations:	6.188735485076904
losses_train/total:	3.5383222103118896
losses_test/task:	1.1488322019577026
losses_test/concepts:	17.14463996887207
losses_test/representations:	10.881059646606445
losses_test/total:	6.127613544464111
calibration_test/ece:	0.10733288526535034
calibration_test/brier:	0.368531733751297
accuracy_test/task:	74.62892647566449
accuracy_test/concepts:	96.35685729980469
map_test/concepts:	0.9405672798554102

Epoch 166
losses_train/task:	0.5285808444023132
losses_train/concepts:	11.744633674621582
losses_train/representations:	6.209287643432617
losses_train/total:	3.565830707550049
losses_test/task:	1.1495959758758545
losses_test/concepts:	17.5451602935791
losses_test/representations:	10.875335693359375
losses_test/total:	6.166711807250977
calibration_test/ece:	0.10712495446205139
calibration_test/brier:	0.37070220708847046
accuracy_test/task:	74.47359337245426
accuracy_test/concepts:	96.34996795654297
map_test/concepts:	0.9401631494363148

Epoch 167
losses_train/task:	0.5195085406303406
losses_train/concepts:	11.740867614746094
losses_train/representations:	5.9989399909973145
losses_train/total:	3.493277072906494
losses_test/task:	1.1537925004959106
losses_test/concepts:	17.468700408935547
losses_test/representations:	10.839678764343262
losses_test/total:	6.152566909790039
calibration_test/ece:	0.10752829164266586
calibration_test/brier:	0.371425986289978
accuracy_test/task:	74.61166724197446
accuracy_test/concepts:	96.35659790039062
map_test/concepts:	0.9391770641009013

Epoch 168
losses_train/task:	0.49516257643699646
losses_train/concepts:	10.984763145446777
losses_train/representations:	5.742014408111572
losses_train/total:	3.3162431716918945
losses_test/task:	1.1614735126495361
losses_test/concepts:	17.61568260192871
losses_test/representations:	10.873306274414062
losses_test/total:	6.185033321380615
calibration_test/ece:	0.10978702455759048
calibration_test/brier:	0.3722071349620819
accuracy_test/task:	74.66344494304452
accuracy_test/concepts:	96.36924743652344
map_test/concepts:	0.9395668188730876

Epoch 169
losses_train/task:	0.5186389088630676
losses_train/concepts:	11.4337158203125
losses_train/representations:	5.9464192390441895
losses_train/total:	3.445936441421509
losses_test/task:	1.1531684398651123
losses_test/concepts:	17.513490676879883
losses_test/representations:	10.844319343566895
losses_test/total:	6.1578145027160645
calibration_test/ece:	0.10636691004037857
calibration_test/brier:	0.3686329126358032
accuracy_test/task:	74.88781498101484
accuracy_test/concepts:	96.39024353027344
map_test/concepts:	0.9394310861825943

Epoch 170
losses_train/task:	0.5229796171188354
losses_train/concepts:	11.56818675994873
losses_train/representations:	6.144197463989258
losses_train/total:	3.523057460784912
losses_test/task:	1.1652742624282837
losses_test/concepts:	18.092832565307617
losses_test/representations:	10.905129432678223
losses_test/total:	6.246095657348633
calibration_test/ece:	0.10906469821929932
calibration_test/brier:	0.371269553899765
accuracy_test/task:	74.5771487745944
accuracy_test/concepts:	96.35599517822266
map_test/concepts:	0.9400020480155945

Epoch 171
losses_train/task:	0.5125292539596558
losses_train/concepts:	11.162504196166992
losses_train/representations:	5.880333423614502
losses_train/total:	3.3928799629211426
losses_test/task:	1.153489351272583
losses_test/concepts:	17.928142547607422
losses_test/representations:	10.829459190368652
losses_test/total:	6.195141315460205
calibration_test/ece:	0.10850095003843307
calibration_test/brier:	0.3694738447666168
accuracy_test/task:	74.52537107352434
accuracy_test/concepts:	96.3882064819336
map_test/concepts:	0.9394364098707835

Epoch 172
losses_train/task:	0.502620279788971
losses_train/concepts:	11.293649673461914
losses_train/representations:	5.772921562194824
losses_train/total:	3.363861560821533
losses_test/task:	1.1599441766738892
losses_test/concepts:	17.733518600463867
losses_test/representations:	10.935386657714844
losses_test/total:	6.213912487030029
calibration_test/ece:	0.10681192576885223
calibration_test/brier:	0.36912864446640015
accuracy_test/task:	74.80151881256472
accuracy_test/concepts:	96.35458374023438
map_test/concepts:	0.9392817835013072

Epoch 173
losses_train/task:	0.5495829582214355
losses_train/concepts:	12.118963241577148
losses_train/representations:	6.205796718597412
losses_train/total:	3.6232190132141113
losses_test/task:	1.1647943258285522
losses_test/concepts:	17.87227439880371
losses_test/representations:	10.949909210205078
losses_test/total:	6.236995697021484
calibration_test/ece:	0.10459110885858536
calibration_test/brier:	0.3711584210395813
accuracy_test/task:	74.81877804625475
accuracy_test/concepts:	96.31831359863281
map_test/concepts:	0.9393569240967433

Epoch 174
losses_train/task:	0.4931660294532776
losses_train/concepts:	11.153261184692383
losses_train/representations:	5.977396011352539
losses_train/total:	3.4017112255096436
losses_test/task:	1.1542119979858398
losses_test/concepts:	17.806175231933594
losses_test/representations:	10.833964347839355
losses_test/total:	6.185018062591553
calibration_test/ece:	0.10531093180179596
calibration_test/brier:	0.3679318428039551
accuracy_test/task:	75.06040731791508
accuracy_test/concepts:	96.36031341552734
map_test/concepts:	0.9395051956176758

Epoch 175
losses_train/task:	0.5188597440719604
losses_train/concepts:	11.302939414978027
losses_train/representations:	5.942582130432129
losses_train/total:	3.4319281578063965
losses_test/task:	1.154660701751709
losses_test/concepts:	17.879959106445312
losses_test/representations:	10.922369003295898
losses_test/total:	6.219366550445557
calibration_test/ece:	0.10510953515768051
calibration_test/brier:	0.36811959743499756
accuracy_test/task:	74.88781498101484
accuracy_test/concepts:	96.37556457519531
map_test/concepts:	0.9382075687249501

Epoch 176
losses_train/task:	0.5404839515686035
losses_train/concepts:	11.791007995605469
losses_train/representations:	6.103757381439209
losses_train/total:	3.5507116317749023
losses_test/task:	1.151696801185608
losses_test/concepts:	17.710813522338867
losses_test/representations:	10.883898735046387
losses_test/total:	6.1879472732543945
calibration_test/ece:	0.10596674680709839
calibration_test/brier:	0.36837929487228394
accuracy_test/task:	74.62892647566449
accuracy_test/concepts:	96.36518096923828
map_test/concepts:	0.9377322604258855

Epoch 177
losses_train/task:	0.4964847266674042
losses_train/concepts:	11.38551139831543
losses_train/representations:	5.826154708862305
losses_train/total:	3.382882595062256
losses_test/task:	1.150750994682312
losses_test/concepts:	17.504179000854492
losses_test/representations:	10.884759902954102
losses_test/total:	6.166595458984375
calibration_test/ece:	0.10449124872684479
calibration_test/brier:	0.3676736652851105
accuracy_test/task:	74.7152226441146
accuracy_test/concepts:	96.35801696777344
map_test/concepts:	0.9384777655204137

Epoch 178
losses_train/task:	0.5029503703117371
losses_train/concepts:	11.416803359985352
losses_train/representations:	5.94403600692749
losses_train/total:	3.4278414249420166
losses_test/task:	1.1587719917297363
losses_test/concepts:	17.842195510864258
losses_test/representations:	10.863801956176758
losses_test/total:	6.2021331787109375
calibration_test/ece:	0.10636825859546661
calibration_test/brier:	0.3678787648677826
accuracy_test/task:	74.62892647566449
accuracy_test/concepts:	96.34938049316406
map_test/concepts:	0.937839823961258

Epoch 179
losses_train/task:	0.5249045491218567
losses_train/concepts:	11.564547538757324
losses_train/representations:	5.922884941101074
losses_train/total:	3.4582245349884033
losses_test/task:	1.1553634405136108
losses_test/concepts:	17.73434829711914
losses_test/representations:	10.880027770996094
losses_test/total:	6.192807674407959
calibration_test/ece:	0.10181599855422974
calibration_test/brier:	0.3670315444469452
accuracy_test/task:	75.25025888850536
accuracy_test/concepts:	96.34593200683594
map_test/concepts:	0.9380756149689357

Epoch 180
losses_train/task:	0.5292090773582458
losses_train/concepts:	11.662041664123535
losses_train/representations:	6.050530433654785
losses_train/total:	3.510572671890259
losses_test/task:	1.1588724851608276
losses_test/concepts:	18.09726333618164
losses_test/representations:	10.92327880859375
losses_test/total:	6.24558162689209
calibration_test/ece:	0.10622499883174896
calibration_test/brier:	0.37015393376350403
accuracy_test/task:	74.76700034518467
accuracy_test/concepts:	96.3533935546875
map_test/concepts:	0.9374946842590968

Epoch 181
losses_train/task:	0.5175864100456238
losses_train/concepts:	11.53448486328125
losses_train/representations:	5.978169918060303
losses_train/total:	3.4644854068756104
losses_test/task:	1.1577401161193848
losses_test/concepts:	17.761430740356445
losses_test/representations:	10.912216186523438
losses_test/total:	6.207547664642334
calibration_test/ece:	0.10475000739097595
calibration_test/brier:	0.3694077432155609
accuracy_test/task:	74.73248187780463
accuracy_test/concepts:	96.36607360839844
map_test/concepts:	0.9389901896317799

Epoch 182
losses_train/task:	0.49203255772590637
losses_train/concepts:	10.797812461853027
losses_train/representations:	5.678162097930908
losses_train/total:	3.2752623558044434
losses_test/task:	1.1729185581207275
losses_test/concepts:	18.131162643432617
losses_test/representations:	10.95129680633545
losses_test/total:	6.271424293518066
calibration_test/ece:	0.111456498503685
calibration_test/brier:	0.3720279633998871
accuracy_test/task:	74.47359337245426
accuracy_test/concepts:	96.3695068359375
map_test/concepts:	0.9373094509045283

Epoch 183
losses_train/task:	0.5229059457778931
losses_train/concepts:	11.193861961364746
losses_train/representations:	5.980162620544434
losses_train/total:	3.4363412857055664
losses_test/task:	1.1582725048065186
losses_test/concepts:	17.828350067138672
losses_test/representations:	10.928282737731934
losses_test/total:	6.219593524932861
calibration_test/ece:	0.10945624858140945
calibration_test/brier:	0.3714819848537445
accuracy_test/task:	74.4218156713842
accuracy_test/concepts:	96.35370635986328
map_test/concepts:	0.9387729048728943

Epoch 184
losses_train/task:	0.4545844793319702
losses_train/concepts:	10.742767333984375
losses_train/representations:	5.48795223236084
losses_train/total:	3.175246477127075
losses_test/task:	1.1680558919906616
losses_test/concepts:	17.97119903564453
losses_test/representations:	10.981328964233398
losses_test/total:	6.259573936462402
calibration_test/ece:	0.10882501304149628
calibration_test/brier:	0.3726826012134552
accuracy_test/task:	74.68070417673455
accuracy_test/concepts:	96.35773468017578
map_test/concepts:	0.9387105405330658

Epoch 185
losses_train/task:	0.5133720636367798
losses_train/concepts:	11.363463401794434
losses_train/representations:	5.974709987640381
losses_train/total:	3.442131757736206
losses_test/task:	1.1738754510879517
losses_test/concepts:	18.156984329223633
losses_test/representations:	11.036535263061523
losses_test/total:	6.300534725189209
calibration_test/ece:	0.10829231142997742
calibration_test/brier:	0.37395942211151123
accuracy_test/task:	74.54263030721437
accuracy_test/concepts:	96.33415222167969
map_test/concepts:	0.9385628441969553

Epoch 186
losses_train/task:	0.515090823173523
losses_train/concepts:	11.627336502075195
losses_train/representations:	6.131344318389893
losses_train/total:	3.5172276496887207
losses_test/task:	1.1761001348495483
losses_test/concepts:	18.193883895874023
losses_test/representations:	11.030860900878906
losses_test/total:	6.304748058319092
calibration_test/ece:	0.11002518981695175
calibration_test/brier:	0.373873770236969
accuracy_test/task:	74.45633413876423
accuracy_test/concepts:	96.35857391357422
map_test/concepts:	0.9376034210125606

Epoch 187
losses_train/task:	0.47111085057258606
losses_train/concepts:	10.682768821716309
losses_train/representations:	5.544826507568359
losses_train/total:	3.202836036682129
losses_test/task:	1.1733591556549072
losses_test/concepts:	18.24146270751953
losses_test/representations:	10.998403549194336
losses_test/total:	6.297027111053467
calibration_test/ece:	0.10955764353275299
calibration_test/brier:	0.3712348937988281
accuracy_test/task:	74.76700034518467
accuracy_test/concepts:	96.35396575927734
map_test/concepts:	0.9383842190106709

Epoch 188
losses_train/task:	0.5103243589401245
losses_train/concepts:	11.483043670654297
losses_train/representations:	5.921240329742432
losses_train/total:	3.4350011348724365
losses_test/task:	1.1580814123153687
losses_test/concepts:	18.128217697143555
losses_test/representations:	10.951516151428223
losses_test/total:	6.256358623504639
calibration_test/ece:	0.10802964866161346
calibration_test/brier:	0.36862942576408386
accuracy_test/task:	74.59440800828443
accuracy_test/concepts:	96.38792419433594
map_test/concepts:	0.9377617786327997

Epoch 189
losses_train/task:	0.4861498177051544
losses_train/concepts:	10.896697044372559
losses_train/representations:	5.645403861999512
losses_train/total:	3.2694406509399414
losses_test/task:	1.164199709892273
losses_test/concepts:	18.14417266845703
losses_test/representations:	10.988197326660156
losses_test/total:	6.275076866149902
calibration_test/ece:	0.10910401493310928
calibration_test/brier:	0.3700411021709442
accuracy_test/task:	74.6461857093545
accuracy_test/concepts:	96.39712524414062
map_test/concepts:	0.9376995374759038

Epoch 190
losses_train/task:	0.5024884939193726
losses_train/concepts:	11.031346321105957
losses_train/representations:	5.778042316436768
losses_train/total:	3.339036464691162
losses_test/task:	1.1733684539794922
losses_test/concepts:	18.504568099975586
losses_test/representations:	10.864886283874512
losses_test/total:	6.283292770385742
calibration_test/ece:	0.11020270735025406
calibration_test/brier:	0.37092629075050354
accuracy_test/task:	74.6461857093545
accuracy_test/concepts:	96.43971252441406
map_test/concepts:	0.9384475886821747

Epoch 191
losses_train/task:	0.5004255771636963
losses_train/concepts:	11.205562591552734
losses_train/representations:	5.750235557556152
losses_train/total:	3.3460521697998047
losses_test/task:	1.167492151260376
losses_test/concepts:	17.93146324157715
losses_test/representations:	10.88581657409668
losses_test/total:	6.226383686065674
calibration_test/ece:	0.10557566583156586
calibration_test/brier:	0.36921873688697815
accuracy_test/task:	74.93959268208492
accuracy_test/concepts:	96.38994598388672
map_test/concepts:	0.9388253013292949

Epoch 192
losses_train/task:	0.5231568217277527
losses_train/concepts:	11.64990520477295
losses_train/representations:	5.95973014831543
losses_train/total:	3.4760663509368896
losses_test/task:	1.1747055053710938
losses_test/concepts:	18.26363182067871
losses_test/representations:	10.911653518676758
losses_test/total:	6.274564266204834
calibration_test/ece:	0.11013652384281158
calibration_test/brier:	0.37252017855644226
accuracy_test/task:	74.33551950293408
accuracy_test/concepts:	96.40776824951172
map_test/concepts:	0.9377503325541814

Epoch 193
losses_train/task:	0.49557650089263916
losses_train/concepts:	11.16882610321045
losses_train/representations:	5.855051040649414
losses_train/total:	3.368974447250366
losses_test/task:	1.1814556121826172
losses_test/concepts:	18.534061431884766
losses_test/representations:	10.964518547058105
losses_test/total:	6.324216842651367
calibration_test/ece:	0.108055479824543
calibration_test/brier:	0.3727986514568329
accuracy_test/task:	74.62892647566449
accuracy_test/concepts:	96.4152603149414
map_test/concepts:	0.9374238520860672

Epoch 194
losses_train/task:	0.5150712728500366
losses_train/concepts:	11.851133346557617
losses_train/representations:	6.189296722412109
losses_train/total:	3.556973457336426
losses_test/task:	1.1803852319717407
losses_test/concepts:	18.419708251953125
losses_test/representations:	10.989075660705566
losses_test/total:	6.319077491760254
calibration_test/ece:	0.11027529835700989
calibration_test/brier:	0.37200310826301575
accuracy_test/task:	74.43907490507422
accuracy_test/concepts:	96.39138793945312
map_test/concepts:	0.9380169630050659

Epoch 195
losses_train/task:	0.5091906189918518
losses_train/concepts:	11.675141334533691
losses_train/representations:	5.9513983726501465
losses_train/total:	3.4621245861053467
losses_test/task:	1.1653116941452026
losses_test/concepts:	18.26781463623047
losses_test/representations:	10.960003852844238
losses_test/total:	6.280093669891357
calibration_test/ece:	0.10941426455974579
calibration_test/brier:	0.37047767639160156
accuracy_test/task:	74.7152226441146
accuracy_test/concepts:	96.4115219116211
map_test/concepts:	0.9381662925084432

Epoch 196
losses_train/task:	0.4449504613876343
losses_train/concepts:	10.104825973510742
losses_train/representations:	5.260166168212891
losses_train/total:	3.0334835052490234
losses_test/task:	1.1784179210662842
losses_test/concepts:	18.781810760498047
losses_test/representations:	10.989163398742676
losses_test/total:	6.3533477783203125
calibration_test/ece:	0.11004933714866638
calibration_test/brier:	0.3705025315284729
accuracy_test/task:	74.74974111149464
accuracy_test/concepts:	96.40201568603516
map_test/concepts:	0.937335075934728

Epoch 197
losses_train/task:	0.4910237789154053
losses_train/concepts:	10.933467864990234
losses_train/representations:	5.650720119476318
losses_train/total:	3.2795867919921875
losses_test/task:	1.1764922142028809
losses_test/concepts:	18.2541446685791
losses_test/representations:	10.935270309448242
losses_test/total:	6.28248929977417
calibration_test/ece:	0.10453037917613983
calibration_test/brier:	0.3686862587928772
accuracy_test/task:	75.00862961684501
accuracy_test/concepts:	96.3879165649414
map_test/concepts:	0.9372875998417537

Epoch 198
losses_train/task:	0.5052053928375244
losses_train/concepts:	11.328246116638184
losses_train/representations:	5.943572521209717
losses_train/total:	3.421102285385132
losses_test/task:	1.177269458770752
losses_test/concepts:	18.072603225708008
losses_test/representations:	10.90499210357666
losses_test/total:	6.256026744842529
calibration_test/ece:	0.10645212233066559
calibration_test/brier:	0.36922571063041687
accuracy_test/task:	75.04314808422507
accuracy_test/concepts:	96.39453887939453
map_test/concepts:	0.9375994255145391

Epoch 199
losses_train/task:	0.5058015584945679
losses_train/concepts:	11.533538818359375
losses_train/representations:	6.00772762298584
losses_train/total:	3.4614741802215576
losses_test/task:	1.1595209836959839
losses_test/concepts:	18.023765563964844
losses_test/representations:	10.894503593444824
losses_test/total:	6.230247974395752
calibration_test/ece:	0.10396884381771088
calibration_test/brier:	0.36727315187454224
accuracy_test/task:	75.14670348636521
accuracy_test/concepts:	96.42472839355469
map_test/concepts:	0.9384999175866445

Epoch 200
losses_train/task:	0.45892849564552307
losses_train/concepts:	10.527640342712402
losses_train/representations:	5.515661716461182
losses_train/total:	3.166390895843506
losses_test/task:	1.1789237260818481
losses_test/concepts:	18.295734405517578
losses_test/representations:	11.005243301391602
losses_test/total:	6.310068607330322
calibration_train/ece:	0.017829669639468193
calibration_train/brier:	0.11520583182573318
accuracy_train/task:	91.19510135135135
calibration_test/ece:	0.11384198069572449
calibration_test/brier:	0.37393274903297424
accuracy_test/task:	74.43907490507422
accuracy_train/concepts:	98.4223861694336
map_train/concepts:	0.9900569568077723
accuracy_test/concepts:	96.35799407958984
map_test/concepts:	0.9366275161504746
accuracy_test/nuisances_task:	-0.3352276407755338
accuracy_test/nuisances_nontask:	0.0
mutual_inf_test/nuisances_task:	-0.009379214508271403
mutual_inf_test/nuisances_nontask:	0.0

Epoch 201
losses_train/task:	0.501025915145874
losses_train/concepts:	10.960811614990234
losses_train/representations:	5.759077548980713
losses_train/total:	3.3248300552368164
losses_test/task:	1.1657437086105347
losses_test/concepts:	18.18621063232422
losses_test/representations:	10.9129638671875
losses_test/total:	6.258254528045654
calibration_test/ece:	0.11018843948841095
calibration_test/brier:	0.36917760968208313
accuracy_test/task:	74.74974111149464
accuracy_test/concepts:	96.37873840332031
map_test/concepts:	0.9373122175534566

Epoch 202
losses_train/task:	0.48973414301872253
losses_train/concepts:	10.997793197631836
losses_train/representations:	5.816666603088379
losses_train/total:	3.3345136642456055
losses_test/task:	1.1656891107559204
losses_test/concepts:	18.069515228271484
losses_test/representations:	10.917945861816406
losses_test/total:	6.2480244636535645
calibration_test/ece:	0.10974830389022827
calibration_test/brier:	0.36867189407348633
accuracy_test/task:	74.81877804625475
accuracy_test/concepts:	96.38275909423828
map_test/concepts:	0.9369679768880208

Epoch 203
losses_train/task:	0.4673730731010437
losses_train/concepts:	10.749534606933594
losses_train/representations:	5.491008758544922
losses_train/total:	3.1896286010742188
losses_test/task:	1.1639231443405151
losses_test/concepts:	18.166837692260742
losses_test/representations:	10.891545295715332
losses_test/total:	6.248072147369385
calibration_test/ece:	0.111642986536026
calibration_test/brier:	0.3692920207977295
accuracy_test/task:	74.5771487745944
accuracy_test/concepts:	96.4037857055664
map_test/concepts:	0.9369616478681564

Epoch 204
losses_train/task:	0.4669886529445648
losses_train/concepts:	10.556497573852539
losses_train/representations:	5.421158790588379
losses_train/total:	3.1489861011505127
losses_test/task:	1.160567045211792
losses_test/concepts:	18.010847091674805
losses_test/representations:	10.84365177154541
losses_test/total:	6.214748382568359
calibration_test/ece:	0.11005677282810211
calibration_test/brier:	0.3677543103694916
accuracy_test/task:	74.7152226441146
accuracy_test/concepts:	96.39855194091797
map_test/concepts:	0.9378233303626379

Epoch 205
losses_train/task:	0.4606710970401764
losses_train/concepts:	10.451879501342773
losses_train/representations:	5.411794662475586
losses_train/total:	3.129397392272949
losses_test/task:	1.1580665111541748
losses_test/concepts:	18.040279388427734
losses_test/representations:	10.878364562988281
losses_test/total:	6.225605487823486
calibration_test/ece:	0.10920591652393341
calibration_test/brier:	0.3673321008682251
accuracy_test/task:	74.69796341042458
accuracy_test/concepts:	96.38591766357422
map_test/concepts:	0.9371029873689015

Epoch 206
losses_train/task:	0.457614541053772
losses_train/concepts:	10.688457489013672
losses_train/representations:	5.519721031188965
losses_train/total:	3.1823761463165283
losses_test/task:	1.1619027853012085
losses_test/concepts:	18.071006774902344
losses_test/representations:	10.875717163085938
losses_test/total:	6.231719493865967
calibration_test/ece:	0.11025795340538025
calibration_test/brier:	0.36757805943489075
accuracy_test/task:	74.66344494304452
accuracy_test/concepts:	96.39999389648438
map_test/concepts:	0.9371952424446742

Epoch 207
losses_train/task:	0.46861532330513
losses_train/concepts:	10.674001693725586
losses_train/representations:	5.446440696716309
losses_train/total:	3.169948101043701
losses_test/task:	1.1653472185134888
losses_test/concepts:	18.188610076904297
losses_test/representations:	10.889963150024414
losses_test/total:	6.25119686126709
calibration_test/ece:	0.11129733175039291
calibration_test/brier:	0.3684355616569519
accuracy_test/task:	74.59440800828443
accuracy_test/concepts:	96.39599609375
map_test/concepts:	0.9375724256038666

Epoch 208
losses_train/task:	0.4907166361808777
losses_train/concepts:	10.902568817138672
losses_train/representations:	5.654239654541016
losses_train/total:	3.2772459983825684
losses_test/task:	1.1563422679901123
losses_test/concepts:	18.01294708251953
losses_test/representations:	10.837682723999023
losses_test/total:	6.208940505981445
calibration_test/ece:	0.10861486941576004
calibration_test/brier:	0.3655099868774414
accuracy_test/task:	74.85329651363479
accuracy_test/concepts:	96.41899108886719
map_test/concepts:	0.9378757317860921

Epoch 209
losses_train/task:	0.49507513642311096
losses_train/concepts:	11.21503734588623
losses_train/representations:	5.832925319671631
losses_train/total:	3.3664565086364746
losses_test/task:	1.1548064947128296
losses_test/concepts:	17.994821548461914
losses_test/representations:	10.804553031921387
losses_test/total:	6.19565486907959
calibration_test/ece:	0.10746511816978455
calibration_test/brier:	0.3654395043849945
accuracy_test/task:	75.09492578529513
accuracy_test/concepts:	96.44258117675781
map_test/concepts:	0.9378037561972936

Epoch 210
losses_train/task:	0.47362926602363586
losses_train/concepts:	10.767743110656738
losses_train/representations:	5.559924125671387
losses_train/total:	3.21838116645813
losses_test/task:	1.1550536155700684
losses_test/concepts:	17.8995304107666
losses_test/representations:	10.823114395141602
losses_test/total:	6.191941738128662
calibration_test/ece:	0.10892836004495621
calibration_test/brier:	0.3656257688999176
accuracy_test/task:	74.81877804625475
accuracy_test/concepts:	96.4307861328125
map_test/concepts:	0.9376695265372594

Epoch 211
losses_train/task:	0.45598989725112915
losses_train/concepts:	10.243561744689941
losses_train/representations:	5.301161766052246
losses_train/total:	3.070695400238037
losses_test/task:	1.1559697389602661
losses_test/concepts:	17.89754295349121
losses_test/representations:	10.81603717803955
losses_test/total:	6.190536022186279
calibration_test/ece:	0.1084926575422287
calibration_test/brier:	0.3652939200401306
accuracy_test/task:	74.99137038315499
accuracy_test/concepts:	96.42994689941406
map_test/concepts:	0.9377269009749095

Epoch 212
losses_train/task:	0.48816511034965515
losses_train/concepts:	11.164246559143066
losses_train/representations:	5.729150772094727
losses_train/total:	3.3233351707458496
losses_test/task:	1.1585193872451782
losses_test/concepts:	18.17632293701172
losses_test/representations:	10.829829216003418
losses_test/total:	6.225100517272949
calibration_test/ece:	0.1075875461101532
calibration_test/brier:	0.365689754486084
accuracy_test/task:	74.93959268208492
accuracy_test/concepts:	96.42707061767578
map_test/concepts:	0.9382005979617437

Epoch 213
losses_train/task:	0.5129072070121765
losses_train/concepts:	11.253358840942383
losses_train/representations:	5.910009384155273
losses_train/total:	3.411245584487915
losses_test/task:	1.1521224975585938
losses_test/concepts:	18.030534744262695
losses_test/representations:	10.765482902526855
losses_test/total:	6.184820652008057
calibration_test/ece:	0.10832929611206055
calibration_test/brier:	0.364839643239975
accuracy_test/task:	75.00862961684501
accuracy_test/concepts:	96.45121765136719
map_test/concepts:	0.9382373144229254

Epoch 214
losses_train/task:	0.4571726620197296
losses_train/concepts:	10.31200122833252
losses_train/representations:	5.318118572235107
losses_train/total:	3.083808660507202
losses_test/task:	1.162021279335022
losses_test/concepts:	18.056537628173828
losses_test/representations:	10.849051475524902
losses_test/total:	6.222390174865723
calibration_test/ece:	0.11135722696781158
calibration_test/brier:	0.36609548330307007
accuracy_test/task:	74.73248187780463
accuracy_test/concepts:	96.45840454101562
map_test/concepts:	0.9378272672494252

Epoch 215
losses_train/task:	0.4820379912853241
losses_train/concepts:	11.164012908935547
losses_train/representations:	5.783768177032471
losses_train/total:	3.333569288253784
losses_test/task:	1.1587425470352173
losses_test/concepts:	18.04978370666504
losses_test/representations:	10.83520221710205
losses_test/total:	6.214280605316162
calibration_test/ece:	0.10914464294910431
calibration_test/brier:	0.3661350905895233
accuracy_test/task:	74.9223334483949
accuracy_test/concepts:	96.45034790039062
map_test/concepts:	0.9375852018594741

Epoch 216
losses_train/task:	0.455718994140625
losses_train/concepts:	10.412605285644531
losses_train/representations:	5.398035526275635
losses_train/total:	3.1163902282714844
losses_test/task:	1.1601442098617554
losses_test/concepts:	18.013317108154297
losses_test/representations:	10.828999519348145
losses_test/total:	6.21017599105835
calibration_test/ece:	0.10735517740249634
calibration_test/brier:	0.3669849932193756
accuracy_test/task:	74.97411114946496
accuracy_test/concepts:	96.41930389404297
map_test/concepts:	0.938111608227094

Epoch 217
losses_train/task:	0.4664101004600525
losses_train/concepts:	10.420247077941895
losses_train/representations:	5.404599189758301
losses_train/total:	3.129814386367798
losses_test/task:	1.1539671421051025
losses_test/concepts:	17.982839584350586
losses_test/representations:	10.799208641052246
losses_test/total:	6.192013263702393
calibration_test/ece:	0.10797099769115448
calibration_test/brier:	0.36576032638549805
accuracy_test/task:	74.90507421470487
accuracy_test/concepts:	96.42158508300781
map_test/concepts:	0.9389445414145787

Epoch 218
losses_train/task:	0.5008625388145447
losses_train/concepts:	11.252472877502441
losses_train/representations:	5.79048490524292
losses_train/total:	3.363255262374878
losses_test/task:	1.152622938156128
losses_test/concepts:	17.99041175842285
losses_test/representations:	10.776480674743652
losses_test/total:	6.1846089363098145
calibration_test/ece:	0.10933832824230194
calibration_test/brier:	0.3654137849807739
accuracy_test/task:	74.83603727994478
accuracy_test/concepts:	96.43854522705078
map_test/concepts:	0.9379190812508266

Epoch 219
losses_train/task:	0.4945167601108551
losses_train/concepts:	11.316349029541016
losses_train/representations:	5.666665554046631
losses_train/total:	3.3261516094207764
losses_test/task:	1.156822681427002
losses_test/concepts:	18.023839950561523
losses_test/representations:	10.80724811553955
losses_test/total:	6.201379776000977
calibration_test/ece:	0.10796898603439331
calibration_test/brier:	0.36618101596832275
accuracy_test/task:	74.99137038315499
accuracy_test/concepts:	96.44807434082031
map_test/concepts:	0.9385149578253428

Epoch 220
losses_train/task:	0.4769333600997925
losses_train/concepts:	10.93508529663086
losses_train/representations:	5.6355814933776855
losses_train/total:	3.261115789413452
losses_test/task:	1.1618400812149048
losses_test/concepts:	18.071874618530273
losses_test/representations:	10.8060884475708
losses_test/total:	6.2108540534973145
calibration_test/ece:	0.10908568650484085
calibration_test/brier:	0.3659069240093231
accuracy_test/task:	74.95685191577493
accuracy_test/concepts:	96.46040344238281
map_test/concepts:	0.9385710418224334

Epoch 221
losses_train/task:	0.4542350471019745
losses_train/concepts:	10.198861122131348
losses_train/representations:	5.286065578460693
losses_train/total:	3.059940814971924
losses_test/task:	1.1603662967681885
losses_test/concepts:	18.06349754333496
losses_test/representations:	10.79236125946045
losses_test/total:	6.204424858093262
calibration_test/ece:	0.10988220572471619
calibration_test/brier:	0.36555132269859314
accuracy_test/task:	74.90507421470487
accuracy_test/concepts:	96.45783996582031
map_test/concepts:	0.9382429470618566

Epoch 222
losses_train/task:	0.4591064453125
losses_train/concepts:	10.72473430633545
losses_train/representations:	5.434710502624512
losses_train/total:	3.1619927883148193
losses_test/task:	1.1523747444152832
losses_test/concepts:	18.045621871948242
losses_test/representations:	10.744329452514648
losses_test/total:	6.180236339569092
calibration_test/ece:	0.1094374805688858
calibration_test/brier:	0.3648972511291504
accuracy_test/task:	74.87055574732481
accuracy_test/concepts:	96.4624252319336
map_test/concepts:	0.938603937625885

Epoch 223
losses_train/task:	0.46305522322654724
losses_train/concepts:	10.696666717529297
losses_train/representations:	5.506414413452148
losses_train/total:	3.184645652770996
losses_test/task:	1.1550912857055664
losses_test/concepts:	18.02348518371582
losses_test/representations:	10.770536422729492
losses_test/total:	6.188601970672607
calibration_test/ece:	0.10826738178730011
calibration_test/brier:	0.36468762159347534
accuracy_test/task:	74.99137038315499
accuracy_test/concepts:	96.46100616455078
map_test/concepts:	0.938983624180158

Epoch 224
losses_train/task:	0.44603297114372253
losses_train/concepts:	10.088868141174316
losses_train/representations:	5.29705286026001
losses_train/total:	3.0440356731414795
losses_test/task:	1.1607412099838257
losses_test/concepts:	18.083742141723633
losses_test/representations:	10.822498321533203
losses_test/total:	6.215864658355713
calibration_test/ece:	0.10930771380662918
calibration_test/brier:	0.366021990776062
accuracy_test/task:	74.90507421470487
accuracy_test/concepts:	96.4575424194336
map_test/concepts:	0.938526130716006

Epoch 225
losses_train/task:	0.4940759539604187
losses_train/concepts:	11.083256721496582
losses_train/representations:	5.675862789154053
losses_train/total:	3.3051605224609375
losses_test/task:	1.1599128246307373
losses_test/concepts:	18.08330726623535
losses_test/representations:	10.770227432250977
losses_test/total:	6.199313640594482
calibration_test/ece:	0.10871496796607971
calibration_test/brier:	0.365337073802948
accuracy_test/task:	75.02588885053504
accuracy_test/concepts:	96.46501922607422
map_test/concepts:	0.9383547614018123

Epoch 226
losses_train/task:	0.5030981302261353
losses_train/concepts:	11.135699272155762
losses_train/representations:	5.740750789642334
losses_train/total:	3.3388941287994385
losses_test/task:	1.1522843837738037
losses_test/concepts:	18.024503707885742
losses_test/representations:	10.724979400634766
losses_test/total:	6.172230243682861
calibration_test/ece:	0.10966266691684723
calibration_test/brier:	0.3650316596031189
accuracy_test/task:	74.90507421470487
accuracy_test/concepts:	96.48342895507812
map_test/concepts:	0.9393483887116114

Epoch 227
losses_train/task:	0.4728732407093048
losses_train/concepts:	10.675694465637207
losses_train/representations:	5.522879123687744
losses_train/total:	3.1973071098327637
losses_test/task:	1.1558480262756348
losses_test/concepts:	17.961612701416016
losses_test/representations:	10.73965835571289
losses_test/total:	6.17390775680542
calibration_test/ece:	0.11096060276031494
calibration_test/brier:	0.3648693561553955
accuracy_test/task:	74.81877804625475
accuracy_test/concepts:	96.48169708251953
map_test/concepts:	0.9389017055432002

Epoch 228
losses_train/task:	0.49132204055786133
losses_train/concepts:	10.725335121154785
losses_train/representations:	5.546278476715088
losses_train/total:	3.227738857269287
losses_test/task:	1.1490426063537598
losses_test/concepts:	17.91684341430664
losses_test/representations:	10.723492622375488
losses_test/total:	6.157775402069092
calibration_test/ece:	0.10690182447433472
calibration_test/brier:	0.3641381859779358
accuracy_test/task:	75.02588885053504
accuracy_test/concepts:	96.46674346923828
map_test/concepts:	0.9387094110250473

Epoch 229
losses_train/task:	0.49580514430999756
losses_train/concepts:	11.316062927246094
losses_train/representations:	5.835104942321777
losses_train/total:	3.3779428005218506
losses_test/task:	1.1498600244522095
losses_test/concepts:	18.002702713012695
losses_test/representations:	10.701799392700195
losses_test/total:	6.160670757293701
calibration_test/ece:	0.10935477912425995
calibration_test/brier:	0.3643830120563507
accuracy_test/task:	74.99137038315499
accuracy_test/concepts:	96.50359344482422
map_test/concepts:	0.9392983943223954

Epoch 230
losses_train/task:	0.48886197805404663
losses_train/concepts:	10.809295654296875
losses_train/representations:	5.494251728057861
losses_train/total:	3.2180674076080322
losses_test/task:	1.153633713722229
losses_test/concepts:	17.968854904174805
losses_test/representations:	10.761289596557617
losses_test/total:	6.1789069175720215
calibration_test/ece:	0.11100442707538605
calibration_test/brier:	0.3650967478752136
accuracy_test/task:	74.80151881256472
accuracy_test/concepts:	96.4704818725586
map_test/concepts:	0.938945683836937

Epoch 231
losses_train/task:	0.44918251037597656
losses_train/concepts:	10.351532936096191
losses_train/representations:	5.357274055480957
losses_train/total:	3.0915184020996094
losses_test/task:	1.1529237031936646
losses_test/concepts:	17.967988967895508
losses_test/representations:	10.7481050491333
losses_test/total:	6.174152851104736
calibration_test/ece:	0.10835801064968109
calibration_test/brier:	0.36424222588539124
accuracy_test/task:	75.04314808422507
accuracy_test/concepts:	96.46131134033203
map_test/concepts:	0.9390389114618302

Epoch 232
losses_train/task:	0.45493611693382263
losses_train/concepts:	10.034097671508789
losses_train/representations:	5.241570472717285
losses_train/total:	3.0308170318603516
losses_test/task:	1.147579550743103
losses_test/concepts:	17.876665115356445
losses_test/representations:	10.71522331237793
losses_test/total:	6.149813652038574
calibration_test/ece:	0.10996214300394058
calibration_test/brier:	0.3635379374027252
accuracy_test/task:	74.90507421470487
accuracy_test/concepts:	96.48831939697266
map_test/concepts:	0.9392116785049438

Epoch 233
losses_train/task:	0.4718596041202545
losses_train/concepts:	10.65463924407959
losses_train/representations:	5.473217010498047
losses_train/total:	3.179288625717163
losses_test/task:	1.1543480157852173
losses_test/concepts:	18.003841400146484
losses_test/representations:	10.776765823364258
losses_test/total:	6.187760353088379
calibration_test/ece:	0.10966232419013977
calibration_test/brier:	0.36430495977401733
accuracy_test/task:	74.99137038315499
accuracy_test/concepts:	96.46989440917969
map_test/concepts:	0.9390047351519267

Epoch 234
losses_train/task:	0.47028136253356934
losses_train/concepts:	10.574609756469727
losses_train/representations:	5.324642181396484
losses_train/total:	3.1251351833343506
losses_test/task:	1.143855094909668
losses_test/concepts:	17.970964431762695
losses_test/representations:	10.684977531433105
losses_test/total:	6.146445274353027
calibration_test/ece:	0.10722732543945312
calibration_test/brier:	0.36242613196372986
accuracy_test/task:	75.06040731791508
accuracy_test/concepts:	96.47394561767578
map_test/concepts:	0.9393926352262497

Epoch 235
losses_train/task:	0.46214810013771057
losses_train/concepts:	10.84433650970459
losses_train/representations:	5.5191969871521
losses_train/total:	3.2023415565490723
losses_test/task:	1.14734947681427
losses_test/concepts:	17.83708953857422
losses_test/representations:	10.710678100585938
losses_test/total:	6.144261360168457
calibration_test/ece:	0.10975222289562225
calibration_test/brier:	0.36396583914756775
accuracy_test/task:	74.85329651363479
accuracy_test/concepts:	96.46705627441406
map_test/concepts:	0.939162266254425

Epoch 236
losses_train/task:	0.4753493368625641
losses_train/concepts:	10.912342071533203
losses_train/representations:	5.567849159240723
losses_train/total:	3.236938238143921
losses_test/task:	1.1548681259155273
losses_test/concepts:	18.005596160888672
losses_test/representations:	10.7416353225708
losses_test/total:	6.177918910980225
calibration_test/ece:	0.10981711745262146
calibration_test/brier:	0.36456072330474854
accuracy_test/task:	74.88781498101484
accuracy_test/concepts:	96.48601531982422
map_test/concepts:	0.9393016954263051

Epoch 237
losses_train/task:	0.45625418424606323
losses_train/concepts:	10.69981861114502
losses_train/representations:	5.392076015472412
losses_train/total:	3.1438589096069336
losses_test/task:	1.1510872840881348
losses_test/concepts:	17.877277374267578
losses_test/representations:	10.751810073852539
losses_test/total:	6.164358615875244
calibration_test/ece:	0.10983069241046906
calibration_test/brier:	0.36396726965904236
accuracy_test/task:	74.7842595788747
accuracy_test/concepts:	96.46244812011719
map_test/concepts:	0.9388749907414119

Epoch 238
losses_train/task:	0.48193076252937317
losses_train/concepts:	11.047232627868652
losses_train/representations:	5.592358589172363
losses_train/total:	3.264362335205078
losses_test/task:	1.1453062295913696
losses_test/concepts:	17.79463005065918
losses_test/representations:	10.711714744567871
losses_test/total:	6.1382832527160645
calibration_test/ece:	0.10895276069641113
calibration_test/brier:	0.363168329000473
accuracy_test/task:	74.90507421470487
accuracy_test/concepts:	96.47305297851562
map_test/concepts:	0.9393096605936686

Epoch 239
losses_train/task:	0.4718097150325775
losses_train/concepts:	10.651390075683594
losses_train/representations:	5.539135932922363
losses_train/total:	3.1986896991729736
losses_test/task:	1.1470903158187866
losses_test/concepts:	17.87965202331543
losses_test/representations:	10.73607063293457
losses_test/total:	6.155878067016602
calibration_test/ece:	0.1079513430595398
calibration_test/brier:	0.36299431324005127
accuracy_test/task:	75.02588885053504
accuracy_test/concepts:	96.4704818725586
map_test/concepts:	0.9391930311918258

Epoch 240
losses_train/task:	0.4783673882484436
losses_train/concepts:	10.92631721496582
losses_train/representations:	5.537832260131836
losses_train/total:	3.232348680496216
losses_test/task:	1.1479885578155518
losses_test/concepts:	17.813615798950195
losses_test/representations:	10.726845741271973
losses_test/total:	6.147404193878174
calibration_test/ece:	0.10896392166614532
calibration_test/brier:	0.3624242842197418
accuracy_test/task:	75.06040731791508
accuracy_test/concepts:	96.47306823730469
map_test/concepts:	0.9391530434290568

Epoch 241
losses_train/task:	0.4852133095264435
losses_train/concepts:	11.052456855773926
losses_train/representations:	5.620611190795898
losses_train/total:	3.2766427993774414
losses_test/task:	1.1440733671188354
losses_test/concepts:	17.797710418701172
losses_test/representations:	10.714557647705078
losses_test/total:	6.13821268081665
calibration_test/ece:	0.10839670896530151
calibration_test/brier:	0.36231204867362976
accuracy_test/task:	75.06040731791508
accuracy_test/concepts:	96.47740936279297
map_test/concepts:	0.9392500827709834

Epoch 242
losses_train/task:	0.45113441348075867
losses_train/concepts:	10.40208911895752
losses_train/representations:	5.299131393432617
losses_train/total:	3.081082344055176
losses_test/task:	1.140934705734253
losses_test/concepts:	17.72571563720703
losses_test/representations:	10.687153816223145
losses_test/total:	6.119652271270752
calibration_test/ece:	0.10915251076221466
calibration_test/brier:	0.3622928559780121
accuracy_test/task:	74.93959268208492
accuracy_test/concepts:	96.47481536865234
map_test/concepts:	0.9393326848745346

Epoch 243
losses_train/task:	0.4643150269985199
losses_train/concepts:	10.593849182128906
losses_train/representations:	5.384646892547607
losses_train/total:	3.1390938758850098
losses_test/task:	1.1437413692474365
losses_test/concepts:	17.77267837524414
losses_test/representations:	10.720220565795898
losses_test/total:	6.137075901031494
calibration_test/ece:	0.10825308412313461
calibration_test/brier:	0.36215367913246155
accuracy_test/task:	74.93959268208492
accuracy_test/concepts:	96.47623443603516
map_test/concepts:	0.938976126909256

Epoch 244
losses_train/task:	0.48894527554512024
losses_train/concepts:	11.036617279052734
losses_train/representations:	5.701745510101318
losses_train/total:	3.303131341934204
losses_test/task:	1.1474851369857788
losses_test/concepts:	17.844308853149414
losses_test/representations:	10.747533798217773
losses_test/total:	6.156176567077637
calibration_test/ece:	0.10832750797271729
calibration_test/brier:	0.36412760615348816
accuracy_test/task:	74.95685191577493
accuracy_test/concepts:	96.4638671875
map_test/concepts:	0.9387655387322108

Epoch 245
losses_train/task:	0.46020257472991943
losses_train/concepts:	10.427556991577148
losses_train/representations:	5.471924304962158
losses_train/total:	3.144535779953003
losses_test/task:	1.1531565189361572
losses_test/concepts:	17.806617736816406
losses_test/representations:	10.74557876586914
losses_test/total:	6.157492160797119
calibration_test/ece:	0.11199717223644257
calibration_test/brier:	0.3636607229709625
accuracy_test/task:	74.81877804625475
accuracy_test/concepts:	96.48861694335938
map_test/concepts:	0.9393648614486059

Epoch 246
losses_train/task:	0.47376155853271484
losses_train/concepts:	10.611448287963867
losses_train/representations:	5.691653251647949
losses_train/total:	3.2424027919769287
losses_test/task:	1.143399715423584
losses_test/concepts:	17.79404067993164
losses_test/representations:	10.679813385009766
losses_test/total:	6.1267476081848145
calibration_test/ece:	0.10861614346504211
calibration_test/brier:	0.36197715997695923
accuracy_test/task:	75.02588885053504
accuracy_test/concepts:	96.48629760742188
map_test/concepts:	0.9396749864021937

Epoch 247
losses_train/task:	0.43010690808296204
losses_train/concepts:	9.904350280761719
losses_train/representations:	5.028690814971924
losses_train/total:	2.9291491508483887
losses_test/task:	1.1463801860809326
losses_test/concepts:	17.8662166595459
losses_test/representations:	10.705225944519043
losses_test/total:	6.144571304321289
calibration_test/ece:	0.11014901846647263
calibration_test/brier:	0.36259526014328003
accuracy_test/task:	74.80151881256472
accuracy_test/concepts:	96.47823333740234
map_test/concepts:	0.9387270281712214

Epoch 248
losses_train/task:	0.4589248597621918
losses_train/concepts:	10.510112762451172
losses_train/representations:	5.435334205627441
losses_train/total:	3.140536308288574
losses_test/task:	1.1463648080825806
losses_test/concepts:	17.780942916870117
losses_test/representations:	10.733779907226562
losses_test/total:	6.14459228515625
calibration_test/ece:	0.10897660255432129
calibration_test/brier:	0.3621789515018463
accuracy_test/task:	74.93959268208492
accuracy_test/concepts:	96.4776840209961
map_test/concepts:	0.9392244468132654

Epoch 249
losses_train/task:	0.4379429817199707
losses_train/concepts:	10.491430282592773
losses_train/representations:	5.31807804107666
losses_train/total:	3.0825092792510986
losses_test/task:	1.1501818895339966
losses_test/concepts:	17.836748123168945
losses_test/representations:	10.726699829101562
losses_test/total:	6.151866912841797
calibration_test/ece:	0.10924831032752991
calibration_test/brier:	0.36252620816230774
accuracy_test/task:	74.97411114946496
accuracy_test/concepts:	96.47767639160156
map_test/concepts:	0.9392480095227559

Epoch 250
losses_train/task:	0.45690783858299255
losses_train/concepts:	10.419333457946777
losses_train/representations:	5.449095726013184
losses_train/total:	3.1335701942443848
losses_test/task:	1.1383042335510254
losses_test/concepts:	17.712480545043945
losses_test/representations:	10.667458534240723
losses_test/total:	6.109790325164795
calibration_train/ece:	0.01958535797894001
calibration_train/brier:	0.11608192324638367
accuracy_train/task:	91.13175675675676
calibration_test/ece:	0.10740714520215988
calibration_test/brier:	0.36175259947776794
accuracy_test/task:	74.95685191577493
accuracy_train/concepts:	98.28022003173828
map_train/concepts:	0.9863160073757171
accuracy_test/concepts:	96.4710693359375
map_test/concepts:	0.9396242250998815
accuracy_test/nuisances_task:	-0.27979910373687744
accuracy_test/nuisances_nontask:	0.0
mutual_inf_test/nuisances_task:	-0.007977419860550203
mutual_inf_test/nuisances_nontask:	0.0

epoch_250.pt
groups=0 err_lowconf=25.043 err_random=25.043
groups=1 err_lowconf=23.559 err_random=23.559
groups=2 err_lowconf=21.988 err_random=21.988
groups=3 err_lowconf=19.693 err_random=19.693
groups=4 err_lowconf=18.795 err_random=18.795
groups=5 err_lowconf=16.690 err_random=16.690
groups=6 err_lowconf=15.119 err_random=15.119
groups=7 err_lowconf=12.168 err_random=12.168
groups=8 err_lowconf=10.580 err_random=10.580
groups=9 err_lowconf=11.443 err_random=11.443
groups=10 err_lowconf=11.270 err_random=11.270
groups=11 err_lowconf=11.305 err_random=11.305
groups=12 err_lowconf=11.719 err_random=11.719
[1;34mwandb[0m:
[1;34mwandb[0m: You can sync this run to the cloud by running:
[1;34mwandb[0m: [1mwandb sync /research/hal-afsharim/minimal_cbm/results/cub12-mcbm-03/43/wandb/offline-run-20260727_210023-9bj161o9[0m
[1;34mwandb[0m: Find logs at: [1;35mresults/cub12-mcbm-03/43/wandb/offline-run-20260727_210023-9bj161o9/logs[0m
