
===== launch 2026-07-28 10:06:11.815692 gpu3 =====
wandb: Using wandb-core as the SDK backend.  Please refer to https://wandb.me/wandb-core for more information.
wandb: Tracking run with wandb version 0.19.0
wandb: W&B syncing is set to `offline` in this directory.  
wandb: Run `wandb online` or set WANDB_MODE=online to enable cloud syncing.
/research/hal-afsharim/miniconda3/envs/mcbm/lib/python3.10/site-packages/torchvision/models/_utils.py:208: UserWarning: The parameter 'pretrained' is deprecated since 0.13 and will be removed in 0.15, please use 'weights' instead.
  warnings.warn(
/research/hal-afsharim/miniconda3/envs/mcbm/lib/python3.10/site-packages/torchvision/models/_utils.py:223: UserWarning: Arguments other than a weight enum or `None` for 'weights' are deprecated since 0.13 and will be removed in 0.15. The current behavior is equivalent to passing `weights=Inception_V3_Weights.IMAGENET1K_V1`. You can also use `weights=Inception_V3_Weights.DEFAULT` to get the most up-to-date weights.
  warnings.warn(msg)
Epoch 1
losses_train/task:	5.317844867706299
losses_train/concepts:	65.96346282958984
losses_train/total:	11.914192199707031
losses_test/task:	5.275611877441406
losses_test/concepts:	54.75839614868164
losses_test/total:	10.75145149230957
calibration_test/ece:	0.005435999017208815
calibration_test/brier:	0.9947736859321594
accuracy_test/task:	0.5177770107007249
accuracy_test/concepts:	64.15130615234375
map_test/concepts:	0.4009203905409033

Epoch 2
losses_train/task:	5.071987152099609
losses_train/concepts:	49.418853759765625
losses_train/total:	10.013871192932129
losses_test/task:	5.181089401245117
losses_test/concepts:	64.7925796508789
losses_test/total:	11.66034984588623
calibration_test/ece:	0.023298801854252815
calibration_test/brier:	0.9946827292442322
accuracy_test/task:	1.052813255091474
accuracy_test/concepts:	71.19183349609375
map_test/concepts:	0.39667095000093633

Epoch 3
losses_train/task:	4.471207141876221
losses_train/concepts:	45.1492919921875
losses_train/total:	8.986135482788086
losses_test/task:	4.746355056762695
losses_test/concepts:	53.83003234863281
losses_test/total:	10.129358291625977
calibration_test/ece:	0.007362630683928728
calibration_test/brier:	0.9877176880836487
accuracy_test/task:	2.882292026234035
accuracy_test/concepts:	72.43260955810547
map_test/concepts:	0.44926178319887683

Epoch 4
losses_train/task:	4.115072727203369
losses_train/concepts:	42.88982391357422
losses_train/total:	8.40405559539795
losses_test/task:	4.1496148109436035
losses_test/concepts:	45.73487854003906
losses_test/total:	8.723102569580078
calibration_test/ece:	0.03159119561314583
calibration_test/brier:	0.9753456711769104
accuracy_test/task:	5.591991715567829
accuracy_test/concepts:	77.32010650634766
map_test/concepts:	0.548726025223732

Epoch 5
losses_train/task:	3.772294044494629
losses_train/concepts:	40.22500228881836
losses_train/total:	7.794795036315918
losses_test/task:	4.032057285308838
losses_test/concepts:	47.05263900756836
losses_test/total:	8.737321853637695
calibration_test/ece:	0.08123796433210373
calibration_test/brier:	0.9776241779327393
accuracy_test/task:	8.353469105971694
accuracy_test/concepts:	76.1954345703125
map_test/concepts:	0.5687160806222396

Epoch 6
losses_train/task:	3.4371867179870605
losses_train/concepts:	38.03644561767578
losses_train/total:	7.240830898284912
losses_test/task:	3.3679213523864746
losses_test/concepts:	40.42060852050781
losses_test/total:	7.409981727600098
calibration_test/ece:	0.05348043888807297
calibration_test/brier:	0.9318206310272217
accuracy_test/task:	15.067311011391094
accuracy_test/concepts:	81.35249328613281
map_test/concepts:	0.6413731873035431

Epoch 7
losses_train/task:	3.2396085262298584
losses_train/concepts:	37.34321212768555
losses_train/total:	6.9739298820495605
losses_test/task:	3.5594677925109863
losses_test/concepts:	44.09587097167969
losses_test/total:	7.96905517578125
calibration_test/ece:	0.07446014136075974
calibration_test/brier:	0.9508868455886841
accuracy_test/task:	13.63479461511909
accuracy_test/concepts:	80.25826263427734
map_test/concepts:	0.6210579904642972

Epoch 8
losses_train/task:	3.007556915283203
losses_train/concepts:	35.76528549194336
losses_train/total:	6.584084987640381
losses_test/task:	3.1709184646606445
losses_test/concepts:	37.14655303955078
losses_test/total:	6.885575294494629
calibration_test/ece:	0.08186792582273483
calibration_test/brier:	0.9090216159820557
accuracy_test/task:	20.22782188470832
accuracy_test/concepts:	80.4029312133789
map_test/concepts:	0.6757938292893496

Epoch 9
losses_train/task:	2.7634646892547607
losses_train/concepts:	33.80868148803711
losses_train/total:	6.1443328857421875
losses_test/task:	2.821263551712036
losses_test/concepts:	35.650936126708984
losses_test/total:	6.386356830596924
calibration_test/ece:	0.09335065633058548
calibration_test/brier:	0.8818691968917847
accuracy_test/task:	24.145667932343805
accuracy_test/concepts:	82.97362518310547
map_test/concepts:	0.6956249437548897

Epoch 10
losses_train/task:	2.5360589027404785
losses_train/concepts:	32.1568489074707
losses_train/total:	5.751743316650391
losses_test/task:	2.781965494155884
losses_test/concepts:	37.11658477783203
losses_test/total:	6.493625164031982
calibration_test/ece:	0.09176032990217209
calibration_test/brier:	0.857086718082428
accuracy_test/task:	26.33759061097687
accuracy_test/concepts:	83.24065399169922
map_test/concepts:	0.6977982130917636

Epoch 11
losses_train/task:	2.449223041534424
losses_train/concepts:	31.511722564697266
losses_train/total:	5.6003947257995605
losses_test/task:	2.5668840408325195
losses_test/concepts:	33.30329132080078
losses_test/total:	5.897213459014893
calibration_test/ece:	0.07373323291540146
calibration_test/brier:	0.8103532195091248
accuracy_test/task:	31.08387987573352
accuracy_test/concepts:	82.45770263671875
map_test/concepts:	0.7210783010179346

Epoch 12
losses_train/task:	2.2503018379211426
losses_train/concepts:	30.352787017822266
losses_train/total:	5.285581111907959
losses_test/task:	2.702118158340454
losses_test/concepts:	34.904518127441406
losses_test/total:	6.192569255828857
calibration_test/ece:	0.10976891219615936
calibration_test/brier:	0.8318185210227966
accuracy_test/task:	30.065585088022093
accuracy_test/concepts:	81.72341918945312
map_test/concepts:	0.725187873840332

Epoch 13
losses_train/task:	2.1637275218963623
losses_train/concepts:	29.269128799438477
losses_train/total:	5.090640068054199
losses_test/task:	2.327457904815674
losses_test/concepts:	33.226600646972656
losses_test/total:	5.650117874145508
calibration_test/ece:	0.08875536173582077
calibration_test/brier:	0.7672019004821777
accuracy_test/task:	37.43527787366241
accuracy_test/concepts:	85.72378540039062
map_test/concepts:	0.7604555173353715

Epoch 14
losses_train/task:	2.0223045349121094
losses_train/concepts:	28.02125358581543
losses_train/total:	4.8244309425354
losses_test/task:	2.2025647163391113
losses_test/concepts:	30.42552375793457
losses_test/total:	5.2451171875
calibration_test/ece:	0.10549230128526688
calibration_test/brier:	0.7343351244926453
accuracy_test/task:	40.42112530203659
accuracy_test/concepts:	85.49691009521484
map_test/concepts:	0.7713584460995414

Epoch 15
losses_train/task:	2.0217559337615967
losses_train/concepts:	27.41269302368164
losses_train/total:	4.763024806976318
losses_test/task:	2.5195565223693848
losses_test/concepts:	36.608558654785156
losses_test/total:	6.180412292480469
calibration_test/ece:	0.09730209410190582
calibration_test/brier:	0.7879471182823181
accuracy_test/task:	35.70935450465999
accuracy_test/concepts:	85.34439849853516
map_test/concepts:	0.7426577768542549

Epoch 16
losses_train/task:	1.8574661016464233
losses_train/concepts:	25.99100112915039
losses_train/total:	4.456565856933594
losses_test/task:	2.2896387577056885
losses_test/concepts:	34.387569427490234
losses_test/total:	5.728395462036133
calibration_test/ece:	0.11554551124572754
calibration_test/brier:	0.7310799956321716
accuracy_test/task:	41.59475319295823
accuracy_test/concepts:	85.91678619384766
map_test/concepts:	0.7702998096292669

Epoch 17
losses_train/task:	1.8571683168411255
losses_train/concepts:	25.837146759033203
losses_train/total:	4.440882205963135
losses_test/task:	2.2789180278778076
losses_test/concepts:	31.110721588134766
losses_test/total:	5.38999080657959
calibration_test/ece:	0.12021860480308533
calibration_test/brier:	0.7460212707519531
accuracy_test/task:	41.00793924749741
accuracy_test/concepts:	85.85401153564453
map_test/concepts:	0.7834319775754756

Epoch 18
losses_train/task:	1.8022793531417847
losses_train/concepts:	25.508390426635742
losses_train/total:	4.353118419647217
losses_test/task:	2.1523540019989014
losses_test/concepts:	30.31766700744629
losses_test/total:	5.184120178222656
calibration_test/ece:	0.12520809471607208
calibration_test/brier:	0.7128018736839294
accuracy_test/task:	44.011045909561616
accuracy_test/concepts:	87.67816925048828
map_test/concepts:	0.7955785816366022

Epoch 19
losses_train/task:	1.7348657846450806
losses_train/concepts:	24.777435302734375
losses_train/total:	4.21260929107666
losses_test/task:	2.081329345703125
losses_test/concepts:	29.58656120300293
losses_test/total:	5.039985656738281
calibration_test/ece:	0.10922356694936752
calibration_test/brier:	0.6847862005233765
accuracy_test/task:	46.16845012081463
accuracy_test/concepts:	88.4030532836914
map_test/concepts:	0.8076257033781572

Epoch 20
losses_train/task:	1.554915428161621
losses_train/concepts:	22.481063842773438
losses_train/total:	3.8030219078063965
losses_test/task:	2.0462117195129395
losses_test/concepts:	29.20769500732422
losses_test/total:	4.966981410980225
calibration_test/ece:	0.1565563976764679
calibration_test/brier:	0.6779882311820984
accuracy_test/task:	47.997928891957194
accuracy_test/concepts:	88.4033432006836
map_test/concepts:	0.8266856659542431

Epoch 21
losses_train/task:	1.5305311679840088
losses_train/concepts:	22.323511123657227
losses_train/total:	3.7628822326660156
losses_test/task:	1.8841153383255005
losses_test/concepts:	27.23621368408203
losses_test/total:	4.6077375411987305
calibration_test/ece:	0.09818058460950851
calibration_test/brier:	0.6386226415634155
accuracy_test/task:	50.58681394546082
accuracy_test/concepts:	87.75159454345703
map_test/concepts:	0.8216363278302279

Epoch 22
losses_train/task:	1.5184744596481323
losses_train/concepts:	21.933061599731445
losses_train/total:	3.711780548095703
losses_test/task:	1.8439009189605713
losses_test/concepts:	26.877655029296875
losses_test/total:	4.531667232513428
calibration_test/ece:	0.1388670951128006
calibration_test/brier:	0.6321374773979187
accuracy_test/task:	51.98481187435278
accuracy_test/concepts:	88.9534683227539
map_test/concepts:	0.8375331791964444

Epoch 23
losses_train/task:	1.5001678466796875
losses_train/concepts:	21.78909683227539
losses_train/total:	3.6790771484375
losses_test/task:	2.0939419269561768
losses_test/concepts:	30.24603843688965
losses_test/total:	5.118546485900879
calibration_test/ece:	0.14368917047977448
calibration_test/brier:	0.6817446351051331
accuracy_test/task:	47.065930272695894
accuracy_test/concepts:	88.4607925415039
map_test/concepts:	0.8191184228116816

Epoch 24
losses_train/task:	1.4269901514053345
losses_train/concepts:	21.00074005126953
losses_train/total:	3.527064323425293
losses_test/task:	2.097898244857788
losses_test/concepts:	30.32284164428711
losses_test/total:	5.130182266235352
calibration_test/ece:	0.16737937927246094
calibration_test/brier:	0.6686368584632874
accuracy_test/task:	49.37866758715913
accuracy_test/concepts:	89.20262908935547
map_test/concepts:	0.8379577885974537

Epoch 25
losses_train/task:	1.486318826675415
losses_train/concepts:	21.19427490234375
losses_train/total:	3.605746269226074
losses_test/task:	1.871387004852295
losses_test/concepts:	27.232818603515625
losses_test/total:	4.594668388366699
calibration_test/ece:	0.11332312226295471
calibration_test/brier:	0.6196027994155884
accuracy_test/task:	52.0711080428029
accuracy_test/concepts:	88.76422119140625
map_test/concepts:	0.8384710658680309

Epoch 26
losses_train/task:	1.4697741270065308
losses_train/concepts:	20.520715713500977
losses_train/total:	3.521846055984497
losses_test/task:	2.2374470233917236
losses_test/concepts:	35.00923538208008
losses_test/total:	5.738370418548584
calibration_test/ece:	0.17702090740203857
calibration_test/brier:	0.6929448246955872
accuracy_test/task:	48.56748360372799
accuracy_test/concepts:	89.01026153564453
map_test/concepts:	0.8318950577215715

Epoch 27
losses_train/task:	1.3845041990280151
losses_train/concepts:	19.56032943725586
losses_train/total:	3.3405368328094482
losses_test/task:	1.9935033321380615
losses_test/concepts:	28.440692901611328
losses_test/total:	4.837573528289795
calibration_test/ece:	0.15378466248512268
calibration_test/brier:	0.6485157608985901
accuracy_test/task:	51.65688643424232
accuracy_test/concepts:	90.20427703857422
map_test/concepts:	0.8508396582169966

Epoch 28
losses_train/task:	1.2960273027420044
losses_train/concepts:	18.79770851135254
losses_train/total:	3.175798177719116
losses_test/task:	1.9805610179901123
losses_test/concepts:	33.5185432434082
losses_test/total:	5.332415580749512
calibration_test/ece:	0.14636683464050293
calibration_test/brier:	0.6374226212501526
accuracy_test/task:	51.74318260269244
accuracy_test/concepts:	90.19486999511719
map_test/concepts:	0.8546921773390337

Epoch 29
losses_train/task:	1.3401389122009277
losses_train/concepts:	19.139236450195312
losses_train/total:	3.2540624141693115
losses_test/task:	1.9242585897445679
losses_test/concepts:	29.814594268798828
losses_test/total:	4.9057183265686035
calibration_test/ece:	0.15088921785354614
calibration_test/brier:	0.6228174567222595
accuracy_test/task:	54.17673455298585
accuracy_test/concepts:	89.94570922851562
map_test/concepts:	0.8549161878499117

Epoch 30
losses_train/task:	1.3283647298812866
losses_train/concepts:	18.740482330322266
losses_train/total:	3.2024128437042236
losses_test/task:	2.2337887287139893
losses_test/concepts:	33.841957092285156
losses_test/total:	5.617985248565674
calibration_test/ece:	0.1719953417778015
calibration_test/brier:	0.6859992742538452
accuracy_test/task:	48.23955816361754
accuracy_test/concepts:	88.72187805175781
map_test/concepts:	0.8252359433607621

Epoch 31
losses_train/task:	1.2755420207977295
losses_train/concepts:	18.821908950805664
losses_train/total:	3.157733201980591
losses_test/task:	1.758094310760498
losses_test/concepts:	24.652477264404297
losses_test/total:	4.223341941833496
calibration_test/ece:	0.14362825453281403
calibration_test/brier:	0.5978477001190186
accuracy_test/task:	55.695547117707974
accuracy_test/concepts:	90.19896697998047
map_test/concepts:	0.8661512862552296

Epoch 32
losses_train/task:	1.259364366531372
losses_train/concepts:	17.724672317504883
losses_train/total:	3.031832218170166
losses_test/task:	1.7115367650985718
losses_test/concepts:	24.536516189575195
losses_test/total:	4.165187358856201
calibration_test/ece:	0.13328325748443604
calibration_test/brier:	0.5704934597015381
accuracy_test/task:	57.66309975837073
accuracy_test/concepts:	90.81055450439453
map_test/concepts:	0.8750819444656373

Epoch 33
losses_train/task:	1.2672119140625
losses_train/concepts:	18.444236755371094
losses_train/total:	3.111635684967041
losses_test/task:	1.8979750871658325
losses_test/concepts:	29.36625862121582
losses_test/total:	4.834601402282715
calibration_test/ece:	0.14198638498783112
calibration_test/brier:	0.5970807671546936
accuracy_test/task:	56.00621332412841
accuracy_test/concepts:	90.98881530761719
map_test/concepts:	0.8650453990156001

Epoch 34
losses_train/task:	1.2532504796981812
losses_train/concepts:	17.725109100341797
losses_train/total:	3.025761604309082
losses_test/task:	2.7829272747039795
losses_test/concepts:	46.8277587890625
losses_test/total:	7.46570348739624
calibration_test/ece:	0.21846511960029602
calibration_test/brier:	0.7703182101249695
accuracy_test/task:	43.61408353469106
accuracy_test/concepts:	87.13090515136719
map_test/concepts:	0.8050323648886247

Epoch 35
losses_train/task:	1.1303609609603882
losses_train/concepts:	16.201852798461914
losses_train/total:	2.7505457401275635
losses_test/task:	1.5341987609863281
losses_test/concepts:	21.83997344970703
losses_test/total:	3.718195676803589
calibration_test/ece:	0.12834079563617706
calibration_test/brier:	0.526287317276001
accuracy_test/task:	61.563686572316186
accuracy_test/concepts:	91.94087219238281
map_test/concepts:	0.8985547477548773

Epoch 36
losses_train/task:	1.0939416885375977
losses_train/concepts:	15.846163749694824
losses_train/total:	2.678558111190796
losses_test/task:	1.67534601688385
losses_test/concepts:	24.110105514526367
losses_test/total:	4.0863566398620605
calibration_test/ece:	0.1340731978416443
calibration_test/brier:	0.5590081810951233
accuracy_test/task:	58.83672764929237
accuracy_test/concepts:	91.53164672851562
map_test/concepts:	0.8849437572739342

Epoch 37
losses_train/task:	1.1040253639221191
losses_train/concepts:	15.951934814453125
losses_train/total:	2.699218988418579
losses_test/task:	1.8274818658828735
losses_test/concepts:	27.08884048461914
losses_test/total:	4.536365509033203
calibration_test/ece:	0.15787628293037415
calibration_test/brier:	0.5819395184516907
accuracy_test/task:	57.317915084570245
accuracy_test/concepts:	91.31389617919922
map_test/concepts:	0.8862063852223483

Epoch 38
losses_train/task:	1.1453008651733398
losses_train/concepts:	16.246919631958008
losses_train/total:	2.7699925899505615
losses_test/task:	2.0711581707000732
losses_test/concepts:	28.26178741455078
losses_test/total:	4.897337436676025
calibration_test/ece:	0.16750125586986542
calibration_test/brier:	0.6245664358139038
accuracy_test/task:	54.22851225405592
accuracy_test/concepts:	89.99968719482422
map_test/concepts:	0.8657591819763184

Epoch 39
losses_train/task:	1.1715291738510132
losses_train/concepts:	16.501554489135742
losses_train/total:	2.8216845989227295
losses_test/task:	1.8125419616699219
losses_test/concepts:	27.540483474731445
losses_test/total:	4.566590785980225
calibration_test/ece:	0.16739709675312042
calibration_test/brier:	0.5848117470741272
accuracy_test/task:	57.594062823610635
accuracy_test/concepts:	91.50375366210938
map_test/concepts:	0.8834243460135026

Epoch 40
losses_train/task:	1.0759793519973755
losses_train/concepts:	15.417913436889648
losses_train/total:	2.6177706718444824
losses_test/task:	1.5153948068618774
losses_test/concepts:	22.72177505493164
losses_test/total:	3.7875726222991943
calibration_test/ece:	0.11990008503198624
calibration_test/brier:	0.5068845152854919
accuracy_test/task:	63.22057300655851
accuracy_test/concepts:	92.49381256103516
map_test/concepts:	0.898832596432079

Epoch 41
losses_train/task:	1.0444514751434326
losses_train/concepts:	14.916996002197266
losses_train/total:	2.5361509323120117
losses_test/task:	1.8183202743530273
losses_test/concepts:	26.559167861938477
losses_test/total:	4.474236011505127
calibration_test/ece:	0.15255782008171082
calibration_test/brier:	0.5843052268028259
accuracy_test/task:	57.62858129099068
accuracy_test/concepts:	91.97383117675781
map_test/concepts:	0.87957942052321

Epoch 42
losses_train/task:	1.074894666671753
losses_train/concepts:	15.338953018188477
losses_train/total:	2.608790397644043
losses_test/task:	1.654520869255066
losses_test/concepts:	25.777795791625977
losses_test/total:	4.232300758361816
calibration_test/ece:	0.1319035142660141
calibration_test/brier:	0.5351051092147827
accuracy_test/task:	61.14946496375561
accuracy_test/concepts:	91.66535186767578
map_test/concepts:	0.8876238649541681

Epoch 43
losses_train/task:	1.022991418838501
losses_train/concepts:	14.176258087158203
losses_train/total:	2.440617322921753
losses_test/task:	1.6531774997711182
losses_test/concepts:	25.176435470581055
losses_test/total:	4.170820713043213
calibration_test/ece:	0.14649711549282074
calibration_test/brier:	0.5411891341209412
accuracy_test/task:	60.856057991025196
accuracy_test/concepts:	92.17969512939453
map_test/concepts:	0.8913174965164878

Epoch 44
losses_train/task:	1.0138860940933228
losses_train/concepts:	14.52578353881836
losses_train/total:	2.466464042663574
losses_test/task:	1.763156533241272
losses_test/concepts:	27.902809143066406
losses_test/total:	4.553437232971191
calibration_test/ece:	0.16470354795455933
calibration_test/brier:	0.5598019957542419
accuracy_test/task:	59.90680013807387
accuracy_test/concepts:	92.0758285522461
map_test/concepts:	0.8889223770661787

Epoch 45
losses_train/task:	1.0636178255081177
losses_train/concepts:	15.057018280029297
losses_train/total:	2.569319248199463
losses_test/task:	2.595374345779419
losses_test/concepts:	38.131019592285156
losses_test/total:	6.408477306365967
calibration_test/ece:	0.22463838756084442
calibration_test/brier:	0.7383444309234619
accuracy_test/task:	45.94408008284432
accuracy_test/concepts:	88.62866973876953
map_test/concepts:	0.8256509022279219

Epoch 46
losses_train/task:	1.0051829814910889
losses_train/concepts:	14.31359577178955
losses_train/total:	2.436542272567749
losses_test/task:	1.7964935302734375
losses_test/concepts:	27.7025203704834
losses_test/total:	4.566745758056641
calibration_test/ece:	0.1713920533657074
calibration_test/brier:	0.5564903616905212
accuracy_test/task:	60.68346565412496
accuracy_test/concepts:	92.43323516845703
map_test/concepts:	0.8940356926484542

Epoch 47
losses_train/task:	0.9646841883659363
losses_train/concepts:	13.563085556030273
losses_train/total:	2.3209927082061768
losses_test/task:	1.6613267660140991
losses_test/concepts:	23.866167068481445
losses_test/total:	4.047944068908691
calibration_test/ece:	0.156180277466774
calibration_test/brier:	0.5238697528839111
accuracy_test/task:	63.4276838108388
accuracy_test/concepts:	92.41189575195312
map_test/concepts:	0.900998615134846

Epoch 48
losses_train/task:	0.972394585609436
losses_train/concepts:	13.815954208374023
losses_train/total:	2.3539905548095703
losses_test/task:	2.1051087379455566
losses_test/concepts:	32.592308044433594
losses_test/total:	5.3643388748168945
calibration_test/ece:	0.18266138434410095
calibration_test/brier:	0.5995392203330994
accuracy_test/task:	57.7148774594408
accuracy_test/concepts:	91.71117401123047
map_test/concepts:	0.8724974740635265

Epoch 49
losses_train/task:	0.9560227394104004
losses_train/concepts:	13.561273574829102
losses_train/total:	2.312150239944458
losses_test/task:	1.7020920515060425
losses_test/concepts:	25.335922241210938
losses_test/total:	4.235684871673584
calibration_test/ece:	0.16314971446990967
calibration_test/brier:	0.5385610461235046
accuracy_test/task:	61.68450120814636
accuracy_test/concepts:	93.0401382446289
map_test/concepts:	0.9002863222902472

Epoch 50
losses_train/task:	0.8995243906974792
losses_train/concepts:	12.772377967834473
losses_train/total:	2.176762580871582
losses_test/task:	1.613290548324585
losses_test/concepts:	24.232589721679688
losses_test/total:	4.036550045013428
calibration_test/ece:	0.14121246337890625
calibration_test/brier:	0.5139680504798889
accuracy_test/task:	63.80738695201933
accuracy_test/concepts:	92.67924499511719
map_test/concepts:	0.9038104046474803

Epoch 51
losses_train/task:	0.9052551984786987
losses_train/concepts:	12.87023639678955
losses_train/total:	2.1922786235809326
losses_test/task:	1.5342698097229004
losses_test/concepts:	22.842662811279297
losses_test/total:	3.818535804748535
calibration_test/ece:	0.13542252779006958
calibration_test/brier:	0.49401581287384033
accuracy_test/task:	65.18812564722127
accuracy_test/concepts:	93.07056427001953
map_test/concepts:	0.9100232286886736

Epoch 52
losses_train/task:	0.953873336315155
losses_train/concepts:	13.586750030517578
losses_train/total:	2.3125483989715576
losses_test/task:	1.7051929235458374
losses_test/concepts:	26.671722412109375
losses_test/total:	4.372364521026611
calibration_test/ece:	0.15440300107002258
calibration_test/brier:	0.5287010669708252
accuracy_test/task:	63.18605453917846
accuracy_test/concepts:	92.60176086425781
map_test/concepts:	0.9015608971769159

Epoch 53
losses_train/task:	0.9599428176879883
losses_train/concepts:	13.623285293579102
losses_train/total:	2.3222711086273193
losses_test/task:	1.671932578086853
losses_test/concepts:	25.11925506591797
losses_test/total:	4.183858394622803
calibration_test/ece:	0.15173161029815674
calibration_test/brier:	0.5337566137313843
accuracy_test/task:	62.15050051777701
accuracy_test/concepts:	92.43511199951172
map_test/concepts:	0.8972513328899037

Epoch 54
losses_train/task:	0.8865141272544861
losses_train/concepts:	12.51989459991455
losses_train/total:	2.1385035514831543
losses_test/task:	1.6176681518554688
losses_test/concepts:	22.96120834350586
losses_test/total:	3.9137895107269287
calibration_test/ece:	0.16176071763038635
calibration_test/brier:	0.5164461731910706
accuracy_test/task:	64.61857093545046
accuracy_test/concepts:	93.19546508789062
map_test/concepts:	0.9141503518277948

Epoch 55
losses_train/task:	0.880885660648346
losses_train/concepts:	12.647899627685547
losses_train/total:	2.1456756591796875
losses_test/task:	1.6736664772033691
losses_test/concepts:	24.749698638916016
losses_test/total:	4.148636817932129
calibration_test/ece:	0.15635177493095398
calibration_test/brier:	0.5199233889579773
accuracy_test/task:	63.962720055229546
accuracy_test/concepts:	92.64221954345703
map_test/concepts:	0.9061891696669838

Epoch 56
losses_train/task:	0.8616099953651428
losses_train/concepts:	12.346708297729492
losses_train/total:	2.0962812900543213
losses_test/task:	1.6766480207443237
losses_test/concepts:	26.42772674560547
losses_test/total:	4.319421291351318
calibration_test/ece:	0.15702959895133972
calibration_test/brier:	0.5258735418319702
accuracy_test/task:	63.44494304452882
accuracy_test/concepts:	93.44307708740234
map_test/concepts:	0.904918308691545

Epoch 57
losses_train/task:	0.9227473735809326
losses_train/concepts:	12.927536010742188
losses_train/total:	2.215500831604004
losses_test/task:	1.5377295017242432
losses_test/concepts:	23.62215232849121
losses_test/total:	3.89994478225708
calibration_test/ece:	0.13414226472377777
calibration_test/brier:	0.5025108456611633
accuracy_test/task:	63.962720055229546
accuracy_test/concepts:	92.7824935913086
map_test/concepts:	0.9040549310770902

Epoch 58
losses_train/task:	0.8175686597824097
losses_train/concepts:	11.511189460754395
losses_train/total:	1.9686875343322754
losses_test/task:	1.615722894668579
losses_test/concepts:	23.73642349243164
losses_test/total:	3.9893651008605957
calibration_test/ece:	0.16241240501403809
calibration_test/brier:	0.5044324994087219
accuracy_test/task:	65.67138419054194
accuracy_test/concepts:	93.56855773925781
map_test/concepts:	0.9161522442644293

Epoch 59
losses_train/task:	0.8478116393089294
losses_train/concepts:	11.764421463012695
losses_train/total:	2.024254083633423
losses_test/task:	1.7886910438537598
losses_test/concepts:	28.6881103515625
losses_test/total:	4.657501220703125
calibration_test/ece:	0.1742280125617981
calibration_test/brier:	0.5484954118728638
accuracy_test/task:	62.01242664825682
accuracy_test/concepts:	92.92935180664062
map_test/concepts:	0.8959626902233471

Epoch 60
losses_train/task:	0.9062680602073669
losses_train/concepts:	12.882094383239746
losses_train/total:	2.1944780349731445
losses_test/task:	1.5267221927642822
losses_test/concepts:	24.53875160217285
losses_test/total:	3.980598211288452
calibration_test/ece:	0.12664707005023956
calibration_test/brier:	0.48450392484664917
accuracy_test/task:	66.0683465654125
accuracy_test/concepts:	93.39159393310547
map_test/concepts:	0.9073803413997997

Epoch 61
losses_train/task:	0.7908084392547607
losses_train/concepts:	11.329631805419922
losses_train/total:	1.923771619796753
losses_test/task:	1.625387191772461
losses_test/concepts:	26.40045166015625
losses_test/total:	4.265432357788086
calibration_test/ece:	0.1536325365304947
calibration_test/brier:	0.5117202401161194
accuracy_test/task:	63.80738695201933
accuracy_test/concepts:	93.49513244628906
map_test/concepts:	0.9073510256680575

Epoch 62
losses_train/task:	0.8371133804321289
losses_train/concepts:	11.524261474609375
losses_train/total:	1.9895392656326294
losses_test/task:	1.607404351234436
losses_test/concepts:	24.92340850830078
losses_test/total:	4.099745273590088
calibration_test/ece:	0.16709694266319275
calibration_test/brier:	0.5139110684394836
accuracy_test/task:	63.8591646530894
accuracy_test/concepts:	93.58709716796875
map_test/concepts:	0.9135214892300693

Epoch 63
losses_train/task:	0.747961163520813
losses_train/concepts:	10.367913246154785
losses_train/total:	1.784752368927002
losses_test/task:	1.70577871799469
losses_test/concepts:	23.972057342529297
losses_test/total:	4.10298490524292
calibration_test/ece:	0.1740870475769043
calibration_test/brier:	0.505562961101532
accuracy_test/task:	65.58508802209182
accuracy_test/concepts:	93.20330810546875
map_test/concepts:	0.913134351643649

Epoch 64
losses_train/task:	0.7935231328010559
losses_train/concepts:	11.073973655700684
losses_train/total:	1.9009203910827637
losses_test/task:	1.5542004108428955
losses_test/concepts:	23.450897216796875
losses_test/total:	3.8992903232574463
calibration_test/ece:	0.1527600735425949
calibration_test/brier:	0.4931485652923584
accuracy_test/task:	65.68864342423197
accuracy_test/concepts:	93.2045669555664
map_test/concepts:	0.9144521193070845

Epoch 65
losses_train/task:	0.8055842518806458
losses_train/concepts:	11.438148498535156
losses_train/total:	1.9493989944458008
losses_test/task:	1.652443766593933
losses_test/concepts:	22.913787841796875
losses_test/total:	3.943821907043457
calibration_test/ece:	0.16428601741790771
calibration_test/brier:	0.5222368836402893
accuracy_test/task:	64.15257162581982
accuracy_test/concepts:	92.86316680908203
map_test/concepts:	0.9104793277653781

Epoch 66
losses_train/task:	0.8206955194473267
losses_train/concepts:	11.466569900512695
losses_train/total:	1.9673523902893066
losses_test/task:	1.6859593391418457
losses_test/concepts:	27.451284408569336
losses_test/total:	4.431087017059326
calibration_test/ece:	0.1642647534608841
calibration_test/brier:	0.5135400891304016
accuracy_test/task:	64.70486710390058
accuracy_test/concepts:	93.77790832519531
map_test/concepts:	0.9086540742353959

Epoch 67
losses_train/task:	0.7911437153816223
losses_train/concepts:	11.381180763244629
losses_train/total:	1.9292616844177246
losses_test/task:	1.515270471572876
losses_test/concepts:	24.33750343322754
losses_test/total:	3.9490199089050293
calibration_test/ece:	0.1434374451637268
calibration_test/brier:	0.4798777401447296
accuracy_test/task:	66.55160510873317
accuracy_test/concepts:	93.91594696044922
map_test/concepts:	0.9178727334195917

Epoch 68
losses_train/task:	0.7910617589950562
losses_train/concepts:	10.850350379943848
losses_train/total:	1.8760963678359985
losses_test/task:	1.7525726556777954
losses_test/concepts:	26.61157989501953
losses_test/total:	4.413731098175049
calibration_test/ece:	0.16718930006027222
calibration_test/brier:	0.5346372723579407
accuracy_test/task:	63.08249913703832
accuracy_test/concepts:	93.2111587524414
map_test/concepts:	0.9087582349777221

Epoch 69
losses_train/task:	0.7969833016395569
losses_train/concepts:	11.216984748840332
losses_train/total:	1.9186818599700928
losses_test/task:	1.8472505807876587
losses_test/concepts:	29.439559936523438
losses_test/total:	4.791206359863281
calibration_test/ece:	0.17267072200775146
calibration_test/brier:	0.5524027347564697
accuracy_test/task:	62.133241284086985
accuracy_test/concepts:	93.18731689453125
map_test/concepts:	0.8981210285967046

Epoch 70
losses_train/task:	0.7699640393257141
losses_train/concepts:	11.014718055725098
losses_train/total:	1.8714358806610107
losses_test/task:	1.707092523574829
losses_test/concepts:	26.33999252319336
losses_test/total:	4.341092586517334
calibration_test/ece:	0.17330461740493774
calibration_test/brier:	0.5133545994758606
accuracy_test/task:	65.46427338626165
accuracy_test/concepts:	93.56294250488281
map_test/concepts:	0.9119527437470176

Epoch 71
losses_train/task:	0.8034349083900452
losses_train/concepts:	11.13486099243164
losses_train/total:	1.9169214963912964
losses_test/task:	1.7393947839736938
losses_test/concepts:	27.775421142578125
losses_test/total:	4.516938209533691
calibration_test/ece:	0.16585755348205566
calibration_test/brier:	0.529342770576477
accuracy_test/task:	63.87642388677943
accuracy_test/concepts:	93.42485046386719
map_test/concepts:	0.9096570112488487

Epoch 72
losses_train/task:	0.8375318646430969
losses_train/concepts:	11.335739135742188
losses_train/total:	1.971105933189392
losses_test/task:	1.8162397146224976
losses_test/concepts:	29.826969146728516
losses_test/total:	4.79893684387207
calibration_test/ece:	0.16912075877189636
calibration_test/brier:	0.5449603199958801
accuracy_test/task:	61.89161201242665
accuracy_test/concepts:	92.96640014648438
map_test/concepts:	0.8974299701777372

Epoch 73
losses_train/task:	0.7828415036201477
losses_train/concepts:	10.865437507629395
losses_train/total:	1.8693852424621582
losses_test/task:	2.0499930381774902
losses_test/concepts:	34.77103042602539
losses_test/total:	5.527096748352051
calibration_test/ece:	0.19585517048835754
calibration_test/brier:	0.5869011878967285
accuracy_test/task:	59.87228167069382
accuracy_test/concepts:	91.7008285522461
map_test/concepts:	0.8832678816535257

Epoch 74
losses_train/task:	0.7151699662208557
losses_train/concepts:	10.12449836730957
losses_train/total:	1.7276196479797363
losses_test/task:	1.975648283958435
losses_test/concepts:	33.01387023925781
losses_test/total:	5.277035713195801
calibration_test/ece:	0.18392795324325562
calibration_test/brier:	0.5642989873886108
accuracy_test/task:	61.52916810493614
accuracy_test/concepts:	92.9764175415039
map_test/concepts:	0.8939023147929799

Epoch 75
losses_train/task:	0.7410709261894226
losses_train/concepts:	10.564018249511719
losses_train/total:	1.7974728345870972
losses_test/task:	1.561435580253601
losses_test/concepts:	23.839658737182617
losses_test/total:	3.945401191711426
calibration_test/ece:	0.15277238190174103
calibration_test/brier:	0.49336981773376465
accuracy_test/task:	65.96479116327235
accuracy_test/concepts:	93.62850952148438
map_test/concepts:	0.917587009343234

Epoch 76
losses_train/task:	0.681372880935669
losses_train/concepts:	9.818541526794434
losses_train/total:	1.6632269620895386
losses_test/task:	1.4405393600463867
losses_test/concepts:	22.34629249572754
losses_test/total:	3.675168037414551
calibration_test/ece:	0.15158520638942719
calibration_test/brier:	0.44465377926826477
accuracy_test/task:	69.79634104245771
accuracy_test/concepts:	94.45101165771484
map_test/concepts:	0.9306923974644054

Epoch 77
losses_train/task:	0.6929447650909424
losses_train/concepts:	9.999410629272461
losses_train/total:	1.6928858757019043
losses_test/task:	1.9783573150634766
losses_test/concepts:	28.447677612304688
losses_test/total:	4.823124408721924
calibration_test/ece:	0.19740086793899536
calibration_test/brier:	0.570988655090332
accuracy_test/task:	61.25302036589576
accuracy_test/concepts:	92.66703033447266
map_test/concepts:	0.9011825366453691

Epoch 78
losses_train/task:	0.7908071875572205
losses_train/concepts:	10.823883056640625
losses_train/total:	1.8731956481933594
losses_test/task:	1.6591379642486572
losses_test/concepts:	25.59944725036621
losses_test/total:	4.219082355499268
calibration_test/ece:	0.16293595731258392
calibration_test/brier:	0.5131552815437317
accuracy_test/task:	65.08457024508112
accuracy_test/concepts:	93.34233093261719
map_test/concepts:	0.9072027878327803

Epoch 79
losses_train/task:	0.7432124614715576
losses_train/concepts:	10.359009742736816
losses_train/total:	1.7791134119033813
losses_test/task:	1.589792251586914
losses_test/concepts:	26.17190170288086
losses_test/total:	4.206982135772705
calibration_test/ece:	0.15097665786743164
calibration_test/brier:	0.4848214089870453
accuracy_test/task:	66.37901277183293
accuracy_test/concepts:	93.9661636352539
map_test/concepts:	0.9118914875117216

Epoch 80
losses_train/task:	0.6976304650306702
losses_train/concepts:	9.928609848022461
losses_train/total:	1.6904914379119873
losses_test/task:	1.7842880487442017
losses_test/concepts:	28.13813018798828
losses_test/total:	4.598100662231445
calibration_test/ece:	0.1788005381822586
calibration_test/brier:	0.5133180022239685
accuracy_test/task:	65.60234725578184
accuracy_test/concepts:	93.69066619873047
map_test/concepts:	0.9111196138642051

Epoch 81
losses_train/task:	0.7220640778541565
losses_train/concepts:	10.007424354553223
losses_train/total:	1.7228063344955444
losses_test/task:	1.4833415746688843
losses_test/concepts:	22.559785842895508
losses_test/total:	3.7393202781677246
calibration_test/ece:	0.14892427623271942
calibration_test/brier:	0.47039780020713806
accuracy_test/task:	67.91508457024509
accuracy_test/concepts:	94.13092041015625
map_test/concepts:	0.9233748826113615

Epoch 82
losses_train/task:	0.6780436635017395
losses_train/concepts:	9.388669967651367
losses_train/total:	1.616910457611084
losses_test/task:	1.5577236413955688
losses_test/concepts:	24.82123374938965
losses_test/total:	4.039846420288086
calibration_test/ece:	0.15824538469314575
calibration_test/brier:	0.48594915866851807
accuracy_test/task:	66.67241974456334
accuracy_test/concepts:	94.02546691894531
map_test/concepts:	0.9202663269909945

Epoch 83
losses_train/task:	0.6673622727394104
losses_train/concepts:	9.212191581726074
losses_train/total:	1.5885813236236572
losses_test/task:	1.6375643014907837
losses_test/concepts:	26.46004867553711
losses_test/total:	4.283568859100342
calibration_test/ece:	0.15469278395175934
calibration_test/brier:	0.5109556913375854
accuracy_test/task:	64.54953400069037
accuracy_test/concepts:	93.52466583251953
map_test/concepts:	0.9071728576313366

Epoch 84
losses_train/task:	0.6739928722381592
losses_train/concepts:	9.512386322021484
losses_train/total:	1.6252318620681763
losses_test/task:	1.5700407028198242
losses_test/concepts:	24.897249221801758
losses_test/total:	4.059764385223389
calibration_test/ece:	0.15974237024784088
calibration_test/brier:	0.48473060131073
accuracy_test/task:	67.48360372799448
accuracy_test/concepts:	94.1993179321289
map_test/concepts:	0.9227809136564081

Epoch 85
losses_train/task:	0.6937376260757446
losses_train/concepts:	10.13050365447998
losses_train/total:	1.7067879438400269
losses_test/task:	1.8172821998596191
losses_test/concepts:	29.54735565185547
losses_test/total:	4.772017002105713
calibration_test/ece:	0.1894482970237732
calibration_test/brier:	0.5451204180717468
accuracy_test/task:	62.96168450120815
accuracy_test/concepts:	93.3460922241211
map_test/concepts:	0.902476890520616

Epoch 86
losses_train/task:	0.6307327747344971
losses_train/concepts:	8.818339347839355
losses_train/total:	1.5125669240951538
losses_test/task:	1.7141540050506592
losses_test/concepts:	26.13010025024414
losses_test/total:	4.327164649963379
calibration_test/ece:	0.17158646881580353
calibration_test/brier:	0.507641613483429
accuracy_test/task:	65.79219882637211
accuracy_test/concepts:	93.87263488769531
map_test/concepts:	0.91626769954508

Epoch 87
losses_train/task:	0.6312524080276489
losses_train/concepts:	8.70827865600586
losses_train/total:	1.5020803213119507
losses_test/task:	1.6050297021865845
losses_test/concepts:	26.360383987426758
losses_test/total:	4.241068363189697
calibration_test/ece:	0.16418872773647308
calibration_test/brier:	0.49046921730041504
accuracy_test/task:	67.31101139109424
accuracy_test/concepts:	94.19084167480469
map_test/concepts:	0.9188715414567428

Epoch 88
losses_train/task:	0.6931225657463074
losses_train/concepts:	9.631570816040039
losses_train/total:	1.6562798023223877
losses_test/task:	1.8339236974716187
losses_test/concepts:	28.598175048828125
losses_test/total:	4.693741798400879
calibration_test/ece:	0.17630966007709503
calibration_test/brier:	0.549647331237793
accuracy_test/task:	62.49568519157749
accuracy_test/concepts:	93.30183410644531
map_test/concepts:	0.9027478499846024

Epoch 89
losses_train/task:	0.646364688873291
losses_train/concepts:	9.19477367401123
losses_train/total:	1.5658423900604248
losses_test/task:	1.410415530204773
losses_test/concepts:	21.037479400634766
losses_test/total:	3.5141632556915283
calibration_test/ece:	0.1483478993177414
calibration_test/brier:	0.4423699975013733
accuracy_test/task:	69.88263721090783
accuracy_test/concepts:	94.6540298461914
map_test/concepts:	0.93525710105896

Epoch 90
losses_train/task:	0.668716549873352
losses_train/concepts:	9.467840194702148
losses_train/total:	1.6155004501342773
losses_test/task:	2.007815361022949
losses_test/concepts:	30.68634033203125
losses_test/total:	5.076449394226074
calibration_test/ece:	0.19655178487300873
calibration_test/brier:	0.5960886478424072
accuracy_test/task:	59.509837763203315
accuracy_test/concepts:	92.30709075927734
map_test/concepts:	0.8867355444214561

Epoch 91
losses_train/task:	0.7026379108428955
losses_train/concepts:	9.922009468078613
losses_train/total:	1.6948392391204834
losses_test/task:	1.6212211847305298
losses_test/concepts:	26.68465805053711
losses_test/total:	4.289686679840088
calibration_test/ece:	0.1682068407535553
calibration_test/brier:	0.48679104447364807
accuracy_test/task:	67.24197445633413
accuracy_test/concepts:	93.79010772705078
map_test/concepts:	0.918246509812095

Epoch 92
losses_train/task:	0.6589565277099609
losses_train/concepts:	9.35429859161377
losses_train/total:	1.5943862199783325
losses_test/task:	1.782551646232605
losses_test/concepts:	30.339000701904297
losses_test/total:	4.816450595855713
calibration_test/ece:	0.1713060587644577
calibration_test/brier:	0.5298439264297485
accuracy_test/task:	63.60027614773904
accuracy_test/concepts:	93.14434814453125
map_test/concepts:	0.9023548332127658

Epoch 93
losses_train/task:	0.6245986223220825
losses_train/concepts:	8.871116638183594
losses_train/total:	1.511710524559021
losses_test/task:	1.6748690605163574
losses_test/concepts:	26.99982261657715
losses_test/total:	4.374851226806641
calibration_test/ece:	0.17461255192756653
calibration_test/brier:	0.492671936750412
accuracy_test/task:	67.5698998964446
accuracy_test/concepts:	94.20121765136719
map_test/concepts:	0.9213244394822554

Epoch 94
losses_train/task:	0.639634907245636
losses_train/concepts:	9.079142570495605
losses_train/total:	1.5475491285324097
losses_test/task:	1.6140332221984863
losses_test/concepts:	25.57581901550293
losses_test/total:	4.171615123748779
calibration_test/ece:	0.16977575421333313
calibration_test/brier:	0.4793943464756012
accuracy_test/task:	68.19123230928547
accuracy_test/concepts:	94.32673645019531
map_test/concepts:	0.9240908763625405

Epoch 95
losses_train/task:	0.6459633111953735
losses_train/concepts:	9.259830474853516
losses_train/total:	1.571946620941162
losses_test/task:	1.6345913410186768
losses_test/concepts:	25.8769588470459
losses_test/total:	4.222286701202393
calibration_test/ece:	0.17197301983833313
calibration_test/brier:	0.4859861433506012
accuracy_test/task:	67.77701070072489
accuracy_test/concepts:	94.15225219726562
map_test/concepts:	0.9221403382041238

Epoch 96
losses_train/task:	0.6424704194068909
losses_train/concepts:	9.093052864074707
losses_train/total:	1.5517758131027222
losses_test/task:	1.6347111463546753
losses_test/concepts:	25.606422424316406
losses_test/total:	4.1953535079956055
calibration_test/ece:	0.1647413671016693
calibration_test/brier:	0.4953458607196808
accuracy_test/task:	66.68967897825337
accuracy_test/concepts:	93.46315002441406
map_test/concepts:	0.9162946235049855

Epoch 97
losses_train/task:	0.6231300830841064
losses_train/concepts:	8.711979866027832
losses_train/total:	1.4943283796310425
losses_test/task:	1.6007256507873535
losses_test/concepts:	24.9215145111084
losses_test/total:	4.0928778648376465
calibration_test/ece:	0.17004241049289703
calibration_test/brier:	0.47398367524147034
accuracy_test/task:	68.89886089057646
accuracy_test/concepts:	94.61448669433594
map_test/concepts:	0.9301176504655317

Epoch 98
losses_train/task:	0.6048197746276855
losses_train/concepts:	8.265974044799805
losses_train/total:	1.4314172267913818
losses_test/task:	1.5826770067214966
losses_test/concepts:	24.382152557373047
losses_test/total:	4.02089262008667
calibration_test/ece:	0.1664464771747589
calibration_test/brier:	0.46182629466056824
accuracy_test/task:	69.62374870555747
accuracy_test/concepts:	94.74879455566406
map_test/concepts:	0.9314372604543513

Epoch 99
losses_train/task:	0.6229469776153564
losses_train/concepts:	8.754185676574707
losses_train/total:	1.4983654022216797
losses_test/task:	1.6227831840515137
losses_test/concepts:	27.882640838623047
losses_test/total:	4.41104793548584
calibration_test/ece:	0.17252126336097717
calibration_test/brier:	0.4890778362751007
accuracy_test/task:	67.94960303762512
accuracy_test/concepts:	94.40738677978516
map_test/concepts:	0.9221449461850253

Epoch 100
losses_train/task:	0.6387538313865662
losses_train/concepts:	8.897176742553711
losses_train/total:	1.5284712314605713
losses_test/task:	1.570738434791565
losses_test/concepts:	24.80489730834961
losses_test/total:	4.051228046417236
calibration_train/ece:	0.018439320847392082
calibration_train/brier:	0.21094438433647156
accuracy_train/task:	83.48817567567568
calibration_test/ece:	0.16169175505638123
calibration_test/brier:	0.48032915592193604
accuracy_test/task:	67.69071453227477
accuracy_train/concepts:	94.8249282836914
map_train/concepts:	0.972892503304915
accuracy_test/concepts:	94.21002197265625
map_test/concepts:	0.9235692945393649
accuracy_test/nuisances_task:	-0.08629581384491503
accuracy_test/nuisances_nontask:	0.0
mutual_inf_test/nuisances_task:	0.004120259536542745
mutual_inf_test/nuisances_nontask:	0.0

Epoch 101
losses_train/task:	0.5533081293106079
losses_train/concepts:	7.709115028381348
losses_train/total:	1.324219822883606
losses_test/task:	1.2936195135116577
losses_test/concepts:	22.329120635986328
losses_test/total:	3.5265321731567383
calibration_test/ece:	0.13823102414608002
calibration_test/brier:	0.40052521228790283
accuracy_test/task:	73.23092854677252
accuracy_test/concepts:	95.43445587158203
map_test/concepts:	0.9427018848332491

Epoch 102
losses_train/task:	0.49786171317100525
losses_train/concepts:	7.181558132171631
losses_train/total:	1.2160176038742065
losses_test/task:	1.251983880996704
losses_test/concepts:	21.857608795166016
losses_test/total:	3.4377448558807373
calibration_test/ece:	0.13315635919570923
calibration_test/brier:	0.3875614106655121
accuracy_test/task:	74.54263030721437
accuracy_test/concepts:	95.69554138183594
map_test/concepts:	0.9462474107742309

Epoch 103
losses_train/task:	0.474724143743515
losses_train/concepts:	6.730423927307129
losses_train/total:	1.1477667093276978
losses_test/task:	1.250740885734558
losses_test/concepts:	21.92226791381836
losses_test/total:	3.442966938018799
calibration_test/ece:	0.13422009348869324
calibration_test/brier:	0.3834098279476166
accuracy_test/task:	74.76700034518467
accuracy_test/concepts:	95.7736587524414
map_test/concepts:	0.9478662610054016

Epoch 104
losses_train/task:	0.4757831394672394
losses_train/concepts:	6.7971110343933105
losses_train/total:	1.1554943323135376
losses_test/task:	1.2473551034927368
losses_test/concepts:	22.016048431396484
losses_test/total:	3.4489593505859375
calibration_test/ece:	0.13766823709011078
calibration_test/brier:	0.3833670914173126
accuracy_test/task:	74.7842595788747
accuracy_test/concepts:	95.84428405761719
map_test/concepts:	0.9484572529792785

Epoch 105
losses_train/task:	0.45727431774139404
losses_train/concepts:	6.710732936859131
losses_train/total:	1.1283477544784546
losses_test/task:	1.2440882921218872
losses_test/concepts:	22.190643310546875
losses_test/total:	3.4631524085998535
calibration_test/ece:	0.1371297836303711
calibration_test/brier:	0.3797157108783722
accuracy_test/task:	75.19848118743528
accuracy_test/concepts:	95.95539855957031
map_test/concepts:	0.9495388453656977

Epoch 106
losses_train/task:	0.4406909644603729
losses_train/concepts:	6.3770904541015625
losses_train/total:	1.0784001350402832
losses_test/task:	1.235504388809204
losses_test/concepts:	21.77666473388672
losses_test/total:	3.413170337677002
calibration_test/ece:	0.13865649700164795
calibration_test/brier:	0.37883925437927246
accuracy_test/task:	75.18122195374525
accuracy_test/concepts:	95.91333770751953
map_test/concepts:	0.9498082464391535

Epoch 107
losses_train/task:	0.41855835914611816
losses_train/concepts:	5.960854530334473
losses_train/total:	1.0146437883377075
losses_test/task:	1.2173548936843872
losses_test/concepts:	21.746423721313477
losses_test/total:	3.391998052597046
calibration_test/ece:	0.13622623682022095
calibration_test/brier:	0.37555810809135437
accuracy_test/task:	75.26751812219537
accuracy_test/concepts:	95.97764587402344
map_test/concepts:	0.9505986116149209

Epoch 108
losses_train/task:	0.42925742268562317
losses_train/concepts:	6.174315929412842
losses_train/total:	1.0466890335083008
losses_test/task:	1.2408173084259033
losses_test/concepts:	22.378015518188477
losses_test/total:	3.478618621826172
calibration_test/ece:	0.1409822553396225
calibration_test/brier:	0.3793584704399109
accuracy_test/task:	75.0776665516051
accuracy_test/concepts:	96.0435562133789
map_test/concepts:	0.950685872814872

Epoch 109
losses_train/task:	0.43060266971588135
losses_train/concepts:	6.188507080078125
losses_train/total:	1.0494533777236938
losses_test/task:	1.2405568361282349
losses_test/concepts:	22.663673400878906
losses_test/total:	3.506924629211426
calibration_test/ece:	0.13870306313037872
calibration_test/brier:	0.3768216073513031
accuracy_test/task:	75.52640662754574
accuracy_test/concepts:	96.0693130493164
map_test/concepts:	0.9504226576198231

Epoch 110
losses_train/task:	0.40198084712028503
losses_train/concepts:	5.925955295562744
losses_train/total:	0.9945762753486633
losses_test/task:	1.2226216793060303
losses_test/concepts:	22.070878982543945
losses_test/total:	3.4297094345092773
calibration_test/ece:	0.13882167637348175
calibration_test/brier:	0.37262651324272156
accuracy_test/task:	75.5781843286158
accuracy_test/concepts:	96.0821533203125
map_test/concepts:	0.9511954361742193

Epoch 111
losses_train/task:	0.4051614999771118
losses_train/concepts:	5.838497161865234
losses_train/total:	0.9890114068984985
losses_test/task:	1.239674687385559
losses_test/concepts:	22.336711883544922
losses_test/total:	3.47334623336792
calibration_test/ece:	0.13922613859176636
calibration_test/brier:	0.3755761682987213
accuracy_test/task:	75.62996202968588
accuracy_test/concepts:	96.1097640991211
map_test/concepts:	0.9512198383157904

Epoch 112
losses_train/task:	0.4460286796092987
losses_train/concepts:	6.264985084533691
losses_train/total:	1.072527289390564
losses_test/task:	1.2431838512420654
losses_test/concepts:	22.290212631225586
losses_test/total:	3.472205877304077
calibration_test/ece:	0.14203952252864838
calibration_test/brier:	0.377760648727417
accuracy_test/task:	75.56092509492578
accuracy_test/concepts:	96.14051818847656
map_test/concepts:	0.9512409416112033

Epoch 113
losses_train/task:	0.4177640974521637
losses_train/concepts:	6.058425426483154
losses_train/total:	1.0236066579818726
losses_test/task:	1.2307087182998657
losses_test/concepts:	21.943235397338867
losses_test/total:	3.425031900405884
calibration_test/ece:	0.13797765970230103
calibration_test/brier:	0.37413492798805237
accuracy_test/task:	75.8543320676562
accuracy_test/concepts:	96.13111877441406
map_test/concepts:	0.9517425407062877

Epoch 114
losses_train/task:	0.4103449583053589
losses_train/concepts:	5.990172863006592
losses_train/total:	1.0093623399734497
losses_test/task:	1.2319283485412598
losses_test/concepts:	22.089855194091797
losses_test/total:	3.440913438796997
calibration_test/ece:	0.14115175604820251
calibration_test/brier:	0.375244140625
accuracy_test/task:	75.66448049706592
accuracy_test/concepts:	96.14177703857422
map_test/concepts:	0.9512519132007252

Epoch 115
losses_train/task:	0.40847089886665344
losses_train/concepts:	6.009420394897461
losses_train/total:	1.0094128847122192
losses_test/task:	1.2632747888565063
losses_test/concepts:	23.20256805419922
losses_test/total:	3.583530902862549
calibration_test/ece:	0.14365911483764648
calibration_test/brier:	0.38103002309799194
accuracy_test/task:	75.44011045909562
accuracy_test/concepts:	96.13802337646484
map_test/concepts:	0.9506746498021212

Epoch 116
losses_train/task:	0.42373502254486084
losses_train/concepts:	6.275744915008545
losses_train/total:	1.0513097047805786
losses_test/task:	1.2445504665374756
losses_test/concepts:	22.24388313293457
losses_test/total:	3.4689388275146484
calibration_test/ece:	0.14084097743034363
calibration_test/brier:	0.37804901599884033
accuracy_test/task:	75.73351743182603
accuracy_test/concepts:	96.1449203491211
map_test/concepts:	0.9513033476742832

Epoch 117
losses_train/task:	0.40529966354370117
losses_train/concepts:	5.93015718460083
losses_train/total:	0.9983153939247131
losses_test/task:	1.24405038356781
losses_test/concepts:	21.924442291259766
losses_test/total:	3.436495304107666
calibration_test/ece:	0.14208956062793732
calibration_test/brier:	0.37635207176208496
accuracy_test/task:	75.75077666551606
accuracy_test/concepts:	96.16939544677734
map_test/concepts:	0.9521569783037359

Epoch 118
losses_train/task:	0.39724767208099365
losses_train/concepts:	5.874259948730469
losses_train/total:	0.9846736192703247
losses_test/task:	1.2380536794662476
losses_test/concepts:	21.918312072753906
losses_test/total:	3.429884672164917
calibration_test/ece:	0.13982194662094116
calibration_test/brier:	0.37259432673454285
accuracy_test/task:	76.0787021056265
accuracy_test/concepts:	96.20482635498047
map_test/concepts:	0.9525778380307284

Epoch 119
losses_train/task:	0.37532898783683777
losses_train/concepts:	5.533670902252197
losses_train/total:	0.9286962151527405
losses_test/task:	1.2469639778137207
losses_test/concepts:	22.3792667388916
losses_test/total:	3.484891176223755
calibration_test/ece:	0.14164170622825623
calibration_test/brier:	0.375871479511261
accuracy_test/task:	75.99240593717639
accuracy_test/concepts:	96.1778793334961
map_test/concepts:	0.9521221236749129

Epoch 120
losses_train/task:	0.3883751630783081
losses_train/concepts:	5.537487030029297
losses_train/total:	0.9421238303184509
losses_test/task:	1.2452030181884766
losses_test/concepts:	22.391267776489258
losses_test/total:	3.48432993888855
calibration_test/ece:	0.13807296752929688
calibration_test/brier:	0.3736814260482788
accuracy_test/task:	76.2167759751467
accuracy_test/concepts:	96.2029800415039
map_test/concepts:	0.9519470518285578

Epoch 121
losses_train/task:	0.39571166038513184
losses_train/concepts:	5.683016777038574
losses_train/total:	0.9640132188796997
losses_test/task:	1.231519341468811
losses_test/concepts:	22.51375961303711
losses_test/total:	3.4828946590423584
calibration_test/ece:	0.1398778110742569
calibration_test/brier:	0.37049880623817444
accuracy_test/task:	76.11322057300656
accuracy_test/concepts:	96.24125671386719
map_test/concepts:	0.9522623398087241

Epoch 122
losses_train/task:	0.36097487807273865
losses_train/concepts:	5.181936740875244
losses_train/total:	0.879168689250946
losses_test/task:	1.2374211549758911
losses_test/concepts:	22.350027084350586
losses_test/total:	3.4724252223968506
calibration_test/ece:	0.14034581184387207
calibration_test/brier:	0.3722292184829712
accuracy_test/task:	75.95788746979635
accuracy_test/concepts:	96.2070541381836
map_test/concepts:	0.9520161769606851

Epoch 123
losses_train/task:	0.38064056634902954
losses_train/concepts:	5.444450855255127
losses_train/total:	0.9250855445861816
losses_test/task:	1.2416719198226929
losses_test/concepts:	22.328754425048828
losses_test/total:	3.474548101425171
calibration_test/ece:	0.14107012748718262
calibration_test/brier:	0.3736877739429474
accuracy_test/task:	75.83707283396618
accuracy_test/concepts:	96.18257904052734
map_test/concepts:	0.9517955855889754

Epoch 124
losses_train/task:	0.38150402903556824
losses_train/concepts:	5.655026912689209
losses_train/total:	0.9470066428184509
losses_test/task:	1.2470883131027222
losses_test/concepts:	22.052165985107422
losses_test/total:	3.4523048400878906
calibration_test/ece:	0.1418377310037613
calibration_test/brier:	0.37105777859687805
accuracy_test/task:	76.11322057300656
accuracy_test/concepts:	96.1982650756836
map_test/concepts:	0.9528753313151272

Epoch 125
losses_train/task:	0.39366161823272705
losses_train/concepts:	5.528747081756592
losses_train/total:	0.9465364217758179
losses_test/task:	1.222414255142212
losses_test/concepts:	21.41167640686035
losses_test/total:	3.363581895828247
calibration_test/ece:	0.13861870765686035
calibration_test/brier:	0.36682912707328796
accuracy_test/task:	76.37210907835691
accuracy_test/concepts:	96.18255615234375
map_test/concepts:	0.9528457143089988

Epoch 126
losses_train/task:	0.3835390508174896
losses_train/concepts:	5.698574066162109
losses_train/total:	0.9533965587615967
losses_test/task:	1.2307380437850952
losses_test/concepts:	21.336275100708008
losses_test/total:	3.364366054534912
calibration_test/ece:	0.14234694838523865
calibration_test/brier:	0.36782971024513245
accuracy_test/task:	76.26855367621678
accuracy_test/concepts:	96.20232391357422
map_test/concepts:	0.9532415119084445

Epoch 127
losses_train/task:	0.37582623958587646
losses_train/concepts:	5.473708152770996
losses_train/total:	0.9231969714164734
losses_test/task:	1.2571357488632202
losses_test/concepts:	22.38916778564453
losses_test/total:	3.4960527420043945
calibration_test/ece:	0.1449987292289734
calibration_test/brier:	0.3729364275932312
accuracy_test/task:	76.23403520883673
accuracy_test/concepts:	96.25444793701172
map_test/concepts:	0.9534693761305375

Epoch 128
losses_train/task:	0.3865830898284912
losses_train/concepts:	5.578033924102783
losses_train/total:	0.9443864822387695
losses_test/task:	1.237203598022461
losses_test/concepts:	21.70917320251465
losses_test/total:	3.40812087059021
calibration_test/ece:	0.13926000893115997
calibration_test/brier:	0.3674568235874176
accuracy_test/task:	76.59647911632723
accuracy_test/concepts:	96.23748016357422
map_test/concepts:	0.9531815539706837

Epoch 129
losses_train/task:	0.36575475335121155
losses_train/concepts:	5.400619029998779
losses_train/total:	0.905816376209259
losses_test/task:	1.2359318733215332
losses_test/concepts:	21.61818504333496
losses_test/total:	3.3977506160736084
calibration_test/ece:	0.13927754759788513
calibration_test/brier:	0.36869266629219055
accuracy_test/task:	76.5792198826372
accuracy_test/concepts:	96.23998260498047
map_test/concepts:	0.9535093166611411

Epoch 130
losses_train/task:	0.3670230507850647
losses_train/concepts:	5.253658771514893
losses_train/total:	0.8923889398574829
losses_test/task:	1.2423515319824219
losses_test/concepts:	22.053958892822266
losses_test/total:	3.4477477073669434
calibration_test/ece:	0.14455458521842957
calibration_test/brier:	0.372656911611557
accuracy_test/task:	75.99240593717639
accuracy_test/concepts:	96.23432922363281
map_test/concepts:	0.9531307903203097

Epoch 131
losses_train/task:	0.33909037709236145
losses_train/concepts:	5.0856733322143555
losses_train/total:	0.8476576209068298
losses_test/task:	1.231144666671753
losses_test/concepts:	21.49428367614746
losses_test/total:	3.380573272705078
calibration_test/ece:	0.14174731075763702
calibration_test/brier:	0.36899420619010925
accuracy_test/task:	76.30307214359682
accuracy_test/concepts:	96.2362289428711
map_test/concepts:	0.953427529335022

Epoch 132
losses_train/task:	0.34979382157325745
losses_train/concepts:	5.116955757141113
losses_train/total:	0.861489474773407
losses_test/task:	1.2490004301071167
losses_test/concepts:	22.02541160583496
losses_test/total:	3.4515411853790283
calibration_test/ece:	0.14620693027973175
calibration_test/brier:	0.3737633228302002
accuracy_test/task:	75.88885053503624
accuracy_test/concepts:	96.23593139648438
map_test/concepts:	0.9528189474886114

Epoch 133
losses_train/task:	0.36945897340774536
losses_train/concepts:	5.3278985023498535
losses_train/total:	0.902248740196228
losses_test/task:	1.257109522819519
losses_test/concepts:	22.08555793762207
losses_test/total:	3.465665102005005
calibration_test/ece:	0.1454797387123108
calibration_test/brier:	0.37546059489250183
accuracy_test/task:	75.97514670348636
accuracy_test/concepts:	96.19544219970703
map_test/concepts:	0.9526557944037698

Epoch 134
losses_train/task:	0.3487427830696106
losses_train/concepts:	4.993636608123779
losses_train/total:	0.8481066226959229
losses_test/task:	1.2746412754058838
losses_test/concepts:	22.571746826171875
losses_test/total:	3.531816005706787
calibration_test/ece:	0.14746367931365967
calibration_test/brier:	0.37767088413238525
accuracy_test/task:	75.83707283396618
accuracy_test/concepts:	96.22526550292969
map_test/concepts:	0.952505688233809

Epoch 135
losses_train/task:	0.3445289731025696
losses_train/concepts:	4.936956882476807
losses_train/total:	0.8382247090339661
losses_test/task:	1.2664543390274048
losses_test/concepts:	22.560348510742188
losses_test/total:	3.522488832473755
calibration_test/ece:	0.14651136100292206
calibration_test/brier:	0.37806323170661926
accuracy_test/task:	75.7852951328961
accuracy_test/concepts:	96.19857788085938
map_test/concepts:	0.9521950429136102

Epoch 136
losses_train/task:	0.37554943561553955
losses_train/concepts:	5.39984130859375
losses_train/total:	0.9155337810516357
losses_test/task:	1.2695553302764893
losses_test/concepts:	22.84732437133789
losses_test/total:	3.554287910461426
calibration_test/ece:	0.14677929878234863
calibration_test/brier:	0.378889262676239
accuracy_test/task:	75.95788746979635
accuracy_test/concepts:	96.22650146484375
map_test/concepts:	0.952610993385315

Epoch 137
losses_train/task:	0.36838871240615845
losses_train/concepts:	5.286434650421143
losses_train/total:	0.8970322608947754
losses_test/task:	1.2515262365341187
losses_test/concepts:	21.851520538330078
losses_test/total:	3.436678171157837
calibration_test/ece:	0.14739394187927246
calibration_test/brier:	0.375365674495697
accuracy_test/task:	75.62996202968588
accuracy_test/concepts:	96.1982650756836
map_test/concepts:	0.9528618888421492

Epoch 138
losses_train/task:	0.36628642678260803
losses_train/concepts:	5.505136489868164
losses_train/total:	0.9168000221252441
losses_test/task:	1.2641526460647583
losses_test/concepts:	22.314952850341797
losses_test/total:	3.49564790725708
calibration_test/ece:	0.14803342521190643
calibration_test/brier:	0.374995619058609
accuracy_test/task:	75.95788746979635
accuracy_test/concepts:	96.24877166748047
map_test/concepts:	0.952666898207231

Epoch 139
losses_train/task:	0.3567359745502472
losses_train/concepts:	5.389299392700195
losses_train/total:	0.8956660032272339
losses_test/task:	1.2666001319885254
losses_test/concepts:	22.27073860168457
losses_test/total:	3.49367356300354
calibration_test/ece:	0.1473330557346344
calibration_test/brier:	0.37760111689567566
accuracy_test/task:	76.0787021056265
accuracy_test/concepts:	96.22682189941406
map_test/concepts:	0.952662362835624

Epoch 140
losses_train/task:	0.34185370802879333
losses_train/concepts:	4.8989739418029785
losses_train/total:	0.8317511677742004
losses_test/task:	1.2666534185409546
losses_test/concepts:	22.260169982910156
losses_test/total:	3.4926705360412598
calibration_test/ece:	0.14696651697158813
calibration_test/brier:	0.3765089213848114
accuracy_test/task:	76.00966517086641
accuracy_test/concepts:	96.21522521972656
map_test/concepts:	0.9521980838342147

Epoch 141
losses_train/task:	0.34120431542396545
losses_train/concepts:	5.007883548736572
losses_train/total:	0.8419926166534424
losses_test/task:	1.2768951654434204
losses_test/concepts:	22.763065338134766
losses_test/total:	3.553201913833618
calibration_test/ece:	0.14995165169239044
calibration_test/brier:	0.3781520128250122
accuracy_test/task:	75.61270279599586
accuracy_test/concepts:	96.21334075927734
map_test/concepts:	0.9523708549412814

Epoch 142
losses_train/task:	0.33868545293807983
losses_train/concepts:	4.995995998382568
losses_train/total:	0.8382850289344788
losses_test/task:	1.2678308486938477
losses_test/concepts:	22.60857391357422
losses_test/total:	3.5286872386932373
calibration_test/ece:	0.14804032444953918
calibration_test/brier:	0.3762638568878174
accuracy_test/task:	75.7852951328961
accuracy_test/concepts:	96.23623657226562
map_test/concepts:	0.9525041460990906

Epoch 143
losses_train/task:	0.3571072518825531
losses_train/concepts:	5.180822849273682
losses_train/total:	0.8751895427703857
losses_test/task:	1.2676944732666016
losses_test/concepts:	22.40941619873047
losses_test/total:	3.508636236190796
calibration_test/ece:	0.14306458830833435
calibration_test/brier:	0.37416747212409973
accuracy_test/task:	76.18225750776665
accuracy_test/concepts:	96.21269226074219
map_test/concepts:	0.9527675368569114

Epoch 144
losses_train/task:	0.3658202886581421
losses_train/concepts:	5.308538913726807
losses_train/total:	0.8966742157936096
losses_test/task:	1.2821581363677979
losses_test/concepts:	22.78095054626465
losses_test/total:	3.560253381729126
calibration_test/ece:	0.14694762229919434
calibration_test/brier:	0.3767282962799072
accuracy_test/task:	76.02692440455644
accuracy_test/concepts:	96.22337341308594
map_test/concepts:	0.9524059490724044

Epoch 145
losses_train/task:	0.34602805972099304
losses_train/concepts:	4.8827290534973145
losses_train/total:	0.8343009948730469
losses_test/task:	1.2842495441436768
losses_test/concepts:	22.82132339477539
losses_test/total:	3.5663816928863525
calibration_test/ece:	0.14813587069511414
calibration_test/brier:	0.3784334659576416
accuracy_test/task:	75.7852951328961
accuracy_test/concepts:	96.19448852539062
map_test/concepts:	0.9523644414815036

Epoch 146
losses_train/task:	0.36519426107406616
losses_train/concepts:	5.157978057861328
losses_train/total:	0.8809918761253357
losses_test/task:	1.305009126663208
losses_test/concepts:	23.00867462158203
losses_test/total:	3.605877161026001
calibration_test/ece:	0.15069101750850677
calibration_test/brier:	0.38255950808525085
accuracy_test/task:	75.64722126337591
accuracy_test/concepts:	96.18350219726562
map_test/concepts:	0.9518379688262939

Epoch 147
losses_train/task:	0.340030312538147
losses_train/concepts:	5.009441375732422
losses_train/total:	0.8409745097160339
losses_test/task:	1.2904788255691528
losses_test/concepts:	22.86492156982422
losses_test/total:	3.576972007751465
calibration_test/ece:	0.15000362694263458
calibration_test/brier:	0.3813456892967224
accuracy_test/task:	75.59544356230583
accuracy_test/concepts:	96.14085388183594
map_test/concepts:	0.9514209313826127

Epoch 148
losses_train/task:	0.3762018382549286
losses_train/concepts:	5.306874752044678
losses_train/total:	0.9068895578384399
losses_test/task:	1.2839906215667725
losses_test/concepts:	22.766551971435547
losses_test/total:	3.560645818710327
calibration_test/ece:	0.14926862716674805
calibration_test/brier:	0.3801290690898895
accuracy_test/task:	75.76803589920607
accuracy_test/concepts:	96.17034149169922
map_test/concepts:	0.9516202785752036

Epoch 149
losses_train/task:	0.3241542875766754
losses_train/concepts:	4.810583114624023
losses_train/total:	0.8052125573158264
losses_test/task:	1.2619048357009888
losses_test/concepts:	22.15151023864746
losses_test/total:	3.4770562648773193
calibration_test/ece:	0.14301225543022156
calibration_test/brier:	0.3728254735469818
accuracy_test/task:	76.18225750776665
accuracy_test/concepts:	96.20392608642578
map_test/concepts:	0.9524361209435896

Epoch 150
losses_train/task:	0.34637734293937683
losses_train/concepts:	5.017721652984619
losses_train/total:	0.8481494784355164
losses_test/task:	1.2773051261901855
losses_test/concepts:	22.43170928955078
losses_test/total:	3.5204763412475586
calibration_test/ece:	0.14594972133636475
calibration_test/brier:	0.37499064207077026
accuracy_test/task:	76.06144287193649
accuracy_test/concepts:	96.181640625
map_test/concepts:	0.9526304299181158

Epoch 151
losses_train/task:	0.3462890386581421
losses_train/concepts:	4.894339561462402
losses_train/total:	0.8357231020927429
losses_test/task:	1.257141351699829
losses_test/concepts:	22.299028396606445
losses_test/total:	3.487043619155884
calibration_test/ece:	0.14257070422172546
calibration_test/brier:	0.37191087007522583
accuracy_test/task:	76.25129444252676
accuracy_test/concepts:	96.21804809570312
map_test/concepts:	0.9527153340252963

Epoch 152
losses_train/task:	0.3522201478481293
losses_train/concepts:	4.947875499725342
losses_train/total:	0.8470077514648438
losses_test/task:	1.2823376655578613
losses_test/concepts:	22.955448150634766
losses_test/total:	3.577883005142212
calibration_test/ece:	0.1472197324037552
calibration_test/brier:	0.37547236680984497
accuracy_test/task:	75.99240593717639
accuracy_test/concepts:	96.22431945800781
map_test/concepts:	0.9523498350923711

Epoch 153
losses_train/task:	0.3504047691822052
losses_train/concepts:	5.112680435180664
losses_train/total:	0.8616728186607361
losses_test/task:	1.2751673460006714
losses_test/concepts:	22.845184326171875
losses_test/total:	3.5596847534179688
calibration_test/ece:	0.14556743204593658
calibration_test/brier:	0.37347301840782166
accuracy_test/task:	76.18225750776665
accuracy_test/concepts:	96.24597930908203
map_test/concepts:	0.9522858760573647

Epoch 154
losses_train/task:	0.3431558609008789
losses_train/concepts:	4.983116149902344
losses_train/total:	0.8414674401283264
losses_test/task:	1.2784518003463745
losses_test/concepts:	22.54973030090332
losses_test/total:	3.5334250926971436
calibration_test/ece:	0.1446799337863922
calibration_test/brier:	0.37332889437675476
accuracy_test/task:	76.30307214359682
accuracy_test/concepts:	96.21050262451172
map_test/concepts:	0.9526734525507147

Epoch 155
losses_train/task:	0.353375643491745
losses_train/concepts:	5.0810627937316895
losses_train/total:	0.8614818453788757
losses_test/task:	1.2871758937835693
losses_test/concepts:	23.22624969482422
losses_test/total:	3.6098005771636963
calibration_test/ece:	0.14722979068756104
calibration_test/brier:	0.37320324778556824
accuracy_test/task:	76.11322057300656
accuracy_test/concepts:	96.24063110351562
map_test/concepts:	0.9522550853815945

Epoch 156
losses_train/task:	0.34823283553123474
losses_train/concepts:	5.191574573516846
losses_train/total:	0.8673903346061707
losses_test/task:	1.3002043962478638
losses_test/concepts:	23.493839263916016
losses_test/total:	3.649587869644165
calibration_test/ece:	0.1473177969455719
calibration_test/brier:	0.37550559639930725
accuracy_test/task:	76.00966517086641
accuracy_test/concepts:	96.22147369384766
map_test/concepts:	0.9518941738388755

Epoch 157
losses_train/task:	0.33076825737953186
losses_train/concepts:	4.871894836425781
losses_train/total:	0.8179576396942139
losses_test/task:	1.2943520545959473
losses_test/concepts:	22.84596061706543
losses_test/total:	3.5789482593536377
calibration_test/ece:	0.1466064751148224
calibration_test/brier:	0.3761260211467743
accuracy_test/task:	76.19951674145668
accuracy_test/concepts:	96.19010162353516
map_test/concepts:	0.9525401191277938

Epoch 158
losses_train/task:	0.3812716603279114
losses_train/concepts:	5.441384792327881
losses_train/total:	0.9254099130630493
losses_test/task:	1.3016668558120728
losses_test/concepts:	23.369050979614258
losses_test/total:	3.6385717391967773
calibration_test/ece:	0.1484878659248352
calibration_test/brier:	0.3748316168785095
accuracy_test/task:	76.0787021056265
accuracy_test/concepts:	96.22212219238281
map_test/concepts:	0.9524177486246282

Epoch 159
losses_train/task:	0.32995548844337463
losses_train/concepts:	4.868844032287598
losses_train/total:	0.8168398141860962
losses_test/task:	1.2920931577682495
losses_test/concepts:	23.28691291809082
losses_test/total:	3.6207847595214844
calibration_test/ece:	0.14685717225074768
calibration_test/brier:	0.3761261999607086
accuracy_test/task:	76.09596133931653
accuracy_test/concepts:	96.2218017578125
map_test/concepts:	0.9524267575957558

Epoch 160
losses_train/task:	0.35658231377601624
losses_train/concepts:	5.052836894989014
losses_train/total:	0.8618660569190979
losses_test/task:	1.3006738424301147
losses_test/concepts:	23.430654525756836
losses_test/total:	3.6437385082244873
calibration_test/ece:	0.14739689230918884
calibration_test/brier:	0.37630701065063477
accuracy_test/task:	76.06144287193649
accuracy_test/concepts:	96.21300506591797
map_test/concepts:	0.9517910480499268

Epoch 161
losses_train/task:	0.36592140793800354
losses_train/concepts:	5.295202255249023
losses_train/total:	0.8954417705535889
losses_test/task:	1.3031591176986694
losses_test/concepts:	23.28146743774414
losses_test/total:	3.6313059329986572
calibration_test/ece:	0.14789734780788422
calibration_test/brier:	0.38014671206474304
accuracy_test/task:	76.04418363824647
accuracy_test/concepts:	96.19857788085938
map_test/concepts:	0.9521661585027521

Epoch 162
losses_train/task:	0.34642264246940613
losses_train/concepts:	4.878902435302734
losses_train/total:	0.8343129754066467
losses_test/task:	1.312726616859436
losses_test/concepts:	23.4144344329834
losses_test/total:	3.654170274734497
calibration_test/ece:	0.1466917097568512
calibration_test/brier:	0.38062453269958496
accuracy_test/task:	76.25129444252676
accuracy_test/concepts:	96.2145767211914
map_test/concepts:	0.9522357052022761

Epoch 163
losses_train/task:	0.33302900195121765
losses_train/concepts:	4.7720561027526855
losses_train/total:	0.810234785079956
losses_test/task:	1.2974247932434082
losses_test/concepts:	22.92264747619629
losses_test/total:	3.5896902084350586
calibration_test/ece:	0.15137600898742676
calibration_test/brier:	0.38229650259017944
accuracy_test/task:	75.56092509492578
accuracy_test/concepts:	96.2051773071289
map_test/concepts:	0.9516653234308416

Epoch 164
losses_train/task:	0.33421629667282104
losses_train/concepts:	4.755805492401123
losses_train/total:	0.8097968101501465
losses_test/task:	1.2966572046279907
losses_test/concepts:	22.95700454711914
losses_test/total:	3.592358112335205
calibration_test/ece:	0.15047994256019592
calibration_test/brier:	0.38042446970939636
accuracy_test/task:	75.73351743182603
accuracy_test/concepts:	96.21021270751953
map_test/concepts:	0.9521318370645696

Epoch 165
losses_train/task:	0.34170475602149963
losses_train/concepts:	4.891246795654297
losses_train/total:	0.8308293223381042
losses_test/task:	1.3076835870742798
losses_test/concepts:	23.664161682128906
losses_test/total:	3.674099922180176
calibration_test/ece:	0.1496572047472
calibration_test/brier:	0.3803313076496124
accuracy_test/task:	75.7852951328961
accuracy_test/concepts:	96.22746276855469
map_test/concepts:	0.9518488179553639

Epoch 166
losses_train/task:	0.34884822368621826
losses_train/concepts:	5.139562606811523
losses_train/total:	0.8628045320510864
losses_test/task:	1.3210742473602295
losses_test/concepts:	24.071624755859375
losses_test/total:	3.7282376289367676
calibration_test/ece:	0.14997586607933044
calibration_test/brier:	0.3821784257888794
accuracy_test/task:	75.9233690024163
accuracy_test/concepts:	96.22021484375
map_test/concepts:	0.9509218421849337

Epoch 167
losses_train/task:	0.32720375061035156
losses_train/concepts:	4.743638038635254
losses_train/total:	0.8015676736831665
losses_test/task:	1.3057702779769897
losses_test/concepts:	23.25575065612793
losses_test/total:	3.63134503364563
calibration_test/ece:	0.15016311407089233
calibration_test/brier:	0.3824305236339569
accuracy_test/task:	75.81981360027615
accuracy_test/concepts:	96.19511413574219
map_test/concepts:	0.9509102116931568

Epoch 168
losses_train/task:	0.30613842606544495
losses_train/concepts:	4.5012688636779785
losses_train/total:	0.7562652826309204
losses_test/task:	1.3087882995605469
losses_test/concepts:	23.515840530395508
losses_test/total:	3.660372257232666
calibration_test/ece:	0.14929765462875366
calibration_test/brier:	0.3803897202014923
accuracy_test/task:	75.97514670348636
accuracy_test/concepts:	96.24565124511719
map_test/concepts:	0.9512205438180403

Epoch 169
losses_train/task:	0.3586816191673279
losses_train/concepts:	5.183455944061279
losses_train/total:	0.877027153968811
losses_test/task:	1.326971173286438
losses_test/concepts:	24.446941375732422
losses_test/total:	3.77166485786438
calibration_test/ece:	0.14936549961566925
calibration_test/brier:	0.3820837438106537
accuracy_test/task:	75.97514670348636
accuracy_test/concepts:	96.24376678466797
map_test/concepts:	0.9509274959564209

Epoch 170
losses_train/task:	0.3345796763896942
losses_train/concepts:	4.9152421951293945
losses_train/total:	0.8261038661003113
losses_test/task:	1.3158677816390991
losses_test/concepts:	23.62773323059082
losses_test/total:	3.678640604019165
calibration_test/ece:	0.1476859152317047
calibration_test/brier:	0.380086749792099
accuracy_test/task:	76.06144287193649
accuracy_test/concepts:	96.17818450927734
map_test/concepts:	0.951092511957342

Epoch 171
losses_train/task:	0.3531774580478668
losses_train/concepts:	5.030603408813477
losses_train/total:	0.8562378287315369
losses_test/task:	1.3248069286346436
losses_test/concepts:	23.868358612060547
losses_test/total:	3.7116427421569824
calibration_test/ece:	0.14887690544128418
calibration_test/brier:	0.38309651613235474
accuracy_test/task:	75.81981360027615
accuracy_test/concepts:	96.19792938232422
map_test/concepts:	0.9510139378634366

Epoch 172
losses_train/task:	0.34271275997161865
losses_train/concepts:	4.958580017089844
losses_train/total:	0.8385708928108215
losses_test/task:	1.319987416267395
losses_test/concepts:	23.74022102355957
losses_test/total:	3.694009304046631
calibration_test/ece:	0.1490291953086853
calibration_test/brier:	0.38212302327156067
accuracy_test/task:	75.8543320676562
accuracy_test/concepts:	96.2026596069336
map_test/concepts:	0.9513157107613304

Epoch 173
losses_train/task:	0.3400937020778656
losses_train/concepts:	4.830062389373779
losses_train/total:	0.8230999112129211
losses_test/task:	1.3045779466629028
losses_test/concepts:	23.157365798950195
losses_test/total:	3.620314598083496
calibration_test/ece:	0.15035352110862732
calibration_test/brier:	0.3810005187988281
accuracy_test/task:	75.7852951328961
accuracy_test/concepts:	96.21865844726562
map_test/concepts:	0.9517706730149009

Epoch 174
losses_train/task:	0.33968663215637207
losses_train/concepts:	4.84576940536499
losses_train/total:	0.824263334274292
losses_test/task:	1.2957295179367065
losses_test/concepts:	22.75503921508789
losses_test/total:	3.5712344646453857
calibration_test/ece:	0.150912344455719
calibration_test/brier:	0.37767302989959717
accuracy_test/task:	75.66448049706592
accuracy_test/concepts:	96.20109558105469
map_test/concepts:	0.9518912933089516

Epoch 175
losses_train/task:	0.29089808464050293
losses_train/concepts:	4.458229064941406
losses_train/total:	0.7367209792137146
losses_test/task:	1.3279852867126465
losses_test/concepts:	23.566194534301758
losses_test/total:	3.6846048831939697
calibration_test/ece:	0.1515008956193924
calibration_test/brier:	0.38290292024612427
accuracy_test/task:	75.54366586123577
accuracy_test/concepts:	96.1772232055664
map_test/concepts:	0.9505877397277138

Epoch 176
losses_train/task:	0.3138576149940491
losses_train/concepts:	4.554291725158691
losses_train/total:	0.7692868113517761
losses_test/task:	1.3332291841506958
losses_test/concepts:	23.211162567138672
losses_test/total:	3.654345750808716
calibration_test/ece:	0.15120336413383484
calibration_test/brier:	0.38414064049720764
accuracy_test/task:	75.64722126337591
accuracy_test/concepts:	96.15180206298828
map_test/concepts:	0.9508479161696001

Epoch 177
losses_train/task:	0.29378169775009155
losses_train/concepts:	4.428839683532715
losses_train/total:	0.7366657257080078
losses_test/task:	1.310651421546936
losses_test/concepts:	22.931713104248047
losses_test/total:	3.60382342338562
calibration_test/ece:	0.15169619023799896
calibration_test/brier:	0.3825172185897827
accuracy_test/task:	75.716258198136
accuracy_test/concepts:	96.17596435546875
map_test/concepts:	0.9516043316234242

Epoch 178
losses_train/task:	0.32453402876853943
losses_train/concepts:	4.657628536224365
losses_train/total:	0.7902970910072327
losses_test/task:	1.3291524648666382
losses_test/concepts:	23.54389190673828
losses_test/total:	3.683541774749756
calibration_test/ece:	0.151823490858078
calibration_test/brier:	0.3844560980796814
accuracy_test/task:	75.716258198136
accuracy_test/concepts:	96.19638061523438
map_test/concepts:	0.9514184821735728

Epoch 179
losses_train/task:	0.35229814052581787
losses_train/concepts:	5.016567230224609
losses_train/total:	0.8539549112319946
losses_test/task:	1.321231484413147
losses_test/concepts:	23.606952667236328
losses_test/total:	3.6819276809692383
calibration_test/ece:	0.15141792595386505
calibration_test/brier:	0.38366445899009705
accuracy_test/task:	75.64722126337591
accuracy_test/concepts:	96.20263671875
map_test/concepts:	0.9512922904708169

Epoch 180
losses_train/task:	0.3338468372821808
losses_train/concepts:	4.791842937469482
losses_train/total:	0.8130311965942383
losses_test/task:	1.3140405416488647
losses_test/concepts:	23.03184700012207
losses_test/total:	3.617225408554077
calibration_test/ece:	0.15185987949371338
calibration_test/brier:	0.383578896522522
accuracy_test/task:	75.61270279599586
accuracy_test/concepts:	96.19636535644531
map_test/concepts:	0.9511578646573153

Epoch 181
losses_train/task:	0.3334662616252899
losses_train/concepts:	4.925725936889648
losses_train/total:	0.8260389566421509
losses_test/task:	1.335602879524231
losses_test/concepts:	23.36029052734375
losses_test/total:	3.6716318130493164
calibration_test/ece:	0.1515102982521057
calibration_test/brier:	0.38402798771858215
accuracy_test/task:	75.87159130134621
accuracy_test/concepts:	96.16217041015625
map_test/concepts:	0.9512505715543573

Epoch 182
losses_train/task:	0.3287876546382904
losses_train/concepts:	4.633089065551758
losses_train/total:	0.7920965552330017
losses_test/task:	1.3280211687088013
losses_test/concepts:	23.585481643676758
losses_test/total:	3.6865689754486084
calibration_test/ece:	0.15354475378990173
calibration_test/brier:	0.3842446506023407
accuracy_test/task:	75.62996202968588
accuracy_test/concepts:	96.18852233886719
map_test/concepts:	0.9513502619483254

Epoch 183
losses_train/task:	0.3182525336742401
losses_train/concepts:	4.627507209777832
losses_train/total:	0.7810030579566956
losses_test/task:	1.2982089519500732
losses_test/concepts:	22.78391456604004
losses_test/total:	3.5766000747680664
calibration_test/ece:	0.15055745840072632
calibration_test/brier:	0.37821850180625916
accuracy_test/task:	75.81981360027615
accuracy_test/concepts:	96.18193054199219
map_test/concepts:	0.9518391685052352

Epoch 184
losses_train/task:	0.324459433555603
losses_train/concepts:	4.953860759735107
losses_train/total:	0.8198454976081848
losses_test/task:	1.311724305152893
losses_test/concepts:	23.04414939880371
losses_test/total:	3.6161394119262695
calibration_test/ece:	0.15359792113304138
calibration_test/brier:	0.3827095925807953
accuracy_test/task:	75.56092509492578
accuracy_test/concepts:	96.14270782470703
map_test/concepts:	0.951619337905537

Epoch 185
losses_train/task:	0.2988458275794983
losses_train/concepts:	4.351242542266846
losses_train/total:	0.7339701056480408
losses_test/task:	1.2858047485351562
losses_test/concepts:	22.653663635253906
losses_test/total:	3.5511703491210938
calibration_test/ece:	0.15091800689697266
calibration_test/brier:	0.3802960515022278
accuracy_test/task:	75.59544356230583
accuracy_test/concepts:	96.17912292480469
map_test/concepts:	0.9514568968252702

Epoch 186
losses_train/task:	0.31841662526130676
losses_train/concepts:	4.648011207580566
losses_train/total:	0.7832176685333252
losses_test/task:	1.2958062887191772
losses_test/concepts:	23.059551239013672
losses_test/total:	3.60176157951355
calibration_test/ece:	0.15134075284004211
calibration_test/brier:	0.3815295994281769
accuracy_test/task:	75.59544356230583
accuracy_test/concepts:	96.1976547241211
map_test/concepts:	0.9515130097215826

Epoch 187
losses_train/task:	0.31513532996177673
losses_train/concepts:	4.617021560668945
losses_train/total:	0.7768374681472778
losses_test/task:	1.3097994327545166
losses_test/concepts:	23.69731330871582
losses_test/total:	3.6795313358306885
calibration_test/ece:	0.15049529075622559
calibration_test/brier:	0.38318708539009094
accuracy_test/task:	75.75077666551606
accuracy_test/concepts:	96.23936462402344
map_test/concepts:	0.9514092846350236

Epoch 188
losses_train/task:	0.3547027111053467
losses_train/concepts:	5.014694690704346
losses_train/total:	0.8561721444129944
losses_test/task:	1.3111501932144165
losses_test/concepts:	23.505796432495117
losses_test/total:	3.6617305278778076
calibration_test/ece:	0.14915388822555542
calibration_test/brier:	0.38339516520500183
accuracy_test/task:	75.80255436658612
accuracy_test/concepts:	96.2114486694336
map_test/concepts:	0.9517778201536699

Epoch 189
losses_train/task:	0.30747362971305847
losses_train/concepts:	4.5086822509765625
losses_train/total:	0.7583418488502502
losses_test/task:	1.2967331409454346
losses_test/concepts:	23.285400390625
losses_test/total:	3.6252737045288086
calibration_test/ece:	0.1501428186893463
calibration_test/brier:	0.3811770975589752
accuracy_test/task:	75.64722126337591
accuracy_test/concepts:	96.18476867675781
map_test/concepts:	0.9513093504038724

Epoch 190
losses_train/task:	0.3227052390575409
losses_train/concepts:	4.60054874420166
losses_train/total:	0.7827601432800293
losses_test/task:	1.2932599782943726
losses_test/concepts:	23.24356460571289
losses_test/total:	3.6176161766052246
calibration_test/ece:	0.15025533735752106
calibration_test/brier:	0.38279587030410767
accuracy_test/task:	75.5781843286158
accuracy_test/concepts:	96.20077514648438
map_test/concepts:	0.9518665552139283

Epoch 191
losses_train/task:	0.32906273007392883
losses_train/concepts:	4.760715961456299
losses_train/total:	0.8051342964172363
losses_test/task:	1.3227887153625488
losses_test/concepts:	24.485763549804688
losses_test/total:	3.7713639736175537
calibration_test/ece:	0.14989417791366577
calibration_test/brier:	0.38139262795448303
accuracy_test/task:	76.11322057300656
accuracy_test/concepts:	96.2211685180664
map_test/concepts:	0.9512659202922474

Epoch 192
losses_train/task:	0.34323176741600037
losses_train/concepts:	4.752842426300049
losses_train/total:	0.8185161352157593
losses_test/task:	1.3099560737609863
losses_test/concepts:	23.71175765991211
losses_test/total:	3.68113112449646
calibration_test/ece:	0.15012140572071075
calibration_test/brier:	0.38128912448883057
accuracy_test/task:	75.87159130134621
accuracy_test/concepts:	96.2189712524414
map_test/concepts:	0.9516720804301175

Epoch 193
losses_train/task:	0.3125520646572113
losses_train/concepts:	4.490786075592041
losses_train/total:	0.761630654335022
losses_test/task:	1.2853813171386719
losses_test/concepts:	22.62167739868164
losses_test/total:	3.54754900932312
calibration_test/ece:	0.14646673202514648
calibration_test/brier:	0.3773389160633087
accuracy_test/task:	75.94062823610632
accuracy_test/concepts:	96.17472839355469
map_test/concepts:	0.9522093989632346

Epoch 194
losses_train/task:	0.3031236231327057
losses_train/concepts:	4.346604824066162
losses_train/total:	0.7377841472625732
losses_test/task:	1.2871071100234985
losses_test/concepts:	22.84505844116211
losses_test/total:	3.57161283493042
calibration_test/ece:	0.14623263478279114
calibration_test/brier:	0.37677299976348877
accuracy_test/task:	75.99240593717639
accuracy_test/concepts:	96.20109558105469
map_test/concepts:	0.9515705910595981

Epoch 195
losses_train/task:	0.341025173664093
losses_train/concepts:	4.827221870422363
losses_train/total:	0.823747456073761
losses_test/task:	1.2975305318832397
losses_test/concepts:	22.868345260620117
losses_test/total:	3.584365129470825
calibration_test/ece:	0.14778083562850952
calibration_test/brier:	0.37720203399658203
accuracy_test/task:	75.9233690024163
accuracy_test/concepts:	96.19513702392578
map_test/concepts:	0.952438333901492

Epoch 196
losses_train/task:	0.3368641436100006
losses_train/concepts:	4.7194623947143555
losses_train/total:	0.808810293674469
losses_test/task:	1.2866913080215454
losses_test/concepts:	22.95871353149414
losses_test/total:	3.5825631618499756
calibration_test/ece:	0.1451226770877838
calibration_test/brier:	0.3767474591732025
accuracy_test/task:	76.11322057300656
accuracy_test/concepts:	96.19354248046875
map_test/concepts:	0.9515840573744341

Epoch 197
losses_train/task:	0.31754401326179504
losses_train/concepts:	4.538958549499512
losses_train/total:	0.7714400887489319
losses_test/task:	1.2912201881408691
losses_test/concepts:	22.827730178833008
losses_test/total:	3.573992967605591
calibration_test/ece:	0.14659929275512695
calibration_test/brier:	0.37731024622917175
accuracy_test/task:	76.06144287193649
accuracy_test/concepts:	96.16719818115234
map_test/concepts:	0.9513761943036859

Epoch 198
losses_train/task:	0.30673158168792725
losses_train/concepts:	4.6017045974731445
losses_train/total:	0.766901969909668
losses_test/task:	1.3081811666488647
losses_test/concepts:	23.52065658569336
losses_test/total:	3.660247325897217
calibration_test/ece:	0.14996975660324097
calibration_test/brier:	0.3824458718299866
accuracy_test/task:	75.7852951328961
accuracy_test/concepts:	96.18599700927734
map_test/concepts:	0.9512001666155728

Epoch 199
losses_train/task:	0.30039286613464355
losses_train/concepts:	4.303040981292725
losses_train/total:	0.7306970357894897
losses_test/task:	1.3086111545562744
losses_test/concepts:	23.44699478149414
losses_test/total:	3.653311014175415
calibration_test/ece:	0.15110424160957336
calibration_test/brier:	0.3820670247077942
accuracy_test/task:	75.73351743182603
accuracy_test/concepts:	96.17692565917969
map_test/concepts:	0.9514397621154785

Epoch 200
losses_train/task:	0.33251628279685974
losses_train/concepts:	4.747699737548828
losses_train/total:	0.8072863221168518
losses_test/task:	1.3305869102478027
losses_test/concepts:	23.703800201416016
losses_test/total:	3.7009665966033936
calibration_train/ece:	0.008434915915131569
calibration_train/brier:	0.08315672725439072
accuracy_train/task:	93.01097972972973
calibration_test/ece:	0.15411970019340515
calibration_test/brier:	0.38546067476272583
accuracy_test/task:	75.19848118743528
accuracy_train/concepts:	97.58522033691406
map_train/concepts:	0.9928077372637663
accuracy_test/concepts:	96.12701416015625
map_test/concepts:	0.9508322499015115
accuracy_test/nuisances_task:	-0.13989116016187167
accuracy_test/nuisances_nontask:	0.0
mutual_inf_test/nuisances_task:	0.0012404942608638153
mutual_inf_test/nuisances_nontask:	0.0

Epoch 201
losses_train/task:	0.33149734139442444
losses_train/concepts:	4.689428329467773
losses_train/total:	0.8004401922225952
losses_test/task:	1.3243839740753174
losses_test/concepts:	23.8425350189209
losses_test/total:	3.70863676071167
calibration_test/ece:	0.15335461497306824
calibration_test/brier:	0.3839060664176941
accuracy_test/task:	75.52640662754574
accuracy_test/concepts:	96.19731140136719
map_test/concepts:	0.9511049324815923

Epoch 202
losses_train/task:	0.306553453207016
losses_train/concepts:	4.522258758544922
losses_train/total:	0.7587792277336121
losses_test/task:	1.3248353004455566
losses_test/concepts:	23.777259826660156
losses_test/total:	3.702561378479004
calibration_test/ece:	0.15276816487312317
calibration_test/brier:	0.38424164056777954
accuracy_test/task:	75.52640662754574
accuracy_test/concepts:	96.17596435546875
map_test/concepts:	0.9511216347867792

Epoch 203
losses_train/task:	0.3083232045173645
losses_train/concepts:	4.53407096862793
losses_train/total:	0.7617301940917969
losses_test/task:	1.3261154890060425
losses_test/concepts:	23.723102569580078
losses_test/total:	3.6984260082244873
calibration_test/ece:	0.1535782516002655
calibration_test/brier:	0.3847818076610565
accuracy_test/task:	75.31929582326545
accuracy_test/concepts:	96.18791198730469
map_test/concepts:	0.9507498416033658

Epoch 204
losses_train/task:	0.3002490997314453
losses_train/concepts:	4.431978225708008
losses_train/total:	0.7434468865394592
losses_test/task:	1.3157241344451904
losses_test/concepts:	23.37990379333496
losses_test/total:	3.653714418411255
calibration_test/ece:	0.15174883604049683
calibration_test/brier:	0.3837568759918213
accuracy_test/task:	75.62996202968588
accuracy_test/concepts:	96.18383026123047
map_test/concepts:	0.9511925318024376

Epoch 205
losses_train/task:	0.2914425730705261
losses_train/concepts:	4.2392144203186035
losses_train/total:	0.7153639793395996
losses_test/task:	1.305856704711914
losses_test/concepts:	23.54074478149414
losses_test/total:	3.6599321365356445
calibration_test/ece:	0.15312695503234863
calibration_test/brier:	0.3820779621601105
accuracy_test/task:	75.47462892647566
accuracy_test/concepts:	96.20642852783203
map_test/concepts:	0.9514140931042758

Epoch 206
losses_train/task:	0.33819064497947693
losses_train/concepts:	4.984026908874512
losses_train/total:	0.8365932106971741
losses_test/task:	1.32381010055542
losses_test/concepts:	23.96271324157715
losses_test/total:	3.7200815677642822
calibration_test/ece:	0.15403294563293457
calibration_test/brier:	0.38518548011779785
accuracy_test/task:	75.40559199171557
accuracy_test/concepts:	96.18885803222656
map_test/concepts:	0.9509436596523632

Epoch 207
losses_train/task:	0.30851951241493225
losses_train/concepts:	4.398046970367432
losses_train/total:	0.7483243346214294
losses_test/task:	1.3126914501190186
losses_test/concepts:	23.527179718017578
losses_test/total:	3.6654093265533447
calibration_test/ece:	0.1508307158946991
calibration_test/brier:	0.3823873698711395
accuracy_test/task:	75.75077666551606
accuracy_test/concepts:	96.19136047363281
map_test/concepts:	0.9510533657940952

Epoch 208
losses_train/task:	0.298683762550354
losses_train/concepts:	4.39260196685791
losses_train/total:	0.7379440665245056
losses_test/task:	1.3264446258544922
losses_test/concepts:	23.849809646606445
losses_test/total:	3.711425304412842
calibration_test/ece:	0.15228405594825745
calibration_test/brier:	0.38541102409362793
accuracy_test/task:	75.56092509492578
accuracy_test/concepts:	96.20048522949219
map_test/concepts:	0.9507923451336947

Epoch 209
losses_train/task:	0.2981552183628082
losses_train/concepts:	4.338643550872803
losses_train/total:	0.7320196032524109
losses_test/task:	1.3055784702301025
losses_test/concepts:	23.26169776916504
losses_test/total:	3.631748676300049
calibration_test/ece:	0.15264692902565002
calibration_test/brier:	0.3814888894557953
accuracy_test/task:	75.62996202968588
accuracy_test/concepts:	96.2042236328125
map_test/concepts:	0.951366808197715

Epoch 210
losses_train/task:	0.34233197569847107
losses_train/concepts:	5.029860496520996
losses_train/total:	0.8453180193901062
losses_test/task:	1.312249779701233
losses_test/concepts:	23.31652069091797
losses_test/total:	3.643902063369751
calibration_test/ece:	0.15085427463054657
calibration_test/brier:	0.3825404644012451
accuracy_test/task:	75.66448049706592
accuracy_test/concepts:	96.16532135009766
map_test/concepts:	0.9512917724522677

Epoch 211
losses_train/task:	0.29953494668006897
losses_train/concepts:	4.24139404296875
losses_train/total:	0.7236743569374084
losses_test/task:	1.2961784601211548
losses_test/concepts:	22.96097183227539
losses_test/total:	3.592275857925415
calibration_test/ece:	0.15099412202835083
calibration_test/brier:	0.3806040585041046
accuracy_test/task:	75.59544356230583
accuracy_test/concepts:	96.18255615234375
map_test/concepts:	0.9515194686976346

Epoch 212
losses_train/task:	0.3121333420276642
losses_train/concepts:	4.463008403778076
losses_train/total:	0.7584341168403625
losses_test/task:	1.3122355937957764
losses_test/concepts:	23.26065444946289
losses_test/total:	3.6383001804351807
calibration_test/ece:	0.14933548867702484
calibration_test/brier:	0.3815172612667084
accuracy_test/task:	75.80255436658612
accuracy_test/concepts:	96.1756820678711
map_test/concepts:	0.9510143941098993

Epoch 213
losses_train/task:	0.31998467445373535
losses_train/concepts:	4.784328460693359
losses_train/total:	0.7984175086021423
losses_test/task:	1.3214328289031982
losses_test/concepts:	23.76717758178711
losses_test/total:	3.698150634765625
calibration_test/ece:	0.1522497534751892
calibration_test/brier:	0.38277676701545715
accuracy_test/task:	75.62996202968588
accuracy_test/concepts:	96.19355773925781
map_test/concepts:	0.9513841553167863

Epoch 214
losses_train/task:	0.306736022233963
losses_train/concepts:	4.478172779083252
losses_train/total:	0.7545535564422607
losses_test/task:	1.3152879476547241
losses_test/concepts:	23.39120101928711
losses_test/total:	3.6544077396392822
calibration_test/ece:	0.15125703811645508
calibration_test/brier:	0.3832331597805023
accuracy_test/task:	75.62996202968588
accuracy_test/concepts:	96.17536163330078
map_test/concepts:	0.9511104648763483

Epoch 215
losses_train/task:	0.31384024024009705
losses_train/concepts:	4.593475341796875
losses_train/total:	0.7731878161430359
losses_test/task:	1.3091413974761963
losses_test/concepts:	23.45937156677246
losses_test/total:	3.6550793647766113
calibration_test/ece:	0.1489679217338562
calibration_test/brier:	0.38109955191612244
accuracy_test/task:	75.75077666551606
accuracy_test/concepts:	96.18509674072266
map_test/concepts:	0.9516251910816539

Epoch 216
losses_train/task:	0.3151393532752991
losses_train/concepts:	4.6445183753967285
losses_train/total:	0.7795912623405457
losses_test/task:	1.311293363571167
losses_test/concepts:	23.450542449951172
losses_test/total:	3.6563472747802734
calibration_test/ece:	0.15021784603595734
calibration_test/brier:	0.3813588619232178
accuracy_test/task:	75.83707283396618
accuracy_test/concepts:	96.20893859863281
map_test/concepts:	0.9512861165133389

Epoch 217
losses_train/task:	0.30840104818344116
losses_train/concepts:	4.498930931091309
losses_train/total:	0.7582942247390747
losses_test/task:	1.3098781108856201
losses_test/concepts:	23.48490333557129
losses_test/total:	3.6583688259124756
calibration_test/ece:	0.1506226360797882
calibration_test/brier:	0.38291987776756287
accuracy_test/task:	75.64722126337591
accuracy_test/concepts:	96.20956420898438
map_test/concepts:	0.9514976490627636

Epoch 218
losses_train/task:	0.2778797149658203
losses_train/concepts:	4.123437404632568
losses_train/total:	0.6902234554290771
losses_test/task:	1.2885653972625732
losses_test/concepts:	23.02791404724121
losses_test/total:	3.591356039047241
calibration_test/ece:	0.15002185106277466
calibration_test/brier:	0.37864819169044495
accuracy_test/task:	75.76803589920607
accuracy_test/concepts:	96.23246765136719
map_test/concepts:	0.9516644261100076

Epoch 219
losses_train/task:	0.30757936835289
losses_train/concepts:	4.540765285491943
losses_train/total:	0.761655867099762
losses_test/task:	1.315056324005127
losses_test/concepts:	23.61541175842285
losses_test/total:	3.6765971183776855
calibration_test/ece:	0.15219488739967346
calibration_test/brier:	0.3827514052391052
accuracy_test/task:	75.47462892647566
accuracy_test/concepts:	96.18978118896484
map_test/concepts:	0.9511057788675482

Epoch 220
losses_train/task:	0.2994241416454315
losses_train/concepts:	4.459759712219238
losses_train/total:	0.7454001903533936
losses_test/task:	1.2975237369537354
losses_test/concepts:	23.03495979309082
losses_test/total:	3.601019859313965
calibration_test/ece:	0.15058675408363342
calibration_test/brier:	0.3791871666908264
accuracy_test/task:	75.7852951328961
accuracy_test/concepts:	96.22651672363281
map_test/concepts:	0.951917150887576

Epoch 221
losses_train/task:	0.28275930881500244
losses_train/concepts:	3.987199306488037
losses_train/total:	0.681479275226593
losses_test/task:	1.2948561906814575
losses_test/concepts:	22.747713088989258
losses_test/total:	3.569627285003662
calibration_test/ece:	0.14989061653614044
calibration_test/brier:	0.3805546760559082
accuracy_test/task:	75.73351743182603
accuracy_test/concepts:	96.19950103759766
map_test/concepts:	0.9517633893273093

Epoch 222
losses_train/task:	0.3013272285461426
losses_train/concepts:	4.485755443572998
losses_train/total:	0.7499028444290161
losses_test/task:	1.3075718879699707
losses_test/concepts:	23.33570671081543
losses_test/total:	3.6411421298980713
calibration_test/ece:	0.15161830186843872
calibration_test/brier:	0.3807893395423889
accuracy_test/task:	75.716258198136
accuracy_test/concepts:	96.20453643798828
map_test/concepts:	0.9514819892969999

Epoch 223
losses_train/task:	0.3079741895198822
losses_train/concepts:	4.593703746795654
losses_train/total:	0.76734459400177
losses_test/task:	1.307430624961853
losses_test/concepts:	23.530231475830078
losses_test/total:	3.6604537963867188
calibration_test/ece:	0.15329742431640625
calibration_test/brier:	0.38098785281181335
accuracy_test/task:	75.54366586123577
accuracy_test/concepts:	96.21646118164062
map_test/concepts:	0.9514726237817244

Epoch 224
losses_train/task:	0.3002109229564667
losses_train/concepts:	4.3073320388793945
losses_train/total:	0.7309442162513733
losses_test/task:	1.3023425340652466
losses_test/concepts:	23.20798683166504
losses_test/total:	3.623141050338745
calibration_test/ece:	0.15128423273563385
calibration_test/brier:	0.38023295998573303
accuracy_test/task:	75.69899896444598
accuracy_test/concepts:	96.21110534667969
map_test/concepts:	0.9517750512469899

Epoch 225
losses_train/task:	0.2969418168067932
losses_train/concepts:	4.368889808654785
losses_train/total:	0.7338308691978455
losses_test/task:	1.3008602857589722
losses_test/concepts:	23.136079788208008
losses_test/total:	3.6144680976867676
calibration_test/ece:	0.1535455286502838
calibration_test/brier:	0.3805702030658722
accuracy_test/task:	75.45736969278563
accuracy_test/concepts:	96.2151870727539
map_test/concepts:	0.9517334146933122

Epoch 226
losses_train/task:	0.29497140645980835
losses_train/concepts:	4.254687309265137
losses_train/total:	0.720440149307251
losses_test/task:	1.2916109561920166
losses_test/concepts:	22.965879440307617
losses_test/total:	3.5881989002227783
calibration_test/ece:	0.15069526433944702
calibration_test/brier:	0.37931713461875916
accuracy_test/task:	75.66448049706592
accuracy_test/concepts:	96.19356536865234
map_test/concepts:	0.9519170175899159

Epoch 227
losses_train/task:	0.29510870575904846
losses_train/concepts:	4.422705173492432
losses_train/total:	0.7373791933059692
losses_test/task:	1.3029899597167969
losses_test/concepts:	22.945451736450195
losses_test/total:	3.5975356101989746
calibration_test/ece:	0.15109187364578247
calibration_test/brier:	0.3811835050582886
accuracy_test/task:	75.59544356230583
accuracy_test/concepts:	96.18193054199219
map_test/concepts:	0.9514533812349493

Epoch 228
losses_train/task:	0.3060491383075714
losses_train/concepts:	4.5073113441467285
losses_train/total:	0.7567802667617798
losses_test/task:	1.3140145540237427
losses_test/concepts:	23.412086486816406
losses_test/total:	3.6552226543426514
calibration_test/ece:	0.15331220626831055
calibration_test/brier:	0.3826639652252197
accuracy_test/task:	75.5781843286158
accuracy_test/concepts:	96.22525024414062
map_test/concepts:	0.9515986713496122

Epoch 229
losses_train/task:	0.29962149262428284
losses_train/concepts:	4.310593605041504
losses_train/total:	0.7306808829307556
losses_test/task:	1.3092372417449951
losses_test/concepts:	23.40768051147461
losses_test/total:	3.6500062942504883
calibration_test/ece:	0.15253576636314392
calibration_test/brier:	0.3828555643558502
accuracy_test/task:	75.62996202968588
accuracy_test/concepts:	96.19291687011719
map_test/concepts:	0.9515145366842096

Epoch 230
losses_train/task:	0.31751886010169983
losses_train/concepts:	4.482563018798828
losses_train/total:	0.7657752633094788
losses_test/task:	1.311635136604309
losses_test/concepts:	23.43924903869629
losses_test/total:	3.65556001663208
calibration_test/ece:	0.15208497643470764
calibration_test/brier:	0.3821910321712494
accuracy_test/task:	75.62996202968588
accuracy_test/concepts:	96.19889068603516
map_test/concepts:	0.951565379446203

Epoch 231
losses_train/task:	0.3031047284603119
losses_train/concepts:	4.366682529449463
losses_train/total:	0.7397729158401489
losses_test/task:	1.3013575077056885
losses_test/concepts:	23.15009117126465
losses_test/total:	3.616366147994995
calibration_test/ece:	0.14974692463874817
calibration_test/brier:	0.3808442950248718
accuracy_test/task:	75.80255436658612
accuracy_test/concepts:	96.21082305908203
map_test/concepts:	0.9513955463062633

Epoch 232
losses_train/task:	0.31222179532051086
losses_train/concepts:	4.579800128936768
losses_train/total:	0.7702018022537231
losses_test/task:	1.3098856210708618
losses_test/concepts:	23.31217384338379
losses_test/total:	3.641103982925415
calibration_test/ece:	0.15334361791610718
calibration_test/brier:	0.3819509744644165
accuracy_test/task:	75.5781843286158
accuracy_test/concepts:	96.2142562866211
map_test/concepts:	0.9517080090262673

Epoch 233
losses_train/task:	0.3125224709510803
losses_train/concepts:	4.470973491668701
losses_train/total:	0.7596197128295898
losses_test/task:	1.303863286972046
losses_test/concepts:	22.931739807128906
losses_test/total:	3.5970373153686523
calibration_test/ece:	0.15249505639076233
calibration_test/brier:	0.38076451420783997
accuracy_test/task:	75.716258198136
accuracy_test/concepts:	96.21898651123047
map_test/concepts:	0.9517744898796081

Epoch 234
losses_train/task:	0.2910100519657135
losses_train/concepts:	4.361804485321045
losses_train/total:	0.7271904945373535
losses_test/task:	1.3096272945404053
losses_test/concepts:	23.19745445251465
losses_test/total:	3.6293721199035645
calibration_test/ece:	0.15134850144386292
calibration_test/brier:	0.3816792368888855
accuracy_test/task:	75.8543320676562
accuracy_test/concepts:	96.22273254394531
map_test/concepts:	0.9518692482601513

Epoch 235
losses_train/task:	0.2909757196903229
losses_train/concepts:	4.346944332122803
losses_train/total:	0.7256700992584229
losses_test/task:	1.3109393119812012
losses_test/concepts:	23.594690322875977
losses_test/total:	3.670407295227051
calibration_test/ece:	0.152948796749115
calibration_test/brier:	0.38299334049224854
accuracy_test/task:	75.49188816016569
accuracy_test/concepts:	96.22993469238281
map_test/concepts:	0.9515235207297585

Epoch 236
losses_train/task:	0.31385374069213867
losses_train/concepts:	4.507725238800049
losses_train/total:	0.7646264433860779
losses_test/task:	1.2978109121322632
losses_test/concepts:	23.12670135498047
losses_test/total:	3.610480546951294
calibration_test/ece:	0.15216267108917236
calibration_test/brier:	0.38089096546173096
accuracy_test/task:	75.64722126337591
accuracy_test/concepts:	96.23278045654297
map_test/concepts:	0.9520513404499401

Epoch 237
losses_train/task:	0.2952151894569397
losses_train/concepts:	4.291897773742676
losses_train/total:	0.72440505027771
losses_test/task:	1.2937450408935547
losses_test/concepts:	22.73590087890625
losses_test/total:	3.5673351287841797
calibration_test/ece:	0.15161606669425964
calibration_test/brier:	0.3801017999649048
accuracy_test/task:	75.68173973075595
accuracy_test/concepts:	96.19478607177734
map_test/concepts:	0.9518687313253229

Epoch 238
losses_train/task:	0.31698694825172424
losses_train/concepts:	4.576610088348389
losses_train/total:	0.7746480107307434
losses_test/task:	1.2955403327941895
losses_test/concepts:	23.071266174316406
losses_test/total:	3.6026675701141357
calibration_test/ece:	0.1508842557668686
calibration_test/brier:	0.38016676902770996
accuracy_test/task:	75.80255436658612
accuracy_test/concepts:	96.21521759033203
map_test/concepts:	0.9518898898904974

Epoch 239
losses_train/task:	0.2968652844429016
losses_train/concepts:	4.402469158172607
losses_train/total:	0.7371123433113098
losses_test/task:	1.2998448610305786
losses_test/concepts:	22.97772789001465
losses_test/total:	3.5976178646087646
calibration_test/ece:	0.15097635984420776
calibration_test/brier:	0.38168954849243164
accuracy_test/task:	75.64722126337591
accuracy_test/concepts:	96.19889068603516
map_test/concepts:	0.9515981869264083

Epoch 240
losses_train/task:	0.32028740644454956
losses_train/concepts:	4.689236164093018
losses_train/total:	0.789211094379425
losses_test/task:	1.2986339330673218
losses_test/concepts:	23.20070457458496
losses_test/total:	3.6187052726745605
calibration_test/ece:	0.14935819804668427
calibration_test/brier:	0.3805555999279022
accuracy_test/task:	75.95788746979635
accuracy_test/concepts:	96.20799255371094
map_test/concepts:	0.9516131563620134

Epoch 241
losses_train/task:	0.27821749448776245
losses_train/concepts:	4.212716102600098
losses_train/total:	0.6994891166687012
losses_test/task:	1.2984631061553955
losses_test/concepts:	22.96729278564453
losses_test/total:	3.5951924324035645
calibration_test/ece:	0.15027949213981628
calibration_test/brier:	0.3804318904876709
accuracy_test/task:	75.83707283396618
accuracy_test/concepts:	96.20045471191406
map_test/concepts:	0.9518576188520952

Epoch 242
losses_train/task:	0.2805519700050354
losses_train/concepts:	4.182493209838867
losses_train/total:	0.6988012790679932
losses_test/task:	1.2935489416122437
losses_test/concepts:	23.022708892822266
losses_test/total:	3.5958192348480225
calibration_test/ece:	0.14971615374088287
calibration_test/brier:	0.379989892244339
accuracy_test/task:	75.83707283396618
accuracy_test/concepts:	96.21240234375
map_test/concepts:	0.9518908847462048

Epoch 243
losses_train/task:	0.2871078550815582
losses_train/concepts:	4.1012372970581055
losses_train/total:	0.6972315907478333
losses_test/task:	1.3059451580047607
losses_test/concepts:	23.545501708984375
losses_test/total:	3.6604952812194824
calibration_test/ece:	0.15110106766223907
calibration_test/brier:	0.3823905289173126
accuracy_test/task:	75.64722126337591
accuracy_test/concepts:	96.22996520996094
map_test/concepts:	0.9514785983345725

Epoch 244
losses_train/task:	0.2766928970813751
losses_train/concepts:	4.195480823516846
losses_train/total:	0.6962409019470215
losses_test/task:	1.3014929294586182
losses_test/concepts:	23.39046287536621
losses_test/total:	3.6405391693115234
calibration_test/ece:	0.1524285078048706
calibration_test/brier:	0.3808009624481201
accuracy_test/task:	75.68173973075595
accuracy_test/concepts:	96.23623657226562
map_test/concepts:	0.9515859495509754

Epoch 245
losses_train/task:	0.29006075859069824
losses_train/concepts:	4.3950581550598145
losses_train/total:	0.7295664548873901
losses_test/task:	1.305989384651184
losses_test/concepts:	23.263465881347656
losses_test/total:	3.6323351860046387
calibration_test/ece:	0.1517360806465149
calibration_test/brier:	0.3817428648471832
accuracy_test/task:	75.69899896444598
accuracy_test/concepts:	96.20703887939453
map_test/concepts:	0.951575937054374

Epoch 246
losses_train/task:	0.2776660621166229
losses_train/concepts:	4.116078853607178
losses_train/total:	0.68927401304245
losses_test/task:	1.3048357963562012
losses_test/concepts:	23.559141159057617
losses_test/total:	3.660750150680542
calibration_test/ece:	0.15317869186401367
calibration_test/brier:	0.381624698638916
accuracy_test/task:	75.59544356230583
accuracy_test/concepts:	96.22430419921875
map_test/concepts:	0.9513294512575323

Epoch 247
losses_train/task:	0.28505000472068787
losses_train/concepts:	4.274824619293213
losses_train/total:	0.7125324010848999
losses_test/task:	1.3004664182662964
losses_test/concepts:	23.125614166259766
losses_test/total:	3.613027811050415
calibration_test/ece:	0.1518753618001938
calibration_test/brier:	0.38122159242630005
accuracy_test/task:	75.61270279599586
accuracy_test/concepts:	96.21583557128906
map_test/concepts:	0.9514958164908669

Epoch 248
losses_train/task:	0.2981142997741699
losses_train/concepts:	4.274334907531738
losses_train/total:	0.7255477905273438
losses_test/task:	1.3204790353775024
losses_test/concepts:	23.965221405029297
losses_test/total:	3.7170016765594482
calibration_test/ece:	0.15282899141311646
calibration_test/brier:	0.3850966989994049
accuracy_test/task:	75.5781843286158
accuracy_test/concepts:	96.20767211914062
map_test/concepts:	0.9510819348421964

Epoch 249
losses_train/task:	0.29851940274238586
losses_train/concepts:	4.283300399780273
losses_train/total:	0.7268494963645935
losses_test/task:	1.3171838521957397
losses_test/concepts:	23.705333709716797
losses_test/total:	3.6877174377441406
calibration_test/ece:	0.15309646725654602
calibration_test/brier:	0.3826766610145569
accuracy_test/task:	75.61270279599586
accuracy_test/concepts:	96.2167739868164
map_test/concepts:	0.9515578605911948

Epoch 250
losses_train/task:	0.3273443281650543
losses_train/concepts:	4.585866451263428
losses_train/total:	0.7859309315681458
losses_test/task:	1.3154271841049194
losses_test/concepts:	23.979625701904297
losses_test/total:	3.7133896350860596
calibration_train/ece:	0.00797294918447733
calibration_train/brier:	0.07402841001749039
accuracy_train/task:	93.94003378378379
calibration_test/ece:	0.15272840857505798
calibration_test/brier:	0.38420891761779785
accuracy_test/task:	75.52640662754574
accuracy_train/concepts:	97.78330993652344
map_train/concepts:	0.9928801894187927
accuracy_test/concepts:	96.21708679199219
map_test/concepts:	0.9507546294819225
accuracy_test/nuisances_task:	-0.15018571887099952
accuracy_test/nuisances_nontask:	0.0
mutual_inf_test/nuisances_task:	0.0006027881785442995
mutual_inf_test/nuisances_nontask:	0.0

epoch_250.pt
Skipping interventions: model 'cem' is not intervenable
[1;34mwandb[0m:
[1;34mwandb[0m: You can sync this run to the cloud by running:
[1;34mwandb[0m: [1mwandb sync /research/hal-afsharim/minimal_cbm/results/cub12-cem/44/wandb/offline-run-20260728_100616-a0aiz9tm[0m
[1;34mwandb[0m: Find logs at: [1;35mresults/cub12-cem/44/wandb/offline-run-20260728_100616-a0aiz9tm/logs[0m
